2025-12-10 21:41:47.704 [main] INFO  com.dp1.backend.BackendApplication - Starting BackendApplication using Java 24.0.1 with PID 10632 (C:\Users\Joseph\Documents\PUCP\25-2\Dp1\Nuevo\Back\MoraPack_Backend\target\classes started by Joseph in C:\Users\Joseph\Documents\PUCP\25-2\Dp1\Nuevo\Back\MoraPack_Backend)
2025-12-10 21:41:47.764 [main] INFO  com.dp1.backend.BackendApplication - No active profile set, falling back to 1 default profile: "default"
2025-12-10 21:41:50.244 [main] INFO  org.springframework.data.repository.config.RepositoryConfigurationDelegate - Bootstrapping Spring Data JPA repositories in DEFAULT mode.
2025-12-10 21:41:50.530 [main] INFO  org.springframework.data.repository.config.RepositoryConfigurationDelegate - Finished Spring Data repository scanning in 249 ms. Found 10 JPA repository interfaces.
2025-12-10 21:41:52.849 [main] INFO  org.springframework.boot.web.embedded.tomcat.TomcatWebServer - Tomcat initialized with port 8081 (http)
2025-12-10 21:41:52.901 [main] INFO  org.apache.coyote.http11.Http11NioProtocol - Initializing ProtocolHandler ["http-nio-8081"]
2025-12-10 21:41:52.928 [main] INFO  org.apache.catalina.core.StandardService - Starting service [Tomcat]
2025-12-10 21:41:52.931 [main] INFO  org.apache.catalina.core.StandardEngine - Starting Servlet engine: [Apache Tomcat/10.1.19]
2025-12-10 21:41:53.207 [main] INFO  org.apache.catalina.core.ContainerBase.[Tomcat].[localhost].[/api] - Initializing Spring embedded WebApplicationContext
2025-12-10 21:41:53.210 [main] INFO  org.springframework.boot.web.servlet.context.ServletWebServerApplicationContext - Root WebApplicationContext: initialization completed in 5262 ms
2025-12-10 21:41:53.934 [main] INFO  org.hibernate.jpa.internal.util.LogHelper - HHH000204: Processing PersistenceUnitInfo [name: default]
2025-12-10 21:41:54.250 [main] INFO  org.hibernate.Version - HHH000412: Hibernate ORM core version 6.4.4.Final
2025-12-10 21:41:54.387 [main] INFO  org.hibernate.cache.internal.RegionFactoryInitiator - HHH000026: Second-level cache disabled
2025-12-10 21:41:55.363 [main] INFO  org.springframework.orm.jpa.persistenceunit.SpringPersistenceUnitInfo - No LoadTimeWeaver setup: ignoring JPA class transformer
2025-12-10 21:41:55.490 [main] WARN  com.zaxxer.hikari.HikariConfig - HikariPool-1 - idleTimeout has been set but has no effect because the pool is operating as a fixed size pool.
2025-12-10 21:41:55.491 [main] INFO  com.zaxxer.hikari.HikariDataSource - HikariPool-1 - Starting...
2025-12-10 21:41:56.158 [main] INFO  com.zaxxer.hikari.pool.HikariPool - HikariPool-1 - Added connection com.mysql.cj.jdbc.ConnectionImpl@acd3460
2025-12-10 21:41:56.166 [main] INFO  com.zaxxer.hikari.HikariDataSource - HikariPool-1 - Start completed.
2025-12-10 21:42:00.173 [main] INFO  org.hibernate.engine.transaction.jta.platform.internal.JtaPlatformInitiator - HHH000489: No JTA platform available (set 'hibernate.transaction.jta.platform' to enable JTA platform integration)
2025-12-10 21:42:00.864 [main] INFO  org.springframework.orm.jpa.LocalContainerEntityManagerFactoryBean - Initialized JPA EntityManagerFactory for persistence unit 'default'
2025-12-10 21:42:00.916 [main] INFO  com.dp1.backend.services.DatosEnMemoriaService - Inicializando DatosEnMemoriaService con working directory: C:\Users\Joseph\Documents\PUCP\25-2\Dp1\Nuevo\Back\MoraPack_Backend
2025-12-10 21:42:00.949 [main] INFO  com.dp1.backend.services.DatosEnMemoriaService - Aeropuertos cargados: 30
2025-12-10 21:42:01.115 [main] INFO  com.dp1.backend.services.DatosEnMemoriaService - Vuelos cargados: 2866
2025-12-10 21:42:01.948 [main] INFO  com.dp1.backend.services.DatosEnMemoriaService - Leyendo rutas posibles
2025-12-10 21:42:02.394 [main] INFO  com.dp1.backend.services.DatosEnMemoriaService - Colecciones rutas: 0
2025-12-10 21:42:02.395 [main] INFO  com.dp1.backend.services.DatosEnMemoriaService - Rutas posibles set: 0
2025-12-10 21:42:02.879 [main] INFO  org.springframework.data.jpa.repository.query.QueryEnhancerFactory - Hibernate is in classpath; If applicable, HQL parser will be used.
2025-12-10 21:42:04.732 [main] WARN  org.springframework.boot.autoconfigure.orm.jpa.JpaBaseConfiguration$JpaWebConfiguration - spring.jpa.open-in-view is enabled by default. Therefore, database queries may be performed during view rendering. Explicitly configure spring.jpa.open-in-view to disable this warning
2025-12-10 21:42:05.934 [main] INFO  org.apache.coyote.http11.Http11NioProtocol - Starting ProtocolHandler ["http-nio-8081"]
2025-12-10 21:42:05.994 [main] INFO  org.springframework.boot.web.embedded.tomcat.TomcatWebServer - Tomcat started on port 8081 (http) with context path '/api'
2025-12-10 21:42:06.013 [main] INFO  com.dp1.backend.BackendApplication - Started BackendApplication in 19.936 seconds (process running for 24.087)
2025-12-10 21:43:09.016 [http-nio-8081-exec-1] INFO  org.apache.catalina.core.ContainerBase.[Tomcat].[localhost].[/api] - Initializing Spring DispatcherServlet 'dispatcherServlet'
2025-12-10 21:43:09.017 [http-nio-8081-exec-1] INFO  org.springframework.web.servlet.DispatcherServlet - Initializing Servlet 'dispatcherServlet'
2025-12-10 21:43:09.020 [http-nio-8081-exec-1] INFO  org.springframework.web.servlet.DispatcherServlet - Completed initialization in 2 ms
2025-12-10 21:43:09.241 [http-nio-8081-exec-3] INFO  com.dp1.backend.handlers.SocketConnectionHandler - 2a7b4bce-cf72-5832-15df-fb0d8e585a8a  conectado al socket
2025-12-10 21:43:09.528 [http-nio-8081-exec-4] INFO  com.dp1.backend.handlers.SocketConnectionHandler - Cargando envios antes de: 2024-07-22T05:45-05:00[America/Lima]
2025-12-10 21:43:09.736 [http-nio-8081-exec-4] INFO  com.dp1.backend.services.EnvioService - Envios despues de fecha inicio: 1
2025-12-10 21:43:09.737 [http-nio-8081-exec-4] INFO  com.dp1.backend.services.EnvioService - Fecha de salida: 2025-12-08T02:46:09.374849Z
2025-12-10 21:43:09.738 [http-nio-8081-exec-4] INFO  com.dp1.backend.services.EnvioService - Fecha de fin: 2024-07-22T05:45:05-05:00[America/Lima]
2025-12-10 21:43:09.756 [http-nio-8081-exec-4] INFO  com.dp1.backend.handlers.SocketConnectionHandler - Enviando # de envios en operación: inicio0
2025-12-10 21:43:09.824 [http-nio-8081-exec-4] INFO  com.dp1.backend.handlers.SocketConnectionHandler - Enviando # de vuelos en el aire: inicio1216
2025-12-10 21:43:41.288 [http-nio-8081-exec-8] INFO  com.dp1.backend.handlers.SocketConnectionHandler - Enviando # de vuelos en el aire: 3
2025-12-10 21:43:41.307 [http-nio-8081-exec-8] INFO  com.dp1.backend.services.EnvioService - Envios despues de fecha inicio: 1
2025-12-10 21:43:41.308 [http-nio-8081-exec-8] INFO  com.dp1.backend.services.EnvioService - Fecha de salida: 2025-12-08T02:46:09.374849Z
2025-12-10 21:43:41.309 [http-nio-8081-exec-8] INFO  com.dp1.backend.services.EnvioService - Fecha de fin: 2024-07-22T05:45:31-05:00[America/Lima]
2025-12-10 21:43:41.310 [http-nio-8081-exec-8] INFO  com.dp1.backend.handlers.SocketConnectionHandler - Enviando # de envios nuevos: 0
2025-12-10 21:43:41.339 [http-nio-8081-exec-8] INFO  com.dp1.backend.services.EnvioService - Envios despues de fecha inicio: 1
2025-12-10 21:43:41.340 [http-nio-8081-exec-8] INFO  com.dp1.backend.services.EnvioService - Fecha de salida: 2025-12-08T02:46:09.374849Z
2025-12-10 21:43:41.341 [http-nio-8081-exec-8] INFO  com.dp1.backend.services.EnvioService - Fecha de fin: 2024-07-22T05:45-05:00[America/Lima]
2025-12-10 21:43:41.343 [http-nio-8081-exec-8] INFO  com.dp1.backend.handlers.SocketConnectionHandler - Enviando # de envios en operación: 0
2025-12-10 21:44:12.282 [http-nio-8081-exec-9] INFO  com.dp1.backend.handlers.SocketConnectionHandler - Enviando # de vuelos en el aire: 3
2025-12-10 21:44:12.296 [http-nio-8081-exec-9] INFO  com.dp1.backend.services.EnvioService - Envios despues de fecha inicio: 1
2025-12-10 21:44:12.297 [http-nio-8081-exec-9] INFO  com.dp1.backend.services.EnvioService - Fecha de salida: 2025-12-08T02:46:09.374849Z
2025-12-10 21:44:12.298 [http-nio-8081-exec-9] INFO  com.dp1.backend.services.EnvioService - Fecha de fin: 2024-07-22T05:46:02-05:00[America/Lima]
2025-12-10 21:44:12.299 [http-nio-8081-exec-9] INFO  com.dp1.backend.handlers.SocketConnectionHandler - Enviando # de envios nuevos: 0
2025-12-10 21:44:12.320 [http-nio-8081-exec-9] INFO  com.dp1.backend.services.EnvioService - Envios despues de fecha inicio: 1
2025-12-10 21:44:12.320 [http-nio-8081-exec-9] INFO  com.dp1.backend.services.EnvioService - Fecha de salida: 2025-12-08T02:46:09.374849Z
2025-12-10 21:44:12.320 [http-nio-8081-exec-9] INFO  com.dp1.backend.services.EnvioService - Fecha de fin: 2024-07-22T05:45:31-05:00[America/Lima]
2025-12-10 21:44:12.321 [http-nio-8081-exec-9] INFO  com.dp1.backend.handlers.SocketConnectionHandler - Enviando # de envios en operación: 0
2025-12-10 21:44:43.291 [http-nio-8081-exec-10] INFO  com.dp1.backend.handlers.SocketConnectionHandler - Enviando # de vuelos en el aire: 0
2025-12-10 21:44:43.308 [http-nio-8081-exec-10] INFO  com.dp1.backend.services.EnvioService - Envios despues de fecha inicio: 1
2025-12-10 21:44:43.308 [http-nio-8081-exec-10] INFO  com.dp1.backend.services.EnvioService - Fecha de salida: 2025-12-08T02:46:09.374849Z
2025-12-10 21:44:43.308 [http-nio-8081-exec-10] INFO  com.dp1.backend.services.EnvioService - Fecha de fin: 2024-07-22T05:46:33-05:00[America/Lima]
2025-12-10 21:44:43.310 [http-nio-8081-exec-10] INFO  com.dp1.backend.handlers.SocketConnectionHandler - Enviando # de envios nuevos: 0
2025-12-10 21:44:43.326 [http-nio-8081-exec-10] INFO  com.dp1.backend.services.EnvioService - Envios despues de fecha inicio: 1
2025-12-10 21:44:43.326 [http-nio-8081-exec-10] INFO  com.dp1.backend.services.EnvioService - Fecha de salida: 2025-12-08T02:46:09.374849Z
2025-12-10 21:44:43.327 [http-nio-8081-exec-10] INFO  com.dp1.backend.services.EnvioService - Fecha de fin: 2024-07-22T05:46:02-05:00[America/Lima]
2025-12-10 21:44:43.329 [http-nio-8081-exec-10] INFO  com.dp1.backend.handlers.SocketConnectionHandler - Enviando # de envios en operación: 0
2025-12-10 21:45:14.397 [http-nio-8081-exec-3] INFO  com.dp1.backend.handlers.SocketConnectionHandler - Enviando # de vuelos en el aire: 4
2025-12-10 21:45:14.436 [http-nio-8081-exec-3] INFO  com.dp1.backend.services.EnvioService - Envios despues de fecha inicio: 1
2025-12-10 21:45:14.437 [http-nio-8081-exec-3] INFO  com.dp1.backend.services.EnvioService - Fecha de salida: 2025-12-08T02:46:09.374849Z
2025-12-10 21:45:14.440 [http-nio-8081-exec-3] INFO  com.dp1.backend.services.EnvioService - Fecha de fin: 2024-07-22T05:47:04-05:00[America/Lima]
2025-12-10 21:45:14.442 [http-nio-8081-exec-3] INFO  com.dp1.backend.handlers.SocketConnectionHandler - Enviando # de envios nuevos: 0
2025-12-10 21:45:14.462 [http-nio-8081-exec-3] INFO  com.dp1.backend.services.EnvioService - Envios despues de fecha inicio: 1
2025-12-10 21:45:14.462 [http-nio-8081-exec-3] INFO  com.dp1.backend.services.EnvioService - Fecha de salida: 2025-12-08T02:46:09.374849Z
2025-12-10 21:45:14.462 [http-nio-8081-exec-3] INFO  com.dp1.backend.services.EnvioService - Fecha de fin: 2024-07-22T05:46:33-05:00[America/Lima]
2025-12-10 21:45:14.464 [http-nio-8081-exec-3] INFO  com.dp1.backend.handlers.SocketConnectionHandler - Enviando # de envios en operación: 0
2025-12-10 21:45:45.282 [http-nio-8081-exec-4] INFO  com.dp1.backend.handlers.SocketConnectionHandler - Enviando # de vuelos en el aire: 0
2025-12-10 21:45:45.303 [http-nio-8081-exec-4] INFO  com.dp1.backend.services.EnvioService - Envios despues de fecha inicio: 1
2025-12-10 21:45:45.305 [http-nio-8081-exec-4] INFO  com.dp1.backend.services.EnvioService - Fecha de salida: 2025-12-08T02:46:09.374849Z
2025-12-10 21:45:45.307 [http-nio-8081-exec-4] INFO  com.dp1.backend.services.EnvioService - Fecha de fin: 2024-07-22T05:47:35-05:00[America/Lima]
2025-12-10 21:45:45.308 [http-nio-8081-exec-4] INFO  com.dp1.backend.handlers.SocketConnectionHandler - Enviando # de envios nuevos: 0
2025-12-10 21:45:45.336 [http-nio-8081-exec-4] INFO  com.dp1.backend.services.EnvioService - Envios despues de fecha inicio: 1
2025-12-10 21:45:45.337 [http-nio-8081-exec-4] INFO  com.dp1.backend.services.EnvioService - Fecha de salida: 2025-12-08T02:46:09.374849Z
2025-12-10 21:45:45.338 [http-nio-8081-exec-4] INFO  com.dp1.backend.services.EnvioService - Fecha de fin: 2024-07-22T05:47:04-05:00[America/Lima]
2025-12-10 21:45:45.340 [http-nio-8081-exec-4] INFO  com.dp1.backend.handlers.SocketConnectionHandler - Enviando # de envios en operación: 0
2025-12-10 21:46:16.284 [http-nio-8081-exec-6] INFO  com.dp1.backend.handlers.SocketConnectionHandler - Enviando # de vuelos en el aire: 3
2025-12-10 21:46:16.311 [http-nio-8081-exec-6] INFO  com.dp1.backend.services.EnvioService - Envios despues de fecha inicio: 1
2025-12-10 21:46:16.311 [http-nio-8081-exec-6] INFO  com.dp1.backend.services.EnvioService - Fecha de salida: 2025-12-08T02:46:09.374849Z
2025-12-10 21:46:16.312 [http-nio-8081-exec-6] INFO  com.dp1.backend.services.EnvioService - Fecha de fin: 2024-07-22T05:48:06-05:00[America/Lima]
2025-12-10 21:46:16.313 [http-nio-8081-exec-6] INFO  com.dp1.backend.handlers.SocketConnectionHandler - Enviando # de envios nuevos: 0
2025-12-10 21:46:16.331 [http-nio-8081-exec-6] INFO  com.dp1.backend.services.EnvioService - Envios despues de fecha inicio: 1
2025-12-10 21:46:16.331 [http-nio-8081-exec-6] INFO  com.dp1.backend.services.EnvioService - Fecha de salida: 2025-12-08T02:46:09.374849Z
2025-12-10 21:46:16.332 [http-nio-8081-exec-6] INFO  com.dp1.backend.services.EnvioService - Fecha de fin: 2024-07-22T05:47:35-05:00[America/Lima]
2025-12-10 21:46:16.333 [http-nio-8081-exec-6] INFO  com.dp1.backend.handlers.SocketConnectionHandler - Enviando # de envios en operación: 0
2025-12-10 21:46:47.545 [http-nio-8081-exec-2] INFO  com.dp1.backend.handlers.SocketConnectionHandler - Enviando # de vuelos en el aire: 0
2025-12-10 21:46:47.562 [http-nio-8081-exec-2] INFO  com.dp1.backend.services.EnvioService - Envios despues de fecha inicio: 1
2025-12-10 21:46:47.563 [http-nio-8081-exec-2] INFO  com.dp1.backend.services.EnvioService - Fecha de salida: 2025-12-08T02:46:09.374849Z
2025-12-10 21:46:47.563 [http-nio-8081-exec-2] INFO  com.dp1.backend.services.EnvioService - Fecha de fin: 2024-07-22T05:48:37-05:00[America/Lima]
2025-12-10 21:46:47.564 [http-nio-8081-exec-2] INFO  com.dp1.backend.handlers.SocketConnectionHandler - Enviando # de envios nuevos: 0
2025-12-10 21:46:47.584 [http-nio-8081-exec-2] INFO  com.dp1.backend.services.EnvioService - Envios despues de fecha inicio: 1
2025-12-10 21:46:47.585 [http-nio-8081-exec-2] INFO  com.dp1.backend.services.EnvioService - Fecha de salida: 2025-12-08T02:46:09.374849Z
2025-12-10 21:46:47.587 [http-nio-8081-exec-2] INFO  com.dp1.backend.services.EnvioService - Fecha de fin: 2024-07-22T05:48:06-05:00[America/Lima]
2025-12-10 21:46:47.588 [http-nio-8081-exec-2] INFO  com.dp1.backend.handlers.SocketConnectionHandler - Enviando # de envios en operación: 0
2025-12-10 21:47:18.542 [http-nio-8081-exec-7] INFO  com.dp1.backend.handlers.SocketConnectionHandler - Enviando # de vuelos en el aire: 1
2025-12-10 21:47:18.561 [http-nio-8081-exec-7] INFO  com.dp1.backend.services.EnvioService - Envios despues de fecha inicio: 1
2025-12-10 21:47:18.562 [http-nio-8081-exec-7] INFO  com.dp1.backend.services.EnvioService - Fecha de salida: 2025-12-08T02:46:09.374849Z
2025-12-10 21:47:18.563 [http-nio-8081-exec-7] INFO  com.dp1.backend.services.EnvioService - Fecha de fin: 2024-07-22T05:49:08-05:00[America/Lima]
2025-12-10 21:47:18.563 [http-nio-8081-exec-7] INFO  com.dp1.backend.handlers.SocketConnectionHandler - Enviando # de envios nuevos: 0
2025-12-10 21:47:18.582 [http-nio-8081-exec-7] INFO  com.dp1.backend.services.EnvioService - Envios despues de fecha inicio: 1
2025-12-10 21:47:18.583 [http-nio-8081-exec-7] INFO  com.dp1.backend.services.EnvioService - Fecha de salida: 2025-12-08T02:46:09.374849Z
2025-12-10 21:47:18.583 [http-nio-8081-exec-7] INFO  com.dp1.backend.services.EnvioService - Fecha de fin: 2024-07-22T05:48:37-05:00[America/Lima]
2025-12-10 21:47:18.584 [http-nio-8081-exec-7] INFO  com.dp1.backend.handlers.SocketConnectionHandler - Enviando # de envios en operación: 0
2025-12-10 21:47:49.295 [http-nio-8081-exec-1] INFO  com.dp1.backend.handlers.SocketConnectionHandler - Enviando # de vuelos en el aire: 0
2025-12-10 21:47:49.307 [http-nio-8081-exec-1] INFO  com.dp1.backend.services.EnvioService - Envios despues de fecha inicio: 1
2025-12-10 21:47:49.307 [http-nio-8081-exec-1] INFO  com.dp1.backend.services.EnvioService - Fecha de salida: 2025-12-08T02:46:09.374849Z
2025-12-10 21:47:49.309 [http-nio-8081-exec-1] INFO  com.dp1.backend.services.EnvioService - Fecha de fin: 2024-07-22T05:49:39-05:00[America/Lima]
2025-12-10 21:47:49.309 [http-nio-8081-exec-1] INFO  com.dp1.backend.handlers.SocketConnectionHandler - Enviando # de envios nuevos: 0
2025-12-10 21:47:49.325 [http-nio-8081-exec-1] INFO  com.dp1.backend.services.EnvioService - Envios despues de fecha inicio: 1
2025-12-10 21:47:49.326 [http-nio-8081-exec-1] INFO  com.dp1.backend.services.EnvioService - Fecha de salida: 2025-12-08T02:46:09.374849Z
2025-12-10 21:47:49.327 [http-nio-8081-exec-1] INFO  com.dp1.backend.services.EnvioService - Fecha de fin: 2024-07-22T05:49:08-05:00[America/Lima]
2025-12-10 21:47:49.329 [http-nio-8081-exec-1] INFO  com.dp1.backend.handlers.SocketConnectionHandler - Enviando # de envios en operación: 0
2025-12-10 21:48:20.287 [http-nio-8081-exec-3] INFO  com.dp1.backend.handlers.SocketConnectionHandler - Enviando # de vuelos en el aire: 2
2025-12-10 21:48:20.302 [http-nio-8081-exec-3] INFO  com.dp1.backend.services.EnvioService - Envios despues de fecha inicio: 1
2025-12-10 21:48:20.303 [http-nio-8081-exec-3] INFO  com.dp1.backend.services.EnvioService - Fecha de salida: 2025-12-08T02:46:09.374849Z
2025-12-10 21:48:20.304 [http-nio-8081-exec-3] INFO  com.dp1.backend.services.EnvioService - Fecha de fin: 2024-07-22T05:50:10-05:00[America/Lima]
2025-12-10 21:48:20.305 [http-nio-8081-exec-3] INFO  com.dp1.backend.handlers.SocketConnectionHandler - Enviando # de envios nuevos: 0
2025-12-10 21:48:20.321 [http-nio-8081-exec-3] INFO  com.dp1.backend.services.EnvioService - Envios despues de fecha inicio: 1
2025-12-10 21:48:20.323 [http-nio-8081-exec-3] INFO  com.dp1.backend.services.EnvioService - Fecha de salida: 2025-12-08T02:46:09.374849Z
2025-12-10 21:48:20.324 [http-nio-8081-exec-3] INFO  com.dp1.backend.services.EnvioService - Fecha de fin: 2024-07-22T05:49:39-05:00[America/Lima]
2025-12-10 21:48:20.325 [http-nio-8081-exec-3] INFO  com.dp1.backend.handlers.SocketConnectionHandler - Enviando # de envios en operación: 0
2025-12-10 21:48:51.294 [http-nio-8081-exec-8] INFO  com.dp1.backend.handlers.SocketConnectionHandler - Enviando # de vuelos en el aire: 0
2025-12-10 21:48:51.311 [http-nio-8081-exec-8] INFO  com.dp1.backend.services.EnvioService - Envios despues de fecha inicio: 1
2025-12-10 21:48:51.312 [http-nio-8081-exec-8] INFO  com.dp1.backend.services.EnvioService - Fecha de salida: 2025-12-08T02:46:09.374849Z
2025-12-10 21:48:51.313 [http-nio-8081-exec-8] INFO  com.dp1.backend.services.EnvioService - Fecha de fin: 2024-07-22T05:50:41-05:00[America/Lima]
2025-12-10 21:48:51.314 [http-nio-8081-exec-8] INFO  com.dp1.backend.handlers.SocketConnectionHandler - Enviando # de envios nuevos: 0
2025-12-10 21:48:51.328 [http-nio-8081-exec-8] INFO  com.dp1.backend.services.EnvioService - Envios despues de fecha inicio: 1
2025-12-10 21:48:51.329 [http-nio-8081-exec-8] INFO  com.dp1.backend.services.EnvioService - Fecha de salida: 2025-12-08T02:46:09.374849Z
2025-12-10 21:48:51.329 [http-nio-8081-exec-8] INFO  com.dp1.backend.services.EnvioService - Fecha de fin: 2024-07-22T05:50:10-05:00[America/Lima]
2025-12-10 21:48:51.330 [http-nio-8081-exec-8] INFO  com.dp1.backend.handlers.SocketConnectionHandler - Enviando # de envios en operación: 0
2025-12-10 21:48:53.957 [http-nio-8081-exec-2] INFO  com.dp1.backend.services.ClienteService - Creando cliente con datos: ola ola joseph@pucp.com 
2025-12-10 21:48:54.148 [http-nio-8081-exec-2] WARN  org.hibernate.engine.jdbc.spi.SqlExceptionHelper - SQL Error: 1062, SQLState: 23000
2025-12-10 21:48:54.148 [http-nio-8081-exec-2] ERROR org.hibernate.engine.jdbc.spi.SqlExceptionHelper - Duplicate entry '12345678' for key 'cliente.UK_hx9w6tpma79yxjbk83xfiw7fo'
2025-12-10 21:48:54.318 [http-nio-8081-exec-5] WARN  org.hibernate.engine.jdbc.spi.SqlExceptionHelper - SQL Error: 1452, SQLState: 23000
2025-12-10 21:48:54.318 [http-nio-8081-exec-5] ERROR org.hibernate.engine.jdbc.spi.SqlExceptionHelper - Cannot add or update a child row: a foreign key constraint fails (`morapack5`.`envio`, CONSTRAINT `FKq12yu9rbf61wqn4l86nqwqcm8` FOREIGN KEY (`emisor_id`) REFERENCES `cliente` (`id`))
2025-12-10 21:48:54.325 [http-nio-8081-exec-5] ERROR com.dp1.backend.services.EnvioService - Error al crear envio: 
2025-12-10 21:49:22.284 [http-nio-8081-exec-4] INFO  com.dp1.backend.handlers.SocketConnectionHandler - Enviando # de vuelos en el aire: 0
2025-12-10 21:49:22.301 [http-nio-8081-exec-4] INFO  com.dp1.backend.services.EnvioService - Envios despues de fecha inicio: 1
2025-12-10 21:49:22.304 [http-nio-8081-exec-4] INFO  com.dp1.backend.services.EnvioService - Fecha de salida: 2025-12-08T02:46:09.374849Z
2025-12-10 21:49:22.304 [http-nio-8081-exec-4] INFO  com.dp1.backend.services.EnvioService - Fecha de fin: 2024-07-22T05:51:12-05:00[America/Lima]
2025-12-10 21:49:22.306 [http-nio-8081-exec-4] INFO  com.dp1.backend.handlers.SocketConnectionHandler - Enviando # de envios nuevos: 0
2025-12-10 21:49:22.323 [http-nio-8081-exec-4] INFO  com.dp1.backend.services.EnvioService - Envios despues de fecha inicio: 1
2025-12-10 21:49:22.324 [http-nio-8081-exec-4] INFO  com.dp1.backend.services.EnvioService - Fecha de salida: 2025-12-08T02:46:09.374849Z
2025-12-10 21:49:22.325 [http-nio-8081-exec-4] INFO  com.dp1.backend.services.EnvioService - Fecha de fin: 2024-07-22T05:50:41-05:00[America/Lima]
2025-12-10 21:49:22.327 [http-nio-8081-exec-4] INFO  com.dp1.backend.handlers.SocketConnectionHandler - Enviando # de envios en operación: 0
2025-12-10 21:49:53.295 [http-nio-8081-exec-3] INFO  com.dp1.backend.handlers.SocketConnectionHandler - Enviando # de vuelos en el aire: 0
2025-12-10 21:49:53.308 [http-nio-8081-exec-3] INFO  com.dp1.backend.services.EnvioService - Envios despues de fecha inicio: 1
2025-12-10 21:49:53.309 [http-nio-8081-exec-3] INFO  com.dp1.backend.services.EnvioService - Fecha de salida: 2025-12-08T02:46:09.374849Z
2025-12-10 21:49:53.309 [http-nio-8081-exec-3] INFO  com.dp1.backend.services.EnvioService - Fecha de fin: 2024-07-22T05:51:43-05:00[America/Lima]
2025-12-10 21:49:53.311 [http-nio-8081-exec-3] INFO  com.dp1.backend.handlers.SocketConnectionHandler - Enviando # de envios nuevos: 0
2025-12-10 21:49:53.334 [http-nio-8081-exec-3] INFO  com.dp1.backend.services.EnvioService - Envios despues de fecha inicio: 1
2025-12-10 21:49:53.335 [http-nio-8081-exec-3] INFO  com.dp1.backend.services.EnvioService - Fecha de salida: 2025-12-08T02:46:09.374849Z
2025-12-10 21:49:53.335 [http-nio-8081-exec-3] INFO  com.dp1.backend.services.EnvioService - Fecha de fin: 2024-07-22T05:51:12-05:00[America/Lima]
2025-12-10 21:49:53.337 [http-nio-8081-exec-3] INFO  com.dp1.backend.handlers.SocketConnectionHandler - Enviando # de envios en operación: 0
2025-12-10 21:50:24.290 [http-nio-8081-exec-1] INFO  com.dp1.backend.handlers.SocketConnectionHandler - Enviando # de vuelos en el aire: 2
2025-12-10 21:50:24.320 [http-nio-8081-exec-1] INFO  com.dp1.backend.services.EnvioService - Envios despues de fecha inicio: 1
2025-12-10 21:50:24.322 [http-nio-8081-exec-1] INFO  com.dp1.backend.services.EnvioService - Fecha de salida: 2025-12-08T02:46:09.374849Z
2025-12-10 21:50:24.322 [http-nio-8081-exec-1] INFO  com.dp1.backend.services.EnvioService - Fecha de fin: 2024-07-22T05:52:14-05:00[America/Lima]
2025-12-10 21:50:24.325 [http-nio-8081-exec-1] INFO  com.dp1.backend.handlers.SocketConnectionHandler - Enviando # de envios nuevos: 0
2025-12-10 21:50:24.355 [http-nio-8081-exec-1] INFO  com.dp1.backend.services.EnvioService - Envios despues de fecha inicio: 1
2025-12-10 21:50:24.357 [http-nio-8081-exec-1] INFO  com.dp1.backend.services.EnvioService - Fecha de salida: 2025-12-08T02:46:09.374849Z
2025-12-10 21:50:24.358 [http-nio-8081-exec-1] INFO  com.dp1.backend.services.EnvioService - Fecha de fin: 2024-07-22T05:51:43-05:00[America/Lima]
2025-12-10 21:50:24.359 [http-nio-8081-exec-1] INFO  com.dp1.backend.handlers.SocketConnectionHandler - Enviando # de envios en operación: 0
2025-12-10 21:50:39.629 [SpringApplicationShutdownHook] INFO  org.springframework.orm.jpa.LocalContainerEntityManagerFactoryBean - Closing JPA EntityManagerFactory for persistence unit 'default'
2025-12-10 21:50:39.637 [SpringApplicationShutdownHook] INFO  com.zaxxer.hikari.HikariDataSource - HikariPool-1 - Shutdown initiated...
2025-12-10 21:50:39.666 [SpringApplicationShutdownHook] INFO  com.zaxxer.hikari.HikariDataSource - HikariPool-1 - Shutdown completed.
2025-12-10 21:50:39.680 [SpringApplicationShutdownHook] INFO  com.dp1.backend.handlers.SocketConnectionHandler - 2a7b4bce-cf72-5832-15df-fb0d8e585a8a  desconectado del socket
2025-12-10 21:51:37.660 [main] INFO  com.dp1.backend.BackendApplication - Starting BackendApplication using Java 24.0.1 with PID 17156 (C:\Users\Joseph\Documents\PUCP\25-2\Dp1\Nuevo\Back\MoraPack_Backend\target\classes started by Joseph in C:\Users\Joseph\Documents\PUCP\25-2\Dp1\Nuevo\Back\MoraPack_Backend)
2025-12-10 21:51:37.690 [main] INFO  com.dp1.backend.BackendApplication - No active profile set, falling back to 1 default profile: "default"
2025-12-10 21:51:39.552 [main] INFO  org.springframework.data.repository.config.RepositoryConfigurationDelegate - Bootstrapping Spring Data JPA repositories in DEFAULT mode.
2025-12-10 21:51:39.759 [main] INFO  org.springframework.data.repository.config.RepositoryConfigurationDelegate - Finished Spring Data repository scanning in 180 ms. Found 10 JPA repository interfaces.
2025-12-10 21:51:41.109 [main] INFO  org.springframework.boot.web.embedded.tomcat.TomcatWebServer - Tomcat initialized with port 8081 (http)
2025-12-10 21:51:41.139 [main] INFO  org.apache.coyote.http11.Http11NioProtocol - Initializing ProtocolHandler ["http-nio-8081"]
2025-12-10 21:51:41.148 [main] INFO  org.apache.catalina.core.StandardService - Starting service [Tomcat]
2025-12-10 21:51:41.149 [main] INFO  org.apache.catalina.core.StandardEngine - Starting Servlet engine: [Apache Tomcat/10.1.19]
2025-12-10 21:51:41.280 [main] INFO  org.apache.catalina.core.ContainerBase.[Tomcat].[localhost].[/api] - Initializing Spring embedded WebApplicationContext
2025-12-10 21:51:41.281 [main] INFO  org.springframework.boot.web.servlet.context.ServletWebServerApplicationContext - Root WebApplicationContext: initialization completed in 3463 ms
2025-12-10 21:51:41.700 [main] INFO  org.hibernate.jpa.internal.util.LogHelper - HHH000204: Processing PersistenceUnitInfo [name: default]
2025-12-10 21:51:41.870 [main] INFO  org.hibernate.Version - HHH000412: Hibernate ORM core version 6.4.4.Final
2025-12-10 21:51:41.961 [main] INFO  org.hibernate.cache.internal.RegionFactoryInitiator - HHH000026: Second-level cache disabled
2025-12-10 21:51:42.590 [main] INFO  org.springframework.orm.jpa.persistenceunit.SpringPersistenceUnitInfo - No LoadTimeWeaver setup: ignoring JPA class transformer
2025-12-10 21:51:42.674 [main] WARN  com.zaxxer.hikari.HikariConfig - HikariPool-1 - idleTimeout has been set but has no effect because the pool is operating as a fixed size pool.
2025-12-10 21:51:42.675 [main] INFO  com.zaxxer.hikari.HikariDataSource - HikariPool-1 - Starting...
2025-12-10 21:51:44.106 [main] ERROR com.zaxxer.hikari.pool.HikariPool - HikariPool-1 - Exception during pool initialization.
java.sql.SQLSyntaxErrorException: Unknown database 'morapack5'
	at com.mysql.cj.jdbc.exceptions.SQLError.createSQLException(SQLError.java:121) ~[mysql-connector-j-8.3.0.jar:8.3.0]
	at com.mysql.cj.jdbc.exceptions.SQLExceptionsMapping.translateException(SQLExceptionsMapping.java:122) ~[mysql-connector-j-8.3.0.jar:8.3.0]
	at com.mysql.cj.jdbc.ConnectionImpl.createNewIO(ConnectionImpl.java:815) ~[mysql-connector-j-8.3.0.jar:8.3.0]
	at com.mysql.cj.jdbc.ConnectionImpl.<init>(ConnectionImpl.java:438) ~[mysql-connector-j-8.3.0.jar:8.3.0]
	at com.mysql.cj.jdbc.ConnectionImpl.getInstance(ConnectionImpl.java:241) ~[mysql-connector-j-8.3.0.jar:8.3.0]
	at com.mysql.cj.jdbc.NonRegisteringDriver.connect(NonRegisteringDriver.java:189) ~[mysql-connector-j-8.3.0.jar:8.3.0]
	at com.zaxxer.hikari.util.DriverDataSource.getConnection(DriverDataSource.java:138) ~[HikariCP-5.0.1.jar:?]
	at com.zaxxer.hikari.pool.PoolBase.newConnection(PoolBase.java:359) ~[HikariCP-5.0.1.jar:?]
	at com.zaxxer.hikari.pool.PoolBase.newPoolEntry(PoolBase.java:201) ~[HikariCP-5.0.1.jar:?]
	at com.zaxxer.hikari.pool.HikariPool.createPoolEntry(HikariPool.java:470) [HikariCP-5.0.1.jar:?]
	at com.zaxxer.hikari.pool.HikariPool.checkFailFast(HikariPool.java:561) [HikariCP-5.0.1.jar:?]
	at com.zaxxer.hikari.pool.HikariPool.<init>(HikariPool.java:100) [HikariCP-5.0.1.jar:?]
	at com.zaxxer.hikari.HikariDataSource.getConnection(HikariDataSource.java:112) [HikariCP-5.0.1.jar:?]
	at org.hibernate.engine.jdbc.connections.internal.DatasourceConnectionProviderImpl.getConnection(DatasourceConnectionProviderImpl.java:122) [hibernate-core-6.4.4.Final.jar:6.4.4.Final]
	at org.hibernate.engine.jdbc.env.internal.JdbcEnvironmentInitiator$ConnectionProviderJdbcConnectionAccess.obtainConnection(JdbcEnvironmentInitiator.java:428) [hibernate-core-6.4.4.Final.jar:6.4.4.Final]
	at org.hibernate.resource.transaction.backend.jdbc.internal.JdbcIsolationDelegate.delegateWork(JdbcIsolationDelegate.java:61) [hibernate-core-6.4.4.Final.jar:6.4.4.Final]
	at org.hibernate.engine.jdbc.env.internal.JdbcEnvironmentInitiator.getJdbcEnvironmentUsingJdbcMetadata(JdbcEnvironmentInitiator.java:276) [hibernate-core-6.4.4.Final.jar:6.4.4.Final]
	at org.hibernate.engine.jdbc.env.internal.JdbcEnvironmentInitiator.initiateService(JdbcEnvironmentInitiator.java:107) [hibernate-core-6.4.4.Final.jar:6.4.4.Final]
	at org.hibernate.engine.jdbc.env.internal.JdbcEnvironmentInitiator.initiateService(JdbcEnvironmentInitiator.java:68) [hibernate-core-6.4.4.Final.jar:6.4.4.Final]
	at org.hibernate.boot.registry.internal.StandardServiceRegistryImpl.initiateService(StandardServiceRegistryImpl.java:130) [hibernate-core-6.4.4.Final.jar:6.4.4.Final]
	at org.hibernate.service.internal.AbstractServiceRegistryImpl.createService(AbstractServiceRegistryImpl.java:263) [hibernate-core-6.4.4.Final.jar:6.4.4.Final]
	at org.hibernate.service.internal.AbstractServiceRegistryImpl.initializeService(AbstractServiceRegistryImpl.java:238) [hibernate-core-6.4.4.Final.jar:6.4.4.Final]
	at org.hibernate.service.internal.AbstractServiceRegistryImpl.getService(AbstractServiceRegistryImpl.java:215) [hibernate-core-6.4.4.Final.jar:6.4.4.Final]
	at org.hibernate.boot.model.relational.Database.<init>(Database.java:45) [hibernate-core-6.4.4.Final.jar:6.4.4.Final]
	at org.hibernate.boot.internal.InFlightMetadataCollectorImpl.getDatabase(InFlightMetadataCollectorImpl.java:223) [hibernate-core-6.4.4.Final.jar:6.4.4.Final]
	at org.hibernate.boot.internal.InFlightMetadataCollectorImpl.<init>(InFlightMetadataCollectorImpl.java:191) [hibernate-core-6.4.4.Final.jar:6.4.4.Final]
	at org.hibernate.boot.model.process.spi.MetadataBuildingProcess.complete(MetadataBuildingProcess.java:170) [hibernate-core-6.4.4.Final.jar:6.4.4.Final]
	at org.hibernate.jpa.boot.internal.EntityManagerFactoryBuilderImpl.metadata(EntityManagerFactoryBuilderImpl.java:1432) [hibernate-core-6.4.4.Final.jar:6.4.4.Final]
	at org.hibernate.jpa.boot.internal.EntityManagerFactoryBuilderImpl.build(EntityManagerFactoryBuilderImpl.java:1503) [hibernate-core-6.4.4.Final.jar:6.4.4.Final]
	at org.springframework.orm.jpa.vendor.SpringHibernateJpaPersistenceProvider.createContainerEntityManagerFactory(SpringHibernateJpaPersistenceProvider.java:75) [spring-orm-6.1.4.jar:6.1.4]
	at org.springframework.orm.jpa.LocalContainerEntityManagerFactoryBean.createNativeEntityManagerFactory(LocalContainerEntityManagerFactoryBean.java:388) [spring-orm-6.1.4.jar:6.1.4]
	at org.springframework.orm.jpa.AbstractEntityManagerFactoryBean.buildNativeEntityManagerFactory(AbstractEntityManagerFactoryBean.java:409) [spring-orm-6.1.4.jar:6.1.4]
	at org.springframework.orm.jpa.AbstractEntityManagerFactoryBean.afterPropertiesSet(AbstractEntityManagerFactoryBean.java:396) [spring-orm-6.1.4.jar:6.1.4]
	at org.springframework.orm.jpa.LocalContainerEntityManagerFactoryBean.afterPropertiesSet(LocalContainerEntityManagerFactoryBean.java:364) [spring-orm-6.1.4.jar:6.1.4]
	at org.springframework.beans.factory.support.AbstractAutowireCapableBeanFactory.invokeInitMethods(AbstractAutowireCapableBeanFactory.java:1833) [spring-beans-6.1.4.jar:6.1.4]
	at org.springframework.beans.factory.support.AbstractAutowireCapableBeanFactory.initializeBean(AbstractAutowireCapableBeanFactory.java:1782) [spring-beans-6.1.4.jar:6.1.4]
	at org.springframework.beans.factory.support.AbstractAutowireCapableBeanFactory.doCreateBean(AbstractAutowireCapableBeanFactory.java:600) [spring-beans-6.1.4.jar:6.1.4]
	at org.springframework.beans.factory.support.AbstractAutowireCapableBeanFactory.createBean(AbstractAutowireCapableBeanFactory.java:522) [spring-beans-6.1.4.jar:6.1.4]
	at org.springframework.beans.factory.support.AbstractBeanFactory.lambda$doGetBean$0(AbstractBeanFactory.java:325) [spring-beans-6.1.4.jar:6.1.4]
	at org.springframework.beans.factory.support.DefaultSingletonBeanRegistry.getSingleton(DefaultSingletonBeanRegistry.java:234) [spring-beans-6.1.4.jar:6.1.4]
	at org.springframework.beans.factory.support.AbstractBeanFactory.doGetBean(AbstractBeanFactory.java:323) [spring-beans-6.1.4.jar:6.1.4]
	at org.springframework.beans.factory.support.AbstractBeanFactory.getBean(AbstractBeanFactory.java:199) [spring-beans-6.1.4.jar:6.1.4]
	at org.springframework.context.support.AbstractApplicationContext.getBean(AbstractApplicationContext.java:1231) [spring-context-6.1.4.jar:6.1.4]
	at org.springframework.context.support.AbstractApplicationContext.finishBeanFactoryInitialization(AbstractApplicationContext.java:949) [spring-context-6.1.4.jar:6.1.4]
	at org.springframework.context.support.AbstractApplicationContext.refresh(AbstractApplicationContext.java:624) [spring-context-6.1.4.jar:6.1.4]
	at org.springframework.boot.web.servlet.context.ServletWebServerApplicationContext.refresh(ServletWebServerApplicationContext.java:146) [spring-boot-3.2.3.jar:3.2.3]
	at org.springframework.boot.SpringApplication.refresh(SpringApplication.java:754) [spring-boot-3.2.3.jar:3.2.3]
	at org.springframework.boot.SpringApplication.refreshContext(SpringApplication.java:456) [spring-boot-3.2.3.jar:3.2.3]
	at org.springframework.boot.SpringApplication.run(SpringApplication.java:334) [spring-boot-3.2.3.jar:3.2.3]
	at org.springframework.boot.SpringApplication.run(SpringApplication.java:1354) [spring-boot-3.2.3.jar:3.2.3]
	at org.springframework.boot.SpringApplication.run(SpringApplication.java:1343) [spring-boot-3.2.3.jar:3.2.3]
	at com.dp1.backend.BackendApplication.main(BackendApplication.java:20) [classes/:?]
2025-12-10 21:51:44.125 [main] WARN  org.hibernate.engine.jdbc.env.internal.JdbcEnvironmentInitiator - HHH000342: Could not obtain connection to query metadata
java.lang.NullPointerException: Cannot invoke "org.hibernate.engine.jdbc.spi.SqlExceptionHelper.convert(java.sql.SQLException, String)" because the return value of "org.hibernate.resource.transaction.backend.jdbc.internal.JdbcIsolationDelegate.sqlExceptionHelper()" is null
	at org.hibernate.resource.transaction.backend.jdbc.internal.JdbcIsolationDelegate.delegateWork(JdbcIsolationDelegate.java:116) ~[hibernate-core-6.4.4.Final.jar:6.4.4.Final]
	at org.hibernate.engine.jdbc.env.internal.JdbcEnvironmentInitiator.getJdbcEnvironmentUsingJdbcMetadata(JdbcEnvironmentInitiator.java:276) [hibernate-core-6.4.4.Final.jar:6.4.4.Final]
	at org.hibernate.engine.jdbc.env.internal.JdbcEnvironmentInitiator.initiateService(JdbcEnvironmentInitiator.java:107) [hibernate-core-6.4.4.Final.jar:6.4.4.Final]
	at org.hibernate.engine.jdbc.env.internal.JdbcEnvironmentInitiator.initiateService(JdbcEnvironmentInitiator.java:68) [hibernate-core-6.4.4.Final.jar:6.4.4.Final]
	at org.hibernate.boot.registry.internal.StandardServiceRegistryImpl.initiateService(StandardServiceRegistryImpl.java:130) [hibernate-core-6.4.4.Final.jar:6.4.4.Final]
	at org.hibernate.service.internal.AbstractServiceRegistryImpl.createService(AbstractServiceRegistryImpl.java:263) [hibernate-core-6.4.4.Final.jar:6.4.4.Final]
	at org.hibernate.service.internal.AbstractServiceRegistryImpl.initializeService(AbstractServiceRegistryImpl.java:238) [hibernate-core-6.4.4.Final.jar:6.4.4.Final]
	at org.hibernate.service.internal.AbstractServiceRegistryImpl.getService(AbstractServiceRegistryImpl.java:215) [hibernate-core-6.4.4.Final.jar:6.4.4.Final]
	at org.hibernate.boot.model.relational.Database.<init>(Database.java:45) [hibernate-core-6.4.4.Final.jar:6.4.4.Final]
	at org.hibernate.boot.internal.InFlightMetadataCollectorImpl.getDatabase(InFlightMetadataCollectorImpl.java:223) [hibernate-core-6.4.4.Final.jar:6.4.4.Final]
	at org.hibernate.boot.internal.InFlightMetadataCollectorImpl.<init>(InFlightMetadataCollectorImpl.java:191) [hibernate-core-6.4.4.Final.jar:6.4.4.Final]
	at org.hibernate.boot.model.process.spi.MetadataBuildingProcess.complete(MetadataBuildingProcess.java:170) [hibernate-core-6.4.4.Final.jar:6.4.4.Final]
	at org.hibernate.jpa.boot.internal.EntityManagerFactoryBuilderImpl.metadata(EntityManagerFactoryBuilderImpl.java:1432) [hibernate-core-6.4.4.Final.jar:6.4.4.Final]
	at org.hibernate.jpa.boot.internal.EntityManagerFactoryBuilderImpl.build(EntityManagerFactoryBuilderImpl.java:1503) [hibernate-core-6.4.4.Final.jar:6.4.4.Final]
	at org.springframework.orm.jpa.vendor.SpringHibernateJpaPersistenceProvider.createContainerEntityManagerFactory(SpringHibernateJpaPersistenceProvider.java:75) [spring-orm-6.1.4.jar:6.1.4]
	at org.springframework.orm.jpa.LocalContainerEntityManagerFactoryBean.createNativeEntityManagerFactory(LocalContainerEntityManagerFactoryBean.java:388) [spring-orm-6.1.4.jar:6.1.4]
	at org.springframework.orm.jpa.AbstractEntityManagerFactoryBean.buildNativeEntityManagerFactory(AbstractEntityManagerFactoryBean.java:409) [spring-orm-6.1.4.jar:6.1.4]
	at org.springframework.orm.jpa.AbstractEntityManagerFactoryBean.afterPropertiesSet(AbstractEntityManagerFactoryBean.java:396) [spring-orm-6.1.4.jar:6.1.4]
	at org.springframework.orm.jpa.LocalContainerEntityManagerFactoryBean.afterPropertiesSet(LocalContainerEntityManagerFactoryBean.java:364) [spring-orm-6.1.4.jar:6.1.4]
	at org.springframework.beans.factory.support.AbstractAutowireCapableBeanFactory.invokeInitMethods(AbstractAutowireCapableBeanFactory.java:1833) [spring-beans-6.1.4.jar:6.1.4]
	at org.springframework.beans.factory.support.AbstractAutowireCapableBeanFactory.initializeBean(AbstractAutowireCapableBeanFactory.java:1782) [spring-beans-6.1.4.jar:6.1.4]
	at org.springframework.beans.factory.support.AbstractAutowireCapableBeanFactory.doCreateBean(AbstractAutowireCapableBeanFactory.java:600) [spring-beans-6.1.4.jar:6.1.4]
	at org.springframework.beans.factory.support.AbstractAutowireCapableBeanFactory.createBean(AbstractAutowireCapableBeanFactory.java:522) [spring-beans-6.1.4.jar:6.1.4]
	at org.springframework.beans.factory.support.AbstractBeanFactory.lambda$doGetBean$0(AbstractBeanFactory.java:325) [spring-beans-6.1.4.jar:6.1.4]
	at org.springframework.beans.factory.support.DefaultSingletonBeanRegistry.getSingleton(DefaultSingletonBeanRegistry.java:234) [spring-beans-6.1.4.jar:6.1.4]
	at org.springframework.beans.factory.support.AbstractBeanFactory.doGetBean(AbstractBeanFactory.java:323) [spring-beans-6.1.4.jar:6.1.4]
	at org.springframework.beans.factory.support.AbstractBeanFactory.getBean(AbstractBeanFactory.java:199) [spring-beans-6.1.4.jar:6.1.4]
	at org.springframework.context.support.AbstractApplicationContext.getBean(AbstractApplicationContext.java:1231) [spring-context-6.1.4.jar:6.1.4]
	at org.springframework.context.support.AbstractApplicationContext.finishBeanFactoryInitialization(AbstractApplicationContext.java:949) [spring-context-6.1.4.jar:6.1.4]
	at org.springframework.context.support.AbstractApplicationContext.refresh(AbstractApplicationContext.java:624) [spring-context-6.1.4.jar:6.1.4]
	at org.springframework.boot.web.servlet.context.ServletWebServerApplicationContext.refresh(ServletWebServerApplicationContext.java:146) [spring-boot-3.2.3.jar:3.2.3]
	at org.springframework.boot.SpringApplication.refresh(SpringApplication.java:754) [spring-boot-3.2.3.jar:3.2.3]
	at org.springframework.boot.SpringApplication.refreshContext(SpringApplication.java:456) [spring-boot-3.2.3.jar:3.2.3]
	at org.springframework.boot.SpringApplication.run(SpringApplication.java:334) [spring-boot-3.2.3.jar:3.2.3]
	at org.springframework.boot.SpringApplication.run(SpringApplication.java:1354) [spring-boot-3.2.3.jar:3.2.3]
	at org.springframework.boot.SpringApplication.run(SpringApplication.java:1343) [spring-boot-3.2.3.jar:3.2.3]
	at com.dp1.backend.BackendApplication.main(BackendApplication.java:20) [classes/:?]
2025-12-10 21:51:44.129 [main] ERROR org.springframework.orm.jpa.LocalContainerEntityManagerFactoryBean - Failed to initialize JPA EntityManagerFactory: Unable to create requested service [org.hibernate.engine.jdbc.env.spi.JdbcEnvironment] due to: Unable to determine Dialect without JDBC metadata (please set 'jakarta.persistence.jdbc.url' for common cases or 'hibernate.dialect' when a custom Dialect implementation must be provided)
2025-12-10 21:51:44.132 [main] WARN  org.springframework.boot.web.servlet.context.AnnotationConfigServletWebServerApplicationContext - Exception encountered during context initialization - cancelling refresh attempt: org.springframework.beans.factory.BeanCreationException: Error creating bean with name 'entityManagerFactory' defined in class path resource [org/springframework/boot/autoconfigure/orm/jpa/HibernateJpaConfiguration.class]: Unable to create requested service [org.hibernate.engine.jdbc.env.spi.JdbcEnvironment] due to: Unable to determine Dialect without JDBC metadata (please set 'jakarta.persistence.jdbc.url' for common cases or 'hibernate.dialect' when a custom Dialect implementation must be provided)
2025-12-10 21:51:44.141 [main] INFO  org.apache.catalina.core.StandardService - Stopping service [Tomcat]
2025-12-10 21:51:44.171 [main] INFO  org.springframework.boot.autoconfigure.logging.ConditionEvaluationReportLogger - 

Error starting ApplicationContext. To display the condition evaluation report re-run your application with 'debug' enabled.
2025-12-10 21:51:44.217 [main] ERROR org.springframework.boot.SpringApplication - Application run failed
org.springframework.beans.factory.BeanCreationException: Error creating bean with name 'entityManagerFactory' defined in class path resource [org/springframework/boot/autoconfigure/orm/jpa/HibernateJpaConfiguration.class]: Unable to create requested service [org.hibernate.engine.jdbc.env.spi.JdbcEnvironment] due to: Unable to determine Dialect without JDBC metadata (please set 'jakarta.persistence.jdbc.url' for common cases or 'hibernate.dialect' when a custom Dialect implementation must be provided)
	at org.springframework.beans.factory.support.AbstractAutowireCapableBeanFactory.initializeBean(AbstractAutowireCapableBeanFactory.java:1786) ~[spring-beans-6.1.4.jar:6.1.4]
	at org.springframework.beans.factory.support.AbstractAutowireCapableBeanFactory.doCreateBean(AbstractAutowireCapableBeanFactory.java:600) ~[spring-beans-6.1.4.jar:6.1.4]
	at org.springframework.beans.factory.support.AbstractAutowireCapableBeanFactory.createBean(AbstractAutowireCapableBeanFactory.java:522) ~[spring-beans-6.1.4.jar:6.1.4]
	at org.springframework.beans.factory.support.AbstractBeanFactory.lambda$doGetBean$0(AbstractBeanFactory.java:325) ~[spring-beans-6.1.4.jar:6.1.4]
	at org.springframework.beans.factory.support.DefaultSingletonBeanRegistry.getSingleton(DefaultSingletonBeanRegistry.java:234) ~[spring-beans-6.1.4.jar:6.1.4]
	at org.springframework.beans.factory.support.AbstractBeanFactory.doGetBean(AbstractBeanFactory.java:323) ~[spring-beans-6.1.4.jar:6.1.4]
	at org.springframework.beans.factory.support.AbstractBeanFactory.getBean(AbstractBeanFactory.java:199) ~[spring-beans-6.1.4.jar:6.1.4]
	at org.springframework.context.support.AbstractApplicationContext.getBean(AbstractApplicationContext.java:1231) ~[spring-context-6.1.4.jar:6.1.4]
	at org.springframework.context.support.AbstractApplicationContext.finishBeanFactoryInitialization(AbstractApplicationContext.java:949) ~[spring-context-6.1.4.jar:6.1.4]
	at org.springframework.context.support.AbstractApplicationContext.refresh(AbstractApplicationContext.java:624) ~[spring-context-6.1.4.jar:6.1.4]
	at org.springframework.boot.web.servlet.context.ServletWebServerApplicationContext.refresh(ServletWebServerApplicationContext.java:146) ~[spring-boot-3.2.3.jar:3.2.3]
	at org.springframework.boot.SpringApplication.refresh(SpringApplication.java:754) [spring-boot-3.2.3.jar:3.2.3]
	at org.springframework.boot.SpringApplication.refreshContext(SpringApplication.java:456) [spring-boot-3.2.3.jar:3.2.3]
	at org.springframework.boot.SpringApplication.run(SpringApplication.java:334) [spring-boot-3.2.3.jar:3.2.3]
	at org.springframework.boot.SpringApplication.run(SpringApplication.java:1354) [spring-boot-3.2.3.jar:3.2.3]
	at org.springframework.boot.SpringApplication.run(SpringApplication.java:1343) [spring-boot-3.2.3.jar:3.2.3]
	at com.dp1.backend.BackendApplication.main(BackendApplication.java:20) [classes/:?]
Caused by: org.hibernate.service.spi.ServiceException: Unable to create requested service [org.hibernate.engine.jdbc.env.spi.JdbcEnvironment] due to: Unable to determine Dialect without JDBC metadata (please set 'jakarta.persistence.jdbc.url' for common cases or 'hibernate.dialect' when a custom Dialect implementation must be provided)
	at org.hibernate.service.internal.AbstractServiceRegistryImpl.createService(AbstractServiceRegistryImpl.java:276) ~[hibernate-core-6.4.4.Final.jar:6.4.4.Final]
	at org.hibernate.service.internal.AbstractServiceRegistryImpl.initializeService(AbstractServiceRegistryImpl.java:238) ~[hibernate-core-6.4.4.Final.jar:6.4.4.Final]
	at org.hibernate.service.internal.AbstractServiceRegistryImpl.getService(AbstractServiceRegistryImpl.java:215) ~[hibernate-core-6.4.4.Final.jar:6.4.4.Final]
	at org.hibernate.boot.model.relational.Database.<init>(Database.java:45) ~[hibernate-core-6.4.4.Final.jar:6.4.4.Final]
	at org.hibernate.boot.internal.InFlightMetadataCollectorImpl.getDatabase(InFlightMetadataCollectorImpl.java:223) ~[hibernate-core-6.4.4.Final.jar:6.4.4.Final]
	at org.hibernate.boot.internal.InFlightMetadataCollectorImpl.<init>(InFlightMetadataCollectorImpl.java:191) ~[hibernate-core-6.4.4.Final.jar:6.4.4.Final]
	at org.hibernate.boot.model.process.spi.MetadataBuildingProcess.complete(MetadataBuildingProcess.java:170) ~[hibernate-core-6.4.4.Final.jar:6.4.4.Final]
	at org.hibernate.jpa.boot.internal.EntityManagerFactoryBuilderImpl.metadata(EntityManagerFactoryBuilderImpl.java:1432) ~[hibernate-core-6.4.4.Final.jar:6.4.4.Final]
	at org.hibernate.jpa.boot.internal.EntityManagerFactoryBuilderImpl.build(EntityManagerFactoryBuilderImpl.java:1503) ~[hibernate-core-6.4.4.Final.jar:6.4.4.Final]
	at org.springframework.orm.jpa.vendor.SpringHibernateJpaPersistenceProvider.createContainerEntityManagerFactory(SpringHibernateJpaPersistenceProvider.java:75) ~[spring-orm-6.1.4.jar:6.1.4]
	at org.springframework.orm.jpa.LocalContainerEntityManagerFactoryBean.createNativeEntityManagerFactory(LocalContainerEntityManagerFactoryBean.java:388) ~[spring-orm-6.1.4.jar:6.1.4]
	at org.springframework.orm.jpa.AbstractEntityManagerFactoryBean.buildNativeEntityManagerFactory(AbstractEntityManagerFactoryBean.java:409) ~[spring-orm-6.1.4.jar:6.1.4]
	at org.springframework.orm.jpa.AbstractEntityManagerFactoryBean.afterPropertiesSet(AbstractEntityManagerFactoryBean.java:396) ~[spring-orm-6.1.4.jar:6.1.4]
	at org.springframework.orm.jpa.LocalContainerEntityManagerFactoryBean.afterPropertiesSet(LocalContainerEntityManagerFactoryBean.java:364) ~[spring-orm-6.1.4.jar:6.1.4]
	at org.springframework.beans.factory.support.AbstractAutowireCapableBeanFactory.invokeInitMethods(AbstractAutowireCapableBeanFactory.java:1833) ~[spring-beans-6.1.4.jar:6.1.4]
	at org.springframework.beans.factory.support.AbstractAutowireCapableBeanFactory.initializeBean(AbstractAutowireCapableBeanFactory.java:1782) ~[spring-beans-6.1.4.jar:6.1.4]
	... 16 more
Caused by: org.hibernate.HibernateException: Unable to determine Dialect without JDBC metadata (please set 'jakarta.persistence.jdbc.url' for common cases or 'hibernate.dialect' when a custom Dialect implementation must be provided)
	at org.hibernate.engine.jdbc.dialect.internal.DialectFactoryImpl.determineDialect(DialectFactoryImpl.java:191) ~[hibernate-core-6.4.4.Final.jar:6.4.4.Final]
	at org.hibernate.engine.jdbc.dialect.internal.DialectFactoryImpl.buildDialect(DialectFactoryImpl.java:87) ~[hibernate-core-6.4.4.Final.jar:6.4.4.Final]
	at org.hibernate.engine.jdbc.env.internal.JdbcEnvironmentInitiator.getJdbcEnvironmentWithDefaults(JdbcEnvironmentInitiator.java:143) ~[hibernate-core-6.4.4.Final.jar:6.4.4.Final]
	at org.hibernate.engine.jdbc.env.internal.JdbcEnvironmentInitiator.getJdbcEnvironmentUsingJdbcMetadata(JdbcEnvironmentInitiator.java:348) ~[hibernate-core-6.4.4.Final.jar:6.4.4.Final]
	at org.hibernate.engine.jdbc.env.internal.JdbcEnvironmentInitiator.initiateService(JdbcEnvironmentInitiator.java:107) ~[hibernate-core-6.4.4.Final.jar:6.4.4.Final]
	at org.hibernate.engine.jdbc.env.internal.JdbcEnvironmentInitiator.initiateService(JdbcEnvironmentInitiator.java:68) ~[hibernate-core-6.4.4.Final.jar:6.4.4.Final]
	at org.hibernate.boot.registry.internal.StandardServiceRegistryImpl.initiateService(StandardServiceRegistryImpl.java:130) ~[hibernate-core-6.4.4.Final.jar:6.4.4.Final]
	at org.hibernate.service.internal.AbstractServiceRegistryImpl.createService(AbstractServiceRegistryImpl.java:263) ~[hibernate-core-6.4.4.Final.jar:6.4.4.Final]
	at org.hibernate.service.internal.AbstractServiceRegistryImpl.initializeService(AbstractServiceRegistryImpl.java:238) ~[hibernate-core-6.4.4.Final.jar:6.4.4.Final]
	at org.hibernate.service.internal.AbstractServiceRegistryImpl.getService(AbstractServiceRegistryImpl.java:215) ~[hibernate-core-6.4.4.Final.jar:6.4.4.Final]
	at org.hibernate.boot.model.relational.Database.<init>(Database.java:45) ~[hibernate-core-6.4.4.Final.jar:6.4.4.Final]
	at org.hibernate.boot.internal.InFlightMetadataCollectorImpl.getDatabase(InFlightMetadataCollectorImpl.java:223) ~[hibernate-core-6.4.4.Final.jar:6.4.4.Final]
	at org.hibernate.boot.internal.InFlightMetadataCollectorImpl.<init>(InFlightMetadataCollectorImpl.java:191) ~[hibernate-core-6.4.4.Final.jar:6.4.4.Final]
	at org.hibernate.boot.model.process.spi.MetadataBuildingProcess.complete(MetadataBuildingProcess.java:170) ~[hibernate-core-6.4.4.Final.jar:6.4.4.Final]
	at org.hibernate.jpa.boot.internal.EntityManagerFactoryBuilderImpl.metadata(EntityManagerFactoryBuilderImpl.java:1432) ~[hibernate-core-6.4.4.Final.jar:6.4.4.Final]
	at org.hibernate.jpa.boot.internal.EntityManagerFactoryBuilderImpl.build(EntityManagerFactoryBuilderImpl.java:1503) ~[hibernate-core-6.4.4.Final.jar:6.4.4.Final]
	at org.springframework.orm.jpa.vendor.SpringHibernateJpaPersistenceProvider.createContainerEntityManagerFactory(SpringHibernateJpaPersistenceProvider.java:75) ~[spring-orm-6.1.4.jar:6.1.4]
	at org.springframework.orm.jpa.LocalContainerEntityManagerFactoryBean.createNativeEntityManagerFactory(LocalContainerEntityManagerFactoryBean.java:388) ~[spring-orm-6.1.4.jar:6.1.4]
	at org.springframework.orm.jpa.AbstractEntityManagerFactoryBean.buildNativeEntityManagerFactory(AbstractEntityManagerFactoryBean.java:409) ~[spring-orm-6.1.4.jar:6.1.4]
	at org.springframework.orm.jpa.AbstractEntityManagerFactoryBean.afterPropertiesSet(AbstractEntityManagerFactoryBean.java:396) ~[spring-orm-6.1.4.jar:6.1.4]
	at org.springframework.orm.jpa.LocalContainerEntityManagerFactoryBean.afterPropertiesSet(LocalContainerEntityManagerFactoryBean.java:364) ~[spring-orm-6.1.4.jar:6.1.4]
	at org.springframework.beans.factory.support.AbstractAutowireCapableBeanFactory.invokeInitMethods(AbstractAutowireCapableBeanFactory.java:1833) ~[spring-beans-6.1.4.jar:6.1.4]
	at org.springframework.beans.factory.support.AbstractAutowireCapableBeanFactory.initializeBean(AbstractAutowireCapableBeanFactory.java:1782) ~[spring-beans-6.1.4.jar:6.1.4]
	... 16 more
2025-12-10 21:52:32.929 [main] INFO  com.dp1.backend.BackendApplication - Starting BackendApplication using Java 24.0.1 with PID 13344 (C:\Users\Joseph\Documents\PUCP\25-2\Dp1\Nuevo\Back\MoraPack_Backend\target\classes started by Joseph in C:\Users\Joseph\Documents\PUCP\25-2\Dp1\Nuevo\Back\MoraPack_Backend)
2025-12-10 21:52:32.948 [main] INFO  com.dp1.backend.BackendApplication - No active profile set, falling back to 1 default profile: "default"
2025-12-10 21:52:34.558 [main] INFO  org.springframework.data.repository.config.RepositoryConfigurationDelegate - Bootstrapping Spring Data JPA repositories in DEFAULT mode.
2025-12-10 21:52:34.724 [main] INFO  org.springframework.data.repository.config.RepositoryConfigurationDelegate - Finished Spring Data repository scanning in 147 ms. Found 10 JPA repository interfaces.
2025-12-10 21:52:35.823 [main] INFO  org.springframework.boot.web.embedded.tomcat.TomcatWebServer - Tomcat initialized with port 8081 (http)
2025-12-10 21:52:35.851 [main] INFO  org.apache.coyote.http11.Http11NioProtocol - Initializing ProtocolHandler ["http-nio-8081"]
2025-12-10 21:52:35.857 [main] INFO  org.apache.catalina.core.StandardService - Starting service [Tomcat]
2025-12-10 21:52:35.858 [main] INFO  org.apache.catalina.core.StandardEngine - Starting Servlet engine: [Apache Tomcat/10.1.19]
2025-12-10 21:52:35.973 [main] INFO  org.apache.catalina.core.ContainerBase.[Tomcat].[localhost].[/api] - Initializing Spring embedded WebApplicationContext
2025-12-10 21:52:35.974 [main] INFO  org.springframework.boot.web.servlet.context.ServletWebServerApplicationContext - Root WebApplicationContext: initialization completed in 2864 ms
2025-12-10 21:52:36.339 [main] INFO  org.hibernate.jpa.internal.util.LogHelper - HHH000204: Processing PersistenceUnitInfo [name: default]
2025-12-10 21:52:36.472 [main] INFO  org.hibernate.Version - HHH000412: Hibernate ORM core version 6.4.4.Final
2025-12-10 21:52:36.550 [main] INFO  org.hibernate.cache.internal.RegionFactoryInitiator - HHH000026: Second-level cache disabled
2025-12-10 21:52:37.070 [main] INFO  org.springframework.orm.jpa.persistenceunit.SpringPersistenceUnitInfo - No LoadTimeWeaver setup: ignoring JPA class transformer
2025-12-10 21:52:37.140 [main] WARN  com.zaxxer.hikari.HikariConfig - HikariPool-1 - idleTimeout has been set but has no effect because the pool is operating as a fixed size pool.
2025-12-10 21:52:37.142 [main] INFO  com.zaxxer.hikari.HikariDataSource - HikariPool-1 - Starting...
2025-12-10 21:52:38.493 [main] ERROR com.zaxxer.hikari.pool.HikariPool - HikariPool-1 - Exception during pool initialization.
java.sql.SQLSyntaxErrorException: Unknown database 'morapack5'
	at com.mysql.cj.jdbc.exceptions.SQLError.createSQLException(SQLError.java:121) ~[mysql-connector-j-8.3.0.jar:8.3.0]
	at com.mysql.cj.jdbc.exceptions.SQLExceptionsMapping.translateException(SQLExceptionsMapping.java:122) ~[mysql-connector-j-8.3.0.jar:8.3.0]
	at com.mysql.cj.jdbc.ConnectionImpl.createNewIO(ConnectionImpl.java:815) ~[mysql-connector-j-8.3.0.jar:8.3.0]
	at com.mysql.cj.jdbc.ConnectionImpl.<init>(ConnectionImpl.java:438) ~[mysql-connector-j-8.3.0.jar:8.3.0]
	at com.mysql.cj.jdbc.ConnectionImpl.getInstance(ConnectionImpl.java:241) ~[mysql-connector-j-8.3.0.jar:8.3.0]
	at com.mysql.cj.jdbc.NonRegisteringDriver.connect(NonRegisteringDriver.java:189) ~[mysql-connector-j-8.3.0.jar:8.3.0]
	at com.zaxxer.hikari.util.DriverDataSource.getConnection(DriverDataSource.java:138) ~[HikariCP-5.0.1.jar:?]
	at com.zaxxer.hikari.pool.PoolBase.newConnection(PoolBase.java:359) ~[HikariCP-5.0.1.jar:?]
	at com.zaxxer.hikari.pool.PoolBase.newPoolEntry(PoolBase.java:201) ~[HikariCP-5.0.1.jar:?]
	at com.zaxxer.hikari.pool.HikariPool.createPoolEntry(HikariPool.java:470) [HikariCP-5.0.1.jar:?]
	at com.zaxxer.hikari.pool.HikariPool.checkFailFast(HikariPool.java:561) [HikariCP-5.0.1.jar:?]
	at com.zaxxer.hikari.pool.HikariPool.<init>(HikariPool.java:100) [HikariCP-5.0.1.jar:?]
	at com.zaxxer.hikari.HikariDataSource.getConnection(HikariDataSource.java:112) [HikariCP-5.0.1.jar:?]
	at org.hibernate.engine.jdbc.connections.internal.DatasourceConnectionProviderImpl.getConnection(DatasourceConnectionProviderImpl.java:122) [hibernate-core-6.4.4.Final.jar:6.4.4.Final]
	at org.hibernate.engine.jdbc.env.internal.JdbcEnvironmentInitiator$ConnectionProviderJdbcConnectionAccess.obtainConnection(JdbcEnvironmentInitiator.java:428) [hibernate-core-6.4.4.Final.jar:6.4.4.Final]
	at org.hibernate.resource.transaction.backend.jdbc.internal.JdbcIsolationDelegate.delegateWork(JdbcIsolationDelegate.java:61) [hibernate-core-6.4.4.Final.jar:6.4.4.Final]
	at org.hibernate.engine.jdbc.env.internal.JdbcEnvironmentInitiator.getJdbcEnvironmentUsingJdbcMetadata(JdbcEnvironmentInitiator.java:276) [hibernate-core-6.4.4.Final.jar:6.4.4.Final]
	at org.hibernate.engine.jdbc.env.internal.JdbcEnvironmentInitiator.initiateService(JdbcEnvironmentInitiator.java:107) [hibernate-core-6.4.4.Final.jar:6.4.4.Final]
	at org.hibernate.engine.jdbc.env.internal.JdbcEnvironmentInitiator.initiateService(JdbcEnvironmentInitiator.java:68) [hibernate-core-6.4.4.Final.jar:6.4.4.Final]
	at org.hibernate.boot.registry.internal.StandardServiceRegistryImpl.initiateService(StandardServiceRegistryImpl.java:130) [hibernate-core-6.4.4.Final.jar:6.4.4.Final]
	at org.hibernate.service.internal.AbstractServiceRegistryImpl.createService(AbstractServiceRegistryImpl.java:263) [hibernate-core-6.4.4.Final.jar:6.4.4.Final]
	at org.hibernate.service.internal.AbstractServiceRegistryImpl.initializeService(AbstractServiceRegistryImpl.java:238) [hibernate-core-6.4.4.Final.jar:6.4.4.Final]
	at org.hibernate.service.internal.AbstractServiceRegistryImpl.getService(AbstractServiceRegistryImpl.java:215) [hibernate-core-6.4.4.Final.jar:6.4.4.Final]
	at org.hibernate.boot.model.relational.Database.<init>(Database.java:45) [hibernate-core-6.4.4.Final.jar:6.4.4.Final]
	at org.hibernate.boot.internal.InFlightMetadataCollectorImpl.getDatabase(InFlightMetadataCollectorImpl.java:223) [hibernate-core-6.4.4.Final.jar:6.4.4.Final]
	at org.hibernate.boot.internal.InFlightMetadataCollectorImpl.<init>(InFlightMetadataCollectorImpl.java:191) [hibernate-core-6.4.4.Final.jar:6.4.4.Final]
	at org.hibernate.boot.model.process.spi.MetadataBuildingProcess.complete(MetadataBuildingProcess.java:170) [hibernate-core-6.4.4.Final.jar:6.4.4.Final]
	at org.hibernate.jpa.boot.internal.EntityManagerFactoryBuilderImpl.metadata(EntityManagerFactoryBuilderImpl.java:1432) [hibernate-core-6.4.4.Final.jar:6.4.4.Final]
	at org.hibernate.jpa.boot.internal.EntityManagerFactoryBuilderImpl.build(EntityManagerFactoryBuilderImpl.java:1503) [hibernate-core-6.4.4.Final.jar:6.4.4.Final]
	at org.springframework.orm.jpa.vendor.SpringHibernateJpaPersistenceProvider.createContainerEntityManagerFactory(SpringHibernateJpaPersistenceProvider.java:75) [spring-orm-6.1.4.jar:6.1.4]
	at org.springframework.orm.jpa.LocalContainerEntityManagerFactoryBean.createNativeEntityManagerFactory(LocalContainerEntityManagerFactoryBean.java:388) [spring-orm-6.1.4.jar:6.1.4]
	at org.springframework.orm.jpa.AbstractEntityManagerFactoryBean.buildNativeEntityManagerFactory(AbstractEntityManagerFactoryBean.java:409) [spring-orm-6.1.4.jar:6.1.4]
	at org.springframework.orm.jpa.AbstractEntityManagerFactoryBean.afterPropertiesSet(AbstractEntityManagerFactoryBean.java:396) [spring-orm-6.1.4.jar:6.1.4]
	at org.springframework.orm.jpa.LocalContainerEntityManagerFactoryBean.afterPropertiesSet(LocalContainerEntityManagerFactoryBean.java:364) [spring-orm-6.1.4.jar:6.1.4]
	at org.springframework.beans.factory.support.AbstractAutowireCapableBeanFactory.invokeInitMethods(AbstractAutowireCapableBeanFactory.java:1833) [spring-beans-6.1.4.jar:6.1.4]
	at org.springframework.beans.factory.support.AbstractAutowireCapableBeanFactory.initializeBean(AbstractAutowireCapableBeanFactory.java:1782) [spring-beans-6.1.4.jar:6.1.4]
	at org.springframework.beans.factory.support.AbstractAutowireCapableBeanFactory.doCreateBean(AbstractAutowireCapableBeanFactory.java:600) [spring-beans-6.1.4.jar:6.1.4]
	at org.springframework.beans.factory.support.AbstractAutowireCapableBeanFactory.createBean(AbstractAutowireCapableBeanFactory.java:522) [spring-beans-6.1.4.jar:6.1.4]
	at org.springframework.beans.factory.support.AbstractBeanFactory.lambda$doGetBean$0(AbstractBeanFactory.java:325) [spring-beans-6.1.4.jar:6.1.4]
	at org.springframework.beans.factory.support.DefaultSingletonBeanRegistry.getSingleton(DefaultSingletonBeanRegistry.java:234) [spring-beans-6.1.4.jar:6.1.4]
	at org.springframework.beans.factory.support.AbstractBeanFactory.doGetBean(AbstractBeanFactory.java:323) [spring-beans-6.1.4.jar:6.1.4]
	at org.springframework.beans.factory.support.AbstractBeanFactory.getBean(AbstractBeanFactory.java:199) [spring-beans-6.1.4.jar:6.1.4]
	at org.springframework.context.support.AbstractApplicationContext.getBean(AbstractApplicationContext.java:1231) [spring-context-6.1.4.jar:6.1.4]
	at org.springframework.context.support.AbstractApplicationContext.finishBeanFactoryInitialization(AbstractApplicationContext.java:949) [spring-context-6.1.4.jar:6.1.4]
	at org.springframework.context.support.AbstractApplicationContext.refresh(AbstractApplicationContext.java:624) [spring-context-6.1.4.jar:6.1.4]
	at org.springframework.boot.web.servlet.context.ServletWebServerApplicationContext.refresh(ServletWebServerApplicationContext.java:146) [spring-boot-3.2.3.jar:3.2.3]
	at org.springframework.boot.SpringApplication.refresh(SpringApplication.java:754) [spring-boot-3.2.3.jar:3.2.3]
	at org.springframework.boot.SpringApplication.refreshContext(SpringApplication.java:456) [spring-boot-3.2.3.jar:3.2.3]
	at org.springframework.boot.SpringApplication.run(SpringApplication.java:334) [spring-boot-3.2.3.jar:3.2.3]
	at org.springframework.boot.SpringApplication.run(SpringApplication.java:1354) [spring-boot-3.2.3.jar:3.2.3]
	at org.springframework.boot.SpringApplication.run(SpringApplication.java:1343) [spring-boot-3.2.3.jar:3.2.3]
	at com.dp1.backend.BackendApplication.main(BackendApplication.java:20) [classes/:?]
2025-12-10 21:52:38.510 [main] WARN  org.hibernate.engine.jdbc.env.internal.JdbcEnvironmentInitiator - HHH000342: Could not obtain connection to query metadata
java.lang.NullPointerException: Cannot invoke "org.hibernate.engine.jdbc.spi.SqlExceptionHelper.convert(java.sql.SQLException, String)" because the return value of "org.hibernate.resource.transaction.backend.jdbc.internal.JdbcIsolationDelegate.sqlExceptionHelper()" is null
	at org.hibernate.resource.transaction.backend.jdbc.internal.JdbcIsolationDelegate.delegateWork(JdbcIsolationDelegate.java:116) ~[hibernate-core-6.4.4.Final.jar:6.4.4.Final]
	at org.hibernate.engine.jdbc.env.internal.JdbcEnvironmentInitiator.getJdbcEnvironmentUsingJdbcMetadata(JdbcEnvironmentInitiator.java:276) [hibernate-core-6.4.4.Final.jar:6.4.4.Final]
	at org.hibernate.engine.jdbc.env.internal.JdbcEnvironmentInitiator.initiateService(JdbcEnvironmentInitiator.java:107) [hibernate-core-6.4.4.Final.jar:6.4.4.Final]
	at org.hibernate.engine.jdbc.env.internal.JdbcEnvironmentInitiator.initiateService(JdbcEnvironmentInitiator.java:68) [hibernate-core-6.4.4.Final.jar:6.4.4.Final]
	at org.hibernate.boot.registry.internal.StandardServiceRegistryImpl.initiateService(StandardServiceRegistryImpl.java:130) [hibernate-core-6.4.4.Final.jar:6.4.4.Final]
	at org.hibernate.service.internal.AbstractServiceRegistryImpl.createService(AbstractServiceRegistryImpl.java:263) [hibernate-core-6.4.4.Final.jar:6.4.4.Final]
	at org.hibernate.service.internal.AbstractServiceRegistryImpl.initializeService(AbstractServiceRegistryImpl.java:238) [hibernate-core-6.4.4.Final.jar:6.4.4.Final]
	at org.hibernate.service.internal.AbstractServiceRegistryImpl.getService(AbstractServiceRegistryImpl.java:215) [hibernate-core-6.4.4.Final.jar:6.4.4.Final]
	at org.hibernate.boot.model.relational.Database.<init>(Database.java:45) [hibernate-core-6.4.4.Final.jar:6.4.4.Final]
	at org.hibernate.boot.internal.InFlightMetadataCollectorImpl.getDatabase(InFlightMetadataCollectorImpl.java:223) [hibernate-core-6.4.4.Final.jar:6.4.4.Final]
	at org.hibernate.boot.internal.InFlightMetadataCollectorImpl.<init>(InFlightMetadataCollectorImpl.java:191) [hibernate-core-6.4.4.Final.jar:6.4.4.Final]
	at org.hibernate.boot.model.process.spi.MetadataBuildingProcess.complete(MetadataBuildingProcess.java:170) [hibernate-core-6.4.4.Final.jar:6.4.4.Final]
	at org.hibernate.jpa.boot.internal.EntityManagerFactoryBuilderImpl.metadata(EntityManagerFactoryBuilderImpl.java:1432) [hibernate-core-6.4.4.Final.jar:6.4.4.Final]
	at org.hibernate.jpa.boot.internal.EntityManagerFactoryBuilderImpl.build(EntityManagerFactoryBuilderImpl.java:1503) [hibernate-core-6.4.4.Final.jar:6.4.4.Final]
	at org.springframework.orm.jpa.vendor.SpringHibernateJpaPersistenceProvider.createContainerEntityManagerFactory(SpringHibernateJpaPersistenceProvider.java:75) [spring-orm-6.1.4.jar:6.1.4]
	at org.springframework.orm.jpa.LocalContainerEntityManagerFactoryBean.createNativeEntityManagerFactory(LocalContainerEntityManagerFactoryBean.java:388) [spring-orm-6.1.4.jar:6.1.4]
	at org.springframework.orm.jpa.AbstractEntityManagerFactoryBean.buildNativeEntityManagerFactory(AbstractEntityManagerFactoryBean.java:409) [spring-orm-6.1.4.jar:6.1.4]
	at org.springframework.orm.jpa.AbstractEntityManagerFactoryBean.afterPropertiesSet(AbstractEntityManagerFactoryBean.java:396) [spring-orm-6.1.4.jar:6.1.4]
	at org.springframework.orm.jpa.LocalContainerEntityManagerFactoryBean.afterPropertiesSet(LocalContainerEntityManagerFactoryBean.java:364) [spring-orm-6.1.4.jar:6.1.4]
	at org.springframework.beans.factory.support.AbstractAutowireCapableBeanFactory.invokeInitMethods(AbstractAutowireCapableBeanFactory.java:1833) [spring-beans-6.1.4.jar:6.1.4]
	at org.springframework.beans.factory.support.AbstractAutowireCapableBeanFactory.initializeBean(AbstractAutowireCapableBeanFactory.java:1782) [spring-beans-6.1.4.jar:6.1.4]
	at org.springframework.beans.factory.support.AbstractAutowireCapableBeanFactory.doCreateBean(AbstractAutowireCapableBeanFactory.java:600) [spring-beans-6.1.4.jar:6.1.4]
	at org.springframework.beans.factory.support.AbstractAutowireCapableBeanFactory.createBean(AbstractAutowireCapableBeanFactory.java:522) [spring-beans-6.1.4.jar:6.1.4]
	at org.springframework.beans.factory.support.AbstractBeanFactory.lambda$doGetBean$0(AbstractBeanFactory.java:325) [spring-beans-6.1.4.jar:6.1.4]
	at org.springframework.beans.factory.support.DefaultSingletonBeanRegistry.getSingleton(DefaultSingletonBeanRegistry.java:234) [spring-beans-6.1.4.jar:6.1.4]
	at org.springframework.beans.factory.support.AbstractBeanFactory.doGetBean(AbstractBeanFactory.java:323) [spring-beans-6.1.4.jar:6.1.4]
	at org.springframework.beans.factory.support.AbstractBeanFactory.getBean(AbstractBeanFactory.java:199) [spring-beans-6.1.4.jar:6.1.4]
	at org.springframework.context.support.AbstractApplicationContext.getBean(AbstractApplicationContext.java:1231) [spring-context-6.1.4.jar:6.1.4]
	at org.springframework.context.support.AbstractApplicationContext.finishBeanFactoryInitialization(AbstractApplicationContext.java:949) [spring-context-6.1.4.jar:6.1.4]
	at org.springframework.context.support.AbstractApplicationContext.refresh(AbstractApplicationContext.java:624) [spring-context-6.1.4.jar:6.1.4]
	at org.springframework.boot.web.servlet.context.ServletWebServerApplicationContext.refresh(ServletWebServerApplicationContext.java:146) [spring-boot-3.2.3.jar:3.2.3]
	at org.springframework.boot.SpringApplication.refresh(SpringApplication.java:754) [spring-boot-3.2.3.jar:3.2.3]
	at org.springframework.boot.SpringApplication.refreshContext(SpringApplication.java:456) [spring-boot-3.2.3.jar:3.2.3]
	at org.springframework.boot.SpringApplication.run(SpringApplication.java:334) [spring-boot-3.2.3.jar:3.2.3]
	at org.springframework.boot.SpringApplication.run(SpringApplication.java:1354) [spring-boot-3.2.3.jar:3.2.3]
	at org.springframework.boot.SpringApplication.run(SpringApplication.java:1343) [spring-boot-3.2.3.jar:3.2.3]
	at com.dp1.backend.BackendApplication.main(BackendApplication.java:20) [classes/:?]
2025-12-10 21:52:38.514 [main] ERROR org.springframework.orm.jpa.LocalContainerEntityManagerFactoryBean - Failed to initialize JPA EntityManagerFactory: Unable to create requested service [org.hibernate.engine.jdbc.env.spi.JdbcEnvironment] due to: Unable to determine Dialect without JDBC metadata (please set 'jakarta.persistence.jdbc.url' for common cases or 'hibernate.dialect' when a custom Dialect implementation must be provided)
2025-12-10 21:52:38.515 [main] WARN  org.springframework.boot.web.servlet.context.AnnotationConfigServletWebServerApplicationContext - Exception encountered during context initialization - cancelling refresh attempt: org.springframework.beans.factory.BeanCreationException: Error creating bean with name 'entityManagerFactory' defined in class path resource [org/springframework/boot/autoconfigure/orm/jpa/HibernateJpaConfiguration.class]: Unable to create requested service [org.hibernate.engine.jdbc.env.spi.JdbcEnvironment] due to: Unable to determine Dialect without JDBC metadata (please set 'jakarta.persistence.jdbc.url' for common cases or 'hibernate.dialect' when a custom Dialect implementation must be provided)
2025-12-10 21:52:38.522 [main] INFO  org.apache.catalina.core.StandardService - Stopping service [Tomcat]
2025-12-10 21:52:38.548 [main] INFO  org.springframework.boot.autoconfigure.logging.ConditionEvaluationReportLogger - 

Error starting ApplicationContext. To display the condition evaluation report re-run your application with 'debug' enabled.
2025-12-10 21:52:38.592 [main] ERROR org.springframework.boot.SpringApplication - Application run failed
org.springframework.beans.factory.BeanCreationException: Error creating bean with name 'entityManagerFactory' defined in class path resource [org/springframework/boot/autoconfigure/orm/jpa/HibernateJpaConfiguration.class]: Unable to create requested service [org.hibernate.engine.jdbc.env.spi.JdbcEnvironment] due to: Unable to determine Dialect without JDBC metadata (please set 'jakarta.persistence.jdbc.url' for common cases or 'hibernate.dialect' when a custom Dialect implementation must be provided)
	at org.springframework.beans.factory.support.AbstractAutowireCapableBeanFactory.initializeBean(AbstractAutowireCapableBeanFactory.java:1786) ~[spring-beans-6.1.4.jar:6.1.4]
	at org.springframework.beans.factory.support.AbstractAutowireCapableBeanFactory.doCreateBean(AbstractAutowireCapableBeanFactory.java:600) ~[spring-beans-6.1.4.jar:6.1.4]
	at org.springframework.beans.factory.support.AbstractAutowireCapableBeanFactory.createBean(AbstractAutowireCapableBeanFactory.java:522) ~[spring-beans-6.1.4.jar:6.1.4]
	at org.springframework.beans.factory.support.AbstractBeanFactory.lambda$doGetBean$0(AbstractBeanFactory.java:325) ~[spring-beans-6.1.4.jar:6.1.4]
	at org.springframework.beans.factory.support.DefaultSingletonBeanRegistry.getSingleton(DefaultSingletonBeanRegistry.java:234) ~[spring-beans-6.1.4.jar:6.1.4]
	at org.springframework.beans.factory.support.AbstractBeanFactory.doGetBean(AbstractBeanFactory.java:323) ~[spring-beans-6.1.4.jar:6.1.4]
	at org.springframework.beans.factory.support.AbstractBeanFactory.getBean(AbstractBeanFactory.java:199) ~[spring-beans-6.1.4.jar:6.1.4]
	at org.springframework.context.support.AbstractApplicationContext.getBean(AbstractApplicationContext.java:1231) ~[spring-context-6.1.4.jar:6.1.4]
	at org.springframework.context.support.AbstractApplicationContext.finishBeanFactoryInitialization(AbstractApplicationContext.java:949) ~[spring-context-6.1.4.jar:6.1.4]
	at org.springframework.context.support.AbstractApplicationContext.refresh(AbstractApplicationContext.java:624) ~[spring-context-6.1.4.jar:6.1.4]
	at org.springframework.boot.web.servlet.context.ServletWebServerApplicationContext.refresh(ServletWebServerApplicationContext.java:146) ~[spring-boot-3.2.3.jar:3.2.3]
	at org.springframework.boot.SpringApplication.refresh(SpringApplication.java:754) [spring-boot-3.2.3.jar:3.2.3]
	at org.springframework.boot.SpringApplication.refreshContext(SpringApplication.java:456) [spring-boot-3.2.3.jar:3.2.3]
	at org.springframework.boot.SpringApplication.run(SpringApplication.java:334) [spring-boot-3.2.3.jar:3.2.3]
	at org.springframework.boot.SpringApplication.run(SpringApplication.java:1354) [spring-boot-3.2.3.jar:3.2.3]
	at org.springframework.boot.SpringApplication.run(SpringApplication.java:1343) [spring-boot-3.2.3.jar:3.2.3]
	at com.dp1.backend.BackendApplication.main(BackendApplication.java:20) [classes/:?]
Caused by: org.hibernate.service.spi.ServiceException: Unable to create requested service [org.hibernate.engine.jdbc.env.spi.JdbcEnvironment] due to: Unable to determine Dialect without JDBC metadata (please set 'jakarta.persistence.jdbc.url' for common cases or 'hibernate.dialect' when a custom Dialect implementation must be provided)
	at org.hibernate.service.internal.AbstractServiceRegistryImpl.createService(AbstractServiceRegistryImpl.java:276) ~[hibernate-core-6.4.4.Final.jar:6.4.4.Final]
	at org.hibernate.service.internal.AbstractServiceRegistryImpl.initializeService(AbstractServiceRegistryImpl.java:238) ~[hibernate-core-6.4.4.Final.jar:6.4.4.Final]
	at org.hibernate.service.internal.AbstractServiceRegistryImpl.getService(AbstractServiceRegistryImpl.java:215) ~[hibernate-core-6.4.4.Final.jar:6.4.4.Final]
	at org.hibernate.boot.model.relational.Database.<init>(Database.java:45) ~[hibernate-core-6.4.4.Final.jar:6.4.4.Final]
	at org.hibernate.boot.internal.InFlightMetadataCollectorImpl.getDatabase(InFlightMetadataCollectorImpl.java:223) ~[hibernate-core-6.4.4.Final.jar:6.4.4.Final]
	at org.hibernate.boot.internal.InFlightMetadataCollectorImpl.<init>(InFlightMetadataCollectorImpl.java:191) ~[hibernate-core-6.4.4.Final.jar:6.4.4.Final]
	at org.hibernate.boot.model.process.spi.MetadataBuildingProcess.complete(MetadataBuildingProcess.java:170) ~[hibernate-core-6.4.4.Final.jar:6.4.4.Final]
	at org.hibernate.jpa.boot.internal.EntityManagerFactoryBuilderImpl.metadata(EntityManagerFactoryBuilderImpl.java:1432) ~[hibernate-core-6.4.4.Final.jar:6.4.4.Final]
	at org.hibernate.jpa.boot.internal.EntityManagerFactoryBuilderImpl.build(EntityManagerFactoryBuilderImpl.java:1503) ~[hibernate-core-6.4.4.Final.jar:6.4.4.Final]
	at org.springframework.orm.jpa.vendor.SpringHibernateJpaPersistenceProvider.createContainerEntityManagerFactory(SpringHibernateJpaPersistenceProvider.java:75) ~[spring-orm-6.1.4.jar:6.1.4]
	at org.springframework.orm.jpa.LocalContainerEntityManagerFactoryBean.createNativeEntityManagerFactory(LocalContainerEntityManagerFactoryBean.java:388) ~[spring-orm-6.1.4.jar:6.1.4]
	at org.springframework.orm.jpa.AbstractEntityManagerFactoryBean.buildNativeEntityManagerFactory(AbstractEntityManagerFactoryBean.java:409) ~[spring-orm-6.1.4.jar:6.1.4]
	at org.springframework.orm.jpa.AbstractEntityManagerFactoryBean.afterPropertiesSet(AbstractEntityManagerFactoryBean.java:396) ~[spring-orm-6.1.4.jar:6.1.4]
	at org.springframework.orm.jpa.LocalContainerEntityManagerFactoryBean.afterPropertiesSet(LocalContainerEntityManagerFactoryBean.java:364) ~[spring-orm-6.1.4.jar:6.1.4]
	at org.springframework.beans.factory.support.AbstractAutowireCapableBeanFactory.invokeInitMethods(AbstractAutowireCapableBeanFactory.java:1833) ~[spring-beans-6.1.4.jar:6.1.4]
	at org.springframework.beans.factory.support.AbstractAutowireCapableBeanFactory.initializeBean(AbstractAutowireCapableBeanFactory.java:1782) ~[spring-beans-6.1.4.jar:6.1.4]
	... 16 more
Caused by: org.hibernate.HibernateException: Unable to determine Dialect without JDBC metadata (please set 'jakarta.persistence.jdbc.url' for common cases or 'hibernate.dialect' when a custom Dialect implementation must be provided)
	at org.hibernate.engine.jdbc.dialect.internal.DialectFactoryImpl.determineDialect(DialectFactoryImpl.java:191) ~[hibernate-core-6.4.4.Final.jar:6.4.4.Final]
	at org.hibernate.engine.jdbc.dialect.internal.DialectFactoryImpl.buildDialect(DialectFactoryImpl.java:87) ~[hibernate-core-6.4.4.Final.jar:6.4.4.Final]
	at org.hibernate.engine.jdbc.env.internal.JdbcEnvironmentInitiator.getJdbcEnvironmentWithDefaults(JdbcEnvironmentInitiator.java:143) ~[hibernate-core-6.4.4.Final.jar:6.4.4.Final]
	at org.hibernate.engine.jdbc.env.internal.JdbcEnvironmentInitiator.getJdbcEnvironmentUsingJdbcMetadata(JdbcEnvironmentInitiator.java:348) ~[hibernate-core-6.4.4.Final.jar:6.4.4.Final]
	at org.hibernate.engine.jdbc.env.internal.JdbcEnvironmentInitiator.initiateService(JdbcEnvironmentInitiator.java:107) ~[hibernate-core-6.4.4.Final.jar:6.4.4.Final]
	at org.hibernate.engine.jdbc.env.internal.JdbcEnvironmentInitiator.initiateService(JdbcEnvironmentInitiator.java:68) ~[hibernate-core-6.4.4.Final.jar:6.4.4.Final]
	at org.hibernate.boot.registry.internal.StandardServiceRegistryImpl.initiateService(StandardServiceRegistryImpl.java:130) ~[hibernate-core-6.4.4.Final.jar:6.4.4.Final]
	at org.hibernate.service.internal.AbstractServiceRegistryImpl.createService(AbstractServiceRegistryImpl.java:263) ~[hibernate-core-6.4.4.Final.jar:6.4.4.Final]
	at org.hibernate.service.internal.AbstractServiceRegistryImpl.initializeService(AbstractServiceRegistryImpl.java:238) ~[hibernate-core-6.4.4.Final.jar:6.4.4.Final]
	at org.hibernate.service.internal.AbstractServiceRegistryImpl.getService(AbstractServiceRegistryImpl.java:215) ~[hibernate-core-6.4.4.Final.jar:6.4.4.Final]
	at org.hibernate.boot.model.relational.Database.<init>(Database.java:45) ~[hibernate-core-6.4.4.Final.jar:6.4.4.Final]
	at org.hibernate.boot.internal.InFlightMetadataCollectorImpl.getDatabase(InFlightMetadataCollectorImpl.java:223) ~[hibernate-core-6.4.4.Final.jar:6.4.4.Final]
	at org.hibernate.boot.internal.InFlightMetadataCollectorImpl.<init>(InFlightMetadataCollectorImpl.java:191) ~[hibernate-core-6.4.4.Final.jar:6.4.4.Final]
	at org.hibernate.boot.model.process.spi.MetadataBuildingProcess.complete(MetadataBuildingProcess.java:170) ~[hibernate-core-6.4.4.Final.jar:6.4.4.Final]
	at org.hibernate.jpa.boot.internal.EntityManagerFactoryBuilderImpl.metadata(EntityManagerFactoryBuilderImpl.java:1432) ~[hibernate-core-6.4.4.Final.jar:6.4.4.Final]
	at org.hibernate.jpa.boot.internal.EntityManagerFactoryBuilderImpl.build(EntityManagerFactoryBuilderImpl.java:1503) ~[hibernate-core-6.4.4.Final.jar:6.4.4.Final]
	at org.springframework.orm.jpa.vendor.SpringHibernateJpaPersistenceProvider.createContainerEntityManagerFactory(SpringHibernateJpaPersistenceProvider.java:75) ~[spring-orm-6.1.4.jar:6.1.4]
	at org.springframework.orm.jpa.LocalContainerEntityManagerFactoryBean.createNativeEntityManagerFactory(LocalContainerEntityManagerFactoryBean.java:388) ~[spring-orm-6.1.4.jar:6.1.4]
	at org.springframework.orm.jpa.AbstractEntityManagerFactoryBean.buildNativeEntityManagerFactory(AbstractEntityManagerFactoryBean.java:409) ~[spring-orm-6.1.4.jar:6.1.4]
	at org.springframework.orm.jpa.AbstractEntityManagerFactoryBean.afterPropertiesSet(AbstractEntityManagerFactoryBean.java:396) ~[spring-orm-6.1.4.jar:6.1.4]
	at org.springframework.orm.jpa.LocalContainerEntityManagerFactoryBean.afterPropertiesSet(LocalContainerEntityManagerFactoryBean.java:364) ~[spring-orm-6.1.4.jar:6.1.4]
	at org.springframework.beans.factory.support.AbstractAutowireCapableBeanFactory.invokeInitMethods(AbstractAutowireCapableBeanFactory.java:1833) ~[spring-beans-6.1.4.jar:6.1.4]
	at org.springframework.beans.factory.support.AbstractAutowireCapableBeanFactory.initializeBean(AbstractAutowireCapableBeanFactory.java:1782) ~[spring-beans-6.1.4.jar:6.1.4]
	... 16 more
2025-12-10 21:53:40.780 [main] INFO  com.dp1.backend.BackendApplication - Starting BackendApplication using Java 24.0.1 with PID 1612 (C:\Users\Joseph\Documents\PUCP\25-2\Dp1\Nuevo\Back\MoraPack_Backend\target\classes started by Joseph in C:\Users\Joseph\Documents\PUCP\25-2\Dp1\Nuevo\Back\MoraPack_Backend)
2025-12-10 21:53:40.803 [main] INFO  com.dp1.backend.BackendApplication - No active profile set, falling back to 1 default profile: "default"
2025-12-10 21:53:42.406 [main] INFO  org.springframework.data.repository.config.RepositoryConfigurationDelegate - Bootstrapping Spring Data JPA repositories in DEFAULT mode.
2025-12-10 21:53:42.600 [main] INFO  org.springframework.data.repository.config.RepositoryConfigurationDelegate - Finished Spring Data repository scanning in 171 ms. Found 10 JPA repository interfaces.
2025-12-10 21:53:43.799 [main] INFO  org.springframework.boot.web.embedded.tomcat.TomcatWebServer - Tomcat initialized with port 8081 (http)
2025-12-10 21:53:43.827 [main] INFO  org.apache.coyote.http11.Http11NioProtocol - Initializing ProtocolHandler ["http-nio-8081"]
2025-12-10 21:53:43.834 [main] INFO  org.apache.catalina.core.StandardService - Starting service [Tomcat]
2025-12-10 21:53:43.835 [main] INFO  org.apache.catalina.core.StandardEngine - Starting Servlet engine: [Apache Tomcat/10.1.19]
2025-12-10 21:53:43.960 [main] INFO  org.apache.catalina.core.ContainerBase.[Tomcat].[localhost].[/api] - Initializing Spring embedded WebApplicationContext
2025-12-10 21:53:43.962 [main] INFO  org.springframework.boot.web.servlet.context.ServletWebServerApplicationContext - Root WebApplicationContext: initialization completed in 3055 ms
2025-12-10 21:53:44.356 [main] INFO  org.hibernate.jpa.internal.util.LogHelper - HHH000204: Processing PersistenceUnitInfo [name: default]
2025-12-10 21:53:44.499 [main] INFO  org.hibernate.Version - HHH000412: Hibernate ORM core version 6.4.4.Final
2025-12-10 21:53:44.590 [main] INFO  org.hibernate.cache.internal.RegionFactoryInitiator - HHH000026: Second-level cache disabled
2025-12-10 21:53:45.179 [main] INFO  org.springframework.orm.jpa.persistenceunit.SpringPersistenceUnitInfo - No LoadTimeWeaver setup: ignoring JPA class transformer
2025-12-10 21:53:45.253 [main] WARN  com.zaxxer.hikari.HikariConfig - HikariPool-1 - idleTimeout has been set but has no effect because the pool is operating as a fixed size pool.
2025-12-10 21:53:45.254 [main] INFO  com.zaxxer.hikari.HikariDataSource - HikariPool-1 - Starting...
2025-12-10 21:53:45.646 [main] INFO  com.zaxxer.hikari.pool.HikariPool - HikariPool-1 - Added connection com.mysql.cj.jdbc.ConnectionImpl@398f0516
2025-12-10 21:53:45.651 [main] INFO  com.zaxxer.hikari.HikariDataSource - HikariPool-1 - Start completed.
2025-12-10 21:53:48.627 [main] INFO  org.hibernate.engine.transaction.jta.platform.internal.JtaPlatformInitiator - HHH000489: No JTA platform available (set 'hibernate.transaction.jta.platform' to enable JTA platform integration)
2025-12-10 21:53:50.990 [main] INFO  org.springframework.orm.jpa.LocalContainerEntityManagerFactoryBean - Initialized JPA EntityManagerFactory for persistence unit 'default'
2025-12-10 21:53:51.026 [main] INFO  com.dp1.backend.services.DatosEnMemoriaService - Inicializando DatosEnMemoriaService con working directory: C:\Users\Joseph\Documents\PUCP\25-2\Dp1\Nuevo\Back\MoraPack_Backend
2025-12-10 21:53:51.042 [main] INFO  com.dp1.backend.services.DatosEnMemoriaService - Aeropuertos cargados: 30
2025-12-10 21:53:51.120 [main] INFO  com.dp1.backend.services.DatosEnMemoriaService - Vuelos cargados: 2866
2025-12-10 21:53:51.655 [main] INFO  com.dp1.backend.services.DatosEnMemoriaService - Leyendo rutas posibles
2025-12-10 21:53:52.025 [main] INFO  com.dp1.backend.services.DatosEnMemoriaService - Colecciones rutas: 0
2025-12-10 21:53:52.026 [main] INFO  com.dp1.backend.services.DatosEnMemoriaService - Rutas posibles set: 0
2025-12-10 21:53:52.372 [main] INFO  org.springframework.data.jpa.repository.query.QueryEnhancerFactory - Hibernate is in classpath; If applicable, HQL parser will be used.
2025-12-10 21:53:53.730 [main] WARN  org.springframework.boot.autoconfigure.orm.jpa.JpaBaseConfiguration$JpaWebConfiguration - spring.jpa.open-in-view is enabled by default. Therefore, database queries may be performed during view rendering. Explicitly configure spring.jpa.open-in-view to disable this warning
2025-12-10 21:53:54.730 [main] INFO  org.apache.coyote.http11.Http11NioProtocol - Starting ProtocolHandler ["http-nio-8081"]
2025-12-10 21:53:54.781 [main] INFO  org.springframework.boot.web.embedded.tomcat.TomcatWebServer - Tomcat started on port 8081 (http) with context path '/api'
2025-12-10 21:53:54.796 [main] INFO  com.dp1.backend.BackendApplication - Started BackendApplication in 15.07 seconds (process running for 17.242)
2025-12-10 21:55:58.858 [http-nio-8081-exec-3] INFO  org.apache.catalina.core.ContainerBase.[Tomcat].[localhost].[/api] - Initializing Spring DispatcherServlet 'dispatcherServlet'
2025-12-10 21:55:58.859 [http-nio-8081-exec-3] INFO  org.springframework.web.servlet.DispatcherServlet - Initializing Servlet 'dispatcherServlet'
2025-12-10 21:55:58.863 [http-nio-8081-exec-3] INFO  org.springframework.web.servlet.DispatcherServlet - Completed initialization in 4 ms
2025-12-10 21:55:59.068 [http-nio-8081-exec-3] INFO  com.dp1.backend.handlers.SocketConnectionHandler - 5cb430ec-65b4-fd1c-0b64-2d8b70e91227  conectado al socket
2025-12-10 21:55:59.340 [http-nio-8081-exec-4] INFO  com.dp1.backend.handlers.SocketConnectionHandler - Cargando envios antes de: 2024-07-22T05:45-05:00[America/Lima]
2025-12-10 21:55:59.439 [http-nio-8081-exec-4] INFO  com.dp1.backend.services.EnvioService - Envios despues de fecha inicio: 0
2025-12-10 21:55:59.457 [http-nio-8081-exec-4] INFO  com.dp1.backend.handlers.SocketConnectionHandler - Enviando # de envios en operación: inicio0
2025-12-10 21:55:59.539 [http-nio-8081-exec-4] INFO  com.dp1.backend.handlers.SocketConnectionHandler - Enviando # de vuelos en el aire: inicio1216
2025-12-10 21:56:30.941 [http-nio-8081-exec-6] INFO  com.dp1.backend.handlers.SocketConnectionHandler - Enviando # de vuelos en el aire: 3
2025-12-10 21:56:30.955 [http-nio-8081-exec-6] INFO  com.dp1.backend.services.EnvioService - Envios despues de fecha inicio: 0
2025-12-10 21:56:30.956 [http-nio-8081-exec-6] INFO  com.dp1.backend.handlers.SocketConnectionHandler - Enviando # de envios nuevos: 0
2025-12-10 21:56:30.967 [http-nio-8081-exec-6] INFO  com.dp1.backend.services.EnvioService - Envios despues de fecha inicio: 0
2025-12-10 21:56:30.968 [http-nio-8081-exec-6] INFO  com.dp1.backend.handlers.SocketConnectionHandler - Enviando # de envios en operación: 0
2025-12-10 21:56:49.193 [http-nio-8081-exec-7] INFO  com.dp1.backend.services.ClienteService - Creando cliente con datos: ola ola mr@cc.com 
2025-12-10 21:56:49.350 [http-nio-8081-exec-6] INFO  com.dp1.backend.services.ClienteService - Creando cliente con datos: rgerg fewfer fergegr@mp.com 
2025-12-10 21:56:49.360 [http-nio-8081-exec-6] WARN  org.hibernate.engine.jdbc.spi.SqlExceptionHelper - SQL Error: 1062, SQLState: 23000
2025-12-10 21:56:49.360 [http-nio-8081-exec-6] ERROR org.hibernate.engine.jdbc.spi.SqlExceptionHelper - Duplicate entry '12345678' for key 'cliente.UK_hx9w6tpma79yxjbk83xfiw7fo'
2025-12-10 21:56:49.437 [http-nio-8081-exec-8] WARN  org.hibernate.engine.jdbc.spi.SqlExceptionHelper - SQL Error: 1452, SQLState: 23000
2025-12-10 21:56:49.437 [http-nio-8081-exec-8] ERROR org.hibernate.engine.jdbc.spi.SqlExceptionHelper - Cannot add or update a child row: a foreign key constraint fails (`morapack5`.`envio`, CONSTRAINT `FKa0su3ixjqcyjd5ax5b89d2w0w` FOREIGN KEY (`receptor_id`) REFERENCES `cliente` (`id`))
2025-12-10 21:56:49.443 [http-nio-8081-exec-8] ERROR com.dp1.backend.services.EnvioService - Error al crear envio: 
2025-12-10 21:57:01.940 [http-nio-8081-exec-3] INFO  com.dp1.backend.handlers.SocketConnectionHandler - Enviando # de vuelos en el aire: 3
2025-12-10 21:57:01.948 [http-nio-8081-exec-3] INFO  com.dp1.backend.services.EnvioService - Envios despues de fecha inicio: 0
2025-12-10 21:57:01.951 [http-nio-8081-exec-3] INFO  com.dp1.backend.handlers.SocketConnectionHandler - Enviando # de envios nuevos: 0
2025-12-10 21:57:01.961 [http-nio-8081-exec-3] INFO  com.dp1.backend.services.EnvioService - Envios despues de fecha inicio: 0
2025-12-10 21:57:01.962 [http-nio-8081-exec-3] INFO  com.dp1.backend.handlers.SocketConnectionHandler - Enviando # de envios en operación: 0
2025-12-10 21:57:33.539 [http-nio-8081-exec-2] INFO  com.dp1.backend.handlers.SocketConnectionHandler - Enviando # de vuelos en el aire: 0
2025-12-10 21:57:33.546 [http-nio-8081-exec-2] INFO  com.dp1.backend.services.EnvioService - Envios despues de fecha inicio: 0
2025-12-10 21:57:33.548 [http-nio-8081-exec-2] INFO  com.dp1.backend.handlers.SocketConnectionHandler - Enviando # de envios nuevos: 0
2025-12-10 21:57:33.555 [http-nio-8081-exec-2] INFO  com.dp1.backend.services.EnvioService - Envios despues de fecha inicio: 0
2025-12-10 21:57:33.557 [http-nio-8081-exec-2] INFO  com.dp1.backend.handlers.SocketConnectionHandler - Enviando # de envios en operación: 0
2025-12-10 21:57:35.497 [SpringApplicationShutdownHook] INFO  org.springframework.orm.jpa.LocalContainerEntityManagerFactoryBean - Closing JPA EntityManagerFactory for persistence unit 'default'
2025-12-10 21:57:35.501 [SpringApplicationShutdownHook] INFO  com.zaxxer.hikari.HikariDataSource - HikariPool-1 - Shutdown initiated...
2025-12-10 21:57:35.519 [SpringApplicationShutdownHook] INFO  com.zaxxer.hikari.HikariDataSource - HikariPool-1 - Shutdown completed.
2025-12-10 21:57:35.529 [SpringApplicationShutdownHook] INFO  com.dp1.backend.handlers.SocketConnectionHandler - 5cb430ec-65b4-fd1c-0b64-2d8b70e91227  desconectado del socket
2025-12-10 22:13:51.667 [main] INFO  com.dp1.backend.BackendApplication - Starting BackendApplication using Java 24.0.1 with PID 8112 (C:\Users\Joseph\Documents\PUCP\25-2\Dp1\Nuevo\Back\MoraPack_Backend\target\classes started by Joseph in C:\Users\Joseph\Documents\PUCP\25-2\Dp1\Nuevo\Back\MoraPack_Backend)
2025-12-10 22:13:51.709 [main] INFO  com.dp1.backend.BackendApplication - No active profile set, falling back to 1 default profile: "default"
2025-12-10 22:13:54.050 [main] INFO  org.springframework.data.repository.config.RepositoryConfigurationDelegate - Bootstrapping Spring Data JPA repositories in DEFAULT mode.
2025-12-10 22:13:54.325 [main] INFO  org.springframework.data.repository.config.RepositoryConfigurationDelegate - Finished Spring Data repository scanning in 229 ms. Found 10 JPA repository interfaces.
2025-12-10 22:13:55.788 [main] INFO  org.springframework.boot.web.embedded.tomcat.TomcatWebServer - Tomcat initialized with port 8081 (http)
2025-12-10 22:13:55.818 [main] INFO  org.apache.coyote.http11.Http11NioProtocol - Initializing ProtocolHandler ["http-nio-8081"]
2025-12-10 22:13:55.828 [main] INFO  org.apache.catalina.core.StandardService - Starting service [Tomcat]
2025-12-10 22:13:55.829 [main] INFO  org.apache.catalina.core.StandardEngine - Starting Servlet engine: [Apache Tomcat/10.1.19]
2025-12-10 22:13:55.954 [main] INFO  org.apache.catalina.core.ContainerBase.[Tomcat].[localhost].[/api] - Initializing Spring embedded WebApplicationContext
2025-12-10 22:13:55.955 [main] INFO  org.springframework.boot.web.servlet.context.ServletWebServerApplicationContext - Root WebApplicationContext: initialization completed in 4109 ms
2025-12-10 22:13:56.364 [main] INFO  org.hibernate.jpa.internal.util.LogHelper - HHH000204: Processing PersistenceUnitInfo [name: default]
2025-12-10 22:13:56.593 [main] INFO  org.hibernate.Version - HHH000412: Hibernate ORM core version 6.4.4.Final
2025-12-10 22:13:56.708 [main] INFO  org.hibernate.cache.internal.RegionFactoryInitiator - HHH000026: Second-level cache disabled
2025-12-10 22:13:57.290 [main] INFO  org.springframework.orm.jpa.persistenceunit.SpringPersistenceUnitInfo - No LoadTimeWeaver setup: ignoring JPA class transformer
2025-12-10 22:13:57.362 [main] WARN  com.zaxxer.hikari.HikariConfig - HikariPool-1 - idleTimeout has been set but has no effect because the pool is operating as a fixed size pool.
2025-12-10 22:13:57.362 [main] INFO  com.zaxxer.hikari.HikariDataSource - HikariPool-1 - Starting...
2025-12-10 22:13:57.803 [main] INFO  com.zaxxer.hikari.pool.HikariPool - HikariPool-1 - Added connection com.mysql.cj.jdbc.ConnectionImpl@2248d140
2025-12-10 22:13:57.806 [main] INFO  com.zaxxer.hikari.HikariDataSource - HikariPool-1 - Start completed.
2025-12-10 22:14:01.284 [main] INFO  org.hibernate.engine.transaction.jta.platform.internal.JtaPlatformInitiator - HHH000489: No JTA platform available (set 'hibernate.transaction.jta.platform' to enable JTA platform integration)
2025-12-10 22:14:01.830 [main] INFO  org.springframework.orm.jpa.LocalContainerEntityManagerFactoryBean - Initialized JPA EntityManagerFactory for persistence unit 'default'
2025-12-10 22:14:01.868 [main] INFO  com.dp1.backend.services.DatosEnMemoriaService - Inicializando DatosEnMemoriaService con working directory: C:\Users\Joseph\Documents\PUCP\25-2\Dp1\Nuevo\Back\MoraPack_Backend
2025-12-10 22:14:01.881 [main] INFO  com.dp1.backend.services.DatosEnMemoriaService - Aeropuertos cargados: 30
2025-12-10 22:14:01.959 [main] INFO  com.dp1.backend.services.DatosEnMemoriaService - Vuelos cargados: 2866
2025-12-10 22:14:02.569 [main] INFO  com.dp1.backend.services.DatosEnMemoriaService - Leyendo rutas posibles
2025-12-10 22:14:03.003 [main] INFO  com.dp1.backend.services.DatosEnMemoriaService - Colecciones rutas: 0
2025-12-10 22:14:03.004 [main] INFO  com.dp1.backend.services.DatosEnMemoriaService - Rutas posibles set: 0
2025-12-10 22:14:03.521 [main] INFO  org.springframework.data.jpa.repository.query.QueryEnhancerFactory - Hibernate is in classpath; If applicable, HQL parser will be used.
2025-12-10 22:14:05.252 [main] WARN  org.springframework.boot.autoconfigure.orm.jpa.JpaBaseConfiguration$JpaWebConfiguration - spring.jpa.open-in-view is enabled by default. Therefore, database queries may be performed during view rendering. Explicitly configure spring.jpa.open-in-view to disable this warning
2025-12-10 22:14:06.159 [main] INFO  org.apache.coyote.http11.Http11NioProtocol - Starting ProtocolHandler ["http-nio-8081"]
2025-12-10 22:14:06.216 [main] INFO  org.springframework.boot.web.embedded.tomcat.TomcatWebServer - Tomcat started on port 8081 (http) with context path '/api'
2025-12-10 22:14:06.232 [main] INFO  com.dp1.backend.BackendApplication - Started BackendApplication in 15.716 seconds (process running for 18.473)
2025-12-10 22:14:56.065 [http-nio-8081-exec-1] INFO  org.apache.catalina.core.ContainerBase.[Tomcat].[localhost].[/api] - Initializing Spring DispatcherServlet 'dispatcherServlet'
2025-12-10 22:14:56.066 [http-nio-8081-exec-1] INFO  org.springframework.web.servlet.DispatcherServlet - Initializing Servlet 'dispatcherServlet'
2025-12-10 22:14:56.068 [http-nio-8081-exec-1] INFO  org.springframework.web.servlet.DispatcherServlet - Completed initialization in 2 ms
2025-12-10 22:14:56.368 [http-nio-8081-exec-3] INFO  com.dp1.backend.handlers.SocketConnectionHandler - 3f0efd13-439c-ad42-7440-bab0f28acd67  conectado al socket
2025-12-10 22:14:56.702 [http-nio-8081-exec-4] INFO  com.dp1.backend.handlers.SocketConnectionHandler - Cargando envios antes de: 2024-07-22T05:45-05:00[America/Lima]
2025-12-10 22:14:56.814 [http-nio-8081-exec-4] INFO  com.dp1.backend.services.EnvioService - Envios despues de fecha inicio: 0
2025-12-10 22:14:56.834 [http-nio-8081-exec-4] INFO  com.dp1.backend.handlers.SocketConnectionHandler - Enviando # de envios en operación: inicio0
2025-12-10 22:14:56.890 [http-nio-8081-exec-4] INFO  com.dp1.backend.handlers.SocketConnectionHandler - Enviando # de vuelos en el aire: inicio1216
2025-12-10 22:15:28.313 [http-nio-8081-exec-5] INFO  com.dp1.backend.handlers.SocketConnectionHandler - Enviando # de vuelos en el aire: 3
2025-12-10 22:15:28.322 [http-nio-8081-exec-5] INFO  com.dp1.backend.services.EnvioService - Envios despues de fecha inicio: 0
2025-12-10 22:15:28.324 [http-nio-8081-exec-5] INFO  com.dp1.backend.handlers.SocketConnectionHandler - Enviando # de envios nuevos: 0
2025-12-10 22:15:28.333 [http-nio-8081-exec-5] INFO  com.dp1.backend.services.EnvioService - Envios despues de fecha inicio: 0
2025-12-10 22:15:28.334 [http-nio-8081-exec-5] INFO  com.dp1.backend.handlers.SocketConnectionHandler - Enviando # de envios en operación: 0
2025-12-10 22:15:50.447 [http-nio-8081-exec-10] INFO  com.dp1.backend.services.ClienteService - Creando cliente con datos: ola ola joseph@pucp.com 
2025-12-10 22:15:50.619 [http-nio-8081-exec-10] INFO  com.dp1.backend.services.ClienteService - Cliente creado exitosamente con ID: 3
2025-12-10 22:15:50.664 [http-nio-8081-exec-2] INFO  com.dp1.backend.services.ClienteService - Creando cliente con datos: Paco Yunque fergegr@mp.com 
2025-12-10 22:15:50.679 [http-nio-8081-exec-2] INFO  com.dp1.backend.services.ClienteService - Cliente creado exitosamente con ID: 4
2025-12-10 22:15:50.755 [http-nio-8081-exec-1] INFO  com.dp1.backend.services.EnvioService - Todo bien hasta primer guardado
2025-12-10 22:15:50.820 [http-nio-8081-exec-1] INFO  com.dp1.backend.services.EnvioService - Todo bien hasta segundo guardado
2025-12-10 22:15:51.731 [http-nio-8081-exec-1] INFO  com.dp1.backend.services.EnvioService - Todo bien hasta guardado de paquetes
2025-12-10 22:15:59.317 [http-nio-8081-exec-2] INFO  com.dp1.backend.handlers.SocketConnectionHandler - Enviando # de vuelos en el aire: 3
2025-12-10 22:15:59.377 [http-nio-8081-exec-2] INFO  com.dp1.backend.services.EnvioService - Envios despues de fecha inicio: 1
2025-12-10 22:15:59.378 [http-nio-8081-exec-2] INFO  com.dp1.backend.services.EnvioService - Fecha de salida: 2025-12-11T03:15:50.725911Z
2025-12-10 22:15:59.379 [http-nio-8081-exec-2] INFO  com.dp1.backend.services.EnvioService - Fecha de fin: 2024-07-22T05:46:02-05:00[America/Lima]
2025-12-10 22:15:59.380 [http-nio-8081-exec-2] INFO  com.dp1.backend.handlers.SocketConnectionHandler - Enviando # de envios nuevos: 0
2025-12-10 22:15:59.395 [http-nio-8081-exec-2] INFO  com.dp1.backend.services.EnvioService - Envios despues de fecha inicio: 1
2025-12-10 22:15:59.395 [http-nio-8081-exec-2] INFO  com.dp1.backend.services.EnvioService - Fecha de salida: 2025-12-11T03:15:50.725911Z
2025-12-10 22:15:59.396 [http-nio-8081-exec-2] INFO  com.dp1.backend.services.EnvioService - Fecha de fin: 2024-07-22T05:45:31-05:00[America/Lima]
2025-12-10 22:15:59.397 [http-nio-8081-exec-2] INFO  com.dp1.backend.handlers.SocketConnectionHandler - Enviando # de envios en operación: 0
2025-12-10 22:16:30.318 [http-nio-8081-exec-5] INFO  com.dp1.backend.handlers.SocketConnectionHandler - Enviando # de vuelos en el aire: 0
2025-12-10 22:16:30.333 [http-nio-8081-exec-5] INFO  com.dp1.backend.services.EnvioService - Envios despues de fecha inicio: 1
2025-12-10 22:16:30.334 [http-nio-8081-exec-5] INFO  com.dp1.backend.services.EnvioService - Fecha de salida: 2025-12-11T03:15:50.725911Z
2025-12-10 22:16:30.335 [http-nio-8081-exec-5] INFO  com.dp1.backend.services.EnvioService - Fecha de fin: 2024-07-22T05:46:33-05:00[America/Lima]
2025-12-10 22:16:30.336 [http-nio-8081-exec-5] INFO  com.dp1.backend.handlers.SocketConnectionHandler - Enviando # de envios nuevos: 0
2025-12-10 22:16:30.350 [http-nio-8081-exec-5] INFO  com.dp1.backend.services.EnvioService - Envios despues de fecha inicio: 1
2025-12-10 22:16:30.351 [http-nio-8081-exec-5] INFO  com.dp1.backend.services.EnvioService - Fecha de salida: 2025-12-11T03:15:50.725911Z
2025-12-10 22:16:30.352 [http-nio-8081-exec-5] INFO  com.dp1.backend.services.EnvioService - Fecha de fin: 2024-07-22T05:46:02-05:00[America/Lima]
2025-12-10 22:16:30.353 [http-nio-8081-exec-5] INFO  com.dp1.backend.handlers.SocketConnectionHandler - Enviando # de envios en operación: 0
2025-12-10 22:17:01.550 [http-nio-8081-exec-6] INFO  com.dp1.backend.handlers.SocketConnectionHandler - Enviando # de vuelos en el aire: 4
2025-12-10 22:17:01.571 [http-nio-8081-exec-6] INFO  com.dp1.backend.services.EnvioService - Envios despues de fecha inicio: 1
2025-12-10 22:17:01.572 [http-nio-8081-exec-6] INFO  com.dp1.backend.services.EnvioService - Fecha de salida: 2025-12-11T03:15:50.725911Z
2025-12-10 22:17:01.572 [http-nio-8081-exec-6] INFO  com.dp1.backend.services.EnvioService - Fecha de fin: 2024-07-22T05:47:04-05:00[America/Lima]
2025-12-10 22:17:01.573 [http-nio-8081-exec-6] INFO  com.dp1.backend.handlers.SocketConnectionHandler - Enviando # de envios nuevos: 0
2025-12-10 22:17:01.591 [http-nio-8081-exec-6] INFO  com.dp1.backend.services.EnvioService - Envios despues de fecha inicio: 1
2025-12-10 22:17:01.593 [http-nio-8081-exec-6] INFO  com.dp1.backend.services.EnvioService - Fecha de salida: 2025-12-11T03:15:50.725911Z
2025-12-10 22:17:01.594 [http-nio-8081-exec-6] INFO  com.dp1.backend.services.EnvioService - Fecha de fin: 2024-07-22T05:46:33-05:00[America/Lima]
2025-12-10 22:17:01.597 [http-nio-8081-exec-6] INFO  com.dp1.backend.handlers.SocketConnectionHandler - Enviando # de envios en operación: 0
2025-12-10 22:17:32.313 [http-nio-8081-exec-3] INFO  com.dp1.backend.handlers.SocketConnectionHandler - Enviando # de vuelos en el aire: 0
2025-12-10 22:17:32.326 [http-nio-8081-exec-3] INFO  com.dp1.backend.services.EnvioService - Envios despues de fecha inicio: 1
2025-12-10 22:17:32.327 [http-nio-8081-exec-3] INFO  com.dp1.backend.services.EnvioService - Fecha de salida: 2025-12-11T03:15:50.725911Z
2025-12-10 22:17:32.327 [http-nio-8081-exec-3] INFO  com.dp1.backend.services.EnvioService - Fecha de fin: 2024-07-22T05:47:35-05:00[America/Lima]
2025-12-10 22:17:32.328 [http-nio-8081-exec-3] INFO  com.dp1.backend.handlers.SocketConnectionHandler - Enviando # de envios nuevos: 0
2025-12-10 22:17:32.347 [http-nio-8081-exec-3] INFO  com.dp1.backend.services.EnvioService - Envios despues de fecha inicio: 1
2025-12-10 22:17:32.348 [http-nio-8081-exec-3] INFO  com.dp1.backend.services.EnvioService - Fecha de salida: 2025-12-11T03:15:50.725911Z
2025-12-10 22:17:32.348 [http-nio-8081-exec-3] INFO  com.dp1.backend.services.EnvioService - Fecha de fin: 2024-07-22T05:47:04-05:00[America/Lima]
2025-12-10 22:17:32.350 [http-nio-8081-exec-3] INFO  com.dp1.backend.handlers.SocketConnectionHandler - Enviando # de envios en operación: 0
2025-12-10 22:18:03.323 [http-nio-8081-exec-7] INFO  com.dp1.backend.handlers.SocketConnectionHandler - Enviando # de vuelos en el aire: 3
2025-12-10 22:18:03.336 [http-nio-8081-exec-7] INFO  com.dp1.backend.services.EnvioService - Envios despues de fecha inicio: 1
2025-12-10 22:18:03.337 [http-nio-8081-exec-7] INFO  com.dp1.backend.services.EnvioService - Fecha de salida: 2025-12-11T03:15:50.725911Z
2025-12-10 22:18:03.338 [http-nio-8081-exec-7] INFO  com.dp1.backend.services.EnvioService - Fecha de fin: 2024-07-22T05:48:06-05:00[America/Lima]
2025-12-10 22:18:03.339 [http-nio-8081-exec-7] INFO  com.dp1.backend.handlers.SocketConnectionHandler - Enviando # de envios nuevos: 0
2025-12-10 22:18:03.353 [http-nio-8081-exec-7] INFO  com.dp1.backend.services.EnvioService - Envios despues de fecha inicio: 1
2025-12-10 22:18:03.354 [http-nio-8081-exec-7] INFO  com.dp1.backend.services.EnvioService - Fecha de salida: 2025-12-11T03:15:50.725911Z
2025-12-10 22:18:03.354 [http-nio-8081-exec-7] INFO  com.dp1.backend.services.EnvioService - Fecha de fin: 2024-07-22T05:47:35-05:00[America/Lima]
2025-12-10 22:18:03.355 [http-nio-8081-exec-7] INFO  com.dp1.backend.handlers.SocketConnectionHandler - Enviando # de envios en operación: 0
2025-12-10 22:18:26.788 [SpringApplicationShutdownHook] INFO  org.springframework.orm.jpa.LocalContainerEntityManagerFactoryBean - Closing JPA EntityManagerFactory for persistence unit 'default'
2025-12-10 22:18:26.795 [SpringApplicationShutdownHook] INFO  com.zaxxer.hikari.HikariDataSource - HikariPool-1 - Shutdown initiated...
2025-12-10 22:18:26.826 [SpringApplicationShutdownHook] INFO  com.zaxxer.hikari.HikariDataSource - HikariPool-1 - Shutdown completed.
2025-12-10 22:18:26.846 [SpringApplicationShutdownHook] INFO  com.dp1.backend.handlers.SocketConnectionHandler - 3f0efd13-439c-ad42-7440-bab0f28acd67  desconectado del socket
2025-12-10 22:24:21.888 [main] INFO  com.dp1.backend.BackendApplication - Starting BackendApplication using Java 24.0.1 with PID 22824 (C:\Users\Joseph\Documents\PUCP\25-2\Dp1\Nuevo\Back\MoraPack_Backend\target\classes started by Joseph in C:\Users\Joseph\Documents\PUCP\25-2\Dp1\Nuevo\Back\MoraPack_Backend)
2025-12-10 22:24:21.914 [main] INFO  com.dp1.backend.BackendApplication - No active profile set, falling back to 1 default profile: "default"
2025-12-10 22:24:23.633 [main] INFO  org.springframework.data.repository.config.RepositoryConfigurationDelegate - Bootstrapping Spring Data JPA repositories in DEFAULT mode.
2025-12-10 22:24:23.819 [main] INFO  org.springframework.data.repository.config.RepositoryConfigurationDelegate - Finished Spring Data repository scanning in 169 ms. Found 10 JPA repository interfaces.
2025-12-10 22:24:25.239 [main] INFO  org.springframework.boot.web.embedded.tomcat.TomcatWebServer - Tomcat initialized with port 8081 (http)
2025-12-10 22:24:25.276 [main] INFO  org.apache.coyote.http11.Http11NioProtocol - Initializing ProtocolHandler ["http-nio-8081"]
2025-12-10 22:24:25.284 [main] INFO  org.apache.catalina.core.StandardService - Starting service [Tomcat]
2025-12-10 22:24:25.286 [main] INFO  org.apache.catalina.core.StandardEngine - Starting Servlet engine: [Apache Tomcat/10.1.19]
2025-12-10 22:24:25.426 [main] INFO  org.apache.catalina.core.ContainerBase.[Tomcat].[localhost].[/api] - Initializing Spring embedded WebApplicationContext
2025-12-10 22:24:25.427 [main] INFO  org.springframework.boot.web.servlet.context.ServletWebServerApplicationContext - Root WebApplicationContext: initialization completed in 3401 ms
2025-12-10 22:24:25.840 [main] INFO  org.hibernate.jpa.internal.util.LogHelper - HHH000204: Processing PersistenceUnitInfo [name: default]
2025-12-10 22:24:26.028 [main] INFO  org.hibernate.Version - HHH000412: Hibernate ORM core version 6.4.4.Final
2025-12-10 22:24:26.127 [main] INFO  org.hibernate.cache.internal.RegionFactoryInitiator - HHH000026: Second-level cache disabled
2025-12-10 22:24:26.722 [main] INFO  org.springframework.orm.jpa.persistenceunit.SpringPersistenceUnitInfo - No LoadTimeWeaver setup: ignoring JPA class transformer
2025-12-10 22:24:26.802 [main] WARN  com.zaxxer.hikari.HikariConfig - HikariPool-1 - idleTimeout has been set but has no effect because the pool is operating as a fixed size pool.
2025-12-10 22:24:26.803 [main] INFO  com.zaxxer.hikari.HikariDataSource - HikariPool-1 - Starting...
2025-12-10 22:24:27.172 [main] INFO  com.zaxxer.hikari.pool.HikariPool - HikariPool-1 - Added connection com.mysql.cj.jdbc.ConnectionImpl@1b317e7d
2025-12-10 22:24:27.176 [main] INFO  com.zaxxer.hikari.HikariDataSource - HikariPool-1 - Start completed.
2025-12-10 22:24:29.980 [main] INFO  org.hibernate.engine.transaction.jta.platform.internal.JtaPlatformInitiator - HHH000489: No JTA platform available (set 'hibernate.transaction.jta.platform' to enable JTA platform integration)
2025-12-10 22:24:30.312 [main] INFO  org.springframework.orm.jpa.LocalContainerEntityManagerFactoryBean - Initialized JPA EntityManagerFactory for persistence unit 'default'
2025-12-10 22:24:30.341 [main] INFO  com.dp1.backend.services.DatosEnMemoriaService - Inicializando DatosEnMemoriaService con working directory: C:\Users\Joseph\Documents\PUCP\25-2\Dp1\Nuevo\Back\MoraPack_Backend
2025-12-10 22:24:30.356 [main] INFO  com.dp1.backend.services.DatosEnMemoriaService - Aeropuertos cargados: 30
2025-12-10 22:24:30.438 [main] INFO  com.dp1.backend.services.DatosEnMemoriaService - Vuelos cargados: 2866
2025-12-10 22:24:30.925 [main] INFO  com.dp1.backend.services.DatosEnMemoriaService - Leyendo rutas posibles
2025-12-10 22:24:31.317 [main] INFO  com.dp1.backend.services.DatosEnMemoriaService - Colecciones rutas: 0
2025-12-10 22:24:31.318 [main] INFO  com.dp1.backend.services.DatosEnMemoriaService - Rutas posibles set: 0
2025-12-10 22:24:31.620 [main] INFO  org.springframework.data.jpa.repository.query.QueryEnhancerFactory - Hibernate is in classpath; If applicable, HQL parser will be used.
2025-12-10 22:24:32.959 [main] WARN  org.springframework.boot.autoconfigure.orm.jpa.JpaBaseConfiguration$JpaWebConfiguration - spring.jpa.open-in-view is enabled by default. Therefore, database queries may be performed during view rendering. Explicitly configure spring.jpa.open-in-view to disable this warning
2025-12-10 22:24:33.798 [main] INFO  org.apache.coyote.http11.Http11NioProtocol - Starting ProtocolHandler ["http-nio-8081"]
2025-12-10 22:24:33.847 [main] INFO  org.springframework.boot.web.embedded.tomcat.TomcatWebServer - Tomcat started on port 8081 (http) with context path '/api'
2025-12-10 22:24:33.864 [main] INFO  com.dp1.backend.BackendApplication - Started BackendApplication in 12.881 seconds (process running for 15.821)
2025-12-10 22:25:06.578 [http-nio-8081-exec-1] INFO  org.apache.catalina.core.ContainerBase.[Tomcat].[localhost].[/api] - Initializing Spring DispatcherServlet 'dispatcherServlet'
2025-12-10 22:25:06.585 [http-nio-8081-exec-1] INFO  org.springframework.web.servlet.DispatcherServlet - Initializing Servlet 'dispatcherServlet'
2025-12-10 22:25:06.593 [http-nio-8081-exec-1] INFO  org.springframework.web.servlet.DispatcherServlet - Completed initialization in 4 ms
2025-12-10 22:25:06.805 [http-nio-8081-exec-2] INFO  com.dp1.backend.handlers.SocketConnectionHandler - dc14f605-437d-85ae-7d91-d74761e05d29  conectado al socket
2025-12-10 22:25:07.100 [http-nio-8081-exec-4] INFO  com.dp1.backend.handlers.SocketConnectionHandler - Cargando envios antes de: 2024-07-22T05:45-05:00[America/Lima]
2025-12-10 22:25:07.298 [http-nio-8081-exec-4] INFO  com.dp1.backend.services.EnvioService - Envios despues de fecha inicio: 1
2025-12-10 22:25:07.299 [http-nio-8081-exec-4] INFO  com.dp1.backend.services.EnvioService - Fecha de salida: 2025-12-11T03:15:50.725911Z
2025-12-10 22:25:07.300 [http-nio-8081-exec-4] INFO  com.dp1.backend.services.EnvioService - Fecha de fin: 2024-07-22T05:45:05-05:00[America/Lima]
2025-12-10 22:25:07.319 [http-nio-8081-exec-4] INFO  com.dp1.backend.handlers.SocketConnectionHandler - Enviando # de envios en operación: inicio0
2025-12-10 22:25:07.388 [http-nio-8081-exec-4] INFO  com.dp1.backend.handlers.SocketConnectionHandler - Enviando # de vuelos en el aire: inicio1216
2025-12-10 22:25:38.839 [http-nio-8081-exec-5] INFO  com.dp1.backend.handlers.SocketConnectionHandler - Enviando # de vuelos en el aire: 3
2025-12-10 22:25:38.856 [http-nio-8081-exec-5] INFO  com.dp1.backend.services.EnvioService - Envios despues de fecha inicio: 1
2025-12-10 22:25:38.857 [http-nio-8081-exec-5] INFO  com.dp1.backend.services.EnvioService - Fecha de salida: 2025-12-11T03:15:50.725911Z
2025-12-10 22:25:38.858 [http-nio-8081-exec-5] INFO  com.dp1.backend.services.EnvioService - Fecha de fin: 2024-07-22T05:45:31-05:00[America/Lima]
2025-12-10 22:25:38.859 [http-nio-8081-exec-5] INFO  com.dp1.backend.handlers.SocketConnectionHandler - Enviando # de envios nuevos: 0
2025-12-10 22:25:38.882 [http-nio-8081-exec-5] INFO  com.dp1.backend.services.EnvioService - Envios despues de fecha inicio: 1
2025-12-10 22:25:38.882 [http-nio-8081-exec-5] INFO  com.dp1.backend.services.EnvioService - Fecha de salida: 2025-12-11T03:15:50.725911Z
2025-12-10 22:25:38.883 [http-nio-8081-exec-5] INFO  com.dp1.backend.services.EnvioService - Fecha de fin: 2024-07-22T05:45-05:00[America/Lima]
2025-12-10 22:25:38.884 [http-nio-8081-exec-5] INFO  com.dp1.backend.handlers.SocketConnectionHandler - Enviando # de envios en operación: 0
2025-12-10 22:26:09.851 [http-nio-8081-exec-7] INFO  com.dp1.backend.handlers.SocketConnectionHandler - Enviando # de vuelos en el aire: 3
2025-12-10 22:26:09.868 [http-nio-8081-exec-7] INFO  com.dp1.backend.services.EnvioService - Envios despues de fecha inicio: 1
2025-12-10 22:26:09.869 [http-nio-8081-exec-7] INFO  com.dp1.backend.services.EnvioService - Fecha de salida: 2025-12-11T03:15:50.725911Z
2025-12-10 22:26:09.870 [http-nio-8081-exec-7] INFO  com.dp1.backend.services.EnvioService - Fecha de fin: 2024-07-22T05:46:02-05:00[America/Lima]
2025-12-10 22:26:09.870 [http-nio-8081-exec-7] INFO  com.dp1.backend.handlers.SocketConnectionHandler - Enviando # de envios nuevos: 0
2025-12-10 22:26:09.891 [http-nio-8081-exec-7] INFO  com.dp1.backend.services.EnvioService - Envios despues de fecha inicio: 1
2025-12-10 22:26:09.891 [http-nio-8081-exec-7] INFO  com.dp1.backend.services.EnvioService - Fecha de salida: 2025-12-11T03:15:50.725911Z
2025-12-10 22:26:09.892 [http-nio-8081-exec-7] INFO  com.dp1.backend.services.EnvioService - Fecha de fin: 2024-07-22T05:45:31-05:00[America/Lima]
2025-12-10 22:26:09.893 [http-nio-8081-exec-7] INFO  com.dp1.backend.handlers.SocketConnectionHandler - Enviando # de envios en operación: 0
2025-12-10 22:26:40.838 [http-nio-8081-exec-8] INFO  com.dp1.backend.handlers.SocketConnectionHandler - Enviando # de vuelos en el aire: 0
2025-12-10 22:26:40.856 [http-nio-8081-exec-8] INFO  com.dp1.backend.services.EnvioService - Envios despues de fecha inicio: 1
2025-12-10 22:26:40.856 [http-nio-8081-exec-8] INFO  com.dp1.backend.services.EnvioService - Fecha de salida: 2025-12-11T03:15:50.725911Z
2025-12-10 22:26:40.857 [http-nio-8081-exec-8] INFO  com.dp1.backend.services.EnvioService - Fecha de fin: 2024-07-22T05:46:33-05:00[America/Lima]
2025-12-10 22:26:40.858 [http-nio-8081-exec-8] INFO  com.dp1.backend.handlers.SocketConnectionHandler - Enviando # de envios nuevos: 0
2025-12-10 22:26:40.876 [http-nio-8081-exec-8] INFO  com.dp1.backend.services.EnvioService - Envios despues de fecha inicio: 1
2025-12-10 22:26:40.877 [http-nio-8081-exec-8] INFO  com.dp1.backend.services.EnvioService - Fecha de salida: 2025-12-11T03:15:50.725911Z
2025-12-10 22:26:40.880 [http-nio-8081-exec-8] INFO  com.dp1.backend.services.EnvioService - Fecha de fin: 2024-07-22T05:46:02-05:00[America/Lima]
2025-12-10 22:26:40.881 [http-nio-8081-exec-8] INFO  com.dp1.backend.handlers.SocketConnectionHandler - Enviando # de envios en operación: 0
2025-12-10 22:27:11.844 [http-nio-8081-exec-10] INFO  com.dp1.backend.handlers.SocketConnectionHandler - Enviando # de vuelos en el aire: 4
2025-12-10 22:27:11.862 [http-nio-8081-exec-10] INFO  com.dp1.backend.services.EnvioService - Envios despues de fecha inicio: 1
2025-12-10 22:27:11.862 [http-nio-8081-exec-10] INFO  com.dp1.backend.services.EnvioService - Fecha de salida: 2025-12-11T03:15:50.725911Z
2025-12-10 22:27:11.863 [http-nio-8081-exec-10] INFO  com.dp1.backend.services.EnvioService - Fecha de fin: 2024-07-22T05:47:04-05:00[America/Lima]
2025-12-10 22:27:11.864 [http-nio-8081-exec-10] INFO  com.dp1.backend.handlers.SocketConnectionHandler - Enviando # de envios nuevos: 0
2025-12-10 22:27:11.882 [http-nio-8081-exec-10] INFO  com.dp1.backend.services.EnvioService - Envios despues de fecha inicio: 1
2025-12-10 22:27:11.882 [http-nio-8081-exec-10] INFO  com.dp1.backend.services.EnvioService - Fecha de salida: 2025-12-11T03:15:50.725911Z
2025-12-10 22:27:11.882 [http-nio-8081-exec-10] INFO  com.dp1.backend.services.EnvioService - Fecha de fin: 2024-07-22T05:46:33-05:00[America/Lima]
2025-12-10 22:27:11.884 [http-nio-8081-exec-10] INFO  com.dp1.backend.handlers.SocketConnectionHandler - Enviando # de envios en operación: 0
2025-12-10 22:27:13.868 [http-nio-8081-exec-1] INFO  com.dp1.backend.services.ClienteService - Creando cliente con datos: rgrg asdas mr@cc.com 
2025-12-10 22:27:13.968 [http-nio-8081-exec-1] INFO  com.dp1.backend.services.ClienteService - Cliente creado exitosamente con ID: 5
2025-12-10 22:27:14.003 [http-nio-8081-exec-5] INFO  com.dp1.backend.services.ClienteService - Creando cliente con datos: ewgre wvr aa@cc.com 
2025-12-10 22:27:14.018 [http-nio-8081-exec-5] INFO  com.dp1.backend.services.ClienteService - Cliente creado exitosamente con ID: 6
2025-12-10 22:27:14.073 [http-nio-8081-exec-7] INFO  com.dp1.backend.services.EnvioService - Envío llegando con fecha de salida desde frontend: null
2025-12-10 22:27:14.075 [http-nio-8081-exec-7] INFO  com.dp1.backend.services.EnvioService - Fecha de salida final: 2025-12-10T22:27:14.073527200-05:00
2025-12-10 22:27:14.089 [http-nio-8081-exec-7] INFO  com.dp1.backend.services.EnvioService - Todo bien hasta primer guardado
2025-12-10 22:27:14.145 [http-nio-8081-exec-7] INFO  com.dp1.backend.services.EnvioService - Todo bien hasta segundo guardado
2025-12-10 22:27:14.588 [http-nio-8081-exec-7] INFO  com.dp1.backend.services.EnvioService - Todo bien hasta guardado de paquetes
2025-12-10 22:27:42.844 [http-nio-8081-exec-8] INFO  com.dp1.backend.handlers.SocketConnectionHandler - Enviando # de vuelos en el aire: 0
2025-12-10 22:27:42.864 [http-nio-8081-exec-8] INFO  com.dp1.backend.services.EnvioService - Envios despues de fecha inicio: 2
2025-12-10 22:27:42.864 [http-nio-8081-exec-8] INFO  com.dp1.backend.services.EnvioService - Fecha de salida: 2025-12-11T03:15:50.725911Z
2025-12-10 22:27:42.865 [http-nio-8081-exec-8] INFO  com.dp1.backend.services.EnvioService - Fecha de fin: 2024-07-22T05:47:35-05:00[America/Lima]
2025-12-10 22:27:42.865 [http-nio-8081-exec-8] INFO  com.dp1.backend.services.EnvioService - Fecha de salida: 2025-12-11T03:27:14.073527Z
2025-12-10 22:27:42.865 [http-nio-8081-exec-8] INFO  com.dp1.backend.services.EnvioService - Fecha de fin: 2024-07-22T05:47:35-05:00[America/Lima]
2025-12-10 22:27:42.866 [http-nio-8081-exec-8] INFO  com.dp1.backend.handlers.SocketConnectionHandler - Enviando # de envios nuevos: 0
2025-12-10 22:27:42.888 [http-nio-8081-exec-8] INFO  com.dp1.backend.services.EnvioService - Envios despues de fecha inicio: 2
2025-12-10 22:27:42.890 [http-nio-8081-exec-8] INFO  com.dp1.backend.services.EnvioService - Fecha de salida: 2025-12-11T03:15:50.725911Z
2025-12-10 22:27:42.890 [http-nio-8081-exec-8] INFO  com.dp1.backend.services.EnvioService - Fecha de fin: 2024-07-22T05:47:04-05:00[America/Lima]
2025-12-10 22:27:42.891 [http-nio-8081-exec-8] INFO  com.dp1.backend.services.EnvioService - Fecha de salida: 2025-12-11T03:27:14.073527Z
2025-12-10 22:27:42.892 [http-nio-8081-exec-8] INFO  com.dp1.backend.services.EnvioService - Fecha de fin: 2024-07-22T05:47:04-05:00[America/Lima]
2025-12-10 22:27:42.893 [http-nio-8081-exec-8] INFO  com.dp1.backend.handlers.SocketConnectionHandler - Enviando # de envios en operación: 0
2025-12-10 22:28:13.839 [http-nio-8081-exec-3] INFO  com.dp1.backend.handlers.SocketConnectionHandler - Enviando # de vuelos en el aire: 3
2025-12-10 22:28:13.858 [http-nio-8081-exec-3] INFO  com.dp1.backend.services.EnvioService - Envios despues de fecha inicio: 2
2025-12-10 22:28:13.858 [http-nio-8081-exec-3] INFO  com.dp1.backend.services.EnvioService - Fecha de salida: 2025-12-11T03:15:50.725911Z
2025-12-10 22:28:13.858 [http-nio-8081-exec-3] INFO  com.dp1.backend.services.EnvioService - Fecha de fin: 2024-07-22T05:48:06-05:00[America/Lima]
2025-12-10 22:28:13.859 [http-nio-8081-exec-3] INFO  com.dp1.backend.services.EnvioService - Fecha de salida: 2025-12-11T03:27:14.073527Z
2025-12-10 22:28:13.859 [http-nio-8081-exec-3] INFO  com.dp1.backend.services.EnvioService - Fecha de fin: 2024-07-22T05:48:06-05:00[America/Lima]
2025-12-10 22:28:13.861 [http-nio-8081-exec-3] INFO  com.dp1.backend.handlers.SocketConnectionHandler - Enviando # de envios nuevos: 0
2025-12-10 22:28:13.880 [http-nio-8081-exec-3] INFO  com.dp1.backend.services.EnvioService - Envios despues de fecha inicio: 2
2025-12-10 22:28:13.881 [http-nio-8081-exec-3] INFO  com.dp1.backend.services.EnvioService - Fecha de salida: 2025-12-11T03:15:50.725911Z
2025-12-10 22:28:13.882 [http-nio-8081-exec-3] INFO  com.dp1.backend.services.EnvioService - Fecha de fin: 2024-07-22T05:47:35-05:00[America/Lima]
2025-12-10 22:28:13.882 [http-nio-8081-exec-3] INFO  com.dp1.backend.services.EnvioService - Fecha de salida: 2025-12-11T03:27:14.073527Z
2025-12-10 22:28:13.883 [http-nio-8081-exec-3] INFO  com.dp1.backend.services.EnvioService - Fecha de fin: 2024-07-22T05:47:35-05:00[America/Lima]
2025-12-10 22:28:13.884 [http-nio-8081-exec-3] INFO  com.dp1.backend.handlers.SocketConnectionHandler - Enviando # de envios en operación: 0
2025-12-10 22:28:44.844 [http-nio-8081-exec-3] INFO  com.dp1.backend.handlers.SocketConnectionHandler - Enviando # de vuelos en el aire: 0
2025-12-10 22:28:44.863 [http-nio-8081-exec-3] INFO  com.dp1.backend.services.EnvioService - Envios despues de fecha inicio: 2
2025-12-10 22:28:44.864 [http-nio-8081-exec-3] INFO  com.dp1.backend.services.EnvioService - Fecha de salida: 2025-12-11T03:15:50.725911Z
2025-12-10 22:28:44.865 [http-nio-8081-exec-3] INFO  com.dp1.backend.services.EnvioService - Fecha de fin: 2024-07-22T05:48:37-05:00[America/Lima]
2025-12-10 22:28:44.865 [http-nio-8081-exec-3] INFO  com.dp1.backend.services.EnvioService - Fecha de salida: 2025-12-10T22:28:14.073527Z
2025-12-10 22:28:44.866 [http-nio-8081-exec-3] INFO  com.dp1.backend.services.EnvioService - Fecha de fin: 2024-07-22T05:48:37-05:00[America/Lima]
2025-12-10 22:28:44.866 [http-nio-8081-exec-3] INFO  com.dp1.backend.handlers.SocketConnectionHandler - Enviando # de envios nuevos: 0
2025-12-10 22:28:44.888 [http-nio-8081-exec-3] INFO  com.dp1.backend.services.EnvioService - Envios despues de fecha inicio: 2
2025-12-10 22:28:44.888 [http-nio-8081-exec-3] INFO  com.dp1.backend.services.EnvioService - Fecha de salida: 2025-12-11T03:15:50.725911Z
2025-12-10 22:28:44.888 [http-nio-8081-exec-3] INFO  com.dp1.backend.services.EnvioService - Fecha de fin: 2024-07-22T05:48:06-05:00[America/Lima]
2025-12-10 22:28:44.889 [http-nio-8081-exec-3] INFO  com.dp1.backend.services.EnvioService - Fecha de salida: 2025-12-10T22:28:14.073527Z
2025-12-10 22:28:44.889 [http-nio-8081-exec-3] INFO  com.dp1.backend.services.EnvioService - Fecha de fin: 2024-07-22T05:48:06-05:00[America/Lima]
2025-12-10 22:28:44.891 [http-nio-8081-exec-3] INFO  com.dp1.backend.handlers.SocketConnectionHandler - Enviando # de envios en operación: 0
2025-12-10 22:29:15.843 [http-nio-8081-exec-7] INFO  com.dp1.backend.handlers.SocketConnectionHandler - Enviando # de vuelos en el aire: 1
2025-12-10 22:29:15.866 [http-nio-8081-exec-7] INFO  com.dp1.backend.services.EnvioService - Envios despues de fecha inicio: 2
2025-12-10 22:29:15.866 [http-nio-8081-exec-7] INFO  com.dp1.backend.services.EnvioService - Fecha de salida: 2025-12-11T03:15:50.725911Z
2025-12-10 22:29:15.867 [http-nio-8081-exec-7] INFO  com.dp1.backend.services.EnvioService - Fecha de fin: 2024-07-22T05:49:08-05:00[America/Lima]
2025-12-10 22:29:15.867 [http-nio-8081-exec-7] INFO  com.dp1.backend.services.EnvioService - Fecha de salida: 2025-12-10T22:28:14.073527Z
2025-12-10 22:29:15.871 [http-nio-8081-exec-7] INFO  com.dp1.backend.services.EnvioService - Fecha de fin: 2024-07-22T05:49:08-05:00[America/Lima]
2025-12-10 22:29:15.875 [http-nio-8081-exec-7] INFO  com.dp1.backend.handlers.SocketConnectionHandler - Enviando # de envios nuevos: 0
2025-12-10 22:29:15.903 [http-nio-8081-exec-7] INFO  com.dp1.backend.services.EnvioService - Envios despues de fecha inicio: 2
2025-12-10 22:29:15.904 [http-nio-8081-exec-7] INFO  com.dp1.backend.services.EnvioService - Fecha de salida: 2025-12-11T03:15:50.725911Z
2025-12-10 22:29:15.904 [http-nio-8081-exec-7] INFO  com.dp1.backend.services.EnvioService - Fecha de fin: 2024-07-22T05:48:37-05:00[America/Lima]
2025-12-10 22:29:15.905 [http-nio-8081-exec-7] INFO  com.dp1.backend.services.EnvioService - Fecha de salida: 2025-12-10T22:28:14.073527Z
2025-12-10 22:29:15.906 [http-nio-8081-exec-7] INFO  com.dp1.backend.services.EnvioService - Fecha de fin: 2024-07-22T05:48:37-05:00[America/Lima]
2025-12-10 22:29:15.907 [http-nio-8081-exec-7] INFO  com.dp1.backend.handlers.SocketConnectionHandler - Enviando # de envios en operación: 0
2025-12-10 22:29:46.840 [http-nio-8081-exec-1] INFO  com.dp1.backend.handlers.SocketConnectionHandler - Enviando # de vuelos en el aire: 0
2025-12-10 22:29:46.862 [http-nio-8081-exec-1] INFO  com.dp1.backend.services.EnvioService - Envios despues de fecha inicio: 2
2025-12-10 22:29:46.862 [http-nio-8081-exec-1] INFO  com.dp1.backend.services.EnvioService - Fecha de salida: 2025-12-11T03:15:50.725911Z
2025-12-10 22:29:46.862 [http-nio-8081-exec-1] INFO  com.dp1.backend.services.EnvioService - Fecha de fin: 2024-07-22T05:49:39-05:00[America/Lima]
2025-12-10 22:29:46.863 [http-nio-8081-exec-1] INFO  com.dp1.backend.services.EnvioService - Fecha de salida: 2025-12-10T22:28:14.073527Z
2025-12-10 22:29:46.863 [http-nio-8081-exec-1] INFO  com.dp1.backend.services.EnvioService - Fecha de fin: 2024-07-22T05:49:39-05:00[America/Lima]
2025-12-10 22:29:46.865 [http-nio-8081-exec-1] INFO  com.dp1.backend.handlers.SocketConnectionHandler - Enviando # de envios nuevos: 0
2025-12-10 22:29:46.892 [http-nio-8081-exec-1] INFO  com.dp1.backend.services.EnvioService - Envios despues de fecha inicio: 2
2025-12-10 22:29:46.893 [http-nio-8081-exec-1] INFO  com.dp1.backend.services.EnvioService - Fecha de salida: 2025-12-11T03:15:50.725911Z
2025-12-10 22:29:46.893 [http-nio-8081-exec-1] INFO  com.dp1.backend.services.EnvioService - Fecha de fin: 2024-07-22T05:49:08-05:00[America/Lima]
2025-12-10 22:29:46.894 [http-nio-8081-exec-1] INFO  com.dp1.backend.services.EnvioService - Fecha de salida: 2025-12-10T22:28:14.073527Z
2025-12-10 22:29:46.894 [http-nio-8081-exec-1] INFO  com.dp1.backend.services.EnvioService - Fecha de fin: 2024-07-22T05:49:08-05:00[America/Lima]
2025-12-10 22:29:46.895 [http-nio-8081-exec-1] INFO  com.dp1.backend.handlers.SocketConnectionHandler - Enviando # de envios en operación: 0
2025-12-10 22:30:17.845 [http-nio-8081-exec-1] INFO  com.dp1.backend.handlers.SocketConnectionHandler - Enviando # de vuelos en el aire: 2
2025-12-10 22:30:17.863 [http-nio-8081-exec-1] INFO  com.dp1.backend.services.EnvioService - Envios despues de fecha inicio: 2
2025-12-10 22:30:17.863 [http-nio-8081-exec-1] INFO  com.dp1.backend.services.EnvioService - Fecha de salida: 2025-12-11T03:15:50.725911Z
2025-12-10 22:30:17.864 [http-nio-8081-exec-1] INFO  com.dp1.backend.services.EnvioService - Fecha de fin: 2024-07-22T05:50:10-05:00[America/Lima]
2025-12-10 22:30:17.864 [http-nio-8081-exec-1] INFO  com.dp1.backend.services.EnvioService - Fecha de salida: 2025-12-10T22:28:14.073527Z
2025-12-10 22:30:17.865 [http-nio-8081-exec-1] INFO  com.dp1.backend.services.EnvioService - Fecha de fin: 2024-07-22T05:50:10-05:00[America/Lima]
2025-12-10 22:30:17.866 [http-nio-8081-exec-1] INFO  com.dp1.backend.handlers.SocketConnectionHandler - Enviando # de envios nuevos: 0
2025-12-10 22:30:17.888 [http-nio-8081-exec-1] INFO  com.dp1.backend.services.EnvioService - Envios despues de fecha inicio: 2
2025-12-10 22:30:17.888 [http-nio-8081-exec-1] INFO  com.dp1.backend.services.EnvioService - Fecha de salida: 2025-12-11T03:15:50.725911Z
2025-12-10 22:30:17.889 [http-nio-8081-exec-1] INFO  com.dp1.backend.services.EnvioService - Fecha de fin: 2024-07-22T05:49:39-05:00[America/Lima]
2025-12-10 22:30:17.889 [http-nio-8081-exec-1] INFO  com.dp1.backend.services.EnvioService - Fecha de salida: 2025-12-10T22:28:14.073527Z
2025-12-10 22:30:17.890 [http-nio-8081-exec-1] INFO  com.dp1.backend.services.EnvioService - Fecha de fin: 2024-07-22T05:49:39-05:00[America/Lima]
2025-12-10 22:30:17.890 [http-nio-8081-exec-1] INFO  com.dp1.backend.handlers.SocketConnectionHandler - Enviando # de envios en operación: 0
2025-12-10 22:30:48.852 [http-nio-8081-exec-5] INFO  com.dp1.backend.handlers.SocketConnectionHandler - Enviando # de vuelos en el aire: 0
2025-12-10 22:30:48.875 [http-nio-8081-exec-5] INFO  com.dp1.backend.services.EnvioService - Envios despues de fecha inicio: 2
2025-12-10 22:30:48.876 [http-nio-8081-exec-5] INFO  com.dp1.backend.services.EnvioService - Fecha de salida: 2025-12-11T03:15:50.725911Z
2025-12-10 22:30:48.877 [http-nio-8081-exec-5] INFO  com.dp1.backend.services.EnvioService - Fecha de fin: 2024-07-22T05:50:41-05:00[America/Lima]
2025-12-10 22:30:48.878 [http-nio-8081-exec-5] INFO  com.dp1.backend.services.EnvioService - Fecha de salida: 2025-12-10T22:28:14.073527Z
2025-12-10 22:30:48.878 [http-nio-8081-exec-5] INFO  com.dp1.backend.services.EnvioService - Fecha de fin: 2024-07-22T05:50:41-05:00[America/Lima]
2025-12-10 22:30:48.881 [http-nio-8081-exec-5] INFO  com.dp1.backend.handlers.SocketConnectionHandler - Enviando # de envios nuevos: 0
2025-12-10 22:30:48.941 [http-nio-8081-exec-5] INFO  com.dp1.backend.services.EnvioService - Envios despues de fecha inicio: 2
2025-12-10 22:30:48.944 [http-nio-8081-exec-5] INFO  com.dp1.backend.services.EnvioService - Fecha de salida: 2025-12-11T03:15:50.725911Z
2025-12-10 22:30:48.945 [http-nio-8081-exec-5] INFO  com.dp1.backend.services.EnvioService - Fecha de fin: 2024-07-22T05:50:10-05:00[America/Lima]
2025-12-10 22:30:48.947 [http-nio-8081-exec-5] INFO  com.dp1.backend.services.EnvioService - Fecha de salida: 2025-12-10T22:28:14.073527Z
2025-12-10 22:30:48.950 [http-nio-8081-exec-5] INFO  com.dp1.backend.services.EnvioService - Fecha de fin: 2024-07-22T05:50:10-05:00[America/Lima]
2025-12-10 22:30:48.951 [http-nio-8081-exec-5] INFO  com.dp1.backend.handlers.SocketConnectionHandler - Enviando # de envios en operación: 0
2025-12-10 22:31:19.842 [http-nio-8081-exec-9] INFO  com.dp1.backend.handlers.SocketConnectionHandler - Enviando # de vuelos en el aire: 0
2025-12-10 22:31:19.861 [http-nio-8081-exec-9] INFO  com.dp1.backend.services.EnvioService - Envios despues de fecha inicio: 2
2025-12-10 22:31:19.861 [http-nio-8081-exec-9] INFO  com.dp1.backend.services.EnvioService - Fecha de salida: 2025-12-11T03:15:50.725911Z
2025-12-10 22:31:19.862 [http-nio-8081-exec-9] INFO  com.dp1.backend.services.EnvioService - Fecha de fin: 2024-07-22T05:51:12-05:00[America/Lima]
2025-12-10 22:31:19.864 [http-nio-8081-exec-9] INFO  com.dp1.backend.services.EnvioService - Fecha de salida: 2025-12-10T22:28:14.073527Z
2025-12-10 22:31:19.865 [http-nio-8081-exec-9] INFO  com.dp1.backend.services.EnvioService - Fecha de fin: 2024-07-22T05:51:12-05:00[America/Lima]
2025-12-10 22:31:19.866 [http-nio-8081-exec-9] INFO  com.dp1.backend.handlers.SocketConnectionHandler - Enviando # de envios nuevos: 0
2025-12-10 22:31:19.894 [http-nio-8081-exec-9] INFO  com.dp1.backend.services.EnvioService - Envios despues de fecha inicio: 2
2025-12-10 22:31:19.895 [http-nio-8081-exec-9] INFO  com.dp1.backend.services.EnvioService - Fecha de salida: 2025-12-11T03:15:50.725911Z
2025-12-10 22:31:19.895 [http-nio-8081-exec-9] INFO  com.dp1.backend.services.EnvioService - Fecha de fin: 2024-07-22T05:50:41-05:00[America/Lima]
2025-12-10 22:31:19.895 [http-nio-8081-exec-9] INFO  com.dp1.backend.services.EnvioService - Fecha de salida: 2025-12-10T22:28:14.073527Z
2025-12-10 22:31:19.896 [http-nio-8081-exec-9] INFO  com.dp1.backend.services.EnvioService - Fecha de fin: 2024-07-22T05:50:41-05:00[America/Lima]
2025-12-10 22:31:19.896 [http-nio-8081-exec-9] INFO  com.dp1.backend.handlers.SocketConnectionHandler - Enviando # de envios en operación: 0
2025-12-10 22:31:50.840 [http-nio-8081-exec-7] INFO  com.dp1.backend.handlers.SocketConnectionHandler - Enviando # de vuelos en el aire: 0
2025-12-10 22:31:50.859 [http-nio-8081-exec-7] INFO  com.dp1.backend.services.EnvioService - Envios despues de fecha inicio: 2
2025-12-10 22:31:50.860 [http-nio-8081-exec-7] INFO  com.dp1.backend.services.EnvioService - Fecha de salida: 2025-12-11T03:15:50.725911Z
2025-12-10 22:31:50.860 [http-nio-8081-exec-7] INFO  com.dp1.backend.services.EnvioService - Fecha de fin: 2024-07-22T05:51:43-05:00[America/Lima]
2025-12-10 22:31:50.861 [http-nio-8081-exec-7] INFO  com.dp1.backend.services.EnvioService - Fecha de salida: 2025-12-10T22:28:14.073527Z
2025-12-10 22:31:50.861 [http-nio-8081-exec-7] INFO  com.dp1.backend.services.EnvioService - Fecha de fin: 2024-07-22T05:51:43-05:00[America/Lima]
2025-12-10 22:31:50.868 [http-nio-8081-exec-7] INFO  com.dp1.backend.handlers.SocketConnectionHandler - Enviando # de envios nuevos: 0
2025-12-10 22:31:50.894 [http-nio-8081-exec-7] INFO  com.dp1.backend.services.EnvioService - Envios despues de fecha inicio: 2
2025-12-10 22:31:50.898 [http-nio-8081-exec-7] INFO  com.dp1.backend.services.EnvioService - Fecha de salida: 2025-12-11T03:15:50.725911Z
2025-12-10 22:31:50.898 [http-nio-8081-exec-7] INFO  com.dp1.backend.services.EnvioService - Fecha de fin: 2024-07-22T05:51:12-05:00[America/Lima]
2025-12-10 22:31:50.898 [http-nio-8081-exec-7] INFO  com.dp1.backend.services.EnvioService - Fecha de salida: 2025-12-10T22:28:14.073527Z
2025-12-10 22:31:50.899 [http-nio-8081-exec-7] INFO  com.dp1.backend.services.EnvioService - Fecha de fin: 2024-07-22T05:51:12-05:00[America/Lima]
2025-12-10 22:31:50.901 [http-nio-8081-exec-7] INFO  com.dp1.backend.handlers.SocketConnectionHandler - Enviando # de envios en operación: 0
2025-12-10 22:31:59.108 [SpringApplicationShutdownHook] INFO  org.springframework.orm.jpa.LocalContainerEntityManagerFactoryBean - Closing JPA EntityManagerFactory for persistence unit 'default'
2025-12-10 22:31:59.121 [SpringApplicationShutdownHook] INFO  com.zaxxer.hikari.HikariDataSource - HikariPool-1 - Shutdown initiated...
2025-12-10 22:31:59.156 [SpringApplicationShutdownHook] INFO  com.zaxxer.hikari.HikariDataSource - HikariPool-1 - Shutdown completed.
2025-12-10 22:31:59.180 [SpringApplicationShutdownHook] INFO  com.dp1.backend.handlers.SocketConnectionHandler - dc14f605-437d-85ae-7d91-d74761e05d29  desconectado del socket
2025-12-10 22:39:09.650 [main] INFO  com.dp1.backend.BackendApplication - Starting BackendApplication using Java 24.0.1 with PID 16972 (C:\Users\Joseph\Documents\PUCP\25-2\Dp1\Nuevo\Back\MoraPack_Backend\target\classes started by Joseph in C:\Users\Joseph\Documents\PUCP\25-2\Dp1\Nuevo\Back\MoraPack_Backend)
2025-12-10 22:39:09.686 [main] INFO  com.dp1.backend.BackendApplication - No active profile set, falling back to 1 default profile: "default"
2025-12-10 22:39:11.863 [main] INFO  org.springframework.data.repository.config.RepositoryConfigurationDelegate - Bootstrapping Spring Data JPA repositories in DEFAULT mode.
2025-12-10 22:39:12.132 [main] INFO  org.springframework.data.repository.config.RepositoryConfigurationDelegate - Finished Spring Data repository scanning in 224 ms. Found 10 JPA repository interfaces.
2025-12-10 22:39:13.725 [main] INFO  org.springframework.boot.web.embedded.tomcat.TomcatWebServer - Tomcat initialized with port 8081 (http)
2025-12-10 22:39:13.761 [main] INFO  org.apache.coyote.http11.Http11NioProtocol - Initializing ProtocolHandler ["http-nio-8081"]
2025-12-10 22:39:13.768 [main] INFO  org.apache.catalina.core.StandardService - Starting service [Tomcat]
2025-12-10 22:39:13.770 [main] INFO  org.apache.catalina.core.StandardEngine - Starting Servlet engine: [Apache Tomcat/10.1.19]
2025-12-10 22:39:13.940 [main] INFO  org.apache.catalina.core.ContainerBase.[Tomcat].[localhost].[/api] - Initializing Spring embedded WebApplicationContext
2025-12-10 22:39:13.942 [main] INFO  org.springframework.boot.web.servlet.context.ServletWebServerApplicationContext - Root WebApplicationContext: initialization completed in 4124 ms
2025-12-10 22:39:14.432 [main] INFO  org.hibernate.jpa.internal.util.LogHelper - HHH000204: Processing PersistenceUnitInfo [name: default]
2025-12-10 22:39:14.722 [main] INFO  org.hibernate.Version - HHH000412: Hibernate ORM core version 6.4.4.Final
2025-12-10 22:39:14.819 [main] INFO  org.hibernate.cache.internal.RegionFactoryInitiator - HHH000026: Second-level cache disabled
2025-12-10 22:39:15.539 [main] INFO  org.springframework.orm.jpa.persistenceunit.SpringPersistenceUnitInfo - No LoadTimeWeaver setup: ignoring JPA class transformer
2025-12-10 22:39:15.638 [main] WARN  com.zaxxer.hikari.HikariConfig - HikariPool-1 - idleTimeout has been set but has no effect because the pool is operating as a fixed size pool.
2025-12-10 22:39:15.639 [main] INFO  com.zaxxer.hikari.HikariDataSource - HikariPool-1 - Starting...
2025-12-10 22:39:16.164 [main] INFO  com.zaxxer.hikari.pool.HikariPool - HikariPool-1 - Added connection com.mysql.cj.jdbc.ConnectionImpl@1bb4c431
2025-12-10 22:39:16.169 [main] INFO  com.zaxxer.hikari.HikariDataSource - HikariPool-1 - Start completed.
2025-12-10 22:39:19.191 [main] INFO  org.hibernate.engine.transaction.jta.platform.internal.JtaPlatformInitiator - HHH000489: No JTA platform available (set 'hibernate.transaction.jta.platform' to enable JTA platform integration)
2025-12-10 22:39:19.496 [main] INFO  org.springframework.orm.jpa.LocalContainerEntityManagerFactoryBean - Initialized JPA EntityManagerFactory for persistence unit 'default'
2025-12-10 22:39:19.512 [main] INFO  com.dp1.backend.BackendApplication - Zona horaria configurada a: America/Lima
2025-12-10 22:39:19.542 [main] INFO  com.dp1.backend.services.DatosEnMemoriaService - Inicializando DatosEnMemoriaService con working directory: C:\Users\Joseph\Documents\PUCP\25-2\Dp1\Nuevo\Back\MoraPack_Backend
2025-12-10 22:39:19.566 [main] INFO  com.dp1.backend.services.DatosEnMemoriaService - Aeropuertos cargados: 30
2025-12-10 22:39:19.695 [main] INFO  com.dp1.backend.services.DatosEnMemoriaService - Vuelos cargados: 2866
2025-12-10 22:39:20.272 [main] INFO  com.dp1.backend.services.DatosEnMemoriaService - Leyendo rutas posibles
2025-12-10 22:39:20.724 [main] INFO  com.dp1.backend.services.DatosEnMemoriaService - Colecciones rutas: 0
2025-12-10 22:39:20.725 [main] INFO  com.dp1.backend.services.DatosEnMemoriaService - Rutas posibles set: 0
2025-12-10 22:39:21.080 [main] INFO  org.springframework.data.jpa.repository.query.QueryEnhancerFactory - Hibernate is in classpath; If applicable, HQL parser will be used.
2025-12-10 22:39:22.469 [main] WARN  org.springframework.boot.autoconfigure.orm.jpa.JpaBaseConfiguration$JpaWebConfiguration - spring.jpa.open-in-view is enabled by default. Therefore, database queries may be performed during view rendering. Explicitly configure spring.jpa.open-in-view to disable this warning
2025-12-10 22:39:23.413 [main] INFO  org.apache.coyote.http11.Http11NioProtocol - Starting ProtocolHandler ["http-nio-8081"]
2025-12-10 22:39:23.475 [main] INFO  org.springframework.boot.web.embedded.tomcat.TomcatWebServer - Tomcat started on port 8081 (http) with context path '/api'
2025-12-10 22:39:23.493 [main] INFO  com.dp1.backend.BackendApplication - Started BackendApplication in 15.085 seconds (process running for 18.27)
2025-12-10 22:40:23.425 [http-nio-8081-exec-2] INFO  org.apache.catalina.core.ContainerBase.[Tomcat].[localhost].[/api] - Initializing Spring DispatcherServlet 'dispatcherServlet'
2025-12-10 22:40:23.426 [http-nio-8081-exec-2] INFO  org.springframework.web.servlet.DispatcherServlet - Initializing Servlet 'dispatcherServlet'
2025-12-10 22:40:23.428 [http-nio-8081-exec-2] INFO  org.springframework.web.servlet.DispatcherServlet - Completed initialization in 2 ms
2025-12-10 22:40:23.711 [http-nio-8081-exec-1] INFO  com.dp1.backend.handlers.SocketConnectionHandler - cdcfd0ff-c4e0-d07a-597d-c2a9a3fcecd9  conectado al socket
2025-12-10 22:40:23.762 [http-nio-8081-exec-1] INFO  com.dp1.backend.services.DatosEnMemoriaService - Leyendo archivo: data\envios\pack_enviado_EDDI_.txt
2025-12-10 22:40:24.337 [http-nio-8081-exec-1] INFO  com.dp1.backend.services.DatosEnMemoriaService - Leyendo archivo: data\envios\pack_enviado_EHAM_.txt
2025-12-10 22:40:24.982 [http-nio-8081-exec-1] INFO  com.dp1.backend.services.DatosEnMemoriaService - Leyendo archivo: data\envios\pack_enviado_EKCH_.txt
2025-12-10 22:40:25.528 [http-nio-8081-exec-1] INFO  com.dp1.backend.services.DatosEnMemoriaService - Leyendo archivo: data\envios\pack_enviado_LATI_.txt
2025-12-10 22:40:25.984 [http-nio-8081-exec-1] INFO  com.dp1.backend.services.DatosEnMemoriaService - Leyendo archivo: data\envios\pack_enviado_LBSF_.txt
2025-12-10 22:40:26.395 [http-nio-8081-exec-1] INFO  com.dp1.backend.services.DatosEnMemoriaService - Leyendo archivo: data\envios\pack_enviado_LDZA_.txt
2025-12-10 22:40:26.702 [http-nio-8081-exec-1] INFO  com.dp1.backend.services.DatosEnMemoriaService - Leyendo archivo: data\envios\pack_enviado_LKPR_.txt
2025-12-10 22:40:27.092 [http-nio-8081-exec-1] INFO  com.dp1.backend.services.DatosEnMemoriaService - Leyendo archivo: data\envios\pack_enviado_LOWW_.txt
2025-12-10 22:40:27.540 [http-nio-8081-exec-1] INFO  com.dp1.backend.services.DatosEnMemoriaService - Leyendo archivo: data\envios\pack_enviado_OAKB_.txt
2025-12-10 22:40:27.955 [http-nio-8081-exec-1] INFO  com.dp1.backend.services.DatosEnMemoriaService - Leyendo archivo: data\envios\pack_enviado_OERK_.txt
2025-12-10 22:40:28.434 [http-nio-8081-exec-1] INFO  com.dp1.backend.services.DatosEnMemoriaService - Leyendo archivo: data\envios\pack_enviado_OJAI_.txt
2025-12-10 22:40:28.803 [http-nio-8081-exec-1] INFO  com.dp1.backend.services.DatosEnMemoriaService - Leyendo archivo: data\envios\pack_enviado_OMDB_.txt
2025-12-10 22:40:29.208 [http-nio-8081-exec-1] INFO  com.dp1.backend.services.DatosEnMemoriaService - Leyendo archivo: data\envios\pack_enviado_OOMS_.txt
2025-12-10 22:40:29.594 [http-nio-8081-exec-1] INFO  com.dp1.backend.services.DatosEnMemoriaService - Leyendo archivo: data\envios\pack_enviado_OPKC_.txt
2025-12-10 22:40:30.147 [http-nio-8081-exec-1] INFO  com.dp1.backend.services.DatosEnMemoriaService - Leyendo archivo: data\envios\pack_enviado_OSDI_.txt
2025-12-10 22:40:30.638 [http-nio-8081-exec-1] INFO  com.dp1.backend.services.DatosEnMemoriaService - Leyendo archivo: data\envios\pack_enviado_OYSN_.txt
2025-12-10 22:40:31.044 [http-nio-8081-exec-1] INFO  com.dp1.backend.services.DatosEnMemoriaService - Leyendo archivo: data\envios\pack_enviado_SABE_.txt
2025-12-10 22:40:31.310 [http-nio-8081-exec-1] INFO  com.dp1.backend.services.DatosEnMemoriaService - Leyendo archivo: data\envios\pack_enviado_SBBR_.txt
2025-12-10 22:40:31.716 [http-nio-8081-exec-1] INFO  com.dp1.backend.services.DatosEnMemoriaService - Leyendo archivo: data\envios\pack_enviado_SCEL_.txt
2025-12-10 22:40:32.069 [http-nio-8081-exec-1] INFO  com.dp1.backend.services.DatosEnMemoriaService - Leyendo archivo: data\envios\pack_enviado_SEQM_.txt
2025-12-10 22:40:32.502 [http-nio-8081-exec-1] INFO  com.dp1.backend.services.DatosEnMemoriaService - Leyendo archivo: data\envios\pack_enviado_SGAS_.txt
2025-12-10 22:40:32.906 [http-nio-8081-exec-1] INFO  com.dp1.backend.services.DatosEnMemoriaService - Leyendo archivo: data\envios\pack_enviado_SKBO_.txt
2025-12-10 22:40:33.364 [http-nio-8081-exec-1] INFO  com.dp1.backend.services.DatosEnMemoriaService - Leyendo archivo: data\envios\pack_enviado_SLLP_.txt
2025-12-10 22:40:33.634 [http-nio-8081-exec-1] INFO  com.dp1.backend.services.DatosEnMemoriaService - Leyendo archivo: data\envios\pack_enviado_SUAA_.txt
2025-12-10 22:40:34.024 [http-nio-8081-exec-1] INFO  com.dp1.backend.services.DatosEnMemoriaService - Leyendo archivo: data\envios\pack_enviado_SVMI_.txt
2025-12-10 22:40:34.545 [http-nio-8081-exec-1] INFO  com.dp1.backend.services.DatosEnMemoriaService - Leyendo archivo: data\envios\pack_enviado_UMMS_.txt
2025-12-10 22:40:35.063 [http-nio-8081-exec-1] INFO  com.dp1.backend.services.DatosEnMemoriaService - Leyendo archivo: data\envios\pack_enviado_VIDP_.txt
2025-12-10 22:40:35.424 [http-nio-8081-exec-1] INFO  com.dp1.backend.services.DatosEnMemoriaService - Envios cargados: 49814
2025-12-10 22:40:35.482 [http-nio-8081-exec-1] INFO  com.dp1.backend.services.ACOService - Ejecutando ACO para: 
2025-12-10 22:40:35.483 [http-nio-8081-exec-1] INFO  com.dp1.backend.services.ACOService - Aeropuertos: 30
2025-12-10 22:40:35.484 [http-nio-8081-exec-1] INFO  com.dp1.backend.services.ACOService - Vuelos: 2866
2025-12-10 22:40:35.485 [http-nio-8081-exec-1] INFO  com.dp1.backend.services.ACOService - Envios: 4807
2025-12-10 22:40:35.490 [http-nio-8081-exec-1] INFO  com.dp1.backend.services.ACOService - Paquetes: 9125
2025-12-10 22:41:46.400 [http-nio-8081-exec-1] INFO  com.dp1.backend.services.ACOService - Tiempo de ejecución: 70909 ms
2025-12-10 22:41:46.908 [http-nio-8081-exec-1] INFO  com.dp1.backend.services.ACOService - Paquetes entregados con función André: 9026
2025-12-10 22:41:47.617 [http-nio-8081-exec-1] INFO  com.dp1.backend.handlers.SocketConnectionHandler - Enviando # de vuelos en el aire: inicio1200
2025-12-10 22:41:57.544 [http-nio-8081-exec-2] INFO  com.dp1.backend.handlers.SocketConnectionHandler - Enviando # de vuelos en el aire: 44
2025-12-10 22:42:03.542 [http-nio-8081-exec-7] INFO  com.dp1.backend.handlers.SocketConnectionHandler - Enviando # de vuelos en el aire: 60
2025-12-10 22:42:06.316 [http-nio-8081-exec-9] INFO  com.dp1.backend.handlers.SocketConnectionHandler - Enviando # de vuelos en el aire: 62
2025-12-10 22:42:07.330 [http-nio-8081-exec-10] INFO  com.dp1.backend.handlers.SocketConnectionHandler - Enviando # de vuelos en el aire: 54
2025-12-10 22:42:08.324 [http-nio-8081-exec-2] INFO  com.dp1.backend.handlers.SocketConnectionHandler - Enviando # de vuelos en el aire: 60
2025-12-10 22:42:09.322 [http-nio-8081-exec-3] INFO  com.dp1.backend.handlers.SocketConnectionHandler - Enviando # de vuelos en el aire: 67
2025-12-10 22:42:10.336 [http-nio-8081-exec-5] INFO  com.dp1.backend.handlers.SocketConnectionHandler - Enviando # de vuelos en el aire: 52
2025-12-10 22:42:10.338 [http-nio-8081-exec-5] INFO  com.dp1.backend.services.ACOService - Desde - hasta: 2025-12-10T23:02:09-05:00[America/Lima] - 2025-12-11T02:02:09-05:00[America/Lima]
2025-12-10 22:42:10.368 [http-nio-8081-exec-5] INFO  com.dp1.backend.services.ACOService - Ejecutando ACO para: 
2025-12-10 22:42:10.369 [http-nio-8081-exec-5] INFO  com.dp1.backend.services.ACOService - Aeropuertos: 30
2025-12-10 22:42:10.369 [http-nio-8081-exec-5] INFO  com.dp1.backend.services.ACOService - Vuelos: 2866
2025-12-10 22:42:10.370 [http-nio-8081-exec-5] INFO  com.dp1.backend.services.ACOService - Envios: 678
2025-12-10 22:42:10.372 [http-nio-8081-exec-5] INFO  com.dp1.backend.services.ACOService - Paquetes: 1251
2025-12-10 22:42:17.230 [http-nio-8081-exec-5] INFO  com.dp1.backend.services.ACOService - Tiempo de ejecución: 6856 ms
2025-12-10 22:42:17.263 [http-nio-8081-exec-5] INFO  com.dp1.backend.services.ACOService - Paquetes entregados con función André: 1243
2025-12-10 22:42:17.330 [http-nio-8081-exec-5] INFO  com.dp1.backend.handlers.SocketConnectionHandler - Enviando resultado del algoritmo 'para los vuelos en el aire'
2025-12-10 22:42:17.338 [http-nio-8081-exec-5] INFO  com.dp1.backend.handlers.SocketConnectionHandler - Enviando # de vuelos en el aire: 56
2025-12-10 22:42:17.346 [http-nio-8081-exec-5] INFO  com.dp1.backend.handlers.SocketConnectionHandler - Enviando # de vuelos en el aire: 64
2025-12-10 22:42:17.356 [http-nio-8081-exec-5] INFO  com.dp1.backend.handlers.SocketConnectionHandler - Enviando # de vuelos en el aire: 41
2025-12-10 22:42:17.366 [http-nio-8081-exec-5] INFO  com.dp1.backend.handlers.SocketConnectionHandler - Enviando # de vuelos en el aire: 69
2025-12-10 22:42:17.374 [http-nio-8081-exec-5] INFO  com.dp1.backend.handlers.SocketConnectionHandler - Enviando # de vuelos en el aire: 65
2025-12-10 22:42:17.385 [http-nio-8081-exec-5] INFO  com.dp1.backend.handlers.SocketConnectionHandler - Enviando # de vuelos en el aire: 63
2025-12-10 22:42:17.394 [http-nio-8081-exec-5] INFO  com.dp1.backend.handlers.SocketConnectionHandler - Enviando # de vuelos en el aire: 80
2025-12-10 22:42:17.394 [http-nio-8081-exec-5] INFO  com.dp1.backend.services.ACOService - Desde - hasta: 2025-12-11T02:32:09-05:00[America/Lima] - 2025-12-11T05:32:09-05:00[America/Lima]
2025-12-10 22:42:17.417 [http-nio-8081-exec-5] INFO  com.dp1.backend.services.ACOService - Ejecutando ACO para: 
2025-12-10 22:42:17.417 [http-nio-8081-exec-5] INFO  com.dp1.backend.services.ACOService - Aeropuertos: 30
2025-12-10 22:42:17.418 [http-nio-8081-exec-5] INFO  com.dp1.backend.services.ACOService - Vuelos: 2866
2025-12-10 22:42:17.418 [http-nio-8081-exec-5] INFO  com.dp1.backend.services.ACOService - Envios: 784
2025-12-10 22:42:17.418 [http-nio-8081-exec-5] INFO  com.dp1.backend.services.ACOService - Paquetes: 1336
2025-12-10 22:42:25.582 [http-nio-8081-exec-5] INFO  com.dp1.backend.services.ACOService - Tiempo de ejecución: 8162 ms
2025-12-10 22:42:25.620 [http-nio-8081-exec-5] INFO  com.dp1.backend.services.ACOService - Paquetes entregados con función André: 1323
2025-12-10 22:42:25.695 [http-nio-8081-exec-5] INFO  com.dp1.backend.handlers.SocketConnectionHandler - Enviando resultado del algoritmo 'para los vuelos en el aire'
2025-12-10 22:42:25.706 [http-nio-8081-exec-5] INFO  com.dp1.backend.handlers.SocketConnectionHandler - Enviando # de vuelos en el aire: 60
2025-12-10 22:42:25.714 [http-nio-8081-exec-5] INFO  com.dp1.backend.handlers.SocketConnectionHandler - Enviando # de vuelos en el aire: 61
2025-12-10 22:42:25.721 [http-nio-8081-exec-5] INFO  com.dp1.backend.handlers.SocketConnectionHandler - Enviando # de vuelos en el aire: 59
2025-12-10 22:42:25.728 [http-nio-8081-exec-5] INFO  com.dp1.backend.handlers.SocketConnectionHandler - Enviando # de vuelos en el aire: 64
2025-12-10 22:42:25.736 [http-nio-8081-exec-5] INFO  com.dp1.backend.handlers.SocketConnectionHandler - Enviando # de vuelos en el aire: 52
2025-12-10 22:42:26.162 [http-nio-8081-exec-4] INFO  com.dp1.backend.handlers.SocketConnectionHandler - Enviando # de vuelos en el aire: 65
2025-12-10 22:42:27.157 [http-nio-8081-exec-1] INFO  com.dp1.backend.handlers.SocketConnectionHandler - Enviando # de vuelos en el aire: 64
2025-12-10 22:42:27.158 [http-nio-8081-exec-1] INFO  com.dp1.backend.services.ACOService - Desde - hasta: 2025-12-11T06:02:09-05:00[America/Lima] - 2025-12-11T09:02:09-05:00[America/Lima]
2025-12-10 22:42:27.178 [http-nio-8081-exec-1] INFO  com.dp1.backend.services.ACOService - Ejecutando ACO para: 
2025-12-10 22:42:27.178 [http-nio-8081-exec-1] INFO  com.dp1.backend.services.ACOService - Aeropuertos: 30
2025-12-10 22:42:27.178 [http-nio-8081-exec-1] INFO  com.dp1.backend.services.ACOService - Vuelos: 2866
2025-12-10 22:42:27.180 [http-nio-8081-exec-1] INFO  com.dp1.backend.services.ACOService - Envios: 796
2025-12-10 22:42:27.180 [http-nio-8081-exec-1] INFO  com.dp1.backend.services.ACOService - Paquetes: 1309
2025-12-10 22:42:34.307 [http-nio-8081-exec-1] INFO  com.dp1.backend.services.ACOService - Tiempo de ejecución: 7126 ms
2025-12-10 22:42:34.348 [http-nio-8081-exec-1] INFO  com.dp1.backend.services.ACOService - Paquetes entregados con función André: 1300
2025-12-10 22:42:34.411 [http-nio-8081-exec-1] INFO  com.dp1.backend.handlers.SocketConnectionHandler - Enviando resultado del algoritmo 'para los vuelos en el aire'
2025-12-10 22:42:34.417 [http-nio-8081-exec-1] INFO  com.dp1.backend.handlers.SocketConnectionHandler - Enviando # de vuelos en el aire: 59
2025-12-10 22:42:34.424 [http-nio-8081-exec-1] INFO  com.dp1.backend.handlers.SocketConnectionHandler - Enviando # de vuelos en el aire: 51
2025-12-10 22:42:34.428 [http-nio-8081-exec-1] INFO  com.dp1.backend.handlers.SocketConnectionHandler - Enviando # de vuelos en el aire: 54
2025-12-10 22:42:34.434 [http-nio-8081-exec-1] INFO  com.dp1.backend.handlers.SocketConnectionHandler - Enviando # de vuelos en el aire: 60
2025-12-10 22:42:34.440 [http-nio-8081-exec-1] INFO  com.dp1.backend.handlers.SocketConnectionHandler - Enviando # de vuelos en el aire: 56
2025-12-10 22:42:34.446 [http-nio-8081-exec-1] INFO  com.dp1.backend.handlers.SocketConnectionHandler - Enviando # de vuelos en el aire: 69
2025-12-10 22:42:34.454 [http-nio-8081-exec-1] INFO  com.dp1.backend.handlers.SocketConnectionHandler - Enviando # de vuelos en el aire: 69
2025-12-10 22:42:34.455 [http-nio-8081-exec-1] INFO  com.dp1.backend.services.ACOService - Desde - hasta: 2025-12-11T09:32:09-05:00[America/Lima] - 2025-12-11T12:32:09-05:00[America/Lima]
2025-12-10 22:42:34.473 [http-nio-8081-exec-1] INFO  com.dp1.backend.services.ACOService - Ejecutando ACO para: 
2025-12-10 22:42:34.474 [http-nio-8081-exec-1] INFO  com.dp1.backend.services.ACOService - Aeropuertos: 30
2025-12-10 22:42:34.474 [http-nio-8081-exec-1] INFO  com.dp1.backend.services.ACOService - Vuelos: 2866
2025-12-10 22:42:34.474 [http-nio-8081-exec-1] INFO  com.dp1.backend.services.ACOService - Envios: 780
2025-12-10 22:42:34.474 [http-nio-8081-exec-1] INFO  com.dp1.backend.services.ACOService - Paquetes: 1173
2025-12-10 22:42:40.873 [http-nio-8081-exec-1] INFO  com.dp1.backend.services.ACOService - Tiempo de ejecución: 6398 ms
2025-12-10 22:42:40.909 [http-nio-8081-exec-1] INFO  com.dp1.backend.services.ACOService - Paquetes entregados con función André: 1162
2025-12-10 22:42:40.981 [http-nio-8081-exec-1] INFO  com.dp1.backend.handlers.SocketConnectionHandler - Enviando resultado del algoritmo 'para los vuelos en el aire'
2025-12-10 22:42:40.989 [http-nio-8081-exec-1] INFO  com.dp1.backend.handlers.SocketConnectionHandler - Enviando # de vuelos en el aire: 55
2025-12-10 22:42:40.996 [http-nio-8081-exec-1] INFO  com.dp1.backend.handlers.SocketConnectionHandler - Enviando # de vuelos en el aire: 56
2025-12-10 22:42:41.003 [http-nio-8081-exec-1] INFO  com.dp1.backend.handlers.SocketConnectionHandler - Enviando # de vuelos en el aire: 53
2025-12-10 22:42:41.009 [http-nio-8081-exec-1] INFO  com.dp1.backend.handlers.SocketConnectionHandler - Enviando # de vuelos en el aire: 61
2025-12-10 22:42:41.015 [http-nio-8081-exec-1] INFO  com.dp1.backend.handlers.SocketConnectionHandler - Enviando # de vuelos en el aire: 54
2025-12-10 22:42:41.022 [http-nio-8081-exec-1] INFO  com.dp1.backend.handlers.SocketConnectionHandler - Enviando # de vuelos en el aire: 63
2025-12-10 22:42:41.209 [http-nio-8081-exec-6] INFO  com.dp1.backend.handlers.SocketConnectionHandler - Enviando # de vuelos en el aire: 64
2025-12-10 22:42:41.213 [http-nio-8081-exec-6] INFO  com.dp1.backend.services.ACOService - Desde - hasta: 2025-12-11T13:02:09-05:00[America/Lima] - 2025-12-11T16:02:09-05:00[America/Lima]
2025-12-10 22:42:41.234 [http-nio-8081-exec-6] INFO  com.dp1.backend.services.ACOService - Ejecutando ACO para: 
2025-12-10 22:42:41.234 [http-nio-8081-exec-6] INFO  com.dp1.backend.services.ACOService - Aeropuertos: 30
2025-12-10 22:42:41.236 [http-nio-8081-exec-6] INFO  com.dp1.backend.services.ACOService - Vuelos: 2866
2025-12-10 22:42:41.236 [http-nio-8081-exec-6] INFO  com.dp1.backend.services.ACOService - Envios: 495
2025-12-10 22:42:41.237 [http-nio-8081-exec-6] INFO  com.dp1.backend.services.ACOService - Paquetes: 649
2025-12-10 22:42:44.798 [http-nio-8081-exec-6] INFO  com.dp1.backend.services.ACOService - Tiempo de ejecución: 3561 ms
2025-12-10 22:42:44.818 [http-nio-8081-exec-6] INFO  com.dp1.backend.services.ACOService - Paquetes entregados con función André: 645
2025-12-10 22:42:44.871 [http-nio-8081-exec-6] INFO  com.dp1.backend.handlers.SocketConnectionHandler - Enviando resultado del algoritmo 'para los vuelos en el aire'
2025-12-10 22:42:44.881 [http-nio-8081-exec-6] INFO  com.dp1.backend.handlers.SocketConnectionHandler - Enviando # de vuelos en el aire: 62
2025-12-10 22:42:44.892 [http-nio-8081-exec-6] INFO  com.dp1.backend.handlers.SocketConnectionHandler - Enviando # de vuelos en el aire: 70
2025-12-10 22:42:44.898 [http-nio-8081-exec-6] INFO  com.dp1.backend.handlers.SocketConnectionHandler - Enviando # de vuelos en el aire: 69
2025-12-10 22:42:54.237 [http-nio-8081-exec-7] INFO  com.dp1.backend.handlers.SocketConnectionHandler - cdcfd0ff-c4e0-d07a-597d-c2a9a3fcecd9  desconectado del socket
2025-12-10 22:42:54.345 [http-nio-8081-exec-8] INFO  com.dp1.backend.handlers.SocketConnectionHandler - b3ef7e5b-2ad7-cde2-67f7-3fd9cf8de742  conectado al socket
2025-12-10 22:42:55.351 [http-nio-8081-exec-2] INFO  com.dp1.backend.handlers.SocketConnectionHandler - b3ef7e5b-2ad7-cde2-67f7-3fd9cf8de742  desconectado del socket
2025-12-10 22:42:55.365 [http-nio-8081-exec-3] INFO  com.dp1.backend.handlers.SocketConnectionHandler - 95883c84-a90f-5929-3b77-34ef82ee349e  conectado al socket
2025-12-10 22:42:55.374 [http-nio-8081-exec-5] INFO  com.dp1.backend.handlers.SocketConnectionHandler - Cargando envios antes de: 2024-07-22T05:45-05:00[America/Lima]
2025-12-10 22:42:55.375 [http-nio-8081-exec-5] INFO  com.dp1.backend.services.EnvioService - === BUSCANDO ENVIOS EN VIVO ===
2025-12-10 22:42:55.378 [http-nio-8081-exec-5] INFO  com.dp1.backend.services.EnvioService - Fecha inicio: 2024-07-21T05:45-05:00[America/Lima] (Zona: America/Lima)
2025-12-10 22:42:55.379 [http-nio-8081-exec-5] INFO  com.dp1.backend.services.EnvioService - Fecha fin: 2024-07-22T05:45:05-05:00[America/Lima] (Zona: America/Lima)
2025-12-10 22:42:55.557 [http-nio-8081-exec-5] INFO  com.dp1.backend.services.EnvioService - Total envios encontrados despues de fecha inicio: 0
2025-12-10 22:42:55.557 [http-nio-8081-exec-5] INFO  com.dp1.backend.services.EnvioService - Envios en rango encontrados: 0
2025-12-10 22:42:55.558 [http-nio-8081-exec-5] INFO  com.dp1.backend.services.EnvioService - === FIN BUSQUEDA ENVIOS EN VIVO ===
2025-12-10 22:42:55.560 [http-nio-8081-exec-5] INFO  com.dp1.backend.handlers.SocketConnectionHandler - Enviando # de envios en operación: inicio0
2025-12-10 22:42:55.601 [http-nio-8081-exec-5] INFO  com.dp1.backend.handlers.SocketConnectionHandler - Enviando # de vuelos en el aire: inicio1216
2025-12-10 22:43:26.974 [http-nio-8081-exec-6] INFO  com.dp1.backend.handlers.SocketConnectionHandler - Enviando # de vuelos en el aire: 3
2025-12-10 22:43:26.974 [http-nio-8081-exec-6] INFO  com.dp1.backend.services.EnvioService - === BUSCANDO ENVIOS EN VIVO ===
2025-12-10 22:43:26.975 [http-nio-8081-exec-6] INFO  com.dp1.backend.services.EnvioService - Fecha inicio: 2024-07-22T05:45-05:00[America/Lima] (Zona: America/Lima)
2025-12-10 22:43:26.975 [http-nio-8081-exec-6] INFO  com.dp1.backend.services.EnvioService - Fecha fin: 2024-07-22T05:45:31-05:00[America/Lima] (Zona: America/Lima)
2025-12-10 22:43:26.986 [http-nio-8081-exec-6] INFO  com.dp1.backend.services.EnvioService - Total envios encontrados despues de fecha inicio: 0
2025-12-10 22:43:26.986 [http-nio-8081-exec-6] INFO  com.dp1.backend.services.EnvioService - Envios en rango encontrados: 0
2025-12-10 22:43:26.987 [http-nio-8081-exec-6] INFO  com.dp1.backend.services.EnvioService - === FIN BUSQUEDA ENVIOS EN VIVO ===
2025-12-10 22:43:26.988 [http-nio-8081-exec-6] INFO  com.dp1.backend.handlers.SocketConnectionHandler - Enviando # de envios nuevos: 0
2025-12-10 22:43:26.988 [http-nio-8081-exec-6] INFO  com.dp1.backend.services.EnvioService - === BUSCANDO ENVIOS EN VIVO ===
2025-12-10 22:43:26.988 [http-nio-8081-exec-6] INFO  com.dp1.backend.services.EnvioService - Fecha inicio: 2024-07-21T05:45-05:00[America/Lima] (Zona: America/Lima)
2025-12-10 22:43:26.989 [http-nio-8081-exec-6] INFO  com.dp1.backend.services.EnvioService - Fecha fin: 2024-07-22T05:45-05:00[America/Lima] (Zona: America/Lima)
2025-12-10 22:43:27.005 [http-nio-8081-exec-6] INFO  com.dp1.backend.services.EnvioService - Total envios encontrados despues de fecha inicio: 0
2025-12-10 22:43:27.006 [http-nio-8081-exec-6] INFO  com.dp1.backend.services.EnvioService - Envios en rango encontrados: 0
2025-12-10 22:43:27.006 [http-nio-8081-exec-6] INFO  com.dp1.backend.services.EnvioService - === FIN BUSQUEDA ENVIOS EN VIVO ===
2025-12-10 22:43:27.008 [http-nio-8081-exec-6] INFO  com.dp1.backend.handlers.SocketConnectionHandler - Enviando # de envios en operación: 0
2025-12-10 22:43:50.348 [http-nio-8081-exec-10] INFO  com.dp1.backend.services.ClienteService - Creando cliente con datos: kjh lkjhgf mr@cc.com 
2025-12-10 22:43:50.576 [http-nio-8081-exec-10] INFO  com.dp1.backend.services.ClienteService - Cliente creado exitosamente con ID: 7
2025-12-10 22:43:50.632 [http-nio-8081-exec-2] INFO  com.dp1.backend.services.ClienteService - Creando cliente con datos: poiugf lkjh aa@cc.com 
2025-12-10 22:43:50.649 [http-nio-8081-exec-2] INFO  com.dp1.backend.services.ClienteService - Cliente creado exitosamente con ID: 8
2025-12-10 22:43:50.718 [http-nio-8081-exec-3] INFO  com.dp1.backend.services.EnvioService - Envío llegando con fecha de salida desde frontend: null
2025-12-10 22:43:50.721 [http-nio-8081-exec-3] INFO  com.dp1.backend.services.EnvioService - Fecha de salida final: 2025-12-10T22:43:50.718309600-05:00
2025-12-10 22:43:50.767 [http-nio-8081-exec-3] INFO  com.dp1.backend.services.EnvioService - Todo bien hasta primer guardado
2025-12-10 22:43:50.861 [http-nio-8081-exec-3] INFO  com.dp1.backend.services.EnvioService - Todo bien hasta segundo guardado
2025-12-10 22:43:51.163 [http-nio-8081-exec-3] INFO  com.dp1.backend.services.EnvioService - Todo bien hasta guardado de paquetes
2025-12-10 22:43:57.970 [http-nio-8081-exec-10] INFO  com.dp1.backend.handlers.SocketConnectionHandler - Enviando # de vuelos en el aire: 3
2025-12-10 22:43:57.971 [http-nio-8081-exec-10] INFO  com.dp1.backend.services.EnvioService - === BUSCANDO ENVIOS EN VIVO ===
2025-12-10 22:43:57.972 [http-nio-8081-exec-10] INFO  com.dp1.backend.services.EnvioService - Fecha inicio: 2024-07-22T05:45:31-05:00[America/Lima] (Zona: America/Lima)
2025-12-10 22:43:57.972 [http-nio-8081-exec-10] INFO  com.dp1.backend.services.EnvioService - Fecha fin: 2024-07-22T05:46:02-05:00[America/Lima] (Zona: America/Lima)
2025-12-10 22:43:58.051 [http-nio-8081-exec-10] INFO  com.dp1.backend.services.EnvioService - Total envios encontrados despues de fecha inicio: 1
2025-12-10 22:43:58.052 [http-nio-8081-exec-10] INFO  com.dp1.backend.services.EnvioService - Evaluando envio SPIM4 - Fecha salida: 2025-12-11T03:43:50.718310Z (Zona: Z)
2025-12-10 22:43:58.052 [http-nio-8081-exec-10] INFO  com.dp1.backend.services.EnvioService - ✗ Envio SPIM4 NO está en el rango
2025-12-10 22:43:58.053 [http-nio-8081-exec-10] INFO  com.dp1.backend.services.EnvioService - Envios en rango encontrados: 0
2025-12-10 22:43:58.053 [http-nio-8081-exec-10] INFO  com.dp1.backend.services.EnvioService - === FIN BUSQUEDA ENVIOS EN VIVO ===
2025-12-10 22:43:58.055 [http-nio-8081-exec-10] INFO  com.dp1.backend.handlers.SocketConnectionHandler - Enviando # de envios nuevos: 0
2025-12-10 22:43:58.056 [http-nio-8081-exec-10] INFO  com.dp1.backend.services.EnvioService - === BUSCANDO ENVIOS EN VIVO ===
2025-12-10 22:43:58.057 [http-nio-8081-exec-10] INFO  com.dp1.backend.services.EnvioService - Fecha inicio: 2024-07-21T05:45:31-05:00[America/Lima] (Zona: America/Lima)
2025-12-10 22:43:58.057 [http-nio-8081-exec-10] INFO  com.dp1.backend.services.EnvioService - Fecha fin: 2024-07-22T05:45:31-05:00[America/Lima] (Zona: America/Lima)
2025-12-10 22:43:58.076 [http-nio-8081-exec-10] INFO  com.dp1.backend.services.EnvioService - Total envios encontrados despues de fecha inicio: 1
2025-12-10 22:43:58.076 [http-nio-8081-exec-10] INFO  com.dp1.backend.services.EnvioService - Evaluando envio SPIM4 - Fecha salida: 2025-12-11T03:43:50.718310Z (Zona: Z)
2025-12-10 22:43:58.076 [http-nio-8081-exec-10] INFO  com.dp1.backend.services.EnvioService - ✗ Envio SPIM4 NO está en el rango
2025-12-10 22:43:58.077 [http-nio-8081-exec-10] INFO  com.dp1.backend.services.EnvioService - Envios en rango encontrados: 0
2025-12-10 22:43:58.077 [http-nio-8081-exec-10] INFO  com.dp1.backend.services.EnvioService - === FIN BUSQUEDA ENVIOS EN VIVO ===
2025-12-10 22:43:58.078 [http-nio-8081-exec-10] INFO  com.dp1.backend.handlers.SocketConnectionHandler - Enviando # de envios en operación: 0
2025-12-10 22:44:29.529 [http-nio-8081-exec-4] INFO  com.dp1.backend.handlers.SocketConnectionHandler - Enviando # de vuelos en el aire: 0
2025-12-10 22:44:29.529 [http-nio-8081-exec-4] INFO  com.dp1.backend.services.EnvioService - === BUSCANDO ENVIOS EN VIVO ===
2025-12-10 22:44:29.530 [http-nio-8081-exec-4] INFO  com.dp1.backend.services.EnvioService - Fecha inicio: 2024-07-22T05:46:02-05:00[America/Lima] (Zona: America/Lima)
2025-12-10 22:44:29.530 [http-nio-8081-exec-4] INFO  com.dp1.backend.services.EnvioService - Fecha fin: 2024-07-22T05:46:33-05:00[America/Lima] (Zona: America/Lima)
2025-12-10 22:44:29.546 [http-nio-8081-exec-4] INFO  com.dp1.backend.services.EnvioService - Total envios encontrados despues de fecha inicio: 1
2025-12-10 22:44:29.546 [http-nio-8081-exec-4] INFO  com.dp1.backend.services.EnvioService - Evaluando envio SPIM4 - Fecha salida: 2025-12-11T03:43:50.718310Z (Zona: Z)
2025-12-10 22:44:29.547 [http-nio-8081-exec-4] INFO  com.dp1.backend.services.EnvioService - ✗ Envio SPIM4 NO está en el rango
2025-12-10 22:44:29.548 [http-nio-8081-exec-4] INFO  com.dp1.backend.services.EnvioService - Envios en rango encontrados: 0
2025-12-10 22:44:29.548 [http-nio-8081-exec-4] INFO  com.dp1.backend.services.EnvioService - === FIN BUSQUEDA ENVIOS EN VIVO ===
2025-12-10 22:44:29.549 [http-nio-8081-exec-4] INFO  com.dp1.backend.handlers.SocketConnectionHandler - Enviando # de envios nuevos: 0
2025-12-10 22:44:29.550 [http-nio-8081-exec-4] INFO  com.dp1.backend.services.EnvioService - === BUSCANDO ENVIOS EN VIVO ===
2025-12-10 22:44:29.550 [http-nio-8081-exec-4] INFO  com.dp1.backend.services.EnvioService - Fecha inicio: 2024-07-21T05:46:02-05:00[America/Lima] (Zona: America/Lima)
2025-12-10 22:44:29.550 [http-nio-8081-exec-4] INFO  com.dp1.backend.services.EnvioService - Fecha fin: 2024-07-22T05:46:02-05:00[America/Lima] (Zona: America/Lima)
2025-12-10 22:44:29.569 [http-nio-8081-exec-4] INFO  com.dp1.backend.services.EnvioService - Total envios encontrados despues de fecha inicio: 1
2025-12-10 22:44:29.569 [http-nio-8081-exec-4] INFO  com.dp1.backend.services.EnvioService - Evaluando envio SPIM4 - Fecha salida: 2025-12-11T03:43:50.718310Z (Zona: Z)
2025-12-10 22:44:29.571 [http-nio-8081-exec-4] INFO  com.dp1.backend.services.EnvioService - ✗ Envio SPIM4 NO está en el rango
2025-12-10 22:44:29.572 [http-nio-8081-exec-4] INFO  com.dp1.backend.services.EnvioService - Envios en rango encontrados: 0
2025-12-10 22:44:29.572 [http-nio-8081-exec-4] INFO  com.dp1.backend.services.EnvioService - === FIN BUSQUEDA ENVIOS EN VIVO ===
2025-12-10 22:44:29.573 [http-nio-8081-exec-4] INFO  com.dp1.backend.handlers.SocketConnectionHandler - Enviando # de envios en operación: 0
2025-12-10 22:45:00.530 [http-nio-8081-exec-5] INFO  com.dp1.backend.handlers.SocketConnectionHandler - Enviando # de vuelos en el aire: 4
2025-12-10 22:45:00.531 [http-nio-8081-exec-5] INFO  com.dp1.backend.services.EnvioService - === BUSCANDO ENVIOS EN VIVO ===
2025-12-10 22:45:00.531 [http-nio-8081-exec-5] INFO  com.dp1.backend.services.EnvioService - Fecha inicio: 2024-07-22T05:46:33-05:00[America/Lima] (Zona: America/Lima)
2025-12-10 22:45:00.532 [http-nio-8081-exec-5] INFO  com.dp1.backend.services.EnvioService - Fecha fin: 2024-07-22T05:47:04-05:00[America/Lima] (Zona: America/Lima)
2025-12-10 22:45:00.554 [http-nio-8081-exec-5] INFO  com.dp1.backend.services.EnvioService - Total envios encontrados despues de fecha inicio: 1
2025-12-10 22:45:00.555 [http-nio-8081-exec-5] INFO  com.dp1.backend.services.EnvioService - Evaluando envio SPIM4 - Fecha salida: 2025-12-11T03:43:50.718310Z (Zona: Z)
2025-12-10 22:45:00.557 [http-nio-8081-exec-5] INFO  com.dp1.backend.services.EnvioService - ✗ Envio SPIM4 NO está en el rango
2025-12-10 22:45:00.558 [http-nio-8081-exec-5] INFO  com.dp1.backend.services.EnvioService - Envios en rango encontrados: 0
2025-12-10 22:45:00.559 [http-nio-8081-exec-5] INFO  com.dp1.backend.services.EnvioService - === FIN BUSQUEDA ENVIOS EN VIVO ===
2025-12-10 22:45:00.560 [http-nio-8081-exec-5] INFO  com.dp1.backend.handlers.SocketConnectionHandler - Enviando # de envios nuevos: 0
2025-12-10 22:45:00.560 [http-nio-8081-exec-5] INFO  com.dp1.backend.services.EnvioService - === BUSCANDO ENVIOS EN VIVO ===
2025-12-10 22:45:00.561 [http-nio-8081-exec-5] INFO  com.dp1.backend.services.EnvioService - Fecha inicio: 2024-07-21T05:46:33-05:00[America/Lima] (Zona: America/Lima)
2025-12-10 22:45:00.561 [http-nio-8081-exec-5] INFO  com.dp1.backend.services.EnvioService - Fecha fin: 2024-07-22T05:46:33-05:00[America/Lima] (Zona: America/Lima)
2025-12-10 22:45:00.578 [http-nio-8081-exec-5] INFO  com.dp1.backend.services.EnvioService - Total envios encontrados despues de fecha inicio: 1
2025-12-10 22:45:00.579 [http-nio-8081-exec-5] INFO  com.dp1.backend.services.EnvioService - Evaluando envio SPIM4 - Fecha salida: 2025-12-11T03:43:50.718310Z (Zona: Z)
2025-12-10 22:45:00.579 [http-nio-8081-exec-5] INFO  com.dp1.backend.services.EnvioService - ✗ Envio SPIM4 NO está en el rango
2025-12-10 22:45:00.580 [http-nio-8081-exec-5] INFO  com.dp1.backend.services.EnvioService - Envios en rango encontrados: 0
2025-12-10 22:45:00.581 [http-nio-8081-exec-5] INFO  com.dp1.backend.services.EnvioService - === FIN BUSQUEDA ENVIOS EN VIVO ===
2025-12-10 22:45:00.582 [http-nio-8081-exec-5] INFO  com.dp1.backend.handlers.SocketConnectionHandler - Enviando # de envios en operación: 0
2025-12-10 22:46:04.543 [http-nio-8081-exec-10] INFO  com.dp1.backend.handlers.SocketConnectionHandler - 95883c84-a90f-5929-3b77-34ef82ee349e  desconectado del socket
2025-12-10 22:46:30.130 [http-nio-8081-exec-2] INFO  com.dp1.backend.handlers.SocketConnectionHandler - a79137a1-6c1d-763b-bbf3-d34347a69ffc  conectado al socket
2025-12-10 22:46:30.987 [http-nio-8081-exec-4] INFO  com.dp1.backend.handlers.SocketConnectionHandler - Cargando envios antes de: 2024-07-22T05:45-05:00[America/Lima]
2025-12-10 22:46:30.988 [http-nio-8081-exec-4] INFO  com.dp1.backend.services.EnvioService - === BUSCANDO ENVIOS EN VIVO ===
2025-12-10 22:46:30.989 [http-nio-8081-exec-4] INFO  com.dp1.backend.services.EnvioService - Fecha inicio: 2024-07-21T05:45-05:00[America/Lima] (Zona: America/Lima)
2025-12-10 22:46:30.990 [http-nio-8081-exec-4] INFO  com.dp1.backend.services.EnvioService - Fecha fin: 2024-07-22T05:45:05-05:00[America/Lima] (Zona: America/Lima)
2025-12-10 22:46:31.001 [http-nio-8081-exec-4] INFO  com.dp1.backend.services.EnvioService - Total envios encontrados despues de fecha inicio: 0
2025-12-10 22:46:31.001 [http-nio-8081-exec-4] INFO  com.dp1.backend.services.EnvioService - Envios en rango encontrados: 0
2025-12-10 22:46:31.002 [http-nio-8081-exec-4] INFO  com.dp1.backend.services.EnvioService - === FIN BUSQUEDA ENVIOS EN VIVO ===
2025-12-10 22:46:31.003 [http-nio-8081-exec-4] INFO  com.dp1.backend.handlers.SocketConnectionHandler - Enviando # de envios en operación: inicio0
2025-12-10 22:46:31.055 [http-nio-8081-exec-4] INFO  com.dp1.backend.handlers.SocketConnectionHandler - Enviando # de vuelos en el aire: inicio1216
2025-12-10 22:46:57.733 [http-nio-8081-exec-10] INFO  com.dp1.backend.handlers.SocketConnectionHandler - a79137a1-6c1d-763b-bbf3-d34347a69ffc  desconectado del socket
2025-12-10 22:47:27.206 [http-nio-8081-exec-5] INFO  com.dp1.backend.handlers.SocketConnectionHandler - ead13229-158f-018b-1599-112d14097c8b  conectado al socket
2025-12-10 22:47:27.512 [http-nio-8081-exec-4] INFO  com.dp1.backend.handlers.SocketConnectionHandler - Cargando envios antes de: 2024-07-22T05:45-05:00[America/Lima]
2025-12-10 22:47:27.512 [http-nio-8081-exec-4] INFO  com.dp1.backend.services.EnvioService - === BUSCANDO ENVIOS EN VIVO ===
2025-12-10 22:47:27.513 [http-nio-8081-exec-4] INFO  com.dp1.backend.services.EnvioService - Fecha inicio: 2024-07-21T05:45-05:00[America/Lima] (Zona: America/Lima)
2025-12-10 22:47:27.514 [http-nio-8081-exec-4] INFO  com.dp1.backend.services.EnvioService - Fecha fin: 2024-07-22T05:45:05-05:00[America/Lima] (Zona: America/Lima)
2025-12-10 22:47:27.524 [http-nio-8081-exec-4] INFO  com.dp1.backend.services.EnvioService - Total envios encontrados despues de fecha inicio: 0
2025-12-10 22:47:27.525 [http-nio-8081-exec-4] INFO  com.dp1.backend.services.EnvioService - Envios en rango encontrados: 0
2025-12-10 22:47:27.526 [http-nio-8081-exec-4] INFO  com.dp1.backend.services.EnvioService - === FIN BUSQUEDA ENVIOS EN VIVO ===
2025-12-10 22:47:27.527 [http-nio-8081-exec-4] INFO  com.dp1.backend.handlers.SocketConnectionHandler - Enviando # de envios en operación: inicio0
2025-12-10 22:47:27.569 [http-nio-8081-exec-4] INFO  com.dp1.backend.handlers.SocketConnectionHandler - Enviando # de vuelos en el aire: inicio1216
2025-12-10 22:48:00.968 [http-nio-8081-exec-5] INFO  com.dp1.backend.handlers.SocketConnectionHandler - Enviando # de vuelos en el aire: 3
2025-12-10 22:48:00.968 [http-nio-8081-exec-5] INFO  com.dp1.backend.services.EnvioService - === BUSCANDO ENVIOS EN VIVO ===
2025-12-10 22:48:00.969 [http-nio-8081-exec-5] INFO  com.dp1.backend.services.EnvioService - Fecha inicio: 2024-07-22T05:45-05:00[America/Lima] (Zona: America/Lima)
2025-12-10 22:48:00.969 [http-nio-8081-exec-5] INFO  com.dp1.backend.services.EnvioService - Fecha fin: 2024-07-22T05:45:31-05:00[America/Lima] (Zona: America/Lima)
2025-12-10 22:48:00.977 [http-nio-8081-exec-5] INFO  com.dp1.backend.services.EnvioService - Total envios encontrados despues de fecha inicio: 0
2025-12-10 22:48:00.978 [http-nio-8081-exec-5] INFO  com.dp1.backend.services.EnvioService - Envios en rango encontrados: 0
2025-12-10 22:48:00.978 [http-nio-8081-exec-5] INFO  com.dp1.backend.services.EnvioService - === FIN BUSQUEDA ENVIOS EN VIVO ===
2025-12-10 22:48:00.979 [http-nio-8081-exec-5] INFO  com.dp1.backend.handlers.SocketConnectionHandler - Enviando # de envios nuevos: 0
2025-12-10 22:48:00.980 [http-nio-8081-exec-5] INFO  com.dp1.backend.services.EnvioService - === BUSCANDO ENVIOS EN VIVO ===
2025-12-10 22:48:00.980 [http-nio-8081-exec-5] INFO  com.dp1.backend.services.EnvioService - Fecha inicio: 2024-07-21T05:45-05:00[America/Lima] (Zona: America/Lima)
2025-12-10 22:48:00.980 [http-nio-8081-exec-5] INFO  com.dp1.backend.services.EnvioService - Fecha fin: 2024-07-22T05:45-05:00[America/Lima] (Zona: America/Lima)
2025-12-10 22:48:00.992 [http-nio-8081-exec-5] INFO  com.dp1.backend.services.EnvioService - Total envios encontrados despues de fecha inicio: 0
2025-12-10 22:48:00.993 [http-nio-8081-exec-5] INFO  com.dp1.backend.services.EnvioService - Envios en rango encontrados: 0
2025-12-10 22:48:00.993 [http-nio-8081-exec-5] INFO  com.dp1.backend.services.EnvioService - === FIN BUSQUEDA ENVIOS EN VIVO ===
2025-12-10 22:48:00.994 [http-nio-8081-exec-5] INFO  com.dp1.backend.handlers.SocketConnectionHandler - Enviando # de envios en operación: 0
2025-12-10 22:48:31.968 [http-nio-8081-exec-4] INFO  com.dp1.backend.handlers.SocketConnectionHandler - Enviando # de vuelos en el aire: 3
2025-12-10 22:48:31.968 [http-nio-8081-exec-4] INFO  com.dp1.backend.services.EnvioService - === BUSCANDO ENVIOS EN VIVO ===
2025-12-10 22:48:31.968 [http-nio-8081-exec-4] INFO  com.dp1.backend.services.EnvioService - Fecha inicio: 2024-07-22T05:45:31-05:00[America/Lima] (Zona: America/Lima)
2025-12-10 22:48:31.968 [http-nio-8081-exec-4] INFO  com.dp1.backend.services.EnvioService - Fecha fin: 2024-07-22T05:46:02-05:00[America/Lima] (Zona: America/Lima)
2025-12-10 22:48:31.976 [http-nio-8081-exec-4] INFO  com.dp1.backend.services.EnvioService - Total envios encontrados despues de fecha inicio: 0
2025-12-10 22:48:31.976 [http-nio-8081-exec-4] INFO  com.dp1.backend.services.EnvioService - Envios en rango encontrados: 0
2025-12-10 22:48:31.977 [http-nio-8081-exec-4] INFO  com.dp1.backend.services.EnvioService - === FIN BUSQUEDA ENVIOS EN VIVO ===
2025-12-10 22:48:31.978 [http-nio-8081-exec-4] INFO  com.dp1.backend.handlers.SocketConnectionHandler - Enviando # de envios nuevos: 0
2025-12-10 22:48:31.978 [http-nio-8081-exec-4] INFO  com.dp1.backend.services.EnvioService - === BUSCANDO ENVIOS EN VIVO ===
2025-12-10 22:48:31.978 [http-nio-8081-exec-4] INFO  com.dp1.backend.services.EnvioService - Fecha inicio: 2024-07-21T05:45:31-05:00[America/Lima] (Zona: America/Lima)
2025-12-10 22:48:31.979 [http-nio-8081-exec-4] INFO  com.dp1.backend.services.EnvioService - Fecha fin: 2024-07-22T05:45:31-05:00[America/Lima] (Zona: America/Lima)
2025-12-10 22:48:31.988 [http-nio-8081-exec-4] INFO  com.dp1.backend.services.EnvioService - Total envios encontrados despues de fecha inicio: 0
2025-12-10 22:48:31.989 [http-nio-8081-exec-4] INFO  com.dp1.backend.services.EnvioService - Envios en rango encontrados: 0
2025-12-10 22:48:31.990 [http-nio-8081-exec-4] INFO  com.dp1.backend.services.EnvioService - === FIN BUSQUEDA ENVIOS EN VIVO ===
2025-12-10 22:48:31.991 [http-nio-8081-exec-4] INFO  com.dp1.backend.handlers.SocketConnectionHandler - Enviando # de envios en operación: 0
2025-12-10 22:49:02.966 [http-nio-8081-exec-3] INFO  com.dp1.backend.handlers.SocketConnectionHandler - Enviando # de vuelos en el aire: 0
2025-12-10 22:49:02.966 [http-nio-8081-exec-3] INFO  com.dp1.backend.services.EnvioService - === BUSCANDO ENVIOS EN VIVO ===
2025-12-10 22:49:02.966 [http-nio-8081-exec-3] INFO  com.dp1.backend.services.EnvioService - Fecha inicio: 2024-07-22T05:46:02-05:00[America/Lima] (Zona: America/Lima)
2025-12-10 22:49:02.967 [http-nio-8081-exec-3] INFO  com.dp1.backend.services.EnvioService - Fecha fin: 2024-07-22T05:46:33-05:00[America/Lima] (Zona: America/Lima)
2025-12-10 22:49:02.976 [http-nio-8081-exec-3] INFO  com.dp1.backend.services.EnvioService - Total envios encontrados despues de fecha inicio: 0
2025-12-10 22:49:02.976 [http-nio-8081-exec-3] INFO  com.dp1.backend.services.EnvioService - Envios en rango encontrados: 0
2025-12-10 22:49:02.976 [http-nio-8081-exec-3] INFO  com.dp1.backend.services.EnvioService - === FIN BUSQUEDA ENVIOS EN VIVO ===
2025-12-10 22:49:02.977 [http-nio-8081-exec-3] INFO  com.dp1.backend.handlers.SocketConnectionHandler - Enviando # de envios nuevos: 0
2025-12-10 22:49:02.978 [http-nio-8081-exec-3] INFO  com.dp1.backend.services.EnvioService - === BUSCANDO ENVIOS EN VIVO ===
2025-12-10 22:49:02.978 [http-nio-8081-exec-3] INFO  com.dp1.backend.services.EnvioService - Fecha inicio: 2024-07-21T05:46:02-05:00[America/Lima] (Zona: America/Lima)
2025-12-10 22:49:02.978 [http-nio-8081-exec-3] INFO  com.dp1.backend.services.EnvioService - Fecha fin: 2024-07-22T05:46:02-05:00[America/Lima] (Zona: America/Lima)
2025-12-10 22:49:02.988 [http-nio-8081-exec-3] INFO  com.dp1.backend.services.EnvioService - Total envios encontrados despues de fecha inicio: 0
2025-12-10 22:49:02.989 [http-nio-8081-exec-3] INFO  com.dp1.backend.services.EnvioService - Envios en rango encontrados: 0
2025-12-10 22:49:02.990 [http-nio-8081-exec-3] INFO  com.dp1.backend.services.EnvioService - === FIN BUSQUEDA ENVIOS EN VIVO ===
2025-12-10 22:49:02.990 [http-nio-8081-exec-3] INFO  com.dp1.backend.handlers.SocketConnectionHandler - Enviando # de envios en operación: 0
2025-12-10 22:49:33.980 [http-nio-8081-exec-10] INFO  com.dp1.backend.handlers.SocketConnectionHandler - Enviando # de vuelos en el aire: 4
2025-12-10 22:49:33.980 [http-nio-8081-exec-10] INFO  com.dp1.backend.services.EnvioService - === BUSCANDO ENVIOS EN VIVO ===
2025-12-10 22:49:33.980 [http-nio-8081-exec-10] INFO  com.dp1.backend.services.EnvioService - Fecha inicio: 2024-07-22T05:46:33-05:00[America/Lima] (Zona: America/Lima)
2025-12-10 22:49:33.980 [http-nio-8081-exec-10] INFO  com.dp1.backend.services.EnvioService - Fecha fin: 2024-07-22T05:47:04-05:00[America/Lima] (Zona: America/Lima)
2025-12-10 22:49:33.990 [http-nio-8081-exec-10] INFO  com.dp1.backend.services.EnvioService - Total envios encontrados despues de fecha inicio: 0
2025-12-10 22:49:33.991 [http-nio-8081-exec-10] INFO  com.dp1.backend.services.EnvioService - Envios en rango encontrados: 0
2025-12-10 22:49:33.991 [http-nio-8081-exec-10] INFO  com.dp1.backend.services.EnvioService - === FIN BUSQUEDA ENVIOS EN VIVO ===
2025-12-10 22:49:33.992 [http-nio-8081-exec-10] INFO  com.dp1.backend.handlers.SocketConnectionHandler - Enviando # de envios nuevos: 0
2025-12-10 22:49:33.992 [http-nio-8081-exec-10] INFO  com.dp1.backend.services.EnvioService - === BUSCANDO ENVIOS EN VIVO ===
2025-12-10 22:49:33.993 [http-nio-8081-exec-10] INFO  com.dp1.backend.services.EnvioService - Fecha inicio: 2024-07-21T05:46:33-05:00[America/Lima] (Zona: America/Lima)
2025-12-10 22:49:33.993 [http-nio-8081-exec-10] INFO  com.dp1.backend.services.EnvioService - Fecha fin: 2024-07-22T05:46:33-05:00[America/Lima] (Zona: America/Lima)
2025-12-10 22:49:34.002 [http-nio-8081-exec-10] INFO  com.dp1.backend.services.EnvioService - Total envios encontrados despues de fecha inicio: 0
2025-12-10 22:49:34.003 [http-nio-8081-exec-10] INFO  com.dp1.backend.services.EnvioService - Envios en rango encontrados: 0
2025-12-10 22:49:34.005 [http-nio-8081-exec-10] INFO  com.dp1.backend.services.EnvioService - === FIN BUSQUEDA ENVIOS EN VIVO ===
2025-12-10 22:49:34.006 [http-nio-8081-exec-10] INFO  com.dp1.backend.handlers.SocketConnectionHandler - Enviando # de envios en operación: 0
2025-12-10 22:50:04.973 [http-nio-8081-exec-7] INFO  com.dp1.backend.handlers.SocketConnectionHandler - Enviando # de vuelos en el aire: 0
2025-12-10 22:50:04.974 [http-nio-8081-exec-7] INFO  com.dp1.backend.services.EnvioService - === BUSCANDO ENVIOS EN VIVO ===
2025-12-10 22:50:04.974 [http-nio-8081-exec-7] INFO  com.dp1.backend.services.EnvioService - Fecha inicio: 2024-07-22T05:47:04-05:00[America/Lima] (Zona: America/Lima)
2025-12-10 22:50:04.974 [http-nio-8081-exec-7] INFO  com.dp1.backend.services.EnvioService - Fecha fin: 2024-07-22T05:47:35-05:00[America/Lima] (Zona: America/Lima)
2025-12-10 22:50:04.989 [http-nio-8081-exec-7] INFO  com.dp1.backend.services.EnvioService - Total envios encontrados despues de fecha inicio: 0
2025-12-10 22:50:04.992 [http-nio-8081-exec-7] INFO  com.dp1.backend.services.EnvioService - Envios en rango encontrados: 0
2025-12-10 22:50:04.999 [http-nio-8081-exec-7] INFO  com.dp1.backend.services.EnvioService - === FIN BUSQUEDA ENVIOS EN VIVO ===
2025-12-10 22:50:05.003 [http-nio-8081-exec-7] INFO  com.dp1.backend.handlers.SocketConnectionHandler - Enviando # de envios nuevos: 0
2025-12-10 22:50:05.005 [http-nio-8081-exec-7] INFO  com.dp1.backend.services.EnvioService - === BUSCANDO ENVIOS EN VIVO ===
2025-12-10 22:50:05.005 [http-nio-8081-exec-7] INFO  com.dp1.backend.services.EnvioService - Fecha inicio: 2024-07-21T05:47:04-05:00[America/Lima] (Zona: America/Lima)
2025-12-10 22:50:05.005 [http-nio-8081-exec-7] INFO  com.dp1.backend.services.EnvioService - Fecha fin: 2024-07-22T05:47:04-05:00[America/Lima] (Zona: America/Lima)
2025-12-10 22:50:05.018 [http-nio-8081-exec-7] INFO  com.dp1.backend.services.EnvioService - Total envios encontrados despues de fecha inicio: 0
2025-12-10 22:50:05.021 [http-nio-8081-exec-7] INFO  com.dp1.backend.services.EnvioService - Envios en rango encontrados: 0
2025-12-10 22:50:05.023 [http-nio-8081-exec-7] INFO  com.dp1.backend.services.EnvioService - === FIN BUSQUEDA ENVIOS EN VIVO ===
2025-12-10 22:50:05.026 [http-nio-8081-exec-7] INFO  com.dp1.backend.handlers.SocketConnectionHandler - Enviando # de envios en operación: 0
2025-12-10 22:50:13.639 [SpringApplicationShutdownHook] INFO  org.springframework.orm.jpa.LocalContainerEntityManagerFactoryBean - Closing JPA EntityManagerFactory for persistence unit 'default'
2025-12-10 22:50:13.672 [SpringApplicationShutdownHook] INFO  com.zaxxer.hikari.HikariDataSource - HikariPool-1 - Shutdown initiated...
2025-12-10 22:50:13.751 [SpringApplicationShutdownHook] INFO  com.zaxxer.hikari.HikariDataSource - HikariPool-1 - Shutdown completed.
2025-12-10 22:50:13.774 [SpringApplicationShutdownHook] INFO  com.dp1.backend.handlers.SocketConnectionHandler - ead13229-158f-018b-1599-112d14097c8b  desconectado del socket
2025-12-10 22:52:40.546 [main] INFO  com.dp1.backend.BackendApplication - Starting BackendApplication using Java 24.0.1 with PID 3080 (C:\Users\Joseph\Documents\PUCP\25-2\Dp1\Nuevo\Back\MoraPack_Backend\target\classes started by Joseph in C:\Users\Joseph\Documents\PUCP\25-2\Dp1\Nuevo\Back\MoraPack_Backend)
2025-12-10 22:52:40.585 [main] INFO  com.dp1.backend.BackendApplication - No active profile set, falling back to 1 default profile: "default"
2025-12-10 22:52:42.999 [main] INFO  org.springframework.data.repository.config.RepositoryConfigurationDelegate - Bootstrapping Spring Data JPA repositories in DEFAULT mode.
2025-12-10 22:52:43.236 [main] INFO  org.springframework.data.repository.config.RepositoryConfigurationDelegate - Finished Spring Data repository scanning in 208 ms. Found 10 JPA repository interfaces.
2025-12-10 22:52:44.673 [main] INFO  org.springframework.boot.web.embedded.tomcat.TomcatWebServer - Tomcat initialized with port 8081 (http)
2025-12-10 22:52:44.708 [main] INFO  org.apache.coyote.http11.Http11NioProtocol - Initializing ProtocolHandler ["http-nio-8081"]
2025-12-10 22:52:44.718 [main] INFO  org.apache.catalina.core.StandardService - Starting service [Tomcat]
2025-12-10 22:52:44.719 [main] INFO  org.apache.catalina.core.StandardEngine - Starting Servlet engine: [Apache Tomcat/10.1.19]
2025-12-10 22:52:44.909 [main] INFO  org.apache.catalina.core.ContainerBase.[Tomcat].[localhost].[/api] - Initializing Spring embedded WebApplicationContext
2025-12-10 22:52:44.914 [main] INFO  org.springframework.boot.web.servlet.context.ServletWebServerApplicationContext - Root WebApplicationContext: initialization completed in 4173 ms
2025-12-10 22:52:45.462 [main] INFO  org.hibernate.jpa.internal.util.LogHelper - HHH000204: Processing PersistenceUnitInfo [name: default]
2025-12-10 22:52:45.710 [main] INFO  org.hibernate.Version - HHH000412: Hibernate ORM core version 6.4.4.Final
2025-12-10 22:52:45.833 [main] INFO  org.hibernate.cache.internal.RegionFactoryInitiator - HHH000026: Second-level cache disabled
2025-12-10 22:52:46.502 [main] INFO  org.springframework.orm.jpa.persistenceunit.SpringPersistenceUnitInfo - No LoadTimeWeaver setup: ignoring JPA class transformer
2025-12-10 22:52:46.606 [main] WARN  com.zaxxer.hikari.HikariConfig - HikariPool-1 - idleTimeout has been set but has no effect because the pool is operating as a fixed size pool.
2025-12-10 22:52:46.607 [main] INFO  com.zaxxer.hikari.HikariDataSource - HikariPool-1 - Starting...
2025-12-10 22:52:47.150 [main] INFO  com.zaxxer.hikari.pool.HikariPool - HikariPool-1 - Added connection com.mysql.cj.jdbc.ConnectionImpl@ce19c86
2025-12-10 22:52:47.154 [main] INFO  com.zaxxer.hikari.HikariDataSource - HikariPool-1 - Start completed.
2025-12-10 22:52:50.822 [main] INFO  org.hibernate.engine.transaction.jta.platform.internal.JtaPlatformInitiator - HHH000489: No JTA platform available (set 'hibernate.transaction.jta.platform' to enable JTA platform integration)
2025-12-10 22:52:51.214 [main] INFO  org.springframework.orm.jpa.LocalContainerEntityManagerFactoryBean - Initialized JPA EntityManagerFactory for persistence unit 'default'
2025-12-10 22:52:51.236 [main] INFO  com.dp1.backend.BackendApplication - Zona horaria configurada a: America/Lima
2025-12-10 22:52:51.264 [main] INFO  com.dp1.backend.services.DatosEnMemoriaService - Inicializando DatosEnMemoriaService con working directory: C:\Users\Joseph\Documents\PUCP\25-2\Dp1\Nuevo\Back\MoraPack_Backend
2025-12-10 22:52:51.280 [main] INFO  com.dp1.backend.services.DatosEnMemoriaService - Aeropuertos cargados: 30
2025-12-10 22:52:51.368 [main] INFO  com.dp1.backend.services.DatosEnMemoriaService - Vuelos cargados: 2866
2025-12-10 22:52:52.218 [main] INFO  com.dp1.backend.services.DatosEnMemoriaService - Leyendo rutas posibles
2025-12-10 22:52:52.658 [main] INFO  com.dp1.backend.services.DatosEnMemoriaService - Colecciones rutas: 0
2025-12-10 22:52:52.660 [main] INFO  com.dp1.backend.services.DatosEnMemoriaService - Rutas posibles set: 0
2025-12-10 22:52:53.128 [main] INFO  org.springframework.data.jpa.repository.query.QueryEnhancerFactory - Hibernate is in classpath; If applicable, HQL parser will be used.
2025-12-10 22:52:54.911 [main] WARN  org.springframework.boot.autoconfigure.orm.jpa.JpaBaseConfiguration$JpaWebConfiguration - spring.jpa.open-in-view is enabled by default. Therefore, database queries may be performed during view rendering. Explicitly configure spring.jpa.open-in-view to disable this warning
2025-12-10 22:52:56.312 [main] INFO  org.apache.coyote.http11.Http11NioProtocol - Starting ProtocolHandler ["http-nio-8081"]
2025-12-10 22:52:56.382 [main] INFO  org.springframework.boot.web.embedded.tomcat.TomcatWebServer - Tomcat started on port 8081 (http) with context path '/api'
2025-12-10 22:52:56.401 [main] INFO  com.dp1.backend.BackendApplication - Started BackendApplication in 17.154 seconds (process running for 21.564)
2025-12-10 22:53:21.958 [http-nio-8081-exec-2] INFO  org.apache.catalina.core.ContainerBase.[Tomcat].[localhost].[/api] - Initializing Spring DispatcherServlet 'dispatcherServlet'
2025-12-10 22:53:21.960 [http-nio-8081-exec-2] INFO  org.springframework.web.servlet.DispatcherServlet - Initializing Servlet 'dispatcherServlet'
2025-12-10 22:53:21.964 [http-nio-8081-exec-2] INFO  org.springframework.web.servlet.DispatcherServlet - Completed initialization in 2 ms
2025-12-10 22:53:22.234 [http-nio-8081-exec-2] INFO  com.dp1.backend.handlers.SocketConnectionHandler - d12e4d21-3abf-c95f-531a-d0d55ca82130  conectado al socket
2025-12-10 22:53:22.562 [http-nio-8081-exec-4] INFO  com.dp1.backend.handlers.SocketConnectionHandler - Cargando envios antes de: 2024-07-22T05:45-05:00[America/Lima]
2025-12-10 22:53:22.562 [http-nio-8081-exec-4] INFO  com.dp1.backend.services.EnvioService - === BUSCANDO ENVIOS EN VIVO ===
2025-12-10 22:53:22.562 [http-nio-8081-exec-4] INFO  com.dp1.backend.services.EnvioService - Fecha inicio: 2024-07-21T05:45-05:00[America/Lima] (Zona: America/Lima)
2025-12-10 22:53:22.564 [http-nio-8081-exec-4] INFO  com.dp1.backend.services.EnvioService - Fecha fin: 2024-07-22T05:45:05-05:00[America/Lima] (Zona: America/Lima)
2025-12-10 22:53:22.675 [http-nio-8081-exec-4] INFO  com.dp1.backend.services.EnvioService - Total envios encontrados despues de fecha inicio: 0
2025-12-10 22:53:22.678 [http-nio-8081-exec-4] INFO  com.dp1.backend.services.EnvioService - Envios en rango encontrados: 0
2025-12-10 22:53:22.681 [http-nio-8081-exec-4] INFO  com.dp1.backend.services.EnvioService - === FIN BUSQUEDA ENVIOS EN VIVO ===
2025-12-10 22:53:22.728 [http-nio-8081-exec-4] INFO  com.dp1.backend.handlers.SocketConnectionHandler - Enviando # de envios en operación: inicio0
2025-12-10 22:53:22.796 [http-nio-8081-exec-4] INFO  com.dp1.backend.handlers.SocketConnectionHandler - Enviando # de vuelos en el aire: inicio1216
2025-12-10 22:53:54.022 [http-nio-8081-exec-5] INFO  com.dp1.backend.handlers.SocketConnectionHandler - Enviando # de vuelos en el aire: 3
2025-12-10 22:53:54.023 [http-nio-8081-exec-5] INFO  com.dp1.backend.services.EnvioService - === BUSCANDO ENVIOS EN VIVO ===
2025-12-10 22:53:54.024 [http-nio-8081-exec-5] INFO  com.dp1.backend.services.EnvioService - Fecha inicio: 2024-07-22T05:45-05:00[America/Lima] (Zona: America/Lima)
2025-12-10 22:53:54.024 [http-nio-8081-exec-5] INFO  com.dp1.backend.services.EnvioService - Fecha fin: 2024-07-22T05:45:31-05:00[America/Lima] (Zona: America/Lima)
2025-12-10 22:53:54.033 [http-nio-8081-exec-5] INFO  com.dp1.backend.services.EnvioService - Total envios encontrados despues de fecha inicio: 0
2025-12-10 22:53:54.033 [http-nio-8081-exec-5] INFO  com.dp1.backend.services.EnvioService - Envios en rango encontrados: 0
2025-12-10 22:53:54.034 [http-nio-8081-exec-5] INFO  com.dp1.backend.services.EnvioService - === FIN BUSQUEDA ENVIOS EN VIVO ===
2025-12-10 22:53:54.035 [http-nio-8081-exec-5] INFO  com.dp1.backend.handlers.SocketConnectionHandler - Enviando # de envios nuevos: 0
2025-12-10 22:53:54.035 [http-nio-8081-exec-5] INFO  com.dp1.backend.services.EnvioService - === BUSCANDO ENVIOS EN VIVO ===
2025-12-10 22:53:54.036 [http-nio-8081-exec-5] INFO  com.dp1.backend.services.EnvioService - Fecha inicio: 2024-07-21T05:45-05:00[America/Lima] (Zona: America/Lima)
2025-12-10 22:53:54.037 [http-nio-8081-exec-5] INFO  com.dp1.backend.services.EnvioService - Fecha fin: 2024-07-22T05:45-05:00[America/Lima] (Zona: America/Lima)
2025-12-10 22:53:54.049 [http-nio-8081-exec-5] INFO  com.dp1.backend.services.EnvioService - Total envios encontrados despues de fecha inicio: 0
2025-12-10 22:53:54.050 [http-nio-8081-exec-5] INFO  com.dp1.backend.services.EnvioService - Envios en rango encontrados: 0
2025-12-10 22:53:54.050 [http-nio-8081-exec-5] INFO  com.dp1.backend.services.EnvioService - === FIN BUSQUEDA ENVIOS EN VIVO ===
2025-12-10 22:53:54.053 [http-nio-8081-exec-5] INFO  com.dp1.backend.handlers.SocketConnectionHandler - Enviando # de envios en operación: 0
2025-12-10 22:54:10.881 [SpringApplicationShutdownHook] INFO  org.springframework.orm.jpa.LocalContainerEntityManagerFactoryBean - Closing JPA EntityManagerFactory for persistence unit 'default'
2025-12-10 22:54:10.886 [SpringApplicationShutdownHook] INFO  com.zaxxer.hikari.HikariDataSource - HikariPool-1 - Shutdown initiated...
2025-12-10 22:54:10.923 [SpringApplicationShutdownHook] INFO  com.zaxxer.hikari.HikariDataSource - HikariPool-1 - Shutdown completed.
2025-12-10 22:54:10.934 [SpringApplicationShutdownHook] INFO  com.dp1.backend.handlers.SocketConnectionHandler - d12e4d21-3abf-c95f-531a-d0d55ca82130  desconectado del socket
2025-12-10 22:57:47.916 [main] INFO  com.dp1.backend.BackendApplication - Starting BackendApplication using Java 24.0.1 with PID 8672 (C:\Users\Joseph\Documents\PUCP\25-2\Dp1\Nuevo\Back\MoraPack_Backend\target\classes started by Joseph in C:\Users\Joseph\Documents\PUCP\25-2\Dp1\Nuevo\Back\MoraPack_Backend)
2025-12-10 22:57:47.949 [main] INFO  com.dp1.backend.BackendApplication - No active profile set, falling back to 1 default profile: "default"
2025-12-10 22:57:50.089 [main] INFO  org.springframework.data.repository.config.RepositoryConfigurationDelegate - Bootstrapping Spring Data JPA repositories in DEFAULT mode.
2025-12-10 22:57:50.320 [main] INFO  org.springframework.data.repository.config.RepositoryConfigurationDelegate - Finished Spring Data repository scanning in 211 ms. Found 10 JPA repository interfaces.
2025-12-10 22:57:54.915 [main] INFO  org.springframework.boot.web.embedded.tomcat.TomcatWebServer - Tomcat initialized with port 8081 (http)
2025-12-10 22:57:54.947 [main] INFO  org.apache.coyote.http11.Http11NioProtocol - Initializing ProtocolHandler ["http-nio-8081"]
2025-12-10 22:57:54.954 [main] INFO  org.apache.catalina.core.StandardService - Starting service [Tomcat]
2025-12-10 22:57:54.955 [main] INFO  org.apache.catalina.core.StandardEngine - Starting Servlet engine: [Apache Tomcat/10.1.19]
2025-12-10 22:57:55.115 [main] INFO  org.apache.catalina.core.ContainerBase.[Tomcat].[localhost].[/api] - Initializing Spring embedded WebApplicationContext
2025-12-10 22:57:55.117 [main] INFO  org.springframework.boot.web.servlet.context.ServletWebServerApplicationContext - Root WebApplicationContext: initialization completed in 7016 ms
2025-12-10 22:57:55.589 [main] INFO  org.hibernate.jpa.internal.util.LogHelper - HHH000204: Processing PersistenceUnitInfo [name: default]
2025-12-10 22:57:55.780 [main] INFO  org.hibernate.Version - HHH000412: Hibernate ORM core version 6.4.4.Final
2025-12-10 22:57:55.889 [main] INFO  org.hibernate.cache.internal.RegionFactoryInitiator - HHH000026: Second-level cache disabled
2025-12-10 22:57:56.600 [main] INFO  org.springframework.orm.jpa.persistenceunit.SpringPersistenceUnitInfo - No LoadTimeWeaver setup: ignoring JPA class transformer
2025-12-10 22:57:56.698 [main] WARN  com.zaxxer.hikari.HikariConfig - HikariPool-1 - idleTimeout has been set but has no effect because the pool is operating as a fixed size pool.
2025-12-10 22:57:56.699 [main] INFO  com.zaxxer.hikari.HikariDataSource - HikariPool-1 - Starting...
2025-12-10 22:57:57.104 [main] INFO  com.zaxxer.hikari.pool.HikariPool - HikariPool-1 - Added connection com.mysql.cj.jdbc.ConnectionImpl@ce19c86
2025-12-10 22:57:57.109 [main] INFO  com.zaxxer.hikari.HikariDataSource - HikariPool-1 - Start completed.
2025-12-10 22:58:00.636 [main] INFO  org.hibernate.engine.transaction.jta.platform.internal.JtaPlatformInitiator - HHH000489: No JTA platform available (set 'hibernate.transaction.jta.platform' to enable JTA platform integration)
2025-12-10 22:58:01.062 [main] INFO  org.springframework.orm.jpa.LocalContainerEntityManagerFactoryBean - Initialized JPA EntityManagerFactory for persistence unit 'default'
2025-12-10 22:58:01.080 [main] INFO  com.dp1.backend.BackendApplication - Zona horaria configurada a: America/Lima
2025-12-10 22:58:01.107 [main] INFO  com.dp1.backend.services.DatosEnMemoriaService - Inicializando DatosEnMemoriaService con working directory: C:\Users\Joseph\Documents\PUCP\25-2\Dp1\Nuevo\Back\MoraPack_Backend
2025-12-10 22:58:01.125 [main] INFO  com.dp1.backend.services.DatosEnMemoriaService - Aeropuertos cargados: 30
2025-12-10 22:58:01.227 [main] INFO  com.dp1.backend.services.DatosEnMemoriaService - Vuelos cargados: 2866
2025-12-10 22:58:01.942 [main] INFO  com.dp1.backend.services.DatosEnMemoriaService - Leyendo rutas posibles
2025-12-10 22:58:02.335 [main] INFO  com.dp1.backend.services.DatosEnMemoriaService - Colecciones rutas: 0
2025-12-10 22:58:02.336 [main] INFO  com.dp1.backend.services.DatosEnMemoriaService - Rutas posibles set: 0
2025-12-10 22:58:02.857 [main] INFO  org.springframework.data.jpa.repository.query.QueryEnhancerFactory - Hibernate is in classpath; If applicable, HQL parser will be used.
2025-12-10 22:58:04.937 [main] WARN  org.springframework.boot.autoconfigure.orm.jpa.JpaBaseConfiguration$JpaWebConfiguration - spring.jpa.open-in-view is enabled by default. Therefore, database queries may be performed during view rendering. Explicitly configure spring.jpa.open-in-view to disable this warning
2025-12-10 22:58:06.259 [main] INFO  org.apache.coyote.http11.Http11NioProtocol - Starting ProtocolHandler ["http-nio-8081"]
2025-12-10 22:58:06.380 [main] INFO  org.springframework.boot.web.embedded.tomcat.TomcatWebServer - Tomcat started on port 8081 (http) with context path '/api'
2025-12-10 22:58:06.396 [main] INFO  com.dp1.backend.BackendApplication - Started BackendApplication in 19.974 seconds (process running for 22.656)
2025-12-10 22:58:30.334 [http-nio-8081-exec-2] INFO  org.apache.catalina.core.ContainerBase.[Tomcat].[localhost].[/api] - Initializing Spring DispatcherServlet 'dispatcherServlet'
2025-12-10 22:58:30.336 [http-nio-8081-exec-2] INFO  org.springframework.web.servlet.DispatcherServlet - Initializing Servlet 'dispatcherServlet'
2025-12-10 22:58:30.342 [http-nio-8081-exec-2] INFO  org.springframework.web.servlet.DispatcherServlet - Completed initialization in 5 ms
2025-12-10 22:58:30.588 [http-nio-8081-exec-2] INFO  com.dp1.backend.handlers.SocketConnectionHandler - d502ef09-7a24-6843-d1bc-b0101a9ef2d5  conectado al socket
2025-12-10 22:58:30.946 [http-nio-8081-exec-4] INFO  com.dp1.backend.handlers.SocketConnectionHandler - Cargando envios antes de: 2024-07-22T05:45-05:00[America/Lima]
2025-12-10 22:58:30.947 [http-nio-8081-exec-4] INFO  com.dp1.backend.services.EnvioService - === BUSCANDO ENVIOS EN VIVO ===
2025-12-10 22:58:30.953 [http-nio-8081-exec-4] INFO  com.dp1.backend.services.EnvioService - Fecha inicio: 2024-07-21T05:45-05:00[America/Lima] (Zona: America/Lima)
2025-12-10 22:58:30.954 [http-nio-8081-exec-4] INFO  com.dp1.backend.services.EnvioService - Fecha fin: 2024-07-22T05:45:05-05:00[America/Lima] (Zona: America/Lima)
2025-12-10 22:58:31.060 [http-nio-8081-exec-4] INFO  com.dp1.backend.services.EnvioService - Total envios encontrados despues de fecha inicio: 0
2025-12-10 22:58:31.060 [http-nio-8081-exec-4] INFO  com.dp1.backend.services.EnvioService - Envios en rango encontrados: 0
2025-12-10 22:58:31.061 [http-nio-8081-exec-4] INFO  com.dp1.backend.services.EnvioService - === FIN BUSQUEDA ENVIOS EN VIVO ===
2025-12-10 22:58:31.082 [http-nio-8081-exec-4] INFO  com.dp1.backend.handlers.SocketConnectionHandler - Enviando # de envios en operación: inicio0
2025-12-10 22:58:31.147 [http-nio-8081-exec-4] INFO  com.dp1.backend.handlers.SocketConnectionHandler - Enviando # de vuelos en el aire: inicio1216
2025-12-10 22:58:52.343 [SpringApplicationShutdownHook] INFO  org.springframework.orm.jpa.LocalContainerEntityManagerFactoryBean - Closing JPA EntityManagerFactory for persistence unit 'default'
2025-12-10 22:58:52.350 [SpringApplicationShutdownHook] INFO  com.zaxxer.hikari.HikariDataSource - HikariPool-1 - Shutdown initiated...
2025-12-10 22:58:52.378 [SpringApplicationShutdownHook] INFO  com.zaxxer.hikari.HikariDataSource - HikariPool-1 - Shutdown completed.
2025-12-10 22:58:52.397 [SpringApplicationShutdownHook] INFO  com.dp1.backend.handlers.SocketConnectionHandler - d502ef09-7a24-6843-d1bc-b0101a9ef2d5  desconectado del socket
2025-12-10 23:03:13.186 [main] INFO  com.dp1.backend.BackendApplication - Starting BackendApplication using Java 24.0.1 with PID 12596 (C:\Users\Joseph\Documents\PUCP\25-2\Dp1\Nuevo\Back\MoraPack_Backend\target\classes started by Joseph in C:\Users\Joseph\Documents\PUCP\25-2\Dp1\Nuevo\Back\MoraPack_Backend)
2025-12-10 23:03:13.211 [main] INFO  com.dp1.backend.BackendApplication - No active profile set, falling back to 1 default profile: "default"
2025-12-10 23:03:14.862 [main] INFO  org.springframework.data.repository.config.RepositoryConfigurationDelegate - Bootstrapping Spring Data JPA repositories in DEFAULT mode.
2025-12-10 23:03:15.048 [main] INFO  org.springframework.data.repository.config.RepositoryConfigurationDelegate - Finished Spring Data repository scanning in 165 ms. Found 10 JPA repository interfaces.
2025-12-10 23:03:16.463 [main] INFO  org.springframework.boot.web.embedded.tomcat.TomcatWebServer - Tomcat initialized with port 8081 (http)
2025-12-10 23:03:16.498 [main] INFO  org.apache.coyote.http11.Http11NioProtocol - Initializing ProtocolHandler ["http-nio-8081"]
2025-12-10 23:03:16.505 [main] INFO  org.apache.catalina.core.StandardService - Starting service [Tomcat]
2025-12-10 23:03:16.506 [main] INFO  org.apache.catalina.core.StandardEngine - Starting Servlet engine: [Apache Tomcat/10.1.19]
2025-12-10 23:03:16.658 [main] INFO  org.apache.catalina.core.ContainerBase.[Tomcat].[localhost].[/api] - Initializing Spring embedded WebApplicationContext
2025-12-10 23:03:16.659 [main] INFO  org.springframework.boot.web.servlet.context.ServletWebServerApplicationContext - Root WebApplicationContext: initialization completed in 3338 ms
2025-12-10 23:03:17.128 [main] INFO  org.hibernate.jpa.internal.util.LogHelper - HHH000204: Processing PersistenceUnitInfo [name: default]
2025-12-10 23:03:17.321 [main] INFO  org.hibernate.Version - HHH000412: Hibernate ORM core version 6.4.4.Final
2025-12-10 23:03:17.430 [main] INFO  org.hibernate.cache.internal.RegionFactoryInitiator - HHH000026: Second-level cache disabled
2025-12-10 23:03:18.263 [main] INFO  org.springframework.orm.jpa.persistenceunit.SpringPersistenceUnitInfo - No LoadTimeWeaver setup: ignoring JPA class transformer
2025-12-10 23:03:18.351 [main] WARN  com.zaxxer.hikari.HikariConfig - HikariPool-1 - idleTimeout has been set but has no effect because the pool is operating as a fixed size pool.
2025-12-10 23:03:18.351 [main] INFO  com.zaxxer.hikari.HikariDataSource - HikariPool-1 - Starting...
2025-12-10 23:03:18.778 [main] INFO  com.zaxxer.hikari.pool.HikariPool - HikariPool-1 - Added connection com.mysql.cj.jdbc.ConnectionImpl@591e5fd4
2025-12-10 23:03:18.782 [main] INFO  com.zaxxer.hikari.HikariDataSource - HikariPool-1 - Start completed.
2025-12-10 23:03:22.388 [main] INFO  org.hibernate.engine.transaction.jta.platform.internal.JtaPlatformInitiator - HHH000489: No JTA platform available (set 'hibernate.transaction.jta.platform' to enable JTA platform integration)
2025-12-10 23:03:22.710 [main] INFO  org.springframework.orm.jpa.LocalContainerEntityManagerFactoryBean - Initialized JPA EntityManagerFactory for persistence unit 'default'
2025-12-10 23:03:22.730 [main] INFO  com.dp1.backend.BackendApplication - Zona horaria configurada a: America/Lima
2025-12-10 23:03:22.752 [main] INFO  com.dp1.backend.services.DatosEnMemoriaService - Inicializando DatosEnMemoriaService con working directory: C:\Users\Joseph\Documents\PUCP\25-2\Dp1\Nuevo\Back\MoraPack_Backend
2025-12-10 23:03:22.773 [main] INFO  com.dp1.backend.services.DatosEnMemoriaService - Aeropuertos cargados: 30
2025-12-10 23:03:22.871 [main] INFO  com.dp1.backend.services.DatosEnMemoriaService - Vuelos cargados: 2866
2025-12-10 23:03:23.888 [main] INFO  com.dp1.backend.services.DatosEnMemoriaService - Leyendo rutas posibles
2025-12-10 23:03:24.379 [main] INFO  com.dp1.backend.services.DatosEnMemoriaService - Colecciones rutas: 0
2025-12-10 23:03:24.380 [main] INFO  com.dp1.backend.services.DatosEnMemoriaService - Rutas posibles set: 0
2025-12-10 23:03:24.788 [main] INFO  org.springframework.data.jpa.repository.query.QueryEnhancerFactory - Hibernate is in classpath; If applicable, HQL parser will be used.
2025-12-10 23:03:26.343 [main] WARN  org.springframework.boot.autoconfigure.orm.jpa.JpaBaseConfiguration$JpaWebConfiguration - spring.jpa.open-in-view is enabled by default. Therefore, database queries may be performed during view rendering. Explicitly configure spring.jpa.open-in-view to disable this warning
2025-12-10 23:03:27.475 [main] INFO  org.apache.coyote.http11.Http11NioProtocol - Starting ProtocolHandler ["http-nio-8081"]
2025-12-10 23:03:27.545 [main] INFO  org.springframework.boot.web.embedded.tomcat.TomcatWebServer - Tomcat started on port 8081 (http) with context path '/api'
2025-12-10 23:03:27.567 [main] INFO  com.dp1.backend.BackendApplication - Started BackendApplication in 15.706 seconds (process running for 17.813)
2025-12-10 23:04:53.372 [http-nio-8081-exec-3] INFO  org.apache.catalina.core.ContainerBase.[Tomcat].[localhost].[/api] - Initializing Spring DispatcherServlet 'dispatcherServlet'
2025-12-10 23:04:53.374 [http-nio-8081-exec-3] INFO  org.springframework.web.servlet.DispatcherServlet - Initializing Servlet 'dispatcherServlet'
2025-12-10 23:04:53.378 [http-nio-8081-exec-3] INFO  org.springframework.web.servlet.DispatcherServlet - Completed initialization in 3 ms
2025-12-10 23:04:53.665 [http-nio-8081-exec-3] INFO  com.dp1.backend.handlers.SocketConnectionHandler - 0d5088f1-42c8-db4f-ea57-16c6b8019296  conectado al socket
2025-12-10 23:04:53.978 [http-nio-8081-exec-4] INFO  com.dp1.backend.handlers.SocketConnectionHandler - Cargando envios antes de: 2025-12-10T23:04:53-05:00[America/Lima]
2025-12-10 23:04:53.980 [http-nio-8081-exec-4] INFO  com.dp1.backend.services.EnvioService - === BUSCANDO ENVIOS EN VIVO ===
2025-12-10 23:04:53.981 [http-nio-8081-exec-4] INFO  com.dp1.backend.services.EnvioService - Fecha inicio: 2025-12-09T23:04:53-05:00[America/Lima] (Zona: America/Lima)
2025-12-10 23:04:53.982 [http-nio-8081-exec-4] INFO  com.dp1.backend.services.EnvioService - Fecha fin: 2025-12-10T23:04:58-05:00[America/Lima] (Zona: America/Lima)
2025-12-10 23:04:54.097 [http-nio-8081-exec-4] INFO  com.dp1.backend.services.EnvioService - Total envios encontrados despues de fecha inicio: 0
2025-12-10 23:04:54.098 [http-nio-8081-exec-4] INFO  com.dp1.backend.services.EnvioService - Envios en rango encontrados: 0
2025-12-10 23:04:54.098 [http-nio-8081-exec-4] INFO  com.dp1.backend.services.EnvioService - === FIN BUSQUEDA ENVIOS EN VIVO ===
2025-12-10 23:04:54.118 [http-nio-8081-exec-4] INFO  com.dp1.backend.handlers.SocketConnectionHandler - Enviando # de envios en operación: inicio0
2025-12-10 23:04:54.186 [http-nio-8081-exec-4] INFO  com.dp1.backend.handlers.SocketConnectionHandler - Enviando # de vuelos en el aire: inicio1192
2025-12-10 23:05:25.660 [http-nio-8081-exec-5] INFO  com.dp1.backend.handlers.SocketConnectionHandler - Enviando # de vuelos en el aire: 3
2025-12-10 23:05:25.661 [http-nio-8081-exec-5] INFO  com.dp1.backend.services.EnvioService - === BUSCANDO ENVIOS EN VIVO ===
2025-12-10 23:05:25.661 [http-nio-8081-exec-5] INFO  com.dp1.backend.services.EnvioService - Fecha inicio: 2025-12-10T23:04:53-05:00[America/Lima] (Zona: America/Lima)
2025-12-10 23:05:25.662 [http-nio-8081-exec-5] INFO  com.dp1.backend.services.EnvioService - Fecha fin: 2025-12-10T23:05:24-05:00[America/Lima] (Zona: America/Lima)
2025-12-10 23:05:25.670 [http-nio-8081-exec-5] INFO  com.dp1.backend.services.EnvioService - Total envios encontrados despues de fecha inicio: 0
2025-12-10 23:05:25.671 [http-nio-8081-exec-5] INFO  com.dp1.backend.services.EnvioService - Envios en rango encontrados: 0
2025-12-10 23:05:25.671 [http-nio-8081-exec-5] INFO  com.dp1.backend.services.EnvioService - === FIN BUSQUEDA ENVIOS EN VIVO ===
2025-12-10 23:05:25.673 [http-nio-8081-exec-5] INFO  com.dp1.backend.handlers.SocketConnectionHandler - Enviando # de envios nuevos: 0
2025-12-10 23:05:25.674 [http-nio-8081-exec-5] INFO  com.dp1.backend.services.EnvioService - === BUSCANDO ENVIOS EN VIVO ===
2025-12-10 23:05:25.674 [http-nio-8081-exec-5] INFO  com.dp1.backend.services.EnvioService - Fecha inicio: 2025-12-09T23:04:53-05:00[America/Lima] (Zona: America/Lima)
2025-12-10 23:05:25.675 [http-nio-8081-exec-5] INFO  com.dp1.backend.services.EnvioService - Fecha fin: 2025-12-10T23:04:53-05:00[America/Lima] (Zona: America/Lima)
2025-12-10 23:05:25.685 [http-nio-8081-exec-5] INFO  com.dp1.backend.services.EnvioService - Total envios encontrados despues de fecha inicio: 0
2025-12-10 23:05:25.686 [http-nio-8081-exec-5] INFO  com.dp1.backend.services.EnvioService - Envios en rango encontrados: 0
2025-12-10 23:05:25.686 [http-nio-8081-exec-5] INFO  com.dp1.backend.services.EnvioService - === FIN BUSQUEDA ENVIOS EN VIVO ===
2025-12-10 23:05:25.688 [http-nio-8081-exec-5] INFO  com.dp1.backend.handlers.SocketConnectionHandler - Enviando # de envios en operación: 0
2025-12-10 23:05:56.646 [http-nio-8081-exec-6] INFO  com.dp1.backend.handlers.SocketConnectionHandler - Enviando # de vuelos en el aire: 0
2025-12-10 23:05:56.647 [http-nio-8081-exec-6] INFO  com.dp1.backend.services.EnvioService - === BUSCANDO ENVIOS EN VIVO ===
2025-12-10 23:05:56.648 [http-nio-8081-exec-6] INFO  com.dp1.backend.services.EnvioService - Fecha inicio: 2025-12-10T23:05:24-05:00[America/Lima] (Zona: America/Lima)
2025-12-10 23:05:56.648 [http-nio-8081-exec-6] INFO  com.dp1.backend.services.EnvioService - Fecha fin: 2025-12-10T23:05:55-05:00[America/Lima] (Zona: America/Lima)
2025-12-10 23:05:56.657 [http-nio-8081-exec-6] INFO  com.dp1.backend.services.EnvioService - Total envios encontrados despues de fecha inicio: 0
2025-12-10 23:05:56.658 [http-nio-8081-exec-6] INFO  com.dp1.backend.services.EnvioService - Envios en rango encontrados: 0
2025-12-10 23:05:56.658 [http-nio-8081-exec-6] INFO  com.dp1.backend.services.EnvioService - === FIN BUSQUEDA ENVIOS EN VIVO ===
2025-12-10 23:05:56.660 [http-nio-8081-exec-6] INFO  com.dp1.backend.handlers.SocketConnectionHandler - Enviando # de envios nuevos: 0
2025-12-10 23:05:56.661 [http-nio-8081-exec-6] INFO  com.dp1.backend.services.EnvioService - === BUSCANDO ENVIOS EN VIVO ===
2025-12-10 23:05:56.663 [http-nio-8081-exec-6] INFO  com.dp1.backend.services.EnvioService - Fecha inicio: 2025-12-09T23:05:24-05:00[America/Lima] (Zona: America/Lima)
2025-12-10 23:05:56.664 [http-nio-8081-exec-6] INFO  com.dp1.backend.services.EnvioService - Fecha fin: 2025-12-10T23:05:24-05:00[America/Lima] (Zona: America/Lima)
2025-12-10 23:05:56.677 [http-nio-8081-exec-6] INFO  com.dp1.backend.services.EnvioService - Total envios encontrados despues de fecha inicio: 0
2025-12-10 23:05:56.679 [http-nio-8081-exec-6] INFO  com.dp1.backend.services.EnvioService - Envios en rango encontrados: 0
2025-12-10 23:05:56.680 [http-nio-8081-exec-6] INFO  com.dp1.backend.services.EnvioService - === FIN BUSQUEDA ENVIOS EN VIVO ===
2025-12-10 23:05:56.681 [http-nio-8081-exec-6] INFO  com.dp1.backend.handlers.SocketConnectionHandler - Enviando # de envios en operación: 0
2025-12-10 23:06:27.652 [http-nio-8081-exec-9] INFO  com.dp1.backend.handlers.SocketConnectionHandler - Enviando # de vuelos en el aire: 1
2025-12-10 23:06:27.653 [http-nio-8081-exec-9] INFO  com.dp1.backend.services.EnvioService - === BUSCANDO ENVIOS EN VIVO ===
2025-12-10 23:06:27.653 [http-nio-8081-exec-9] INFO  com.dp1.backend.services.EnvioService - Fecha inicio: 2025-12-10T23:05:55-05:00[America/Lima] (Zona: America/Lima)
2025-12-10 23:06:27.654 [http-nio-8081-exec-9] INFO  com.dp1.backend.services.EnvioService - Fecha fin: 2025-12-10T23:06:26-05:00[America/Lima] (Zona: America/Lima)
2025-12-10 23:06:27.661 [http-nio-8081-exec-9] INFO  com.dp1.backend.services.EnvioService - Total envios encontrados despues de fecha inicio: 0
2025-12-10 23:06:27.662 [http-nio-8081-exec-9] INFO  com.dp1.backend.services.EnvioService - Envios en rango encontrados: 0
2025-12-10 23:06:27.662 [http-nio-8081-exec-9] INFO  com.dp1.backend.services.EnvioService - === FIN BUSQUEDA ENVIOS EN VIVO ===
2025-12-10 23:06:27.664 [http-nio-8081-exec-9] INFO  com.dp1.backend.handlers.SocketConnectionHandler - Enviando # de envios nuevos: 0
2025-12-10 23:06:27.664 [http-nio-8081-exec-9] INFO  com.dp1.backend.services.EnvioService - === BUSCANDO ENVIOS EN VIVO ===
2025-12-10 23:06:27.664 [http-nio-8081-exec-9] INFO  com.dp1.backend.services.EnvioService - Fecha inicio: 2025-12-09T23:05:55-05:00[America/Lima] (Zona: America/Lima)
2025-12-10 23:06:27.665 [http-nio-8081-exec-9] INFO  com.dp1.backend.services.EnvioService - Fecha fin: 2025-12-10T23:05:55-05:00[America/Lima] (Zona: America/Lima)
2025-12-10 23:06:27.672 [http-nio-8081-exec-9] INFO  com.dp1.backend.services.EnvioService - Total envios encontrados despues de fecha inicio: 0
2025-12-10 23:06:27.673 [http-nio-8081-exec-9] INFO  com.dp1.backend.services.EnvioService - Envios en rango encontrados: 0
2025-12-10 23:06:27.673 [http-nio-8081-exec-9] INFO  com.dp1.backend.services.EnvioService - === FIN BUSQUEDA ENVIOS EN VIVO ===
2025-12-10 23:06:27.675 [http-nio-8081-exec-9] INFO  com.dp1.backend.handlers.SocketConnectionHandler - Enviando # de envios en operación: 0
2025-12-10 23:07:01.543 [http-nio-8081-exec-8] INFO  com.dp1.backend.handlers.SocketConnectionHandler - Enviando # de vuelos en el aire: 0
2025-12-10 23:07:01.545 [http-nio-8081-exec-8] INFO  com.dp1.backend.services.EnvioService - === BUSCANDO ENVIOS EN VIVO ===
2025-12-10 23:07:01.545 [http-nio-8081-exec-8] INFO  com.dp1.backend.services.EnvioService - Fecha inicio: 2025-12-10T23:06:26-05:00[America/Lima] (Zona: America/Lima)
2025-12-10 23:07:01.546 [http-nio-8081-exec-8] INFO  com.dp1.backend.services.EnvioService - Fecha fin: 2025-12-10T23:06:57-05:00[America/Lima] (Zona: America/Lima)
2025-12-10 23:07:01.555 [http-nio-8081-exec-8] INFO  com.dp1.backend.services.EnvioService - Total envios encontrados despues de fecha inicio: 0
2025-12-10 23:07:01.556 [http-nio-8081-exec-8] INFO  com.dp1.backend.services.EnvioService - Envios en rango encontrados: 0
2025-12-10 23:07:01.557 [http-nio-8081-exec-8] INFO  com.dp1.backend.services.EnvioService - === FIN BUSQUEDA ENVIOS EN VIVO ===
2025-12-10 23:07:01.558 [http-nio-8081-exec-8] INFO  com.dp1.backend.handlers.SocketConnectionHandler - Enviando # de envios nuevos: 0
2025-12-10 23:07:01.558 [http-nio-8081-exec-8] INFO  com.dp1.backend.services.EnvioService - === BUSCANDO ENVIOS EN VIVO ===
2025-12-10 23:07:01.559 [http-nio-8081-exec-8] INFO  com.dp1.backend.services.EnvioService - Fecha inicio: 2025-12-09T23:06:26-05:00[America/Lima] (Zona: America/Lima)
2025-12-10 23:07:01.560 [http-nio-8081-exec-8] INFO  com.dp1.backend.services.EnvioService - Fecha fin: 2025-12-10T23:06:26-05:00[America/Lima] (Zona: America/Lima)
2025-12-10 23:07:01.572 [http-nio-8081-exec-8] INFO  com.dp1.backend.services.EnvioService - Total envios encontrados despues de fecha inicio: 0
2025-12-10 23:07:01.572 [http-nio-8081-exec-8] INFO  com.dp1.backend.services.EnvioService - Envios en rango encontrados: 0
2025-12-10 23:07:01.572 [http-nio-8081-exec-8] INFO  com.dp1.backend.services.EnvioService - === FIN BUSQUEDA ENVIOS EN VIVO ===
2025-12-10 23:07:01.574 [http-nio-8081-exec-8] INFO  com.dp1.backend.handlers.SocketConnectionHandler - Enviando # de envios en operación: 0
2025-12-10 23:07:32.555 [http-nio-8081-exec-6] INFO  com.dp1.backend.handlers.SocketConnectionHandler - Enviando # de vuelos en el aire: 3
2025-12-10 23:07:32.555 [http-nio-8081-exec-6] INFO  com.dp1.backend.services.EnvioService - === BUSCANDO ENVIOS EN VIVO ===
2025-12-10 23:07:32.556 [http-nio-8081-exec-6] INFO  com.dp1.backend.services.EnvioService - Fecha inicio: 2025-12-10T23:06:57-05:00[America/Lima] (Zona: America/Lima)
2025-12-10 23:07:32.556 [http-nio-8081-exec-6] INFO  com.dp1.backend.services.EnvioService - Fecha fin: 2025-12-10T23:07:28-05:00[America/Lima] (Zona: America/Lima)
2025-12-10 23:07:32.563 [http-nio-8081-exec-6] INFO  com.dp1.backend.services.EnvioService - Total envios encontrados despues de fecha inicio: 0
2025-12-10 23:07:32.563 [http-nio-8081-exec-6] INFO  com.dp1.backend.services.EnvioService - Envios en rango encontrados: 0
2025-12-10 23:07:32.563 [http-nio-8081-exec-6] INFO  com.dp1.backend.services.EnvioService - === FIN BUSQUEDA ENVIOS EN VIVO ===
2025-12-10 23:07:32.564 [http-nio-8081-exec-6] INFO  com.dp1.backend.handlers.SocketConnectionHandler - Enviando # de envios nuevos: 0
2025-12-10 23:07:32.565 [http-nio-8081-exec-6] INFO  com.dp1.backend.services.EnvioService - === BUSCANDO ENVIOS EN VIVO ===
2025-12-10 23:07:32.566 [http-nio-8081-exec-6] INFO  com.dp1.backend.services.EnvioService - Fecha inicio: 2025-12-09T23:06:57-05:00[America/Lima] (Zona: America/Lima)
2025-12-10 23:07:32.567 [http-nio-8081-exec-6] INFO  com.dp1.backend.services.EnvioService - Fecha fin: 2025-12-10T23:06:57-05:00[America/Lima] (Zona: America/Lima)
2025-12-10 23:07:32.575 [http-nio-8081-exec-6] INFO  com.dp1.backend.services.EnvioService - Total envios encontrados despues de fecha inicio: 0
2025-12-10 23:07:32.575 [http-nio-8081-exec-6] INFO  com.dp1.backend.services.EnvioService - Envios en rango encontrados: 0
2025-12-10 23:07:32.576 [http-nio-8081-exec-6] INFO  com.dp1.backend.services.EnvioService - === FIN BUSQUEDA ENVIOS EN VIVO ===
2025-12-10 23:07:32.577 [http-nio-8081-exec-6] INFO  com.dp1.backend.handlers.SocketConnectionHandler - Enviando # de envios en operación: 0
2025-12-10 23:08:22.467 [SpringApplicationShutdownHook] INFO  org.springframework.orm.jpa.LocalContainerEntityManagerFactoryBean - Closing JPA EntityManagerFactory for persistence unit 'default'
2025-12-10 23:08:22.474 [SpringApplicationShutdownHook] INFO  com.zaxxer.hikari.HikariDataSource - HikariPool-1 - Shutdown initiated...
2025-12-10 23:08:22.501 [SpringApplicationShutdownHook] INFO  com.zaxxer.hikari.HikariDataSource - HikariPool-1 - Shutdown completed.
2025-12-10 23:08:22.514 [SpringApplicationShutdownHook] INFO  com.dp1.backend.handlers.SocketConnectionHandler - 0d5088f1-42c8-db4f-ea57-16c6b8019296  desconectado del socket
2025-12-10 23:14:29.504 [main] INFO  com.dp1.backend.BackendApplication - Starting BackendApplication using Java 24.0.1 with PID 10624 (C:\Users\Joseph\Documents\PUCP\25-2\Dp1\Nuevo\Back\MoraPack_Backend\target\classes started by Joseph in C:\Users\Joseph\Documents\PUCP\25-2\Dp1\Nuevo\Back\MoraPack_Backend)
2025-12-10 23:14:29.528 [main] INFO  com.dp1.backend.BackendApplication - No active profile set, falling back to 1 default profile: "default"
2025-12-10 23:14:31.324 [main] INFO  org.springframework.data.repository.config.RepositoryConfigurationDelegate - Bootstrapping Spring Data JPA repositories in DEFAULT mode.
2025-12-10 23:14:31.524 [main] INFO  org.springframework.data.repository.config.RepositoryConfigurationDelegate - Finished Spring Data repository scanning in 177 ms. Found 10 JPA repository interfaces.
2025-12-10 23:14:32.902 [main] INFO  org.springframework.boot.web.embedded.tomcat.TomcatWebServer - Tomcat initialized with port 8081 (http)
2025-12-10 23:14:32.937 [main] INFO  org.apache.coyote.http11.Http11NioProtocol - Initializing ProtocolHandler ["http-nio-8081"]
2025-12-10 23:14:32.946 [main] INFO  org.apache.catalina.core.StandardService - Starting service [Tomcat]
2025-12-10 23:14:32.947 [main] INFO  org.apache.catalina.core.StandardEngine - Starting Servlet engine: [Apache Tomcat/10.1.19]
2025-12-10 23:14:33.076 [main] INFO  org.apache.catalina.core.ContainerBase.[Tomcat].[localhost].[/api] - Initializing Spring embedded WebApplicationContext
2025-12-10 23:14:33.078 [main] INFO  org.springframework.boot.web.servlet.context.ServletWebServerApplicationContext - Root WebApplicationContext: initialization completed in 3427 ms
2025-12-10 23:14:33.489 [main] INFO  org.hibernate.jpa.internal.util.LogHelper - HHH000204: Processing PersistenceUnitInfo [name: default]
2025-12-10 23:14:33.664 [main] INFO  org.hibernate.Version - HHH000412: Hibernate ORM core version 6.4.4.Final
2025-12-10 23:14:33.800 [main] INFO  org.hibernate.cache.internal.RegionFactoryInitiator - HHH000026: Second-level cache disabled
2025-12-10 23:14:34.486 [main] INFO  org.springframework.orm.jpa.persistenceunit.SpringPersistenceUnitInfo - No LoadTimeWeaver setup: ignoring JPA class transformer
2025-12-10 23:14:34.562 [main] WARN  com.zaxxer.hikari.HikariConfig - HikariPool-1 - idleTimeout has been set but has no effect because the pool is operating as a fixed size pool.
2025-12-10 23:14:34.563 [main] INFO  com.zaxxer.hikari.HikariDataSource - HikariPool-1 - Starting...
2025-12-10 23:14:34.990 [main] INFO  com.zaxxer.hikari.pool.HikariPool - HikariPool-1 - Added connection com.mysql.cj.jdbc.ConnectionImpl@2248d140
2025-12-10 23:14:34.995 [main] INFO  com.zaxxer.hikari.HikariDataSource - HikariPool-1 - Start completed.
2025-12-10 23:14:37.843 [main] INFO  org.hibernate.engine.transaction.jta.platform.internal.JtaPlatformInitiator - HHH000489: No JTA platform available (set 'hibernate.transaction.jta.platform' to enable JTA platform integration)
2025-12-10 23:14:38.188 [main] INFO  org.springframework.orm.jpa.LocalContainerEntityManagerFactoryBean - Initialized JPA EntityManagerFactory for persistence unit 'default'
2025-12-10 23:14:38.202 [main] INFO  com.dp1.backend.BackendApplication - Zona horaria configurada a: America/Lima
2025-12-10 23:14:38.222 [main] INFO  com.dp1.backend.services.DatosEnMemoriaService - Inicializando DatosEnMemoriaService con working directory: C:\Users\Joseph\Documents\PUCP\25-2\Dp1\Nuevo\Back\MoraPack_Backend
2025-12-10 23:14:38.236 [main] INFO  com.dp1.backend.services.DatosEnMemoriaService - Aeropuertos cargados: 30
2025-12-10 23:14:38.306 [main] INFO  com.dp1.backend.services.DatosEnMemoriaService - Vuelos cargados: 2866
2025-12-10 23:14:38.873 [main] INFO  com.dp1.backend.services.DatosEnMemoriaService - Leyendo rutas posibles
2025-12-10 23:14:39.246 [main] INFO  com.dp1.backend.services.DatosEnMemoriaService - Colecciones rutas: 0
2025-12-10 23:14:39.247 [main] INFO  com.dp1.backend.services.DatosEnMemoriaService - Rutas posibles set: 0
2025-12-10 23:14:39.544 [main] INFO  org.springframework.data.jpa.repository.query.QueryEnhancerFactory - Hibernate is in classpath; If applicable, HQL parser will be used.
2025-12-10 23:14:41.158 [main] WARN  org.springframework.boot.autoconfigure.orm.jpa.JpaBaseConfiguration$JpaWebConfiguration - spring.jpa.open-in-view is enabled by default. Therefore, database queries may be performed during view rendering. Explicitly configure spring.jpa.open-in-view to disable this warning
2025-12-10 23:14:42.013 [main] INFO  org.apache.coyote.http11.Http11NioProtocol - Starting ProtocolHandler ["http-nio-8081"]
2025-12-10 23:14:42.066 [main] INFO  org.springframework.boot.web.embedded.tomcat.TomcatWebServer - Tomcat started on port 8081 (http) with context path '/api'
2025-12-10 23:14:42.081 [main] INFO  com.dp1.backend.BackendApplication - Started BackendApplication in 13.823 seconds (process running for 18.144)
2025-12-10 23:15:43.033 [http-nio-8081-exec-1] INFO  org.apache.catalina.core.ContainerBase.[Tomcat].[localhost].[/api] - Initializing Spring DispatcherServlet 'dispatcherServlet'
2025-12-10 23:15:43.038 [http-nio-8081-exec-1] INFO  org.springframework.web.servlet.DispatcherServlet - Initializing Servlet 'dispatcherServlet'
2025-12-10 23:15:43.048 [http-nio-8081-exec-1] INFO  org.springframework.web.servlet.DispatcherServlet - Completed initialization in 8 ms
2025-12-10 23:15:43.302 [http-nio-8081-exec-2] INFO  com.dp1.backend.handlers.SocketConnectionHandler - 3b063ada-fd72-4a86-da41-eaae535eb7a0  conectado al socket
2025-12-10 23:15:44.140 [http-nio-8081-exec-4] INFO  com.dp1.backend.handlers.SocketConnectionHandler - === PRIMER CONTACTO - OPERACIÓN EN VIVO ===
2025-12-10 23:15:44.141 [http-nio-8081-exec-4] INFO  com.dp1.backend.handlers.SocketConnectionHandler - Hora actual: 2025-12-10T23:15:43-05:00[America/Lima]
2025-12-10 23:15:44.142 [http-nio-8081-exec-4] INFO  com.dp1.backend.handlers.SocketConnectionHandler - Buscando envíos desde: 2025-12-10T23:13:43-05:00[America/Lima] hasta: 2025-12-10T23:15:48-05:00[America/Lima]
2025-12-10 23:15:44.148 [http-nio-8081-exec-4] INFO  com.dp1.backend.services.EnvioService - === BUSCANDO ENVIOS EN VIVO ===
2025-12-10 23:15:44.156 [http-nio-8081-exec-4] INFO  com.dp1.backend.services.EnvioService - Fecha inicio: 2025-12-10T23:13:43-05:00[America/Lima] (Zona: America/Lima)
2025-12-10 23:15:44.157 [http-nio-8081-exec-4] INFO  com.dp1.backend.services.EnvioService - Fecha fin: 2025-12-10T23:15:48-05:00[America/Lima] (Zona: America/Lima)
2025-12-10 23:15:44.289 [http-nio-8081-exec-4] INFO  com.dp1.backend.services.EnvioService - Total envios encontrados despues de fecha inicio: 0
2025-12-10 23:15:44.290 [http-nio-8081-exec-4] INFO  com.dp1.backend.services.EnvioService - Envios en rango encontrados: 0
2025-12-10 23:15:44.291 [http-nio-8081-exec-4] INFO  com.dp1.backend.services.EnvioService - === FIN BUSQUEDA ENVIOS EN VIVO ===
2025-12-10 23:15:44.308 [http-nio-8081-exec-4] INFO  com.dp1.backend.handlers.SocketConnectionHandler - Enviando # de envios en operación: inicio0
2025-12-10 23:15:44.376 [http-nio-8081-exec-4] INFO  com.dp1.backend.handlers.SocketConnectionHandler - Enviando # de vuelos en el aire: inicio1202
2025-12-10 23:16:18.004 [http-nio-8081-exec-8] INFO  com.dp1.backend.handlers.SocketConnectionHandler - Enviando # de vuelos en el aire: 0
2025-12-10 23:16:18.005 [http-nio-8081-exec-8] INFO  com.dp1.backend.services.EnvioService - === BUSCANDO ENVIOS EN VIVO ===
2025-12-10 23:16:18.006 [http-nio-8081-exec-8] INFO  com.dp1.backend.services.EnvioService - Fecha inicio: 2025-12-10T23:15:43-05:00[America/Lima] (Zona: America/Lima)
2025-12-10 23:16:18.006 [http-nio-8081-exec-8] INFO  com.dp1.backend.services.EnvioService - Fecha fin: 2025-12-10T23:16:14-05:00[America/Lima] (Zona: America/Lima)
2025-12-10 23:16:18.015 [http-nio-8081-exec-8] INFO  com.dp1.backend.services.EnvioService - Total envios encontrados despues de fecha inicio: 0
2025-12-10 23:16:18.016 [http-nio-8081-exec-8] INFO  com.dp1.backend.services.EnvioService - Envios en rango encontrados: 0
2025-12-10 23:16:18.016 [http-nio-8081-exec-8] INFO  com.dp1.backend.services.EnvioService - === FIN BUSQUEDA ENVIOS EN VIVO ===
2025-12-10 23:16:18.018 [http-nio-8081-exec-8] INFO  com.dp1.backend.handlers.SocketConnectionHandler - Enviando # de envios nuevos (desde última actualización): 0
2025-12-10 23:16:18.018 [http-nio-8081-exec-8] INFO  com.dp1.backend.handlers.SocketConnectionHandler - Actualizando envíos en operación desde: 2025-12-10T23:14:14-05:00[America/Lima] hasta: 2025-12-10T23:16:14-05:00[America/Lima]
2025-12-10 23:16:18.019 [http-nio-8081-exec-8] INFO  com.dp1.backend.services.EnvioService - === BUSCANDO ENVIOS EN VIVO ===
2025-12-10 23:16:18.021 [http-nio-8081-exec-8] INFO  com.dp1.backend.services.EnvioService - Fecha inicio: 2025-12-10T23:14:14-05:00[America/Lima] (Zona: America/Lima)
2025-12-10 23:16:18.022 [http-nio-8081-exec-8] INFO  com.dp1.backend.services.EnvioService - Fecha fin: 2025-12-10T23:16:14-05:00[America/Lima] (Zona: America/Lima)
2025-12-10 23:16:18.033 [http-nio-8081-exec-8] INFO  com.dp1.backend.services.EnvioService - Total envios encontrados despues de fecha inicio: 0
2025-12-10 23:16:18.033 [http-nio-8081-exec-8] INFO  com.dp1.backend.services.EnvioService - Envios en rango encontrados: 0
2025-12-10 23:16:18.034 [http-nio-8081-exec-8] INFO  com.dp1.backend.services.EnvioService - === FIN BUSQUEDA ENVIOS EN VIVO ===
2025-12-10 23:16:18.035 [http-nio-8081-exec-8] INFO  com.dp1.backend.handlers.SocketConnectionHandler - Enviando # de envios en operación (últimos 2 minutos): 0
2025-12-10 23:16:49.010 [http-nio-8081-exec-2] INFO  com.dp1.backend.handlers.SocketConnectionHandler - Enviando # de vuelos en el aire: 0
2025-12-10 23:16:49.010 [http-nio-8081-exec-2] INFO  com.dp1.backend.services.EnvioService - === BUSCANDO ENVIOS EN VIVO ===
2025-12-10 23:16:49.011 [http-nio-8081-exec-2] INFO  com.dp1.backend.services.EnvioService - Fecha inicio: 2025-12-10T23:16:14-05:00[America/Lima] (Zona: America/Lima)
2025-12-10 23:16:49.011 [http-nio-8081-exec-2] INFO  com.dp1.backend.services.EnvioService - Fecha fin: 2025-12-10T23:16:45-05:00[America/Lima] (Zona: America/Lima)
2025-12-10 23:16:49.020 [http-nio-8081-exec-2] INFO  com.dp1.backend.services.EnvioService - Total envios encontrados despues de fecha inicio: 0
2025-12-10 23:16:49.021 [http-nio-8081-exec-2] INFO  com.dp1.backend.services.EnvioService - Envios en rango encontrados: 0
2025-12-10 23:16:49.022 [http-nio-8081-exec-2] INFO  com.dp1.backend.services.EnvioService - === FIN BUSQUEDA ENVIOS EN VIVO ===
2025-12-10 23:16:49.024 [http-nio-8081-exec-2] INFO  com.dp1.backend.handlers.SocketConnectionHandler - Enviando # de envios nuevos (desde última actualización): 0
2025-12-10 23:16:49.025 [http-nio-8081-exec-2] INFO  com.dp1.backend.handlers.SocketConnectionHandler - Actualizando envíos en operación desde: 2025-12-10T23:14:45-05:00[America/Lima] hasta: 2025-12-10T23:16:45-05:00[America/Lima]
2025-12-10 23:16:49.025 [http-nio-8081-exec-2] INFO  com.dp1.backend.services.EnvioService - === BUSCANDO ENVIOS EN VIVO ===
2025-12-10 23:16:49.026 [http-nio-8081-exec-2] INFO  com.dp1.backend.services.EnvioService - Fecha inicio: 2025-12-10T23:14:45-05:00[America/Lima] (Zona: America/Lima)
2025-12-10 23:16:49.027 [http-nio-8081-exec-2] INFO  com.dp1.backend.services.EnvioService - Fecha fin: 2025-12-10T23:16:45-05:00[America/Lima] (Zona: America/Lima)
2025-12-10 23:16:49.036 [http-nio-8081-exec-2] INFO  com.dp1.backend.services.EnvioService - Total envios encontrados despues de fecha inicio: 0
2025-12-10 23:16:49.037 [http-nio-8081-exec-2] INFO  com.dp1.backend.services.EnvioService - Envios en rango encontrados: 0
2025-12-10 23:16:49.037 [http-nio-8081-exec-2] INFO  com.dp1.backend.services.EnvioService - === FIN BUSQUEDA ENVIOS EN VIVO ===
2025-12-10 23:16:49.038 [http-nio-8081-exec-2] INFO  com.dp1.backend.handlers.SocketConnectionHandler - Enviando # de envios en operación (últimos 2 minutos): 0
2025-12-10 23:16:59.940 [http-nio-8081-exec-3] INFO  com.dp1.backend.services.ClienteService - Creando cliente con datos: sdcsc dscfv mr@cc.com 
2025-12-10 23:17:00.186 [http-nio-8081-exec-3] INFO  com.dp1.backend.services.ClienteService - Cliente creado exitosamente con ID: 9
2025-12-10 23:17:00.232 [http-nio-8081-exec-6] INFO  com.dp1.backend.services.ClienteService - Creando cliente con datos: brs ascd efa@cc.com 
2025-12-10 23:17:00.267 [http-nio-8081-exec-6] INFO  com.dp1.backend.services.ClienteService - Cliente creado exitosamente con ID: 10
2025-12-10 23:17:00.337 [http-nio-8081-exec-7] INFO  com.dp1.backend.services.EnvioService - Envío llegando con fecha de salida desde frontend: null
2025-12-10 23:17:00.338 [http-nio-8081-exec-7] INFO  com.dp1.backend.services.EnvioService - Fecha de salida final: 2025-12-10T23:17:00.337335100-05:00
2025-12-10 23:17:00.380 [http-nio-8081-exec-7] INFO  com.dp1.backend.services.EnvioService - Todo bien hasta primer guardado
2025-12-10 23:17:00.450 [http-nio-8081-exec-7] INFO  com.dp1.backend.services.EnvioService - Todo bien hasta segundo guardado
2025-12-10 23:17:00.719 [http-nio-8081-exec-7] INFO  com.dp1.backend.services.EnvioService - Todo bien hasta guardado de paquetes
2025-12-10 23:17:20.006 [http-nio-8081-exec-8] INFO  com.dp1.backend.handlers.SocketConnectionHandler - Enviando # de vuelos en el aire: 5
2025-12-10 23:17:20.007 [http-nio-8081-exec-8] INFO  com.dp1.backend.services.EnvioService - === BUSCANDO ENVIOS EN VIVO ===
2025-12-10 23:17:20.007 [http-nio-8081-exec-8] INFO  com.dp1.backend.services.EnvioService - Fecha inicio: 2025-12-10T23:16:45-05:00[America/Lima] (Zona: America/Lima)
2025-12-10 23:17:20.008 [http-nio-8081-exec-8] INFO  com.dp1.backend.services.EnvioService - Fecha fin: 2025-12-10T23:17:16-05:00[America/Lima] (Zona: America/Lima)
2025-12-10 23:17:20.098 [http-nio-8081-exec-8] INFO  com.dp1.backend.services.EnvioService - Total envios encontrados despues de fecha inicio: 1
2025-12-10 23:17:20.098 [http-nio-8081-exec-8] INFO  com.dp1.backend.services.EnvioService - Evaluando envio SPIM5 - Fecha salida: 2025-12-11T04:17:00.337335Z (Zona: Z)
2025-12-10 23:17:20.100 [http-nio-8081-exec-8] INFO  com.dp1.backend.services.EnvioService - ✓ Envio SPIM5 está en el rango
2025-12-10 23:17:20.116 [http-nio-8081-exec-8] INFO  com.dp1.backend.services.EnvioService - Envios en rango encontrados: 1
2025-12-10 23:17:20.117 [http-nio-8081-exec-8] INFO  com.dp1.backend.services.EnvioService - === FIN BUSQUEDA ENVIOS EN VIVO ===
2025-12-10 23:17:20.136 [http-nio-8081-exec-8] INFO  com.dp1.backend.handlers.SocketConnectionHandler - Enviando # de envios nuevos (desde última actualización): 1
2025-12-10 23:17:20.137 [http-nio-8081-exec-8] INFO  com.dp1.backend.handlers.SocketConnectionHandler - Actualizando envíos en operación desde: 2025-12-10T23:15:16-05:00[America/Lima] hasta: 2025-12-10T23:17:16-05:00[America/Lima]
2025-12-10 23:17:20.139 [http-nio-8081-exec-8] INFO  com.dp1.backend.services.EnvioService - === BUSCANDO ENVIOS EN VIVO ===
2025-12-10 23:17:20.140 [http-nio-8081-exec-8] INFO  com.dp1.backend.services.EnvioService - Fecha inicio: 2025-12-10T23:15:16-05:00[America/Lima] (Zona: America/Lima)
2025-12-10 23:17:20.140 [http-nio-8081-exec-8] INFO  com.dp1.backend.services.EnvioService - Fecha fin: 2025-12-10T23:17:16-05:00[America/Lima] (Zona: America/Lima)
2025-12-10 23:17:20.158 [http-nio-8081-exec-8] INFO  com.dp1.backend.services.EnvioService - Total envios encontrados despues de fecha inicio: 1
2025-12-10 23:17:20.158 [http-nio-8081-exec-8] INFO  com.dp1.backend.services.EnvioService - Evaluando envio SPIM5 - Fecha salida: 2025-12-11T04:17:00.337335Z (Zona: Z)
2025-12-10 23:17:20.158 [http-nio-8081-exec-8] INFO  com.dp1.backend.services.EnvioService - ✓ Envio SPIM5 está en el rango
2025-12-10 23:17:20.180 [http-nio-8081-exec-8] INFO  com.dp1.backend.services.EnvioService - Envios en rango encontrados: 1
2025-12-10 23:17:20.184 [http-nio-8081-exec-8] INFO  com.dp1.backend.services.EnvioService - === FIN BUSQUEDA ENVIOS EN VIVO ===
2025-12-10 23:17:20.192 [http-nio-8081-exec-8] INFO  com.dp1.backend.handlers.SocketConnectionHandler - Enviando # de envios en operación (últimos 2 minutos): 1
2025-12-10 23:17:51.015 [http-nio-8081-exec-2] INFO  com.dp1.backend.handlers.SocketConnectionHandler - Enviando # de vuelos en el aire: 0
2025-12-10 23:17:51.016 [http-nio-8081-exec-2] INFO  com.dp1.backend.services.EnvioService - === BUSCANDO ENVIOS EN VIVO ===
2025-12-10 23:17:51.017 [http-nio-8081-exec-2] INFO  com.dp1.backend.services.EnvioService - Fecha inicio: 2025-12-10T23:17:16-05:00[America/Lima] (Zona: America/Lima)
2025-12-10 23:17:51.017 [http-nio-8081-exec-2] INFO  com.dp1.backend.services.EnvioService - Fecha fin: 2025-12-10T23:17:47-05:00[America/Lima] (Zona: America/Lima)
2025-12-10 23:17:51.027 [http-nio-8081-exec-2] INFO  com.dp1.backend.services.EnvioService - Total envios encontrados despues de fecha inicio: 0
2025-12-10 23:17:51.029 [http-nio-8081-exec-2] INFO  com.dp1.backend.services.EnvioService - Envios en rango encontrados: 0
2025-12-10 23:17:51.030 [http-nio-8081-exec-2] INFO  com.dp1.backend.services.EnvioService - === FIN BUSQUEDA ENVIOS EN VIVO ===
2025-12-10 23:17:51.031 [http-nio-8081-exec-2] INFO  com.dp1.backend.handlers.SocketConnectionHandler - Enviando # de envios nuevos (desde última actualización): 0
2025-12-10 23:17:51.033 [http-nio-8081-exec-2] INFO  com.dp1.backend.handlers.SocketConnectionHandler - Actualizando envíos en operación desde: 2025-12-10T23:15:47-05:00[America/Lima] hasta: 2025-12-10T23:17:47-05:00[America/Lima]
2025-12-10 23:17:51.034 [http-nio-8081-exec-2] INFO  com.dp1.backend.services.EnvioService - === BUSCANDO ENVIOS EN VIVO ===
2025-12-10 23:17:51.035 [http-nio-8081-exec-2] INFO  com.dp1.backend.services.EnvioService - Fecha inicio: 2025-12-10T23:15:47-05:00[America/Lima] (Zona: America/Lima)
2025-12-10 23:17:51.035 [http-nio-8081-exec-2] INFO  com.dp1.backend.services.EnvioService - Fecha fin: 2025-12-10T23:17:47-05:00[America/Lima] (Zona: America/Lima)
2025-12-10 23:17:51.055 [http-nio-8081-exec-2] INFO  com.dp1.backend.services.EnvioService - Total envios encontrados despues de fecha inicio: 1
2025-12-10 23:17:51.060 [http-nio-8081-exec-2] INFO  com.dp1.backend.services.EnvioService - Evaluando envio SPIM5 - Fecha salida: 2025-12-11T04:17:00.337335Z (Zona: Z)
2025-12-10 23:17:51.065 [http-nio-8081-exec-2] INFO  com.dp1.backend.services.EnvioService - ✓ Envio SPIM5 está en el rango
2025-12-10 23:17:51.084 [http-nio-8081-exec-2] INFO  com.dp1.backend.services.EnvioService - Envios en rango encontrados: 1
2025-12-10 23:17:51.085 [http-nio-8081-exec-2] INFO  com.dp1.backend.services.EnvioService - === FIN BUSQUEDA ENVIOS EN VIVO ===
2025-12-10 23:17:51.088 [http-nio-8081-exec-2] INFO  com.dp1.backend.handlers.SocketConnectionHandler - Enviando # de envios en operación (últimos 2 minutos): 1
2025-12-10 23:18:23.005 [http-nio-8081-exec-6] INFO  com.dp1.backend.handlers.SocketConnectionHandler - Enviando # de vuelos en el aire: 2
2025-12-10 23:18:23.006 [http-nio-8081-exec-6] INFO  com.dp1.backend.services.EnvioService - === BUSCANDO ENVIOS EN VIVO ===
2025-12-10 23:18:23.007 [http-nio-8081-exec-6] INFO  com.dp1.backend.services.EnvioService - Fecha inicio: 2025-12-10T23:17:47-05:00[America/Lima] (Zona: America/Lima)
2025-12-10 23:18:23.008 [http-nio-8081-exec-6] INFO  com.dp1.backend.services.EnvioService - Fecha fin: 2025-12-10T23:18:18-05:00[America/Lima] (Zona: America/Lima)
2025-12-10 23:18:23.017 [http-nio-8081-exec-6] INFO  com.dp1.backend.services.EnvioService - Total envios encontrados despues de fecha inicio: 0
2025-12-10 23:18:23.018 [http-nio-8081-exec-6] INFO  com.dp1.backend.services.EnvioService - Envios en rango encontrados: 0
2025-12-10 23:18:23.018 [http-nio-8081-exec-6] INFO  com.dp1.backend.services.EnvioService - === FIN BUSQUEDA ENVIOS EN VIVO ===
2025-12-10 23:18:23.019 [http-nio-8081-exec-6] INFO  com.dp1.backend.handlers.SocketConnectionHandler - Enviando # de envios nuevos (desde última actualización): 0
2025-12-10 23:18:23.019 [http-nio-8081-exec-6] INFO  com.dp1.backend.handlers.SocketConnectionHandler - Actualizando envíos en operación desde: 2025-12-10T23:16:18-05:00[America/Lima] hasta: 2025-12-10T23:18:18-05:00[America/Lima]
2025-12-10 23:18:23.020 [http-nio-8081-exec-6] INFO  com.dp1.backend.services.EnvioService - === BUSCANDO ENVIOS EN VIVO ===
2025-12-10 23:18:23.022 [http-nio-8081-exec-6] INFO  com.dp1.backend.services.EnvioService - Fecha inicio: 2025-12-10T23:16:18-05:00[America/Lima] (Zona: America/Lima)
2025-12-10 23:18:23.023 [http-nio-8081-exec-6] INFO  com.dp1.backend.services.EnvioService - Fecha fin: 2025-12-10T23:18:18-05:00[America/Lima] (Zona: America/Lima)
2025-12-10 23:18:23.047 [http-nio-8081-exec-6] INFO  com.dp1.backend.services.EnvioService - Total envios encontrados despues de fecha inicio: 1
2025-12-10 23:18:23.048 [http-nio-8081-exec-6] INFO  com.dp1.backend.services.EnvioService - Evaluando envio SPIM5 - Fecha salida: 2025-12-11T04:17:00.337335Z (Zona: Z)
2025-12-10 23:18:23.049 [http-nio-8081-exec-6] INFO  com.dp1.backend.services.EnvioService - ✓ Envio SPIM5 está en el rango
2025-12-10 23:18:23.079 [http-nio-8081-exec-6] INFO  com.dp1.backend.services.EnvioService - Envios en rango encontrados: 1
2025-12-10 23:18:23.082 [http-nio-8081-exec-6] INFO  com.dp1.backend.services.EnvioService - === FIN BUSQUEDA ENVIOS EN VIVO ===
2025-12-10 23:18:23.084 [http-nio-8081-exec-6] INFO  com.dp1.backend.handlers.SocketConnectionHandler - Enviando # de envios en operación (últimos 2 minutos): 1
2025-12-10 23:18:54.008 [http-nio-8081-exec-9] INFO  com.dp1.backend.handlers.SocketConnectionHandler - Enviando # de vuelos en el aire: 0
2025-12-10 23:18:54.009 [http-nio-8081-exec-9] INFO  com.dp1.backend.services.EnvioService - === BUSCANDO ENVIOS EN VIVO ===
2025-12-10 23:18:54.009 [http-nio-8081-exec-9] INFO  com.dp1.backend.services.EnvioService - Fecha inicio: 2025-12-10T23:18:18-05:00[America/Lima] (Zona: America/Lima)
2025-12-10 23:18:54.010 [http-nio-8081-exec-9] INFO  com.dp1.backend.services.EnvioService - Fecha fin: 2025-12-10T23:18:49-05:00[America/Lima] (Zona: America/Lima)
2025-12-10 23:18:54.018 [http-nio-8081-exec-9] INFO  com.dp1.backend.services.EnvioService - Total envios encontrados despues de fecha inicio: 0
2025-12-10 23:18:54.019 [http-nio-8081-exec-9] INFO  com.dp1.backend.services.EnvioService - Envios en rango encontrados: 0
2025-12-10 23:18:54.020 [http-nio-8081-exec-9] INFO  com.dp1.backend.services.EnvioService - === FIN BUSQUEDA ENVIOS EN VIVO ===
2025-12-10 23:18:54.022 [http-nio-8081-exec-9] INFO  com.dp1.backend.handlers.SocketConnectionHandler - Enviando # de envios nuevos (desde última actualización): 0
2025-12-10 23:18:54.022 [http-nio-8081-exec-9] INFO  com.dp1.backend.handlers.SocketConnectionHandler - Actualizando envíos en operación desde: 2025-12-10T23:16:49-05:00[America/Lima] hasta: 2025-12-10T23:18:49-05:00[America/Lima]
2025-12-10 23:18:54.022 [http-nio-8081-exec-9] INFO  com.dp1.backend.services.EnvioService - === BUSCANDO ENVIOS EN VIVO ===
2025-12-10 23:18:54.023 [http-nio-8081-exec-9] INFO  com.dp1.backend.services.EnvioService - Fecha inicio: 2025-12-10T23:16:49-05:00[America/Lima] (Zona: America/Lima)
2025-12-10 23:18:54.024 [http-nio-8081-exec-9] INFO  com.dp1.backend.services.EnvioService - Fecha fin: 2025-12-10T23:18:49-05:00[America/Lima] (Zona: America/Lima)
2025-12-10 23:18:54.043 [http-nio-8081-exec-9] INFO  com.dp1.backend.services.EnvioService - Total envios encontrados despues de fecha inicio: 1
2025-12-10 23:18:54.065 [http-nio-8081-exec-9] INFO  com.dp1.backend.services.EnvioService - Evaluando envio SPIM5 - Fecha salida: 2025-12-11T04:17:00.337335Z (Zona: Z)
2025-12-10 23:18:54.084 [http-nio-8081-exec-9] INFO  com.dp1.backend.services.EnvioService - ✓ Envio SPIM5 está en el rango
2025-12-10 23:18:54.107 [http-nio-8081-exec-9] INFO  com.dp1.backend.services.EnvioService - Envios en rango encontrados: 1
2025-12-10 23:18:54.109 [http-nio-8081-exec-9] INFO  com.dp1.backend.services.EnvioService - === FIN BUSQUEDA ENVIOS EN VIVO ===
2025-12-10 23:18:54.111 [http-nio-8081-exec-9] INFO  com.dp1.backend.handlers.SocketConnectionHandler - Enviando # de envios en operación (últimos 2 minutos): 1
2025-12-10 23:19:04.035 [SpringApplicationShutdownHook] INFO  org.springframework.orm.jpa.LocalContainerEntityManagerFactoryBean - Closing JPA EntityManagerFactory for persistence unit 'default'
2025-12-10 23:19:04.048 [SpringApplicationShutdownHook] INFO  com.zaxxer.hikari.HikariDataSource - HikariPool-1 - Shutdown initiated...
2025-12-10 23:19:04.096 [SpringApplicationShutdownHook] INFO  com.zaxxer.hikari.HikariDataSource - HikariPool-1 - Shutdown completed.
2025-12-10 23:19:04.113 [SpringApplicationShutdownHook] INFO  com.dp1.backend.handlers.SocketConnectionHandler - 3b063ada-fd72-4a86-da41-eaae535eb7a0  desconectado del socket
2025-12-10 23:23:51.376 [main] INFO  com.dp1.backend.BackendApplication - Starting BackendApplication using Java 24.0.1 with PID 22484 (C:\Users\Joseph\Documents\PUCP\25-2\Dp1\Nuevo\Back\MoraPack_Backend\target\classes started by Joseph in C:\Users\Joseph\Documents\PUCP\25-2\Dp1\Nuevo\Back\MoraPack_Backend)
2025-12-10 23:23:51.410 [main] INFO  com.dp1.backend.BackendApplication - No active profile set, falling back to 1 default profile: "default"
2025-12-10 23:23:53.776 [main] INFO  org.springframework.data.repository.config.RepositoryConfigurationDelegate - Bootstrapping Spring Data JPA repositories in DEFAULT mode.
2025-12-10 23:23:54.004 [main] INFO  org.springframework.data.repository.config.RepositoryConfigurationDelegate - Finished Spring Data repository scanning in 204 ms. Found 10 JPA repository interfaces.
2025-12-10 23:23:57.331 [main] INFO  org.springframework.boot.web.embedded.tomcat.TomcatWebServer - Tomcat initialized with port 8081 (http)
2025-12-10 23:23:57.366 [main] INFO  org.apache.coyote.http11.Http11NioProtocol - Initializing ProtocolHandler ["http-nio-8081"]
2025-12-10 23:23:57.375 [main] INFO  org.apache.catalina.core.StandardService - Starting service [Tomcat]
2025-12-10 23:23:57.375 [main] INFO  org.apache.catalina.core.StandardEngine - Starting Servlet engine: [Apache Tomcat/10.1.19]
2025-12-10 23:23:57.541 [main] INFO  org.apache.catalina.core.ContainerBase.[Tomcat].[localhost].[/api] - Initializing Spring embedded WebApplicationContext
2025-12-10 23:23:57.543 [main] INFO  org.springframework.boot.web.servlet.context.ServletWebServerApplicationContext - Root WebApplicationContext: initialization completed in 5980 ms
2025-12-10 23:23:58.012 [main] INFO  org.hibernate.jpa.internal.util.LogHelper - HHH000204: Processing PersistenceUnitInfo [name: default]
2025-12-10 23:23:58.249 [main] INFO  org.hibernate.Version - HHH000412: Hibernate ORM core version 6.4.4.Final
2025-12-10 23:23:58.367 [main] INFO  org.hibernate.cache.internal.RegionFactoryInitiator - HHH000026: Second-level cache disabled
2025-12-10 23:23:59.088 [main] INFO  org.springframework.orm.jpa.persistenceunit.SpringPersistenceUnitInfo - No LoadTimeWeaver setup: ignoring JPA class transformer
2025-12-10 23:23:59.176 [main] WARN  com.zaxxer.hikari.HikariConfig - HikariPool-1 - idleTimeout has been set but has no effect because the pool is operating as a fixed size pool.
2025-12-10 23:23:59.177 [main] INFO  com.zaxxer.hikari.HikariDataSource - HikariPool-1 - Starting...
2025-12-10 23:23:59.672 [main] INFO  com.zaxxer.hikari.pool.HikariPool - HikariPool-1 - Added connection com.mysql.cj.jdbc.ConnectionImpl@68454ed5
2025-12-10 23:23:59.678 [main] INFO  com.zaxxer.hikari.HikariDataSource - HikariPool-1 - Start completed.
2025-12-10 23:24:03.608 [main] INFO  org.hibernate.engine.transaction.jta.platform.internal.JtaPlatformInitiator - HHH000489: No JTA platform available (set 'hibernate.transaction.jta.platform' to enable JTA platform integration)
2025-12-10 23:24:04.002 [main] INFO  org.springframework.orm.jpa.LocalContainerEntityManagerFactoryBean - Initialized JPA EntityManagerFactory for persistence unit 'default'
2025-12-10 23:24:04.016 [main] INFO  com.dp1.backend.BackendApplication - Zona horaria configurada a: America/Lima
2025-12-10 23:24:04.037 [main] INFO  com.dp1.backend.services.DatosEnMemoriaService - Inicializando DatosEnMemoriaService con working directory: C:\Users\Joseph\Documents\PUCP\25-2\Dp1\Nuevo\Back\MoraPack_Backend
2025-12-10 23:24:04.051 [main] INFO  com.dp1.backend.services.DatosEnMemoriaService - Aeropuertos cargados: 30
2025-12-10 23:24:04.147 [main] INFO  com.dp1.backend.services.DatosEnMemoriaService - Vuelos cargados: 2866
2025-12-10 23:24:04.738 [main] INFO  com.dp1.backend.services.DatosEnMemoriaService - Leyendo rutas posibles
2025-12-10 23:24:05.169 [main] INFO  com.dp1.backend.services.DatosEnMemoriaService - Colecciones rutas: 0
2025-12-10 23:24:05.169 [main] INFO  com.dp1.backend.services.DatosEnMemoriaService - Rutas posibles set: 0
2025-12-10 23:24:05.660 [main] INFO  org.springframework.data.jpa.repository.query.QueryEnhancerFactory - Hibernate is in classpath; If applicable, HQL parser will be used.
2025-12-10 23:24:07.092 [main] WARN  org.springframework.boot.autoconfigure.orm.jpa.JpaBaseConfiguration$JpaWebConfiguration - spring.jpa.open-in-view is enabled by default. Therefore, database queries may be performed during view rendering. Explicitly configure spring.jpa.open-in-view to disable this warning
2025-12-10 23:24:08.086 [main] INFO  org.apache.coyote.http11.Http11NioProtocol - Starting ProtocolHandler ["http-nio-8081"]
2025-12-10 23:24:08.156 [main] INFO  org.springframework.boot.web.embedded.tomcat.TomcatWebServer - Tomcat started on port 8081 (http) with context path '/api'
2025-12-10 23:24:08.180 [main] INFO  com.dp1.backend.BackendApplication - Started BackendApplication in 18.122 seconds (process running for 22.064)
2025-12-10 23:24:53.934 [http-nio-8081-exec-2] INFO  org.apache.catalina.core.ContainerBase.[Tomcat].[localhost].[/api] - Initializing Spring DispatcherServlet 'dispatcherServlet'
2025-12-10 23:24:53.935 [http-nio-8081-exec-2] INFO  org.springframework.web.servlet.DispatcherServlet - Initializing Servlet 'dispatcherServlet'
2025-12-10 23:24:53.940 [http-nio-8081-exec-2] INFO  org.springframework.web.servlet.DispatcherServlet - Completed initialization in 4 ms
2025-12-10 23:24:54.342 [http-nio-8081-exec-2] INFO  com.dp1.backend.handlers.SocketConnectionHandler - bbea38f0-dd10-d0ea-188c-4c173dec2b7f  conectado al socket
2025-12-10 23:24:54.891 [http-nio-8081-exec-4] INFO  com.dp1.backend.handlers.SocketConnectionHandler - === PRIMER CONTACTO - OPERACIÓN EN VIVO ===
2025-12-10 23:24:54.891 [http-nio-8081-exec-4] INFO  com.dp1.backend.handlers.SocketConnectionHandler - Hora actual: 2025-12-10T23:24:54-05:00[America/Lima]
2025-12-10 23:24:54.892 [http-nio-8081-exec-4] INFO  com.dp1.backend.handlers.SocketConnectionHandler - Buscando envíos desde: 2025-12-10T23:22:54-05:00[America/Lima] hasta: 2025-12-10T23:24:59-05:00[America/Lima]
2025-12-10 23:24:54.893 [http-nio-8081-exec-4] INFO  com.dp1.backend.services.EnvioService - === BUSCANDO ENVIOS EN VIVO ===
2025-12-10 23:24:54.893 [http-nio-8081-exec-4] INFO  com.dp1.backend.services.EnvioService - Fecha inicio: 2025-12-10T23:22:54-05:00[America/Lima] (Zona: America/Lima)
2025-12-10 23:24:54.895 [http-nio-8081-exec-4] INFO  com.dp1.backend.services.EnvioService - Fecha fin: 2025-12-10T23:24:59-05:00[America/Lima] (Zona: America/Lima)
2025-12-10 23:24:55.041 [http-nio-8081-exec-4] INFO  com.dp1.backend.services.EnvioService - Total envios encontrados despues de fecha inicio: 0
2025-12-10 23:24:55.042 [http-nio-8081-exec-4] INFO  com.dp1.backend.services.EnvioService - Envios en rango encontrados: 0
2025-12-10 23:24:55.045 [http-nio-8081-exec-4] INFO  com.dp1.backend.services.EnvioService - === FIN BUSQUEDA ENVIOS EN VIVO ===
2025-12-10 23:24:55.075 [http-nio-8081-exec-4] INFO  com.dp1.backend.handlers.SocketConnectionHandler - Enviando # de envios en operación: inicio0
2025-12-10 23:24:55.235 [http-nio-8081-exec-4] INFO  com.dp1.backend.handlers.SocketConnectionHandler - Enviando # de vuelos en el aire: inicio1199
2025-12-10 23:25:27.737 [http-nio-8081-exec-7] INFO  com.dp1.backend.handlers.SocketConnectionHandler - Enviando # de vuelos en el aire: 2
2025-12-10 23:25:27.738 [http-nio-8081-exec-7] INFO  com.dp1.backend.services.EnvioService - === BUSCANDO ENVIOS EN VIVO ===
2025-12-10 23:25:27.738 [http-nio-8081-exec-7] INFO  com.dp1.backend.services.EnvioService - Fecha inicio: 2025-12-10T23:24:54-05:00[America/Lima] (Zona: America/Lima)
2025-12-10 23:25:27.738 [http-nio-8081-exec-7] INFO  com.dp1.backend.services.EnvioService - Fecha fin: 2025-12-10T23:25:25-05:00[America/Lima] (Zona: America/Lima)
2025-12-10 23:25:27.746 [http-nio-8081-exec-7] INFO  com.dp1.backend.services.EnvioService - Total envios encontrados despues de fecha inicio: 0
2025-12-10 23:25:27.747 [http-nio-8081-exec-7] INFO  com.dp1.backend.services.EnvioService - Envios en rango encontrados: 0
2025-12-10 23:25:27.748 [http-nio-8081-exec-7] INFO  com.dp1.backend.services.EnvioService - === FIN BUSQUEDA ENVIOS EN VIVO ===
2025-12-10 23:25:27.750 [http-nio-8081-exec-7] INFO  com.dp1.backend.handlers.SocketConnectionHandler - Enviando # de envios nuevos (desde última actualización): 0
2025-12-10 23:25:27.751 [http-nio-8081-exec-7] INFO  com.dp1.backend.handlers.SocketConnectionHandler - Actualizando envíos en operación desde: 2025-12-10T23:23:25-05:00[America/Lima] hasta: 2025-12-10T23:25:25-05:00[America/Lima]
2025-12-10 23:25:27.752 [http-nio-8081-exec-7] INFO  com.dp1.backend.services.EnvioService - === BUSCANDO ENVIOS EN VIVO ===
2025-12-10 23:25:27.753 [http-nio-8081-exec-7] INFO  com.dp1.backend.services.EnvioService - Fecha inicio: 2025-12-10T23:23:25-05:00[America/Lima] (Zona: America/Lima)
2025-12-10 23:25:27.753 [http-nio-8081-exec-7] INFO  com.dp1.backend.services.EnvioService - Fecha fin: 2025-12-10T23:25:25-05:00[America/Lima] (Zona: America/Lima)
2025-12-10 23:25:27.764 [http-nio-8081-exec-7] INFO  com.dp1.backend.services.EnvioService - Total envios encontrados despues de fecha inicio: 0
2025-12-10 23:25:27.764 [http-nio-8081-exec-7] INFO  com.dp1.backend.services.EnvioService - Envios en rango encontrados: 0
2025-12-10 23:25:27.767 [http-nio-8081-exec-7] INFO  com.dp1.backend.services.EnvioService - === FIN BUSQUEDA ENVIOS EN VIVO ===
2025-12-10 23:25:27.768 [http-nio-8081-exec-7] INFO  com.dp1.backend.handlers.SocketConnectionHandler - Enviando # de envios en operación (últimos 2 minutos): 0
2025-12-10 23:25:58.738 [http-nio-8081-exec-6] INFO  com.dp1.backend.handlers.SocketConnectionHandler - Enviando # de vuelos en el aire: 0
2025-12-10 23:25:58.738 [http-nio-8081-exec-6] INFO  com.dp1.backend.services.EnvioService - === BUSCANDO ENVIOS EN VIVO ===
2025-12-10 23:25:58.738 [http-nio-8081-exec-6] INFO  com.dp1.backend.services.EnvioService - Fecha inicio: 2025-12-10T23:25:25-05:00[America/Lima] (Zona: America/Lima)
2025-12-10 23:25:58.738 [http-nio-8081-exec-6] INFO  com.dp1.backend.services.EnvioService - Fecha fin: 2025-12-10T23:25:56-05:00[America/Lima] (Zona: America/Lima)
2025-12-10 23:25:58.748 [http-nio-8081-exec-6] INFO  com.dp1.backend.services.EnvioService - Total envios encontrados despues de fecha inicio: 0
2025-12-10 23:25:58.748 [http-nio-8081-exec-6] INFO  com.dp1.backend.services.EnvioService - Envios en rango encontrados: 0
2025-12-10 23:25:58.749 [http-nio-8081-exec-6] INFO  com.dp1.backend.services.EnvioService - === FIN BUSQUEDA ENVIOS EN VIVO ===
2025-12-10 23:25:58.749 [http-nio-8081-exec-6] INFO  com.dp1.backend.handlers.SocketConnectionHandler - Enviando # de envios nuevos (desde última actualización): 0
2025-12-10 23:25:58.751 [http-nio-8081-exec-6] INFO  com.dp1.backend.handlers.SocketConnectionHandler - Actualizando envíos en operación desde: 2025-12-10T23:23:56-05:00[America/Lima] hasta: 2025-12-10T23:25:56-05:00[America/Lima]
2025-12-10 23:25:58.751 [http-nio-8081-exec-6] INFO  com.dp1.backend.services.EnvioService - === BUSCANDO ENVIOS EN VIVO ===
2025-12-10 23:25:58.752 [http-nio-8081-exec-6] INFO  com.dp1.backend.services.EnvioService - Fecha inicio: 2025-12-10T23:23:56-05:00[America/Lima] (Zona: America/Lima)
2025-12-10 23:25:58.752 [http-nio-8081-exec-6] INFO  com.dp1.backend.services.EnvioService - Fecha fin: 2025-12-10T23:25:56-05:00[America/Lima] (Zona: America/Lima)
2025-12-10 23:25:58.762 [http-nio-8081-exec-6] INFO  com.dp1.backend.services.EnvioService - Total envios encontrados despues de fecha inicio: 0
2025-12-10 23:25:58.762 [http-nio-8081-exec-6] INFO  com.dp1.backend.services.EnvioService - Envios en rango encontrados: 0
2025-12-10 23:25:58.763 [http-nio-8081-exec-6] INFO  com.dp1.backend.services.EnvioService - === FIN BUSQUEDA ENVIOS EN VIVO ===
2025-12-10 23:25:58.764 [http-nio-8081-exec-6] INFO  com.dp1.backend.handlers.SocketConnectionHandler - Enviando # de envios en operación (últimos 2 minutos): 0
2025-12-10 23:26:29.734 [http-nio-8081-exec-2] INFO  com.dp1.backend.handlers.SocketConnectionHandler - Enviando # de vuelos en el aire: 1
2025-12-10 23:26:29.735 [http-nio-8081-exec-2] INFO  com.dp1.backend.services.EnvioService - === BUSCANDO ENVIOS EN VIVO ===
2025-12-10 23:26:29.735 [http-nio-8081-exec-2] INFO  com.dp1.backend.services.EnvioService - Fecha inicio: 2025-12-10T23:25:56-05:00[America/Lima] (Zona: America/Lima)
2025-12-10 23:26:29.736 [http-nio-8081-exec-2] INFO  com.dp1.backend.services.EnvioService - Fecha fin: 2025-12-10T23:26:27-05:00[America/Lima] (Zona: America/Lima)
2025-12-10 23:26:29.745 [http-nio-8081-exec-2] INFO  com.dp1.backend.services.EnvioService - Total envios encontrados despues de fecha inicio: 0
2025-12-10 23:26:29.746 [http-nio-8081-exec-2] INFO  com.dp1.backend.services.EnvioService - Envios en rango encontrados: 0
2025-12-10 23:26:29.746 [http-nio-8081-exec-2] INFO  com.dp1.backend.services.EnvioService - === FIN BUSQUEDA ENVIOS EN VIVO ===
2025-12-10 23:26:29.747 [http-nio-8081-exec-2] INFO  com.dp1.backend.handlers.SocketConnectionHandler - Enviando # de envios nuevos (desde última actualización): 0
2025-12-10 23:26:29.748 [http-nio-8081-exec-2] INFO  com.dp1.backend.handlers.SocketConnectionHandler - Actualizando envíos en operación desde: 2025-12-10T23:24:27-05:00[America/Lima] hasta: 2025-12-10T23:26:27-05:00[America/Lima]
2025-12-10 23:26:29.749 [http-nio-8081-exec-2] INFO  com.dp1.backend.services.EnvioService - === BUSCANDO ENVIOS EN VIVO ===
2025-12-10 23:26:29.749 [http-nio-8081-exec-2] INFO  com.dp1.backend.services.EnvioService - Fecha inicio: 2025-12-10T23:24:27-05:00[America/Lima] (Zona: America/Lima)
2025-12-10 23:26:29.749 [http-nio-8081-exec-2] INFO  com.dp1.backend.services.EnvioService - Fecha fin: 2025-12-10T23:26:27-05:00[America/Lima] (Zona: America/Lima)
2025-12-10 23:26:29.762 [http-nio-8081-exec-2] INFO  com.dp1.backend.services.EnvioService - Total envios encontrados despues de fecha inicio: 0
2025-12-10 23:26:29.763 [http-nio-8081-exec-2] INFO  com.dp1.backend.services.EnvioService - Envios en rango encontrados: 0
2025-12-10 23:26:29.763 [http-nio-8081-exec-2] INFO  com.dp1.backend.services.EnvioService - === FIN BUSQUEDA ENVIOS EN VIVO ===
2025-12-10 23:26:29.764 [http-nio-8081-exec-2] INFO  com.dp1.backend.handlers.SocketConnectionHandler - Enviando # de envios en operación (últimos 2 minutos): 0
2025-12-10 23:26:37.456 [SpringApplicationShutdownHook] INFO  org.springframework.orm.jpa.LocalContainerEntityManagerFactoryBean - Closing JPA EntityManagerFactory for persistence unit 'default'
2025-12-10 23:26:37.463 [SpringApplicationShutdownHook] INFO  com.zaxxer.hikari.HikariDataSource - HikariPool-1 - Shutdown initiated...
2025-12-10 23:26:37.486 [SpringApplicationShutdownHook] INFO  com.zaxxer.hikari.HikariDataSource - HikariPool-1 - Shutdown completed.
2025-12-10 23:26:37.500 [SpringApplicationShutdownHook] INFO  com.dp1.backend.handlers.SocketConnectionHandler - bbea38f0-dd10-d0ea-188c-4c173dec2b7f  desconectado del socket
2025-12-10 23:27:47.923 [main] INFO  com.dp1.backend.BackendApplication - Starting BackendApplication using Java 24.0.1 with PID 3112 (C:\Users\Joseph\Documents\PUCP\25-2\Dp1\Nuevo\Back\MoraPack_Backend\target\classes started by Joseph in C:\Users\Joseph\Documents\PUCP\25-2\Dp1\Nuevo\Back\MoraPack_Backend)
2025-12-10 23:27:47.952 [main] INFO  com.dp1.backend.BackendApplication - No active profile set, falling back to 1 default profile: "default"
2025-12-10 23:27:50.010 [main] INFO  org.springframework.data.repository.config.RepositoryConfigurationDelegate - Bootstrapping Spring Data JPA repositories in DEFAULT mode.
2025-12-10 23:27:50.268 [main] INFO  org.springframework.data.repository.config.RepositoryConfigurationDelegate - Finished Spring Data repository scanning in 227 ms. Found 10 JPA repository interfaces.
2025-12-10 23:27:51.832 [main] INFO  org.springframework.boot.web.embedded.tomcat.TomcatWebServer - Tomcat initialized with port 8081 (http)
2025-12-10 23:27:51.867 [main] INFO  org.apache.coyote.http11.Http11NioProtocol - Initializing ProtocolHandler ["http-nio-8081"]
2025-12-10 23:27:51.877 [main] INFO  org.apache.catalina.core.StandardService - Starting service [Tomcat]
2025-12-10 23:27:51.878 [main] INFO  org.apache.catalina.core.StandardEngine - Starting Servlet engine: [Apache Tomcat/10.1.19]
2025-12-10 23:27:52.036 [main] INFO  org.apache.catalina.core.ContainerBase.[Tomcat].[localhost].[/api] - Initializing Spring embedded WebApplicationContext
2025-12-10 23:27:52.038 [main] INFO  org.springframework.boot.web.servlet.context.ServletWebServerApplicationContext - Root WebApplicationContext: initialization completed in 3965 ms
2025-12-10 23:27:52.537 [main] INFO  org.hibernate.jpa.internal.util.LogHelper - HHH000204: Processing PersistenceUnitInfo [name: default]
2025-12-10 23:27:52.823 [main] INFO  org.hibernate.Version - HHH000412: Hibernate ORM core version 6.4.4.Final
2025-12-10 23:27:53.043 [main] INFO  org.hibernate.cache.internal.RegionFactoryInitiator - HHH000026: Second-level cache disabled
2025-12-10 23:27:54.085 [main] INFO  org.springframework.orm.jpa.persistenceunit.SpringPersistenceUnitInfo - No LoadTimeWeaver setup: ignoring JPA class transformer
2025-12-10 23:27:54.191 [main] WARN  com.zaxxer.hikari.HikariConfig - HikariPool-1 - idleTimeout has been set but has no effect because the pool is operating as a fixed size pool.
2025-12-10 23:27:54.192 [main] INFO  com.zaxxer.hikari.HikariDataSource - HikariPool-1 - Starting...
2025-12-10 23:27:55.145 [main] INFO  com.zaxxer.hikari.pool.HikariPool - HikariPool-1 - Added connection com.mysql.cj.jdbc.ConnectionImpl@ce19c86
2025-12-10 23:27:55.152 [main] INFO  com.zaxxer.hikari.HikariDataSource - HikariPool-1 - Start completed.
2025-12-10 23:27:58.867 [main] INFO  org.hibernate.engine.transaction.jta.platform.internal.JtaPlatformInitiator - HHH000489: No JTA platform available (set 'hibernate.transaction.jta.platform' to enable JTA platform integration)
2025-12-10 23:27:59.203 [main] INFO  org.springframework.orm.jpa.LocalContainerEntityManagerFactoryBean - Initialized JPA EntityManagerFactory for persistence unit 'default'
2025-12-10 23:27:59.217 [main] INFO  com.dp1.backend.BackendApplication - Zona horaria configurada a: America/Lima
2025-12-10 23:27:59.240 [main] INFO  com.dp1.backend.services.DatosEnMemoriaService - Inicializando DatosEnMemoriaService con working directory: C:\Users\Joseph\Documents\PUCP\25-2\Dp1\Nuevo\Back\MoraPack_Backend
2025-12-10 23:27:59.258 [main] INFO  com.dp1.backend.services.DatosEnMemoriaService - Aeropuertos cargados: 30
2025-12-10 23:27:59.373 [main] INFO  com.dp1.backend.services.DatosEnMemoriaService - Vuelos cargados: 2866
2025-12-10 23:28:00.342 [main] INFO  com.dp1.backend.services.DatosEnMemoriaService - Leyendo rutas posibles
2025-12-10 23:28:00.925 [main] INFO  com.dp1.backend.services.DatosEnMemoriaService - Colecciones rutas: 0
2025-12-10 23:28:00.926 [main] INFO  com.dp1.backend.services.DatosEnMemoriaService - Rutas posibles set: 0
2025-12-10 23:28:01.601 [main] INFO  org.springframework.data.jpa.repository.query.QueryEnhancerFactory - Hibernate is in classpath; If applicable, HQL parser will be used.
2025-12-10 23:28:03.233 [main] WARN  org.springframework.boot.autoconfigure.orm.jpa.JpaBaseConfiguration$JpaWebConfiguration - spring.jpa.open-in-view is enabled by default. Therefore, database queries may be performed during view rendering. Explicitly configure spring.jpa.open-in-view to disable this warning
2025-12-10 23:28:04.096 [main] INFO  org.apache.coyote.http11.Http11NioProtocol - Starting ProtocolHandler ["http-nio-8081"]
2025-12-10 23:28:04.171 [main] INFO  org.springframework.boot.web.embedded.tomcat.TomcatWebServer - Tomcat started on port 8081 (http) with context path '/api'
2025-12-10 23:28:04.196 [main] INFO  com.dp1.backend.BackendApplication - Started BackendApplication in 17.594 seconds (process running for 23.64)
2025-12-10 23:28:16.745 [http-nio-8081-exec-3] INFO  org.apache.catalina.core.ContainerBase.[Tomcat].[localhost].[/api] - Initializing Spring DispatcherServlet 'dispatcherServlet'
2025-12-10 23:28:16.746 [http-nio-8081-exec-3] INFO  org.springframework.web.servlet.DispatcherServlet - Initializing Servlet 'dispatcherServlet'
2025-12-10 23:28:16.748 [http-nio-8081-exec-3] INFO  org.springframework.web.servlet.DispatcherServlet - Completed initialization in 2 ms
2025-12-10 23:28:16.943 [http-nio-8081-exec-3] INFO  com.dp1.backend.handlers.SocketConnectionHandler - d4969b08-64e8-9795-d641-2cfd36dc18b4  conectado al socket
2025-12-10 23:28:17.471 [http-nio-8081-exec-4] INFO  com.dp1.backend.handlers.SocketConnectionHandler - === PRIMER CONTACTO - OPERACIÓN EN VIVO ===
2025-12-10 23:28:17.472 [http-nio-8081-exec-4] INFO  com.dp1.backend.handlers.SocketConnectionHandler - Hora actual: 2025-12-10T23:28:17-05:00[America/Lima]
2025-12-10 23:28:17.472 [http-nio-8081-exec-4] INFO  com.dp1.backend.handlers.SocketConnectionHandler - Buscando envíos desde: 2025-12-09T23:28:17-05:00[America/Lima] hasta: 2025-12-10T23:28:22-05:00[America/Lima]
2025-12-10 23:28:17.473 [http-nio-8081-exec-4] INFO  com.dp1.backend.services.EnvioService - === BUSCANDO ENVIOS EN VIVO ===
2025-12-10 23:28:17.474 [http-nio-8081-exec-4] INFO  com.dp1.backend.services.EnvioService - Fecha inicio: 2025-12-09T23:28:17-05:00[America/Lima] (Zona: America/Lima)
2025-12-10 23:28:17.474 [http-nio-8081-exec-4] INFO  com.dp1.backend.services.EnvioService - Fecha fin: 2025-12-10T23:28:22-05:00[America/Lima] (Zona: America/Lima)
2025-12-10 23:28:18.347 [http-nio-8081-exec-4] INFO  com.dp1.backend.services.EnvioService - Total envios encontrados despues de fecha inicio: 1
2025-12-10 23:28:18.348 [http-nio-8081-exec-4] INFO  com.dp1.backend.services.EnvioService - Evaluando envio SPIM5 - Fecha salida: 2025-12-11T04:17:00.337335Z (Zona: Z)
2025-12-10 23:28:18.349 [http-nio-8081-exec-4] INFO  com.dp1.backend.services.EnvioService - ✓ Envio SPIM5 está en el rango
2025-12-10 23:28:18.599 [http-nio-8081-exec-4] INFO  com.dp1.backend.services.EnvioService - Envios en rango encontrados: 1
2025-12-10 23:28:18.599 [http-nio-8081-exec-4] INFO  com.dp1.backend.services.EnvioService - === FIN BUSQUEDA ENVIOS EN VIVO ===
2025-12-10 23:28:18.764 [http-nio-8081-exec-4] INFO  com.dp1.backend.handlers.SocketConnectionHandler - Enviando # de envios en operación: inicio1
2025-12-10 23:28:18.818 [http-nio-8081-exec-4] INFO  com.dp1.backend.handlers.SocketConnectionHandler - Enviando # de vuelos en el aire: inicio1207
2025-12-10 23:28:53.425 [http-nio-8081-exec-7] INFO  com.dp1.backend.handlers.SocketConnectionHandler - Enviando # de vuelos en el aire: 0
2025-12-10 23:28:53.426 [http-nio-8081-exec-7] INFO  com.dp1.backend.services.EnvioService - === BUSCANDO ENVIOS EN VIVO ===
2025-12-10 23:28:53.427 [http-nio-8081-exec-7] INFO  com.dp1.backend.services.EnvioService - Fecha inicio: 2025-12-10T23:28:17-05:00[America/Lima] (Zona: America/Lima)
2025-12-10 23:28:53.428 [http-nio-8081-exec-7] INFO  com.dp1.backend.services.EnvioService - Fecha fin: 2025-12-10T23:28:48-05:00[America/Lima] (Zona: America/Lima)
2025-12-10 23:28:53.439 [http-nio-8081-exec-7] INFO  com.dp1.backend.services.EnvioService - Total envios encontrados despues de fecha inicio: 0
2025-12-10 23:28:53.441 [http-nio-8081-exec-7] INFO  com.dp1.backend.services.EnvioService - Envios en rango encontrados: 0
2025-12-10 23:28:53.442 [http-nio-8081-exec-7] INFO  com.dp1.backend.services.EnvioService - === FIN BUSQUEDA ENVIOS EN VIVO ===
2025-12-10 23:28:53.442 [http-nio-8081-exec-7] INFO  com.dp1.backend.handlers.SocketConnectionHandler - Enviando # de envios nuevos (desde última actualización): 0
2025-12-10 23:28:53.453 [http-nio-8081-exec-7] INFO  com.dp1.backend.handlers.SocketConnectionHandler - Actualizando envíos en operación desde: 2025-12-09T23:28:48-05:00[America/Lima] hasta: 2025-12-10T23:28:48-05:00[America/Lima]
2025-12-10 23:28:53.458 [http-nio-8081-exec-7] INFO  com.dp1.backend.services.EnvioService - === BUSCANDO ENVIOS EN VIVO ===
2025-12-10 23:28:53.465 [http-nio-8081-exec-7] INFO  com.dp1.backend.services.EnvioService - Fecha inicio: 2025-12-09T23:28:48-05:00[America/Lima] (Zona: America/Lima)
2025-12-10 23:28:53.468 [http-nio-8081-exec-7] INFO  com.dp1.backend.services.EnvioService - Fecha fin: 2025-12-10T23:28:48-05:00[America/Lima] (Zona: America/Lima)
2025-12-10 23:28:53.505 [http-nio-8081-exec-7] INFO  com.dp1.backend.services.EnvioService - Total envios encontrados despues de fecha inicio: 1
2025-12-10 23:28:53.507 [http-nio-8081-exec-7] INFO  com.dp1.backend.services.EnvioService - Evaluando envio SPIM5 - Fecha salida: 2025-12-11T04:17:00.337335Z (Zona: Z)
2025-12-10 23:28:53.509 [http-nio-8081-exec-7] INFO  com.dp1.backend.services.EnvioService - ✓ Envio SPIM5 está en el rango
2025-12-10 23:28:53.534 [http-nio-8081-exec-7] INFO  com.dp1.backend.services.EnvioService - Envios en rango encontrados: 1
2025-12-10 23:28:53.535 [http-nio-8081-exec-7] INFO  com.dp1.backend.services.EnvioService - === FIN BUSQUEDA ENVIOS EN VIVO ===
2025-12-10 23:28:53.539 [http-nio-8081-exec-7] INFO  com.dp1.backend.handlers.SocketConnectionHandler - Enviando # de envios en operación (últimos 2 minutos): 1
2025-12-10 23:29:07.694 [http-nio-8081-exec-2] INFO  com.dp1.backend.handlers.SocketConnectionHandler - d4969b08-64e8-9795-d641-2cfd36dc18b4  desconectado del socket
2025-12-10 23:29:09.773 [http-nio-8081-exec-5] INFO  com.dp1.backend.handlers.SocketConnectionHandler - 4c6e498f-467c-547d-4ef0-a9486fb14303  conectado al socket
2025-12-10 23:29:09.985 [http-nio-8081-exec-6] INFO  com.dp1.backend.handlers.SocketConnectionHandler - === PRIMER CONTACTO - OPERACIÓN EN VIVO ===
2025-12-10 23:29:09.986 [http-nio-8081-exec-6] INFO  com.dp1.backend.handlers.SocketConnectionHandler - Hora actual: 2025-12-10T23:29:09-05:00[America/Lima]
2025-12-10 23:29:09.987 [http-nio-8081-exec-6] INFO  com.dp1.backend.handlers.SocketConnectionHandler - Buscando envíos desde: 2025-12-09T23:29:09-05:00[America/Lima] hasta: 2025-12-10T23:29:14-05:00[America/Lima]
2025-12-10 23:29:09.987 [http-nio-8081-exec-6] INFO  com.dp1.backend.services.EnvioService - === BUSCANDO ENVIOS EN VIVO ===
2025-12-10 23:29:09.988 [http-nio-8081-exec-6] INFO  com.dp1.backend.services.EnvioService - Fecha inicio: 2025-12-09T23:29:09-05:00[America/Lima] (Zona: America/Lima)
2025-12-10 23:29:09.988 [http-nio-8081-exec-6] INFO  com.dp1.backend.services.EnvioService - Fecha fin: 2025-12-10T23:29:14-05:00[America/Lima] (Zona: America/Lima)
2025-12-10 23:29:10.007 [http-nio-8081-exec-6] INFO  com.dp1.backend.services.EnvioService - Total envios encontrados despues de fecha inicio: 1
2025-12-10 23:29:10.010 [http-nio-8081-exec-6] INFO  com.dp1.backend.services.EnvioService - Evaluando envio SPIM5 - Fecha salida: 2025-12-11T04:17:00.337335Z (Zona: Z)
2025-12-10 23:29:10.011 [http-nio-8081-exec-6] INFO  com.dp1.backend.services.EnvioService - ✓ Envio SPIM5 está en el rango
2025-12-10 23:29:10.029 [http-nio-8081-exec-6] INFO  com.dp1.backend.services.EnvioService - Envios en rango encontrados: 1
2025-12-10 23:29:10.030 [http-nio-8081-exec-6] INFO  com.dp1.backend.services.EnvioService - === FIN BUSQUEDA ENVIOS EN VIVO ===
2025-12-10 23:29:10.032 [http-nio-8081-exec-6] INFO  com.dp1.backend.handlers.SocketConnectionHandler - Enviando # de envios en operación: inicio1
2025-12-10 23:29:10.076 [http-nio-8081-exec-6] INFO  com.dp1.backend.handlers.SocketConnectionHandler - Enviando # de vuelos en el aire: inicio1206
2025-12-10 23:29:37.023 [http-nio-8081-exec-5] INFO  com.dp1.backend.handlers.SocketConnectionHandler - 4c6e498f-467c-547d-4ef0-a9486fb14303  desconectado del socket
2025-12-10 23:29:38.997 [http-nio-8081-exec-7] INFO  com.dp1.backend.handlers.SocketConnectionHandler - 519eb182-31ae-7555-8780-5be67aea899b  conectado al socket
2025-12-10 23:29:39.167 [http-nio-8081-exec-10] INFO  com.dp1.backend.handlers.SocketConnectionHandler - === PRIMER CONTACTO - OPERACIÓN EN VIVO ===
2025-12-10 23:29:39.168 [http-nio-8081-exec-10] INFO  com.dp1.backend.handlers.SocketConnectionHandler - Hora actual: 2025-12-10T23:29:39-05:00[America/Lima]
2025-12-10 23:29:39.168 [http-nio-8081-exec-10] INFO  com.dp1.backend.handlers.SocketConnectionHandler - Buscando envíos desde: 2025-12-09T23:29:39-05:00[America/Lima] hasta: 2025-12-10T23:29:44-05:00[America/Lima]
2025-12-10 23:29:39.168 [http-nio-8081-exec-10] INFO  com.dp1.backend.services.EnvioService - === BUSCANDO ENVIOS EN VIVO ===
2025-12-10 23:29:39.169 [http-nio-8081-exec-10] INFO  com.dp1.backend.services.EnvioService - Fecha inicio: 2025-12-09T23:29:39-05:00[America/Lima] (Zona: America/Lima)
2025-12-10 23:29:39.169 [http-nio-8081-exec-10] INFO  com.dp1.backend.services.EnvioService - Fecha fin: 2025-12-10T23:29:44-05:00[America/Lima] (Zona: America/Lima)
2025-12-10 23:29:39.184 [http-nio-8081-exec-10] INFO  com.dp1.backend.services.EnvioService - Total envios encontrados despues de fecha inicio: 1
2025-12-10 23:29:39.185 [http-nio-8081-exec-10] INFO  com.dp1.backend.services.EnvioService - Evaluando envio SPIM5 - Fecha salida: 2025-12-11T04:17:00.337335Z (Zona: Z)
2025-12-10 23:29:39.185 [http-nio-8081-exec-10] INFO  com.dp1.backend.services.EnvioService - ✓ Envio SPIM5 está en el rango
2025-12-10 23:29:39.200 [http-nio-8081-exec-10] INFO  com.dp1.backend.services.EnvioService - Envios en rango encontrados: 1
2025-12-10 23:29:39.200 [http-nio-8081-exec-10] INFO  com.dp1.backend.services.EnvioService - === FIN BUSQUEDA ENVIOS EN VIVO ===
2025-12-10 23:29:39.202 [http-nio-8081-exec-10] INFO  com.dp1.backend.handlers.SocketConnectionHandler - Enviando # de envios en operación: inicio1
2025-12-10 23:29:39.241 [http-nio-8081-exec-10] INFO  com.dp1.backend.handlers.SocketConnectionHandler - Enviando # de vuelos en el aire: inicio1206
2025-12-10 23:30:11.595 [http-nio-8081-exec-3] INFO  com.dp1.backend.handlers.SocketConnectionHandler - Enviando # de vuelos en el aire: 2
2025-12-10 23:30:11.596 [http-nio-8081-exec-3] INFO  com.dp1.backend.services.EnvioService - === BUSCANDO ENVIOS EN VIVO ===
2025-12-10 23:30:11.596 [http-nio-8081-exec-3] INFO  com.dp1.backend.services.EnvioService - Fecha inicio: 2025-12-10T23:29:39-05:00[America/Lima] (Zona: America/Lima)
2025-12-10 23:30:11.597 [http-nio-8081-exec-3] INFO  com.dp1.backend.services.EnvioService - Fecha fin: 2025-12-10T23:30:10-05:00[America/Lima] (Zona: America/Lima)
2025-12-10 23:30:11.607 [http-nio-8081-exec-3] INFO  com.dp1.backend.services.EnvioService - Total envios encontrados despues de fecha inicio: 0
2025-12-10 23:30:11.607 [http-nio-8081-exec-3] INFO  com.dp1.backend.services.EnvioService - Envios en rango encontrados: 0
2025-12-10 23:30:11.608 [http-nio-8081-exec-3] INFO  com.dp1.backend.services.EnvioService - === FIN BUSQUEDA ENVIOS EN VIVO ===
2025-12-10 23:30:11.608 [http-nio-8081-exec-3] INFO  com.dp1.backend.handlers.SocketConnectionHandler - Enviando # de envios nuevos (desde última actualización): 0
2025-12-10 23:30:11.610 [http-nio-8081-exec-3] INFO  com.dp1.backend.handlers.SocketConnectionHandler - Actualizando envíos en operación desde: 2025-12-09T23:30:10-05:00[America/Lima] hasta: 2025-12-10T23:30:10-05:00[America/Lima]
2025-12-10 23:30:11.610 [http-nio-8081-exec-3] INFO  com.dp1.backend.services.EnvioService - === BUSCANDO ENVIOS EN VIVO ===
2025-12-10 23:30:11.610 [http-nio-8081-exec-3] INFO  com.dp1.backend.services.EnvioService - Fecha inicio: 2025-12-09T23:30:10-05:00[America/Lima] (Zona: America/Lima)
2025-12-10 23:30:11.611 [http-nio-8081-exec-3] INFO  com.dp1.backend.services.EnvioService - Fecha fin: 2025-12-10T23:30:10-05:00[America/Lima] (Zona: America/Lima)
2025-12-10 23:30:11.629 [http-nio-8081-exec-3] INFO  com.dp1.backend.services.EnvioService - Total envios encontrados despues de fecha inicio: 1
2025-12-10 23:30:11.630 [http-nio-8081-exec-3] INFO  com.dp1.backend.services.EnvioService - Evaluando envio SPIM5 - Fecha salida: 2025-12-11T04:17:00.337335Z (Zona: Z)
2025-12-10 23:30:11.631 [http-nio-8081-exec-3] INFO  com.dp1.backend.services.EnvioService - ✓ Envio SPIM5 está en el rango
2025-12-10 23:30:11.652 [http-nio-8081-exec-3] INFO  com.dp1.backend.services.EnvioService - Envios en rango encontrados: 1
2025-12-10 23:30:11.654 [http-nio-8081-exec-3] INFO  com.dp1.backend.services.EnvioService - === FIN BUSQUEDA ENVIOS EN VIVO ===
2025-12-10 23:30:11.657 [http-nio-8081-exec-3] INFO  com.dp1.backend.handlers.SocketConnectionHandler - Enviando # de envios en operación (últimos 2 minutos): 1
2025-12-10 23:30:42.588 [http-nio-8081-exec-1] INFO  com.dp1.backend.handlers.SocketConnectionHandler - Enviando # de vuelos en el aire: 0
2025-12-10 23:30:42.588 [http-nio-8081-exec-1] INFO  com.dp1.backend.services.EnvioService - === BUSCANDO ENVIOS EN VIVO ===
2025-12-10 23:30:42.589 [http-nio-8081-exec-1] INFO  com.dp1.backend.services.EnvioService - Fecha inicio: 2025-12-10T23:30:10-05:00[America/Lima] (Zona: America/Lima)
2025-12-10 23:30:42.589 [http-nio-8081-exec-1] INFO  com.dp1.backend.services.EnvioService - Fecha fin: 2025-12-10T23:30:41-05:00[America/Lima] (Zona: America/Lima)
2025-12-10 23:30:42.598 [http-nio-8081-exec-1] INFO  com.dp1.backend.services.EnvioService - Total envios encontrados despues de fecha inicio: 0
2025-12-10 23:30:42.598 [http-nio-8081-exec-1] INFO  com.dp1.backend.services.EnvioService - Envios en rango encontrados: 0
2025-12-10 23:30:42.599 [http-nio-8081-exec-1] INFO  com.dp1.backend.services.EnvioService - === FIN BUSQUEDA ENVIOS EN VIVO ===
2025-12-10 23:30:42.600 [http-nio-8081-exec-1] INFO  com.dp1.backend.handlers.SocketConnectionHandler - Enviando # de envios nuevos (desde última actualización): 0
2025-12-10 23:30:42.600 [http-nio-8081-exec-1] INFO  com.dp1.backend.handlers.SocketConnectionHandler - Actualizando envíos en operación desde: 2025-12-09T23:30:41-05:00[America/Lima] hasta: 2025-12-10T23:30:41-05:00[America/Lima]
2025-12-10 23:30:42.602 [http-nio-8081-exec-1] INFO  com.dp1.backend.services.EnvioService - === BUSCANDO ENVIOS EN VIVO ===
2025-12-10 23:30:42.602 [http-nio-8081-exec-1] INFO  com.dp1.backend.services.EnvioService - Fecha inicio: 2025-12-09T23:30:41-05:00[America/Lima] (Zona: America/Lima)
2025-12-10 23:30:42.602 [http-nio-8081-exec-1] INFO  com.dp1.backend.services.EnvioService - Fecha fin: 2025-12-10T23:30:41-05:00[America/Lima] (Zona: America/Lima)
2025-12-10 23:30:42.644 [http-nio-8081-exec-1] INFO  com.dp1.backend.services.EnvioService - Total envios encontrados despues de fecha inicio: 1
2025-12-10 23:30:42.645 [http-nio-8081-exec-1] INFO  com.dp1.backend.services.EnvioService - Evaluando envio SPIM5 - Fecha salida: 2025-12-11T04:17:00.337335Z (Zona: Z)
2025-12-10 23:30:42.646 [http-nio-8081-exec-1] INFO  com.dp1.backend.services.EnvioService - ✓ Envio SPIM5 está en el rango
2025-12-10 23:30:42.660 [http-nio-8081-exec-1] INFO  com.dp1.backend.services.EnvioService - Envios en rango encontrados: 1
2025-12-10 23:30:42.660 [http-nio-8081-exec-1] INFO  com.dp1.backend.services.EnvioService - === FIN BUSQUEDA ENVIOS EN VIVO ===
2025-12-10 23:30:42.662 [http-nio-8081-exec-1] INFO  com.dp1.backend.handlers.SocketConnectionHandler - Enviando # de envios en operación (últimos 2 minutos): 1
2025-12-10 23:31:13.593 [http-nio-8081-exec-4] INFO  com.dp1.backend.handlers.SocketConnectionHandler - Enviando # de vuelos en el aire: 1
2025-12-10 23:31:13.594 [http-nio-8081-exec-4] INFO  com.dp1.backend.services.EnvioService - === BUSCANDO ENVIOS EN VIVO ===
2025-12-10 23:31:13.594 [http-nio-8081-exec-4] INFO  com.dp1.backend.services.EnvioService - Fecha inicio: 2025-12-10T23:30:41-05:00[America/Lima] (Zona: America/Lima)
2025-12-10 23:31:13.594 [http-nio-8081-exec-4] INFO  com.dp1.backend.services.EnvioService - Fecha fin: 2025-12-10T23:31:12-05:00[America/Lima] (Zona: America/Lima)
2025-12-10 23:31:13.603 [http-nio-8081-exec-4] INFO  com.dp1.backend.services.EnvioService - Total envios encontrados despues de fecha inicio: 0
2025-12-10 23:31:13.604 [http-nio-8081-exec-4] INFO  com.dp1.backend.services.EnvioService - Envios en rango encontrados: 0
2025-12-10 23:31:13.604 [http-nio-8081-exec-4] INFO  com.dp1.backend.services.EnvioService - === FIN BUSQUEDA ENVIOS EN VIVO ===
2025-12-10 23:31:13.606 [http-nio-8081-exec-4] INFO  com.dp1.backend.handlers.SocketConnectionHandler - Enviando # de envios nuevos (desde última actualización): 0
2025-12-10 23:31:13.606 [http-nio-8081-exec-4] INFO  com.dp1.backend.handlers.SocketConnectionHandler - Actualizando envíos en operación desde: 2025-12-09T23:31:12-05:00[America/Lima] hasta: 2025-12-10T23:31:12-05:00[America/Lima]
2025-12-10 23:31:13.607 [http-nio-8081-exec-4] INFO  com.dp1.backend.services.EnvioService - === BUSCANDO ENVIOS EN VIVO ===
2025-12-10 23:31:13.608 [http-nio-8081-exec-4] INFO  com.dp1.backend.services.EnvioService - Fecha inicio: 2025-12-09T23:31:12-05:00[America/Lima] (Zona: America/Lima)
2025-12-10 23:31:13.609 [http-nio-8081-exec-4] INFO  com.dp1.backend.services.EnvioService - Fecha fin: 2025-12-10T23:31:12-05:00[America/Lima] (Zona: America/Lima)
2025-12-10 23:31:13.626 [http-nio-8081-exec-4] INFO  com.dp1.backend.services.EnvioService - Total envios encontrados despues de fecha inicio: 1
2025-12-10 23:31:13.626 [http-nio-8081-exec-4] INFO  com.dp1.backend.services.EnvioService - Evaluando envio SPIM5 - Fecha salida: 2025-12-11T04:17:00.337335Z (Zona: Z)
2025-12-10 23:31:13.627 [http-nio-8081-exec-4] INFO  com.dp1.backend.services.EnvioService - ✓ Envio SPIM5 está en el rango
2025-12-10 23:31:13.647 [http-nio-8081-exec-4] INFO  com.dp1.backend.services.EnvioService - Envios en rango encontrados: 1
2025-12-10 23:31:13.653 [http-nio-8081-exec-4] INFO  com.dp1.backend.services.EnvioService - === FIN BUSQUEDA ENVIOS EN VIVO ===
2025-12-10 23:31:13.655 [http-nio-8081-exec-4] INFO  com.dp1.backend.handlers.SocketConnectionHandler - Enviando # de envios en operación (últimos 2 minutos): 1
2025-12-10 23:31:14.644 [SpringApplicationShutdownHook] INFO  org.springframework.orm.jpa.LocalContainerEntityManagerFactoryBean - Closing JPA EntityManagerFactory for persistence unit 'default'
2025-12-10 23:31:14.657 [SpringApplicationShutdownHook] INFO  com.zaxxer.hikari.HikariDataSource - HikariPool-1 - Shutdown initiated...
2025-12-10 23:31:14.689 [SpringApplicationShutdownHook] INFO  com.zaxxer.hikari.HikariDataSource - HikariPool-1 - Shutdown completed.
2025-12-10 23:31:14.712 [SpringApplicationShutdownHook] INFO  com.dp1.backend.handlers.SocketConnectionHandler - 519eb182-31ae-7555-8780-5be67aea899b  desconectado del socket
2025-12-10 23:36:27.403 [main] INFO  com.dp1.backend.BackendApplication - Starting BackendApplication using Java 24.0.1 with PID 22516 (C:\Users\Joseph\Documents\PUCP\25-2\Dp1\Nuevo\Back\MoraPack_Backend\target\classes started by Joseph in C:\Users\Joseph\Documents\PUCP\25-2\Dp1\Nuevo\Back\MoraPack_Backend)
2025-12-10 23:36:27.468 [main] INFO  com.dp1.backend.BackendApplication - No active profile set, falling back to 1 default profile: "default"
2025-12-10 23:36:33.252 [main] INFO  org.springframework.data.repository.config.RepositoryConfigurationDelegate - Bootstrapping Spring Data JPA repositories in DEFAULT mode.
2025-12-10 23:36:33.887 [main] INFO  org.springframework.data.repository.config.RepositoryConfigurationDelegate - Finished Spring Data repository scanning in 412 ms. Found 10 JPA repository interfaces.
2025-12-10 23:36:36.338 [main] INFO  org.springframework.boot.web.embedded.tomcat.TomcatWebServer - Tomcat initialized with port 8081 (http)
2025-12-10 23:36:36.367 [main] INFO  org.apache.coyote.http11.Http11NioProtocol - Initializing ProtocolHandler ["http-nio-8081"]
2025-12-10 23:36:36.376 [main] INFO  org.apache.catalina.core.StandardService - Starting service [Tomcat]
2025-12-10 23:36:36.377 [main] INFO  org.apache.catalina.core.StandardEngine - Starting Servlet engine: [Apache Tomcat/10.1.19]
2025-12-10 23:36:36.518 [main] INFO  org.apache.catalina.core.ContainerBase.[Tomcat].[localhost].[/api] - Initializing Spring embedded WebApplicationContext
2025-12-10 23:36:36.519 [main] INFO  org.springframework.boot.web.servlet.context.ServletWebServerApplicationContext - Root WebApplicationContext: initialization completed in 8875 ms
2025-12-10 23:36:36.905 [main] INFO  org.hibernate.jpa.internal.util.LogHelper - HHH000204: Processing PersistenceUnitInfo [name: default]
2025-12-10 23:36:37.106 [main] INFO  org.hibernate.Version - HHH000412: Hibernate ORM core version 6.4.4.Final
2025-12-10 23:36:37.222 [main] INFO  org.hibernate.cache.internal.RegionFactoryInitiator - HHH000026: Second-level cache disabled
2025-12-10 23:36:37.813 [main] INFO  org.springframework.orm.jpa.persistenceunit.SpringPersistenceUnitInfo - No LoadTimeWeaver setup: ignoring JPA class transformer
2025-12-10 23:36:37.885 [main] WARN  com.zaxxer.hikari.HikariConfig - HikariPool-1 - idleTimeout has been set but has no effect because the pool is operating as a fixed size pool.
2025-12-10 23:36:37.885 [main] INFO  com.zaxxer.hikari.HikariDataSource - HikariPool-1 - Starting...
2025-12-10 23:36:38.277 [main] INFO  com.zaxxer.hikari.pool.HikariPool - HikariPool-1 - Added connection com.mysql.cj.jdbc.ConnectionImpl@295d54d6
2025-12-10 23:36:38.280 [main] INFO  com.zaxxer.hikari.HikariDataSource - HikariPool-1 - Start completed.
2025-12-10 23:36:40.881 [main] INFO  org.hibernate.engine.transaction.jta.platform.internal.JtaPlatformInitiator - HHH000489: No JTA platform available (set 'hibernate.transaction.jta.platform' to enable JTA platform integration)
2025-12-10 23:36:41.167 [main] INFO  org.springframework.orm.jpa.LocalContainerEntityManagerFactoryBean - Initialized JPA EntityManagerFactory for persistence unit 'default'
2025-12-10 23:36:41.181 [main] INFO  com.dp1.backend.BackendApplication - Zona horaria configurada a: America/Lima
2025-12-10 23:36:41.203 [main] INFO  com.dp1.backend.services.DatosEnMemoriaService - Inicializando DatosEnMemoriaService con working directory: C:\Users\Joseph\Documents\PUCP\25-2\Dp1\Nuevo\Back\MoraPack_Backend
2025-12-10 23:36:41.215 [main] INFO  com.dp1.backend.services.DatosEnMemoriaService - Aeropuertos cargados: 30
2025-12-10 23:36:41.310 [main] INFO  com.dp1.backend.services.DatosEnMemoriaService - Vuelos cargados: 2866
2025-12-10 23:36:41.780 [main] INFO  com.dp1.backend.services.DatosEnMemoriaService - Leyendo rutas posibles
2025-12-10 23:36:42.105 [main] INFO  com.dp1.backend.services.DatosEnMemoriaService - Colecciones rutas: 0
2025-12-10 23:36:42.106 [main] INFO  com.dp1.backend.services.DatosEnMemoriaService - Rutas posibles set: 0
2025-12-10 23:36:42.408 [main] INFO  org.springframework.data.jpa.repository.query.QueryEnhancerFactory - Hibernate is in classpath; If applicable, HQL parser will be used.
2025-12-10 23:36:43.600 [main] WARN  org.springframework.boot.autoconfigure.orm.jpa.JpaBaseConfiguration$JpaWebConfiguration - spring.jpa.open-in-view is enabled by default. Therefore, database queries may be performed during view rendering. Explicitly configure spring.jpa.open-in-view to disable this warning
2025-12-10 23:36:44.387 [main] INFO  org.apache.coyote.http11.Http11NioProtocol - Starting ProtocolHandler ["http-nio-8081"]
2025-12-10 23:36:44.442 [main] INFO  org.springframework.boot.web.embedded.tomcat.TomcatWebServer - Tomcat started on port 8081 (http) with context path '/api'
2025-12-10 23:36:44.458 [main] INFO  com.dp1.backend.BackendApplication - Started BackendApplication in 18.675 seconds (process running for 21.531)
2025-12-10 23:37:26.422 [http-nio-8081-exec-2] INFO  org.apache.catalina.core.ContainerBase.[Tomcat].[localhost].[/api] - Initializing Spring DispatcherServlet 'dispatcherServlet'
2025-12-10 23:37:26.426 [http-nio-8081-exec-2] INFO  org.springframework.web.servlet.DispatcherServlet - Initializing Servlet 'dispatcherServlet'
2025-12-10 23:37:26.448 [http-nio-8081-exec-2] INFO  org.springframework.web.servlet.DispatcherServlet - Completed initialization in 3 ms
2025-12-10 23:37:26.767 [http-nio-8081-exec-4] INFO  com.dp1.backend.handlers.SocketConnectionHandler - 3fff9d9c-628c-9fb0-faec-7e11c87074cc  conectado al socket
2025-12-10 23:37:27.254 [http-nio-8081-exec-3] INFO  com.dp1.backend.handlers.SocketConnectionHandler - === PRIMER CONTACTO - OPERACIÓN EN VIVO ===
2025-12-10 23:37:27.256 [http-nio-8081-exec-3] INFO  com.dp1.backend.handlers.SocketConnectionHandler - Hora actual: 2025-12-10T23:37:27-05:00[America/Lima]
2025-12-10 23:37:27.258 [http-nio-8081-exec-3] INFO  com.dp1.backend.handlers.SocketConnectionHandler - Buscando envíos desde: 2025-12-09T23:37:27-05:00[America/Lima] hasta: 2025-12-10T23:37:32-05:00[America/Lima]
2025-12-10 23:37:27.258 [http-nio-8081-exec-3] INFO  com.dp1.backend.services.EnvioService - === BUSCANDO ENVIOS EN VIVO ===
2025-12-10 23:37:27.260 [http-nio-8081-exec-3] INFO  com.dp1.backend.services.EnvioService - Fecha inicio: 2025-12-09T23:37:27-05:00[America/Lima] (Zona: America/Lima)
2025-12-10 23:37:27.260 [http-nio-8081-exec-3] INFO  com.dp1.backend.services.EnvioService - Fecha fin: 2025-12-10T23:37:32-05:00[America/Lima] (Zona: America/Lima)
2025-12-10 23:37:27.486 [http-nio-8081-exec-3] INFO  com.dp1.backend.services.EnvioService - Total envios encontrados despues de fecha inicio: 1
2025-12-10 23:37:27.487 [http-nio-8081-exec-3] INFO  com.dp1.backend.services.EnvioService - Evaluando envio SPIM5 - Fecha salida: 2025-12-11T04:17:00.337335Z (Zona: Z)
2025-12-10 23:37:27.488 [http-nio-8081-exec-3] INFO  com.dp1.backend.services.EnvioService - ✓ Envio SPIM5 está en el rango
2025-12-10 23:37:27.514 [http-nio-8081-exec-3] INFO  com.dp1.backend.services.EnvioService - Envios en rango encontrados: 1
2025-12-10 23:37:27.516 [http-nio-8081-exec-3] INFO  com.dp1.backend.services.EnvioService - === FIN BUSQUEDA ENVIOS EN VIVO ===
2025-12-10 23:37:27.566 [http-nio-8081-exec-3] INFO  com.dp1.backend.handlers.SocketConnectionHandler - Enviando # de envios en operación: inicio1
2025-12-10 23:37:27.646 [http-nio-8081-exec-3] INFO  com.dp1.backend.handlers.SocketConnectionHandler - Enviando # de vuelos en el aire: inicio1207
2025-12-10 23:38:00.052 [http-nio-8081-exec-6] INFO  com.dp1.backend.handlers.SocketConnectionHandler - Enviando # de vuelos en el aire: 0
2025-12-10 23:38:00.052 [http-nio-8081-exec-6] INFO  com.dp1.backend.services.EnvioService - === BUSCANDO ENVIOS EN VIVO ===
2025-12-10 23:38:00.053 [http-nio-8081-exec-6] INFO  com.dp1.backend.services.EnvioService - Fecha inicio: 2025-12-10T23:37:27-05:00[America/Lima] (Zona: America/Lima)
2025-12-10 23:38:00.053 [http-nio-8081-exec-6] INFO  com.dp1.backend.services.EnvioService - Fecha fin: 2025-12-10T23:37:58-05:00[America/Lima] (Zona: America/Lima)
2025-12-10 23:38:00.066 [http-nio-8081-exec-6] INFO  com.dp1.backend.services.EnvioService - Total envios encontrados despues de fecha inicio: 0
2025-12-10 23:38:00.066 [http-nio-8081-exec-6] INFO  com.dp1.backend.services.EnvioService - Envios en rango encontrados: 0
2025-12-10 23:38:00.068 [http-nio-8081-exec-6] INFO  com.dp1.backend.services.EnvioService - === FIN BUSQUEDA ENVIOS EN VIVO ===
2025-12-10 23:38:00.070 [http-nio-8081-exec-6] INFO  com.dp1.backend.handlers.SocketConnectionHandler - Enviando # de envios nuevos (desde última actualización): 0
2025-12-10 23:38:00.071 [http-nio-8081-exec-6] INFO  com.dp1.backend.handlers.SocketConnectionHandler - Actualizando envíos en operación desde: 2025-12-09T23:37:58-05:00[America/Lima] hasta: 2025-12-10T23:37:58-05:00[America/Lima]
2025-12-10 23:38:00.073 [http-nio-8081-exec-6] INFO  com.dp1.backend.services.EnvioService - === BUSCANDO ENVIOS EN VIVO ===
2025-12-10 23:38:00.076 [http-nio-8081-exec-6] INFO  com.dp1.backend.services.EnvioService - Fecha inicio: 2025-12-09T23:37:58-05:00[America/Lima] (Zona: America/Lima)
2025-12-10 23:38:00.077 [http-nio-8081-exec-6] INFO  com.dp1.backend.services.EnvioService - Fecha fin: 2025-12-10T23:37:58-05:00[America/Lima] (Zona: America/Lima)
2025-12-10 23:38:00.101 [http-nio-8081-exec-6] INFO  com.dp1.backend.services.EnvioService - Total envios encontrados despues de fecha inicio: 1
2025-12-10 23:38:00.113 [http-nio-8081-exec-6] INFO  com.dp1.backend.services.EnvioService - Evaluando envio SPIM5 - Fecha salida: 2025-12-11T04:17:00.337335Z (Zona: Z)
2025-12-10 23:38:00.121 [http-nio-8081-exec-6] INFO  com.dp1.backend.services.EnvioService - ✓ Envio SPIM5 está en el rango
2025-12-10 23:38:00.153 [http-nio-8081-exec-6] INFO  com.dp1.backend.services.EnvioService - Envios en rango encontrados: 1
2025-12-10 23:38:00.154 [http-nio-8081-exec-6] INFO  com.dp1.backend.services.EnvioService - === FIN BUSQUEDA ENVIOS EN VIVO ===
2025-12-10 23:38:00.158 [http-nio-8081-exec-6] INFO  com.dp1.backend.handlers.SocketConnectionHandler - Enviando # de envios en operación (últimos 2 minutos): 1
2025-12-10 23:38:31.053 [http-nio-8081-exec-7] INFO  com.dp1.backend.handlers.SocketConnectionHandler - Enviando # de vuelos en el aire: 0
2025-12-10 23:38:31.054 [http-nio-8081-exec-7] INFO  com.dp1.backend.services.EnvioService - === BUSCANDO ENVIOS EN VIVO ===
2025-12-10 23:38:31.055 [http-nio-8081-exec-7] INFO  com.dp1.backend.services.EnvioService - Fecha inicio: 2025-12-10T23:37:58-05:00[America/Lima] (Zona: America/Lima)
2025-12-10 23:38:31.055 [http-nio-8081-exec-7] INFO  com.dp1.backend.services.EnvioService - Fecha fin: 2025-12-10T23:38:29-05:00[America/Lima] (Zona: America/Lima)
2025-12-10 23:38:31.065 [http-nio-8081-exec-7] INFO  com.dp1.backend.services.EnvioService - Total envios encontrados despues de fecha inicio: 0
2025-12-10 23:38:31.066 [http-nio-8081-exec-7] INFO  com.dp1.backend.services.EnvioService - Envios en rango encontrados: 0
2025-12-10 23:38:31.066 [http-nio-8081-exec-7] INFO  com.dp1.backend.services.EnvioService - === FIN BUSQUEDA ENVIOS EN VIVO ===
2025-12-10 23:38:31.068 [http-nio-8081-exec-7] INFO  com.dp1.backend.handlers.SocketConnectionHandler - Enviando # de envios nuevos (desde última actualización): 0
2025-12-10 23:38:31.069 [http-nio-8081-exec-7] INFO  com.dp1.backend.handlers.SocketConnectionHandler - Actualizando envíos en operación desde: 2025-12-09T23:38:29-05:00[America/Lima] hasta: 2025-12-10T23:38:29-05:00[America/Lima]
2025-12-10 23:38:31.069 [http-nio-8081-exec-7] INFO  com.dp1.backend.services.EnvioService - === BUSCANDO ENVIOS EN VIVO ===
2025-12-10 23:38:31.071 [http-nio-8081-exec-7] INFO  com.dp1.backend.services.EnvioService - Fecha inicio: 2025-12-09T23:38:29-05:00[America/Lima] (Zona: America/Lima)
2025-12-10 23:38:31.072 [http-nio-8081-exec-7] INFO  com.dp1.backend.services.EnvioService - Fecha fin: 2025-12-10T23:38:29-05:00[America/Lima] (Zona: America/Lima)
2025-12-10 23:38:31.095 [http-nio-8081-exec-7] INFO  com.dp1.backend.services.EnvioService - Total envios encontrados despues de fecha inicio: 1
2025-12-10 23:38:31.100 [http-nio-8081-exec-7] INFO  com.dp1.backend.services.EnvioService - Evaluando envio SPIM5 - Fecha salida: 2025-12-11T04:17:00.337335Z (Zona: Z)
2025-12-10 23:38:31.100 [http-nio-8081-exec-7] INFO  com.dp1.backend.services.EnvioService - ✓ Envio SPIM5 está en el rango
2025-12-10 23:38:31.126 [http-nio-8081-exec-7] INFO  com.dp1.backend.services.EnvioService - Envios en rango encontrados: 1
2025-12-10 23:38:31.126 [http-nio-8081-exec-7] INFO  com.dp1.backend.services.EnvioService - === FIN BUSQUEDA ENVIOS EN VIVO ===
2025-12-10 23:38:31.129 [http-nio-8081-exec-7] INFO  com.dp1.backend.handlers.SocketConnectionHandler - Enviando # de envios en operación (últimos 2 minutos): 1
2025-12-10 23:39:02.046 [http-nio-8081-exec-4] INFO  com.dp1.backend.handlers.SocketConnectionHandler - Enviando # de vuelos en el aire: 0
2025-12-10 23:39:02.047 [http-nio-8081-exec-4] INFO  com.dp1.backend.services.EnvioService - === BUSCANDO ENVIOS EN VIVO ===
2025-12-10 23:39:02.048 [http-nio-8081-exec-4] INFO  com.dp1.backend.services.EnvioService - Fecha inicio: 2025-12-10T23:38:29-05:00[America/Lima] (Zona: America/Lima)
2025-12-10 23:39:02.048 [http-nio-8081-exec-4] INFO  com.dp1.backend.services.EnvioService - Fecha fin: 2025-12-10T23:39-05:00[America/Lima] (Zona: America/Lima)
2025-12-10 23:39:02.058 [http-nio-8081-exec-4] INFO  com.dp1.backend.services.EnvioService - Total envios encontrados despues de fecha inicio: 0
2025-12-10 23:39:02.059 [http-nio-8081-exec-4] INFO  com.dp1.backend.services.EnvioService - Envios en rango encontrados: 0
2025-12-10 23:39:02.059 [http-nio-8081-exec-4] INFO  com.dp1.backend.services.EnvioService - === FIN BUSQUEDA ENVIOS EN VIVO ===
2025-12-10 23:39:02.062 [http-nio-8081-exec-4] INFO  com.dp1.backend.handlers.SocketConnectionHandler - Enviando # de envios nuevos (desde última actualización): 0
2025-12-10 23:39:02.062 [http-nio-8081-exec-4] INFO  com.dp1.backend.handlers.SocketConnectionHandler - Actualizando envíos en operación desde: 2025-12-09T23:39-05:00[America/Lima] hasta: 2025-12-10T23:39-05:00[America/Lima]
2025-12-10 23:39:02.064 [http-nio-8081-exec-4] INFO  com.dp1.backend.services.EnvioService - === BUSCANDO ENVIOS EN VIVO ===
2025-12-10 23:39:02.065 [http-nio-8081-exec-4] INFO  com.dp1.backend.services.EnvioService - Fecha inicio: 2025-12-09T23:39-05:00[America/Lima] (Zona: America/Lima)
2025-12-10 23:39:02.066 [http-nio-8081-exec-4] INFO  com.dp1.backend.services.EnvioService - Fecha fin: 2025-12-10T23:39-05:00[America/Lima] (Zona: America/Lima)
2025-12-10 23:39:02.086 [http-nio-8081-exec-4] INFO  com.dp1.backend.services.EnvioService - Total envios encontrados despues de fecha inicio: 1
2025-12-10 23:39:02.087 [http-nio-8081-exec-4] INFO  com.dp1.backend.services.EnvioService - Evaluando envio SPIM5 - Fecha salida: 2025-12-11T04:17:00.337335Z (Zona: Z)
2025-12-10 23:39:02.089 [http-nio-8081-exec-4] INFO  com.dp1.backend.services.EnvioService - ✓ Envio SPIM5 está en el rango
2025-12-10 23:39:02.111 [http-nio-8081-exec-4] INFO  com.dp1.backend.services.EnvioService - Envios en rango encontrados: 1
2025-12-10 23:39:02.114 [http-nio-8081-exec-4] INFO  com.dp1.backend.services.EnvioService - === FIN BUSQUEDA ENVIOS EN VIVO ===
2025-12-10 23:39:02.117 [http-nio-8081-exec-4] INFO  com.dp1.backend.handlers.SocketConnectionHandler - Enviando # de envios en operación (últimos 2 minutos): 1
2025-12-10 23:39:15.047 [http-nio-8081-exec-3] INFO  com.dp1.backend.handlers.SocketConnectionHandler - 3fff9d9c-628c-9fb0-faec-7e11c87074cc  desconectado del socket
2025-12-10 23:39:21.730 [http-nio-8081-exec-5] INFO  com.dp1.backend.handlers.SocketConnectionHandler - 50c08022-ce36-bda7-72dc-771c4e4fd74b  conectado al socket
2025-12-10 23:39:21.776 [http-nio-8081-exec-5] INFO  com.dp1.backend.services.DatosEnMemoriaService - Leyendo archivo: data\envios\pack_enviado_EDDI_.txt
2025-12-10 23:39:22.463 [http-nio-8081-exec-5] INFO  com.dp1.backend.services.DatosEnMemoriaService - Leyendo archivo: data\envios\pack_enviado_EHAM_.txt
2025-12-10 23:39:22.742 [http-nio-8081-exec-8] INFO  com.dp1.backend.handlers.SocketConnectionHandler - a7323728-093f-6c5f-c58c-047b813390ef  conectado al socket
2025-12-10 23:39:22.776 [http-nio-8081-exec-9] INFO  com.dp1.backend.services.DatosEnMemoriaService - Leyendo archivo: data\envios\pack_enviado_EDDI_.txt
2025-12-10 23:39:23.032 [http-nio-8081-exec-5] INFO  com.dp1.backend.services.DatosEnMemoriaService - Leyendo archivo: data\envios\pack_enviado_EKCH_.txt
2025-12-10 23:39:23.230 [http-nio-8081-exec-9] INFO  com.dp1.backend.services.DatosEnMemoriaService - Leyendo archivo: data\envios\pack_enviado_EHAM_.txt
2025-12-10 23:39:23.545 [http-nio-8081-exec-5] INFO  com.dp1.backend.services.DatosEnMemoriaService - Leyendo archivo: data\envios\pack_enviado_LATI_.txt
2025-12-10 23:39:23.662 [http-nio-8081-exec-9] INFO  com.dp1.backend.services.DatosEnMemoriaService - Leyendo archivo: data\envios\pack_enviado_EKCH_.txt
2025-12-10 23:39:24.052 [http-nio-8081-exec-5] INFO  com.dp1.backend.services.DatosEnMemoriaService - Leyendo archivo: data\envios\pack_enviado_LBSF_.txt
2025-12-10 23:39:24.193 [http-nio-8081-exec-9] INFO  com.dp1.backend.services.DatosEnMemoriaService - Leyendo archivo: data\envios\pack_enviado_LATI_.txt
2025-12-10 23:39:24.488 [http-nio-8081-exec-5] INFO  com.dp1.backend.services.DatosEnMemoriaService - Leyendo archivo: data\envios\pack_enviado_LDZA_.txt
2025-12-10 23:39:24.672 [http-nio-8081-exec-9] INFO  com.dp1.backend.services.DatosEnMemoriaService - Leyendo archivo: data\envios\pack_enviado_LBSF_.txt
2025-12-10 23:39:24.919 [http-nio-8081-exec-5] INFO  com.dp1.backend.services.DatosEnMemoriaService - Leyendo archivo: data\envios\pack_enviado_LKPR_.txt
2025-12-10 23:39:25.157 [http-nio-8081-exec-9] INFO  com.dp1.backend.services.DatosEnMemoriaService - Leyendo archivo: data\envios\pack_enviado_LDZA_.txt
2025-12-10 23:39:25.327 [http-nio-8081-exec-5] INFO  com.dp1.backend.services.DatosEnMemoriaService - Leyendo archivo: data\envios\pack_enviado_LOWW_.txt
2025-12-10 23:39:25.521 [http-nio-8081-exec-9] INFO  com.dp1.backend.services.DatosEnMemoriaService - Leyendo archivo: data\envios\pack_enviado_LKPR_.txt
2025-12-10 23:39:25.824 [http-nio-8081-exec-5] INFO  com.dp1.backend.services.DatosEnMemoriaService - Leyendo archivo: data\envios\pack_enviado_OAKB_.txt
2025-12-10 23:39:25.984 [http-nio-8081-exec-9] INFO  com.dp1.backend.services.DatosEnMemoriaService - Leyendo archivo: data\envios\pack_enviado_LOWW_.txt
2025-12-10 23:39:26.454 [http-nio-8081-exec-5] INFO  com.dp1.backend.services.DatosEnMemoriaService - Leyendo archivo: data\envios\pack_enviado_OERK_.txt
2025-12-10 23:39:26.625 [http-nio-8081-exec-9] INFO  com.dp1.backend.services.DatosEnMemoriaService - Leyendo archivo: data\envios\pack_enviado_OAKB_.txt
2025-12-10 23:39:26.982 [http-nio-8081-exec-5] INFO  com.dp1.backend.services.DatosEnMemoriaService - Leyendo archivo: data\envios\pack_enviado_OJAI_.txt
2025-12-10 23:39:27.094 [http-nio-8081-exec-9] INFO  com.dp1.backend.services.DatosEnMemoriaService - Leyendo archivo: data\envios\pack_enviado_OERK_.txt
2025-12-10 23:39:27.423 [http-nio-8081-exec-5] INFO  com.dp1.backend.services.DatosEnMemoriaService - Leyendo archivo: data\envios\pack_enviado_OMDB_.txt
2025-12-10 23:39:27.628 [http-nio-8081-exec-9] INFO  com.dp1.backend.services.DatosEnMemoriaService - Leyendo archivo: data\envios\pack_enviado_OJAI_.txt
2025-12-10 23:39:27.905 [http-nio-8081-exec-5] INFO  com.dp1.backend.services.DatosEnMemoriaService - Leyendo archivo: data\envios\pack_enviado_OOMS_.txt
2025-12-10 23:39:28.095 [http-nio-8081-exec-9] INFO  com.dp1.backend.services.DatosEnMemoriaService - Leyendo archivo: data\envios\pack_enviado_OMDB_.txt
2025-12-10 23:39:28.382 [http-nio-8081-exec-5] INFO  com.dp1.backend.services.DatosEnMemoriaService - Leyendo archivo: data\envios\pack_enviado_OPKC_.txt
2025-12-10 23:39:28.636 [http-nio-8081-exec-9] INFO  com.dp1.backend.services.DatosEnMemoriaService - Leyendo archivo: data\envios\pack_enviado_OOMS_.txt
2025-12-10 23:39:28.863 [http-nio-8081-exec-5] INFO  com.dp1.backend.services.DatosEnMemoriaService - Leyendo archivo: data\envios\pack_enviado_OSDI_.txt
2025-12-10 23:39:29.036 [http-nio-8081-exec-9] INFO  com.dp1.backend.services.DatosEnMemoriaService - Leyendo archivo: data\envios\pack_enviado_OPKC_.txt
2025-12-10 23:39:29.378 [http-nio-8081-exec-5] INFO  com.dp1.backend.services.DatosEnMemoriaService - Leyendo archivo: data\envios\pack_enviado_OYSN_.txt
2025-12-10 23:39:29.594 [http-nio-8081-exec-9] INFO  com.dp1.backend.services.DatosEnMemoriaService - Leyendo archivo: data\envios\pack_enviado_OSDI_.txt
2025-12-10 23:39:29.972 [http-nio-8081-exec-5] INFO  com.dp1.backend.services.DatosEnMemoriaService - Leyendo archivo: data\envios\pack_enviado_SABE_.txt
2025-12-10 23:39:30.123 [http-nio-8081-exec-9] INFO  com.dp1.backend.services.DatosEnMemoriaService - Leyendo archivo: data\envios\pack_enviado_OYSN_.txt
2025-12-10 23:39:30.342 [http-nio-8081-exec-5] INFO  com.dp1.backend.services.DatosEnMemoriaService - Leyendo archivo: data\envios\pack_enviado_SBBR_.txt
2025-12-10 23:39:30.710 [http-nio-8081-exec-9] INFO  com.dp1.backend.services.DatosEnMemoriaService - Leyendo archivo: data\envios\pack_enviado_SABE_.txt
2025-12-10 23:39:30.896 [http-nio-8081-exec-5] INFO  com.dp1.backend.services.DatosEnMemoriaService - Leyendo archivo: data\envios\pack_enviado_SCEL_.txt
2025-12-10 23:39:31.187 [http-nio-8081-exec-9] INFO  com.dp1.backend.services.DatosEnMemoriaService - Leyendo archivo: data\envios\pack_enviado_SBBR_.txt
2025-12-10 23:39:31.471 [http-nio-8081-exec-5] INFO  com.dp1.backend.services.DatosEnMemoriaService - Leyendo archivo: data\envios\pack_enviado_SEQM_.txt
2025-12-10 23:39:31.715 [http-nio-8081-exec-9] INFO  com.dp1.backend.services.DatosEnMemoriaService - Leyendo archivo: data\envios\pack_enviado_SCEL_.txt
2025-12-10 23:39:31.981 [http-nio-8081-exec-5] INFO  com.dp1.backend.services.DatosEnMemoriaService - Leyendo archivo: data\envios\pack_enviado_SGAS_.txt
2025-12-10 23:39:32.206 [http-nio-8081-exec-9] INFO  com.dp1.backend.services.DatosEnMemoriaService - Leyendo archivo: data\envios\pack_enviado_SEQM_.txt
2025-12-10 23:39:32.484 [http-nio-8081-exec-5] INFO  com.dp1.backend.services.DatosEnMemoriaService - Leyendo archivo: data\envios\pack_enviado_SKBO_.txt
2025-12-10 23:39:32.713 [http-nio-8081-exec-9] INFO  com.dp1.backend.services.DatosEnMemoriaService - Leyendo archivo: data\envios\pack_enviado_SGAS_.txt
2025-12-10 23:39:32.928 [http-nio-8081-exec-5] INFO  com.dp1.backend.services.DatosEnMemoriaService - Leyendo archivo: data\envios\pack_enviado_SLLP_.txt
2025-12-10 23:39:33.126 [http-nio-8081-exec-9] INFO  com.dp1.backend.services.DatosEnMemoriaService - Leyendo archivo: data\envios\pack_enviado_SKBO_.txt
2025-12-10 23:39:33.207 [http-nio-8081-exec-5] INFO  com.dp1.backend.services.DatosEnMemoriaService - Leyendo archivo: data\envios\pack_enviado_SUAA_.txt
2025-12-10 23:39:33.588 [http-nio-8081-exec-9] INFO  com.dp1.backend.services.DatosEnMemoriaService - Leyendo archivo: data\envios\pack_enviado_SLLP_.txt
2025-12-10 23:39:33.718 [http-nio-8081-exec-5] INFO  com.dp1.backend.services.DatosEnMemoriaService - Leyendo archivo: data\envios\pack_enviado_SVMI_.txt
2025-12-10 23:39:33.859 [http-nio-8081-exec-9] INFO  com.dp1.backend.services.DatosEnMemoriaService - Leyendo archivo: data\envios\pack_enviado_SUAA_.txt
2025-12-10 23:39:34.290 [http-nio-8081-exec-5] INFO  com.dp1.backend.services.DatosEnMemoriaService - Leyendo archivo: data\envios\pack_enviado_UMMS_.txt
2025-12-10 23:39:34.307 [http-nio-8081-exec-9] INFO  com.dp1.backend.services.DatosEnMemoriaService - Leyendo archivo: data\envios\pack_enviado_SVMI_.txt
2025-12-10 23:39:34.802 [http-nio-8081-exec-9] INFO  com.dp1.backend.services.DatosEnMemoriaService - Leyendo archivo: data\envios\pack_enviado_UMMS_.txt
2025-12-10 23:39:34.828 [http-nio-8081-exec-5] INFO  com.dp1.backend.services.DatosEnMemoriaService - Leyendo archivo: data\envios\pack_enviado_VIDP_.txt
2025-12-10 23:39:35.242 [http-nio-8081-exec-5] INFO  com.dp1.backend.services.DatosEnMemoriaService - Envios cargados: 49670
2025-12-10 23:39:35.245 [http-nio-8081-exec-9] INFO  com.dp1.backend.services.DatosEnMemoriaService - Leyendo archivo: data\envios\pack_enviado_VIDP_.txt
2025-12-10 23:39:35.292 [http-nio-8081-exec-5] INFO  com.dp1.backend.services.ACOService - Ejecutando ACO para: 
2025-12-10 23:39:35.292 [http-nio-8081-exec-5] INFO  com.dp1.backend.services.ACOService - Aeropuertos: 30
2025-12-10 23:39:35.292 [http-nio-8081-exec-5] INFO  com.dp1.backend.services.ACOService - Vuelos: 2866
2025-12-10 23:39:35.293 [http-nio-8081-exec-5] INFO  com.dp1.backend.services.ACOService - Envios: 4833
2025-12-10 23:39:35.293 [http-nio-8081-exec-5] INFO  com.dp1.backend.services.ACOService - Paquetes: 9092
2025-12-10 23:39:35.561 [http-nio-8081-exec-9] INFO  com.dp1.backend.services.DatosEnMemoriaService - Envios cargados: 49670
2025-12-10 23:39:35.586 [http-nio-8081-exec-5] ERROR com.dp1.backend.services.ACOService - Error en ejecutarAco: null
2025-12-10 23:39:35.596 [http-nio-8081-exec-9] INFO  com.dp1.backend.services.ACOService - Ejecutando ACO para: 
2025-12-10 23:39:35.596 [http-nio-8081-exec-9] INFO  com.dp1.backend.services.ACOService - Aeropuertos: 30
2025-12-10 23:39:35.597 [http-nio-8081-exec-9] INFO  com.dp1.backend.services.ACOService - Vuelos: 2866
2025-12-10 23:39:35.597 [http-nio-8081-exec-9] INFO  com.dp1.backend.services.ACOService - Envios: 4833
2025-12-10 23:39:35.598 [http-nio-8081-exec-9] INFO  com.dp1.backend.services.ACOService - Paquetes: 9092
2025-12-10 23:39:35.590 [http-nio-8081-exec-5] ERROR org.springframework.web.socket.handler.ExceptionWebSocketHandlerDecorator - Closing session due to exception for StandardWebSocketSession[id=50c08022-ce36-bda7-72dc-771c4e4fd74b, uri=ws://localhost:8081/api/socket]
java.lang.NullPointerException: Cannot invoke "java.lang.CharSequence.toString()" because "payload" is null
	at org.springframework.web.socket.TextMessage.<init>(TextMessage.java:40) ~[spring-websocket-6.1.6.jar:6.1.6]
	at com.dp1.backend.handlers.SocketConnectionHandler.handlePrimerContactoSimulacion(SocketConnectionHandler.java:242) ~[classes/:?]
	at com.dp1.backend.handlers.SocketConnectionHandler.handleMessage(SocketConnectionHandler.java:132) ~[classes/:?]
	at org.springframework.web.socket.handler.WebSocketHandlerDecorator.handleMessage(WebSocketHandlerDecorator.java:75) ~[spring-websocket-6.1.6.jar:6.1.6]
	at org.springframework.web.socket.handler.LoggingWebSocketHandlerDecorator.handleMessage(LoggingWebSocketHandlerDecorator.java:56) ~[spring-websocket-6.1.6.jar:6.1.6]
	at org.springframework.web.socket.handler.ExceptionWebSocketHandlerDecorator.handleMessage(ExceptionWebSocketHandlerDecorator.java:58) [spring-websocket-6.1.6.jar:6.1.6]
	at org.springframework.web.socket.adapter.standard.StandardWebSocketHandlerAdapter.handleTextMessage(StandardWebSocketHandlerAdapter.java:113) [spring-websocket-6.1.6.jar:6.1.6]
	at org.springframework.web.socket.adapter.standard.StandardWebSocketHandlerAdapter$3.onMessage(StandardWebSocketHandlerAdapter.java:84) [spring-websocket-6.1.6.jar:6.1.6]
	at org.springframework.web.socket.adapter.standard.StandardWebSocketHandlerAdapter$3.onMessage(StandardWebSocketHandlerAdapter.java:81) [spring-websocket-6.1.6.jar:6.1.6]
	at org.apache.tomcat.websocket.WsFrameBase.sendMessageText(WsFrameBase.java:390) [tomcat-embed-websocket-10.1.19.jar:10.1.19]
	at org.apache.tomcat.websocket.server.WsFrameServer.sendMessageText(WsFrameServer.java:130) [tomcat-embed-websocket-10.1.19.jar:10.1.19]
	at org.apache.tomcat.websocket.WsFrameBase.processDataText(WsFrameBase.java:484) [tomcat-embed-websocket-10.1.19.jar:10.1.19]
	at org.apache.tomcat.websocket.WsFrameBase.processData(WsFrameBase.java:284) [tomcat-embed-websocket-10.1.19.jar:10.1.19]
	at org.apache.tomcat.websocket.WsFrameBase.processInputBuffer(WsFrameBase.java:130) [tomcat-embed-websocket-10.1.19.jar:10.1.19]
	at org.apache.tomcat.websocket.server.WsFrameServer.onDataAvailable(WsFrameServer.java:85) [tomcat-embed-websocket-10.1.19.jar:10.1.19]
	at org.apache.tomcat.websocket.server.WsFrameServer.doOnDataAvailable(WsFrameServer.java:184) [tomcat-embed-websocket-10.1.19.jar:10.1.19]
	at org.apache.tomcat.websocket.server.WsFrameServer.notifyDataAvailable(WsFrameServer.java:164) [tomcat-embed-websocket-10.1.19.jar:10.1.19]
	at org.apache.tomcat.websocket.server.WsHttpUpgradeHandler.upgradeDispatch(WsHttpUpgradeHandler.java:152) [tomcat-embed-websocket-10.1.19.jar:10.1.19]
	at org.apache.coyote.http11.upgrade.UpgradeProcessorInternal.dispatch(UpgradeProcessorInternal.java:60) [tomcat-embed-core-10.1.19.jar:10.1.19]
	at org.apache.coyote.AbstractProcessorLight.process(AbstractProcessorLight.java:57) [tomcat-embed-core-10.1.19.jar:10.1.19]
	at org.apache.coyote.AbstractProtocol$ConnectionHandler.process(AbstractProtocol.java:896) [tomcat-embed-core-10.1.19.jar:10.1.19]
	at org.apache.tomcat.util.net.NioEndpoint$SocketProcessor.doRun(NioEndpoint.java:1744) [tomcat-embed-core-10.1.19.jar:10.1.19]
	at org.apache.tomcat.util.net.SocketProcessorBase.run(SocketProcessorBase.java:52) [tomcat-embed-core-10.1.19.jar:10.1.19]
	at org.apache.tomcat.util.threads.ThreadPoolExecutor.runWorker(ThreadPoolExecutor.java:1191) [tomcat-embed-core-10.1.19.jar:10.1.19]
	at org.apache.tomcat.util.threads.ThreadPoolExecutor$Worker.run(ThreadPoolExecutor.java:659) [tomcat-embed-core-10.1.19.jar:10.1.19]
	at org.apache.tomcat.util.threads.TaskThread$WrappingRunnable.run(TaskThread.java:63) [tomcat-embed-core-10.1.19.jar:10.1.19]
	at java.base/java.lang.Thread.run(Thread.java:1447) [?:?]
2025-12-10 23:39:36.087 [http-nio-8081-exec-5] INFO  com.dp1.backend.handlers.SocketConnectionHandler - 50c08022-ce36-bda7-72dc-771c4e4fd74b  desconectado del socket
2025-12-10 23:40:29.768 [http-nio-8081-exec-4] INFO  com.dp1.backend.handlers.SocketConnectionHandler - c7662f73-ae95-694f-8e6d-cc0e5e5ed326  conectado al socket
2025-12-10 23:40:29.790 [http-nio-8081-exec-4] INFO  com.dp1.backend.services.DatosEnMemoriaService - Leyendo archivo: data\envios\pack_enviado_EDDI_.txt
2025-12-10 23:40:30.298 [http-nio-8081-exec-4] INFO  com.dp1.backend.services.DatosEnMemoriaService - Leyendo archivo: data\envios\pack_enviado_EHAM_.txt
2025-12-10 23:40:30.683 [http-nio-8081-exec-4] INFO  com.dp1.backend.services.DatosEnMemoriaService - Leyendo archivo: data\envios\pack_enviado_EKCH_.txt
2025-12-10 23:40:31.163 [http-nio-8081-exec-4] INFO  com.dp1.backend.services.DatosEnMemoriaService - Leyendo archivo: data\envios\pack_enviado_LATI_.txt
2025-12-10 23:40:31.603 [http-nio-8081-exec-4] INFO  com.dp1.backend.services.DatosEnMemoriaService - Leyendo archivo: data\envios\pack_enviado_LBSF_.txt
2025-12-10 23:40:32.000 [http-nio-8081-exec-4] INFO  com.dp1.backend.services.DatosEnMemoriaService - Leyendo archivo: data\envios\pack_enviado_LDZA_.txt
2025-12-10 23:40:32.304 [http-nio-8081-exec-4] INFO  com.dp1.backend.services.DatosEnMemoriaService - Leyendo archivo: data\envios\pack_enviado_LKPR_.txt
2025-12-10 23:40:32.664 [http-nio-8081-exec-4] INFO  com.dp1.backend.services.DatosEnMemoriaService - Leyendo archivo: data\envios\pack_enviado_LOWW_.txt
2025-12-10 23:40:33.152 [http-nio-8081-exec-4] INFO  com.dp1.backend.services.DatosEnMemoriaService - Leyendo archivo: data\envios\pack_enviado_OAKB_.txt
2025-12-10 23:40:33.570 [http-nio-8081-exec-4] INFO  com.dp1.backend.services.DatosEnMemoriaService - Leyendo archivo: data\envios\pack_enviado_OERK_.txt
2025-12-10 23:40:33.986 [http-nio-8081-exec-4] INFO  com.dp1.backend.services.DatosEnMemoriaService - Leyendo archivo: data\envios\pack_enviado_OJAI_.txt
2025-12-10 23:40:34.311 [http-nio-8081-exec-4] INFO  com.dp1.backend.services.DatosEnMemoriaService - Leyendo archivo: data\envios\pack_enviado_OMDB_.txt
2025-12-10 23:40:34.678 [http-nio-8081-exec-4] INFO  com.dp1.backend.services.DatosEnMemoriaService - Leyendo archivo: data\envios\pack_enviado_OOMS_.txt
2025-12-10 23:40:34.976 [http-nio-8081-exec-4] INFO  com.dp1.backend.services.DatosEnMemoriaService - Leyendo archivo: data\envios\pack_enviado_OPKC_.txt
2025-12-10 23:40:35.364 [http-nio-8081-exec-4] INFO  com.dp1.backend.services.DatosEnMemoriaService - Leyendo archivo: data\envios\pack_enviado_OSDI_.txt
2025-12-10 23:40:35.746 [http-nio-8081-exec-4] INFO  com.dp1.backend.services.DatosEnMemoriaService - Leyendo archivo: data\envios\pack_enviado_OYSN_.txt
2025-12-10 23:40:36.176 [http-nio-8081-exec-4] INFO  com.dp1.backend.services.DatosEnMemoriaService - Leyendo archivo: data\envios\pack_enviado_SABE_.txt
2025-12-10 23:40:36.488 [http-nio-8081-exec-4] INFO  com.dp1.backend.services.DatosEnMemoriaService - Leyendo archivo: data\envios\pack_enviado_SBBR_.txt
2025-12-10 23:40:36.825 [http-nio-8081-exec-4] INFO  com.dp1.backend.services.DatosEnMemoriaService - Leyendo archivo: data\envios\pack_enviado_SCEL_.txt
2025-12-10 23:40:37.238 [http-nio-8081-exec-4] INFO  com.dp1.backend.services.DatosEnMemoriaService - Leyendo archivo: data\envios\pack_enviado_SEQM_.txt
2025-12-10 23:40:37.650 [http-nio-8081-exec-4] INFO  com.dp1.backend.services.DatosEnMemoriaService - Leyendo archivo: data\envios\pack_enviado_SGAS_.txt
2025-12-10 23:40:38.003 [http-nio-8081-exec-4] INFO  com.dp1.backend.services.DatosEnMemoriaService - Leyendo archivo: data\envios\pack_enviado_SKBO_.txt
2025-12-10 23:40:38.397 [http-nio-8081-exec-4] INFO  com.dp1.backend.services.DatosEnMemoriaService - Leyendo archivo: data\envios\pack_enviado_SLLP_.txt
2025-12-10 23:40:38.644 [http-nio-8081-exec-4] INFO  com.dp1.backend.services.DatosEnMemoriaService - Leyendo archivo: data\envios\pack_enviado_SUAA_.txt
2025-12-10 23:40:39.047 [http-nio-8081-exec-4] INFO  com.dp1.backend.services.DatosEnMemoriaService - Leyendo archivo: data\envios\pack_enviado_SVMI_.txt
2025-12-10 23:40:39.490 [http-nio-8081-exec-4] INFO  com.dp1.backend.services.DatosEnMemoriaService - Leyendo archivo: data\envios\pack_enviado_UMMS_.txt
2025-12-10 23:40:39.843 [http-nio-8081-exec-4] INFO  com.dp1.backend.services.DatosEnMemoriaService - Leyendo archivo: data\envios\pack_enviado_VIDP_.txt
2025-12-10 23:40:40.135 [http-nio-8081-exec-4] INFO  com.dp1.backend.services.DatosEnMemoriaService - Envios cargados: 49670
2025-12-10 23:40:40.144 [http-nio-8081-exec-9] ERROR com.dp1.backend.services.ACOService - Error en ejecutarAco: null
2025-12-10 23:40:40.145 [http-nio-8081-exec-9] ERROR org.springframework.web.socket.handler.ExceptionWebSocketHandlerDecorator - Closing session due to exception for StandardWebSocketSession[id=a7323728-093f-6c5f-c58c-047b813390ef, uri=ws://localhost:8081/api/socket]
java.lang.NullPointerException: Cannot invoke "java.lang.CharSequence.toString()" because "payload" is null
	at org.springframework.web.socket.TextMessage.<init>(TextMessage.java:40) ~[spring-websocket-6.1.6.jar:6.1.6]
	at com.dp1.backend.handlers.SocketConnectionHandler.handlePrimerContactoSimulacion(SocketConnectionHandler.java:242) ~[classes/:?]
	at com.dp1.backend.handlers.SocketConnectionHandler.handleMessage(SocketConnectionHandler.java:132) ~[classes/:?]
	at org.springframework.web.socket.handler.WebSocketHandlerDecorator.handleMessage(WebSocketHandlerDecorator.java:75) ~[spring-websocket-6.1.6.jar:6.1.6]
	at org.springframework.web.socket.handler.LoggingWebSocketHandlerDecorator.handleMessage(LoggingWebSocketHandlerDecorator.java:56) ~[spring-websocket-6.1.6.jar:6.1.6]
	at org.springframework.web.socket.handler.ExceptionWebSocketHandlerDecorator.handleMessage(ExceptionWebSocketHandlerDecorator.java:58) [spring-websocket-6.1.6.jar:6.1.6]
	at org.springframework.web.socket.adapter.standard.StandardWebSocketHandlerAdapter.handleTextMessage(StandardWebSocketHandlerAdapter.java:113) [spring-websocket-6.1.6.jar:6.1.6]
	at org.springframework.web.socket.adapter.standard.StandardWebSocketHandlerAdapter$3.onMessage(StandardWebSocketHandlerAdapter.java:84) [spring-websocket-6.1.6.jar:6.1.6]
	at org.springframework.web.socket.adapter.standard.StandardWebSocketHandlerAdapter$3.onMessage(StandardWebSocketHandlerAdapter.java:81) [spring-websocket-6.1.6.jar:6.1.6]
	at org.apache.tomcat.websocket.WsFrameBase.sendMessageText(WsFrameBase.java:390) [tomcat-embed-websocket-10.1.19.jar:10.1.19]
	at org.apache.tomcat.websocket.server.WsFrameServer.sendMessageText(WsFrameServer.java:130) [tomcat-embed-websocket-10.1.19.jar:10.1.19]
	at org.apache.tomcat.websocket.WsFrameBase.processDataText(WsFrameBase.java:484) [tomcat-embed-websocket-10.1.19.jar:10.1.19]
	at org.apache.tomcat.websocket.WsFrameBase.processData(WsFrameBase.java:284) [tomcat-embed-websocket-10.1.19.jar:10.1.19]
	at org.apache.tomcat.websocket.WsFrameBase.processInputBuffer(WsFrameBase.java:130) [tomcat-embed-websocket-10.1.19.jar:10.1.19]
	at org.apache.tomcat.websocket.server.WsFrameServer.onDataAvailable(WsFrameServer.java:85) [tomcat-embed-websocket-10.1.19.jar:10.1.19]
	at org.apache.tomcat.websocket.server.WsFrameServer.doOnDataAvailable(WsFrameServer.java:184) [tomcat-embed-websocket-10.1.19.jar:10.1.19]
	at org.apache.tomcat.websocket.server.WsFrameServer.notifyDataAvailable(WsFrameServer.java:164) [tomcat-embed-websocket-10.1.19.jar:10.1.19]
	at org.apache.tomcat.websocket.server.WsHttpUpgradeHandler.upgradeDispatch(WsHttpUpgradeHandler.java:152) [tomcat-embed-websocket-10.1.19.jar:10.1.19]
	at org.apache.coyote.http11.upgrade.UpgradeProcessorInternal.dispatch(UpgradeProcessorInternal.java:60) [tomcat-embed-core-10.1.19.jar:10.1.19]
	at org.apache.coyote.AbstractProcessorLight.process(AbstractProcessorLight.java:57) [tomcat-embed-core-10.1.19.jar:10.1.19]
	at org.apache.coyote.AbstractProtocol$ConnectionHandler.process(AbstractProtocol.java:896) [tomcat-embed-core-10.1.19.jar:10.1.19]
	at org.apache.tomcat.util.net.NioEndpoint$SocketProcessor.doRun(NioEndpoint.java:1744) [tomcat-embed-core-10.1.19.jar:10.1.19]
	at org.apache.tomcat.util.net.SocketProcessorBase.run(SocketProcessorBase.java:52) [tomcat-embed-core-10.1.19.jar:10.1.19]
	at org.apache.tomcat.util.threads.ThreadPoolExecutor.runWorker(ThreadPoolExecutor.java:1191) [tomcat-embed-core-10.1.19.jar:10.1.19]
	at org.apache.tomcat.util.threads.ThreadPoolExecutor$Worker.run(ThreadPoolExecutor.java:659) [tomcat-embed-core-10.1.19.jar:10.1.19]
	at org.apache.tomcat.util.threads.TaskThread$WrappingRunnable.run(TaskThread.java:63) [tomcat-embed-core-10.1.19.jar:10.1.19]
	at java.base/java.lang.Thread.run(Thread.java:1447) [?:?]
2025-12-10 23:40:40.148 [http-nio-8081-exec-9] INFO  com.dp1.backend.handlers.SocketConnectionHandler - a7323728-093f-6c5f-c58c-047b813390ef  desconectado del socket
2025-12-10 23:40:40.148 [http-nio-8081-exec-4] ERROR org.springframework.web.socket.handler.ExceptionWebSocketHandlerDecorator - Closing session due to exception for StandardWebSocketSession[id=c7662f73-ae95-694f-8e6d-cc0e5e5ed326, uri=ws://localhost:8081/api/socket]
java.util.ConcurrentModificationException: null
	at java.base/java.util.HashMap$HashIterator.nextNode(HashMap.java:1606) ~[?:?]
	at java.base/java.util.HashMap$ValueIterator.next(HashMap.java:1634) ~[?:?]
	at com.dp1.backend.services.DatosEnMemoriaService.devolverEnviosDesdeHasta(DatosEnMemoriaService.java:326) ~[classes/:?]
	at java.base/jdk.internal.reflect.DirectMethodHandleAccessor.invoke(DirectMethodHandleAccessor.java:104) ~[?:?]
	at java.base/java.lang.reflect.Method.invoke(Method.java:565) ~[?:?]
	at org.springframework.aop.support.AopUtils.invokeJoinpointUsingReflection(AopUtils.java:351) ~[spring-aop-6.1.4.jar:6.1.4]
	at org.springframework.aop.framework.CglibAopProxy$DynamicAdvisedInterceptor.intercept(CglibAopProxy.java:713) ~[spring-aop-6.1.4.jar:6.1.4]
	at com.dp1.backend.services.DatosEnMemoriaService$$SpringCGLIB$$0.devolverEnviosDesdeHasta(<generated>) ~[classes/:?]
	at com.dp1.backend.services.ACOService.ejecutarAcoInicial(ACOService.java:164) ~[classes/:?]
	at com.dp1.backend.handlers.SocketConnectionHandler.handlePrimerContactoSimulacion(SocketConnectionHandler.java:241) ~[classes/:?]
	at com.dp1.backend.handlers.SocketConnectionHandler.handleMessage(SocketConnectionHandler.java:132) ~[classes/:?]
	at org.springframework.web.socket.handler.WebSocketHandlerDecorator.handleMessage(WebSocketHandlerDecorator.java:75) ~[spring-websocket-6.1.6.jar:6.1.6]
	at org.springframework.web.socket.handler.LoggingWebSocketHandlerDecorator.handleMessage(LoggingWebSocketHandlerDecorator.java:56) ~[spring-websocket-6.1.6.jar:6.1.6]
	at org.springframework.web.socket.handler.ExceptionWebSocketHandlerDecorator.handleMessage(ExceptionWebSocketHandlerDecorator.java:58) [spring-websocket-6.1.6.jar:6.1.6]
	at org.springframework.web.socket.adapter.standard.StandardWebSocketHandlerAdapter.handleTextMessage(StandardWebSocketHandlerAdapter.java:113) [spring-websocket-6.1.6.jar:6.1.6]
	at org.springframework.web.socket.adapter.standard.StandardWebSocketHandlerAdapter$3.onMessage(StandardWebSocketHandlerAdapter.java:84) [spring-websocket-6.1.6.jar:6.1.6]
	at org.springframework.web.socket.adapter.standard.StandardWebSocketHandlerAdapter$3.onMessage(StandardWebSocketHandlerAdapter.java:81) [spring-websocket-6.1.6.jar:6.1.6]
	at org.apache.tomcat.websocket.WsFrameBase.sendMessageText(WsFrameBase.java:390) [tomcat-embed-websocket-10.1.19.jar:10.1.19]
	at org.apache.tomcat.websocket.server.WsFrameServer.sendMessageText(WsFrameServer.java:130) [tomcat-embed-websocket-10.1.19.jar:10.1.19]
	at org.apache.tomcat.websocket.WsFrameBase.processDataText(WsFrameBase.java:484) [tomcat-embed-websocket-10.1.19.jar:10.1.19]
	at org.apache.tomcat.websocket.WsFrameBase.processData(WsFrameBase.java:284) [tomcat-embed-websocket-10.1.19.jar:10.1.19]
	at org.apache.tomcat.websocket.WsFrameBase.processInputBuffer(WsFrameBase.java:130) [tomcat-embed-websocket-10.1.19.jar:10.1.19]
	at org.apache.tomcat.websocket.server.WsFrameServer.onDataAvailable(WsFrameServer.java:85) [tomcat-embed-websocket-10.1.19.jar:10.1.19]
	at org.apache.tomcat.websocket.server.WsFrameServer.doOnDataAvailable(WsFrameServer.java:184) [tomcat-embed-websocket-10.1.19.jar:10.1.19]
	at org.apache.tomcat.websocket.server.WsFrameServer.notifyDataAvailable(WsFrameServer.java:164) [tomcat-embed-websocket-10.1.19.jar:10.1.19]
	at org.apache.tomcat.websocket.server.WsHttpUpgradeHandler.upgradeDispatch(WsHttpUpgradeHandler.java:152) [tomcat-embed-websocket-10.1.19.jar:10.1.19]
	at org.apache.coyote.http11.upgrade.UpgradeProcessorInternal.dispatch(UpgradeProcessorInternal.java:60) [tomcat-embed-core-10.1.19.jar:10.1.19]
	at org.apache.coyote.AbstractProcessorLight.process(AbstractProcessorLight.java:57) [tomcat-embed-core-10.1.19.jar:10.1.19]
	at org.apache.coyote.AbstractProtocol$ConnectionHandler.process(AbstractProtocol.java:896) [tomcat-embed-core-10.1.19.jar:10.1.19]
	at org.apache.tomcat.util.net.NioEndpoint$SocketProcessor.doRun(NioEndpoint.java:1744) [tomcat-embed-core-10.1.19.jar:10.1.19]
	at org.apache.tomcat.util.net.SocketProcessorBase.run(SocketProcessorBase.java:52) [tomcat-embed-core-10.1.19.jar:10.1.19]
	at org.apache.tomcat.util.threads.ThreadPoolExecutor.runWorker(ThreadPoolExecutor.java:1191) [tomcat-embed-core-10.1.19.jar:10.1.19]
	at org.apache.tomcat.util.threads.ThreadPoolExecutor$Worker.run(ThreadPoolExecutor.java:659) [tomcat-embed-core-10.1.19.jar:10.1.19]
	at org.apache.tomcat.util.threads.TaskThread$WrappingRunnable.run(TaskThread.java:63) [tomcat-embed-core-10.1.19.jar:10.1.19]
	at java.base/java.lang.Thread.run(Thread.java:1447) [?:?]
2025-12-10 23:40:40.156 [http-nio-8081-exec-4] INFO  com.dp1.backend.handlers.SocketConnectionHandler - c7662f73-ae95-694f-8e6d-cc0e5e5ed326  desconectado del socket
2025-12-10 23:42:10.552 [SpringApplicationShutdownHook] INFO  org.springframework.orm.jpa.LocalContainerEntityManagerFactoryBean - Closing JPA EntityManagerFactory for persistence unit 'default'
2025-12-10 23:42:10.565 [SpringApplicationShutdownHook] INFO  com.zaxxer.hikari.HikariDataSource - HikariPool-1 - Shutdown initiated...
2025-12-10 23:42:10.611 [SpringApplicationShutdownHook] INFO  com.zaxxer.hikari.HikariDataSource - HikariPool-1 - Shutdown completed.
2025-12-10 23:45:22.380 [main] INFO  com.dp1.backend.BackendApplication - Starting BackendApplication using Java 24.0.1 with PID 12588 (C:\Users\Joseph\Documents\PUCP\25-2\Dp1\Nuevo\Back\MoraPack_Backend\target\classes started by Joseph in C:\Users\Joseph\Documents\PUCP\25-2\Dp1\Nuevo\Back\MoraPack_Backend)
2025-12-10 23:45:22.435 [main] INFO  com.dp1.backend.BackendApplication - No active profile set, falling back to 1 default profile: "default"
2025-12-10 23:45:24.514 [main] INFO  org.springframework.data.repository.config.RepositoryConfigurationDelegate - Bootstrapping Spring Data JPA repositories in DEFAULT mode.
2025-12-10 23:45:24.714 [main] INFO  org.springframework.data.repository.config.RepositoryConfigurationDelegate - Finished Spring Data repository scanning in 177 ms. Found 10 JPA repository interfaces.
2025-12-10 23:45:25.947 [main] INFO  org.springframework.boot.web.embedded.tomcat.TomcatWebServer - Tomcat initialized with port 8081 (http)
2025-12-10 23:45:25.979 [main] INFO  org.apache.coyote.http11.Http11NioProtocol - Initializing ProtocolHandler ["http-nio-8081"]
2025-12-10 23:45:25.986 [main] INFO  org.apache.catalina.core.StandardService - Starting service [Tomcat]
2025-12-10 23:45:25.987 [main] INFO  org.apache.catalina.core.StandardEngine - Starting Servlet engine: [Apache Tomcat/10.1.19]
2025-12-10 23:45:26.117 [main] INFO  org.apache.catalina.core.ContainerBase.[Tomcat].[localhost].[/api] - Initializing Spring embedded WebApplicationContext
2025-12-10 23:45:26.118 [main] INFO  org.springframework.boot.web.servlet.context.ServletWebServerApplicationContext - Root WebApplicationContext: initialization completed in 3493 ms
2025-12-10 23:45:26.575 [main] INFO  org.hibernate.jpa.internal.util.LogHelper - HHH000204: Processing PersistenceUnitInfo [name: default]
2025-12-10 23:45:27.230 [main] INFO  org.hibernate.Version - HHH000412: Hibernate ORM core version 6.4.4.Final
2025-12-10 23:45:27.371 [main] INFO  org.hibernate.cache.internal.RegionFactoryInitiator - HHH000026: Second-level cache disabled
2025-12-10 23:45:28.160 [main] INFO  org.springframework.orm.jpa.persistenceunit.SpringPersistenceUnitInfo - No LoadTimeWeaver setup: ignoring JPA class transformer
2025-12-10 23:45:28.235 [main] WARN  com.zaxxer.hikari.HikariConfig - HikariPool-1 - idleTimeout has been set but has no effect because the pool is operating as a fixed size pool.
2025-12-10 23:45:28.236 [main] INFO  com.zaxxer.hikari.HikariDataSource - HikariPool-1 - Starting...
2025-12-10 23:45:28.743 [main] INFO  com.zaxxer.hikari.pool.HikariPool - HikariPool-1 - Added connection com.mysql.cj.jdbc.ConnectionImpl@591e5fd4
2025-12-10 23:45:28.748 [main] INFO  com.zaxxer.hikari.HikariDataSource - HikariPool-1 - Start completed.
2025-12-10 23:45:31.542 [main] INFO  org.hibernate.engine.transaction.jta.platform.internal.JtaPlatformInitiator - HHH000489: No JTA platform available (set 'hibernate.transaction.jta.platform' to enable JTA platform integration)
2025-12-10 23:45:31.928 [main] INFO  org.springframework.orm.jpa.LocalContainerEntityManagerFactoryBean - Initialized JPA EntityManagerFactory for persistence unit 'default'
2025-12-10 23:45:31.965 [main] INFO  com.dp1.backend.services.DatosEnMemoriaService - Inicializando DatosEnMemoriaService con working directory: C:\Users\Joseph\Documents\PUCP\25-2\Dp1\Nuevo\Back\MoraPack_Backend
2025-12-10 23:45:31.980 [main] INFO  com.dp1.backend.services.DatosEnMemoriaService - Aeropuertos cargados: 30
2025-12-10 23:45:32.067 [main] INFO  com.dp1.backend.services.DatosEnMemoriaService - Vuelos cargados: 2866
2025-12-10 23:45:32.577 [main] INFO  com.dp1.backend.services.DatosEnMemoriaService - Leyendo rutas posibles
2025-12-10 23:45:32.910 [main] INFO  com.dp1.backend.services.DatosEnMemoriaService - Colecciones rutas: 0
2025-12-10 23:45:32.910 [main] INFO  com.dp1.backend.services.DatosEnMemoriaService - Rutas posibles set: 0
2025-12-10 23:45:33.230 [main] INFO  org.springframework.data.jpa.repository.query.QueryEnhancerFactory - Hibernate is in classpath; If applicable, HQL parser will be used.
2025-12-10 23:45:34.572 [main] WARN  org.springframework.boot.autoconfigure.orm.jpa.JpaBaseConfiguration$JpaWebConfiguration - spring.jpa.open-in-view is enabled by default. Therefore, database queries may be performed during view rendering. Explicitly configure spring.jpa.open-in-view to disable this warning
2025-12-10 23:45:35.649 [main] INFO  org.apache.coyote.http11.Http11NioProtocol - Starting ProtocolHandler ["http-nio-8081"]
2025-12-10 23:45:35.718 [main] INFO  org.springframework.boot.web.embedded.tomcat.TomcatWebServer - Tomcat started on port 8081 (http) with context path '/api'
2025-12-10 23:45:35.736 [main] INFO  com.dp1.backend.BackendApplication - Started BackendApplication in 14.818 seconds (process running for 18.843)
2025-12-10 23:46:19.642 [http-nio-8081-exec-2] INFO  org.apache.catalina.core.ContainerBase.[Tomcat].[localhost].[/api] - Initializing Spring DispatcherServlet 'dispatcherServlet'
2025-12-10 23:46:19.645 [http-nio-8081-exec-2] INFO  org.springframework.web.servlet.DispatcherServlet - Initializing Servlet 'dispatcherServlet'
2025-12-10 23:46:19.654 [http-nio-8081-exec-2] INFO  org.springframework.web.servlet.DispatcherServlet - Completed initialization in 8 ms
2025-12-10 23:46:19.904 [http-nio-8081-exec-1] INFO  com.dp1.backend.handlers.SocketConnectionHandler - ac9868de-d680-652a-1f8b-85e935e13711  conectado al socket
2025-12-10 23:46:19.948 [http-nio-8081-exec-1] INFO  com.dp1.backend.services.DatosEnMemoriaService - Leyendo archivo: data\envios\pack_enviado_EDDI_.txt
2025-12-10 23:46:20.454 [http-nio-8081-exec-1] INFO  com.dp1.backend.services.DatosEnMemoriaService - Leyendo archivo: data\envios\pack_enviado_EHAM_.txt
2025-12-10 23:46:20.974 [http-nio-8081-exec-1] INFO  com.dp1.backend.services.DatosEnMemoriaService - Leyendo archivo: data\envios\pack_enviado_EKCH_.txt
2025-12-10 23:46:21.577 [http-nio-8081-exec-1] INFO  com.dp1.backend.services.DatosEnMemoriaService - Leyendo archivo: data\envios\pack_enviado_LATI_.txt
2025-12-10 23:46:22.137 [http-nio-8081-exec-1] INFO  com.dp1.backend.services.DatosEnMemoriaService - Leyendo archivo: data\envios\pack_enviado_LBSF_.txt
2025-12-10 23:46:22.932 [http-nio-8081-exec-1] INFO  com.dp1.backend.services.DatosEnMemoriaService - Leyendo archivo: data\envios\pack_enviado_LDZA_.txt
2025-12-10 23:46:23.307 [http-nio-8081-exec-1] INFO  com.dp1.backend.services.DatosEnMemoriaService - Leyendo archivo: data\envios\pack_enviado_LKPR_.txt
2025-12-10 23:46:23.783 [http-nio-8081-exec-1] INFO  com.dp1.backend.services.DatosEnMemoriaService - Leyendo archivo: data\envios\pack_enviado_LOWW_.txt
2025-12-10 23:46:24.348 [http-nio-8081-exec-1] INFO  com.dp1.backend.services.DatosEnMemoriaService - Leyendo archivo: data\envios\pack_enviado_OAKB_.txt
2025-12-10 23:46:24.894 [http-nio-8081-exec-1] INFO  com.dp1.backend.services.DatosEnMemoriaService - Leyendo archivo: data\envios\pack_enviado_OERK_.txt
2025-12-10 23:46:25.419 [http-nio-8081-exec-1] INFO  com.dp1.backend.services.DatosEnMemoriaService - Leyendo archivo: data\envios\pack_enviado_OJAI_.txt
2025-12-10 23:46:25.841 [http-nio-8081-exec-1] INFO  com.dp1.backend.services.DatosEnMemoriaService - Leyendo archivo: data\envios\pack_enviado_OMDB_.txt
2025-12-10 23:46:26.318 [http-nio-8081-exec-1] INFO  com.dp1.backend.services.DatosEnMemoriaService - Leyendo archivo: data\envios\pack_enviado_OOMS_.txt
2025-12-10 23:46:26.910 [http-nio-8081-exec-1] INFO  com.dp1.backend.services.DatosEnMemoriaService - Leyendo archivo: data\envios\pack_enviado_OPKC_.txt
2025-12-10 23:46:27.454 [http-nio-8081-exec-1] INFO  com.dp1.backend.services.DatosEnMemoriaService - Leyendo archivo: data\envios\pack_enviado_OSDI_.txt
2025-12-10 23:46:28.044 [http-nio-8081-exec-1] INFO  com.dp1.backend.services.DatosEnMemoriaService - Leyendo archivo: data\envios\pack_enviado_OYSN_.txt
2025-12-10 23:46:28.584 [http-nio-8081-exec-1] INFO  com.dp1.backend.services.DatosEnMemoriaService - Leyendo archivo: data\envios\pack_enviado_SABE_.txt
2025-12-10 23:46:29.055 [http-nio-8081-exec-1] INFO  com.dp1.backend.services.DatosEnMemoriaService - Leyendo archivo: data\envios\pack_enviado_SBBR_.txt
2025-12-10 23:46:29.523 [http-nio-8081-exec-1] INFO  com.dp1.backend.services.DatosEnMemoriaService - Leyendo archivo: data\envios\pack_enviado_SCEL_.txt
2025-12-10 23:46:30.101 [http-nio-8081-exec-1] INFO  com.dp1.backend.services.DatosEnMemoriaService - Leyendo archivo: data\envios\pack_enviado_SEQM_.txt
2025-12-10 23:46:30.737 [http-nio-8081-exec-1] INFO  com.dp1.backend.services.DatosEnMemoriaService - Leyendo archivo: data\envios\pack_enviado_SGAS_.txt
2025-12-10 23:46:31.184 [http-nio-8081-exec-1] INFO  com.dp1.backend.services.DatosEnMemoriaService - Leyendo archivo: data\envios\pack_enviado_SKBO_.txt
2025-12-10 23:46:31.630 [http-nio-8081-exec-1] INFO  com.dp1.backend.services.DatosEnMemoriaService - Leyendo archivo: data\envios\pack_enviado_SLLP_.txt
2025-12-10 23:46:31.954 [http-nio-8081-exec-1] INFO  com.dp1.backend.services.DatosEnMemoriaService - Leyendo archivo: data\envios\pack_enviado_SUAA_.txt
2025-12-10 23:46:32.477 [http-nio-8081-exec-1] INFO  com.dp1.backend.services.DatosEnMemoriaService - Leyendo archivo: data\envios\pack_enviado_SVMI_.txt
2025-12-10 23:46:32.975 [http-nio-8081-exec-1] INFO  com.dp1.backend.services.DatosEnMemoriaService - Leyendo archivo: data\envios\pack_enviado_UMMS_.txt
2025-12-10 23:46:33.455 [http-nio-8081-exec-1] INFO  com.dp1.backend.services.DatosEnMemoriaService - Leyendo archivo: data\envios\pack_enviado_VIDP_.txt
2025-12-10 23:46:33.808 [http-nio-8081-exec-1] INFO  com.dp1.backend.services.DatosEnMemoriaService - Envios cargados: 49657
2025-12-10 23:46:33.851 [http-nio-8081-exec-1] INFO  com.dp1.backend.services.ACOService - Ejecutando ACO para: 
2025-12-10 23:46:33.852 [http-nio-8081-exec-1] INFO  com.dp1.backend.services.ACOService - Aeropuertos: 30
2025-12-10 23:46:33.853 [http-nio-8081-exec-1] INFO  com.dp1.backend.services.ACOService - Vuelos: 2866
2025-12-10 23:46:33.854 [http-nio-8081-exec-1] INFO  com.dp1.backend.services.ACOService - Envios: 4839
2025-12-10 23:46:33.854 [http-nio-8081-exec-1] INFO  com.dp1.backend.services.ACOService - Paquetes: 9097
2025-12-10 23:47:42.610 [http-nio-8081-exec-1] INFO  com.dp1.backend.services.ACOService - Tiempo de ejecución: 68756 ms
2025-12-10 23:47:43.226 [http-nio-8081-exec-1] INFO  com.dp1.backend.services.ACOService - Paquetes entregados con función André: 8990
2025-12-10 23:47:43.940 [http-nio-8081-exec-1] INFO  com.dp1.backend.handlers.SocketConnectionHandler - Enviando # de vuelos en el aire: inicio1198
2025-12-10 23:47:50.992 [http-nio-8081-exec-10] INFO  com.dp1.backend.handlers.SocketConnectionHandler - Enviando # de vuelos en el aire: 48
2025-12-10 23:47:56.994 [http-nio-8081-exec-6] INFO  com.dp1.backend.handlers.SocketConnectionHandler - Enviando # de vuelos en el aire: 44
2025-12-10 23:48:01.630 [http-nio-8081-exec-10] INFO  com.dp1.backend.handlers.SocketConnectionHandler - Enviando # de vuelos en el aire: 96
2025-12-10 23:48:02.624 [http-nio-8081-exec-2] INFO  com.dp1.backend.handlers.SocketConnectionHandler - Enviando # de vuelos en el aire: 51
2025-12-10 23:48:03.629 [http-nio-8081-exec-3] INFO  com.dp1.backend.handlers.SocketConnectionHandler - Enviando # de vuelos en el aire: 56
2025-12-10 23:48:04.625 [http-nio-8081-exec-1] INFO  com.dp1.backend.handlers.SocketConnectionHandler - Enviando # de vuelos en el aire: 63
2025-12-10 23:48:05.635 [http-nio-8081-exec-4] INFO  com.dp1.backend.handlers.SocketConnectionHandler - Enviando # de vuelos en el aire: 44
2025-12-10 23:48:05.636 [http-nio-8081-exec-4] INFO  com.dp1.backend.services.ACOService - Desde - hasta: 2025-12-11T00:16:11-05:00[America/Lima] - 2025-12-11T03:16:11-05:00[America/Lima]
2025-12-10 23:48:05.664 [http-nio-8081-exec-4] INFO  com.dp1.backend.services.ACOService - Ejecutando ACO para: 
2025-12-10 23:48:05.664 [http-nio-8081-exec-4] INFO  com.dp1.backend.services.ACOService - Aeropuertos: 30
2025-12-10 23:48:05.665 [http-nio-8081-exec-4] INFO  com.dp1.backend.services.ACOService - Vuelos: 2866
2025-12-10 23:48:05.665 [http-nio-8081-exec-4] INFO  com.dp1.backend.services.ACOService - Envios: 766
2025-12-10 23:48:05.666 [http-nio-8081-exec-4] INFO  com.dp1.backend.services.ACOService - Paquetes: 1381
2025-12-10 23:48:13.271 [http-nio-8081-exec-4] INFO  com.dp1.backend.services.ACOService - Tiempo de ejecución: 7604 ms
2025-12-10 23:48:13.445 [http-nio-8081-exec-4] INFO  com.dp1.backend.services.ACOService - Paquetes entregados con función André: 1359
2025-12-10 23:48:13.525 [http-nio-8081-exec-4] INFO  com.dp1.backend.handlers.SocketConnectionHandler - Enviando resultado del algoritmo 'para los vuelos en el aire'
2025-12-10 23:48:13.536 [http-nio-8081-exec-4] INFO  com.dp1.backend.handlers.SocketConnectionHandler - Enviando # de vuelos en el aire: 64
2025-12-10 23:48:13.543 [http-nio-8081-exec-4] INFO  com.dp1.backend.handlers.SocketConnectionHandler - Enviando # de vuelos en el aire: 61
2025-12-10 23:48:13.553 [http-nio-8081-exec-4] INFO  com.dp1.backend.handlers.SocketConnectionHandler - Enviando # de vuelos en el aire: 63
2025-12-10 23:48:13.563 [http-nio-8081-exec-4] INFO  com.dp1.backend.handlers.SocketConnectionHandler - Enviando # de vuelos en el aire: 72
2025-12-10 23:48:13.572 [http-nio-8081-exec-4] INFO  com.dp1.backend.handlers.SocketConnectionHandler - Enviando # de vuelos en el aire: 75
2025-12-10 23:48:13.583 [http-nio-8081-exec-4] INFO  com.dp1.backend.handlers.SocketConnectionHandler - Enviando # de vuelos en el aire: 55
2025-12-10 23:48:13.592 [http-nio-8081-exec-4] INFO  com.dp1.backend.handlers.SocketConnectionHandler - Enviando # de vuelos en el aire: 62
2025-12-10 23:48:13.593 [http-nio-8081-exec-4] INFO  com.dp1.backend.services.ACOService - Desde - hasta: 2025-12-11T03:46:11-05:00[America/Lima] - 2025-12-11T06:46:11-05:00[America/Lima]
2025-12-10 23:48:13.621 [http-nio-8081-exec-4] INFO  com.dp1.backend.services.ACOService - Ejecutando ACO para: 
2025-12-10 23:48:13.622 [http-nio-8081-exec-4] INFO  com.dp1.backend.services.ACOService - Aeropuertos: 30
2025-12-10 23:48:13.622 [http-nio-8081-exec-4] INFO  com.dp1.backend.services.ACOService - Vuelos: 2866
2025-12-10 23:48:13.623 [http-nio-8081-exec-4] INFO  com.dp1.backend.services.ACOService - Envios: 765
2025-12-10 23:48:13.623 [http-nio-8081-exec-4] INFO  com.dp1.backend.services.ACOService - Paquetes: 1325
2025-12-10 23:48:21.444 [http-nio-8081-exec-4] INFO  com.dp1.backend.services.ACOService - Tiempo de ejecución: 7821 ms
2025-12-10 23:48:21.487 [http-nio-8081-exec-4] INFO  com.dp1.backend.services.ACOService - Paquetes entregados con función André: 1313
2025-12-10 23:48:21.569 [http-nio-8081-exec-4] INFO  com.dp1.backend.handlers.SocketConnectionHandler - Enviando resultado del algoritmo 'para los vuelos en el aire'
2025-12-10 23:48:21.580 [http-nio-8081-exec-4] INFO  com.dp1.backend.handlers.SocketConnectionHandler - Enviando # de vuelos en el aire: 61
2025-12-10 23:48:21.590 [http-nio-8081-exec-4] INFO  com.dp1.backend.handlers.SocketConnectionHandler - Enviando # de vuelos en el aire: 58
2025-12-10 23:48:21.599 [http-nio-8081-exec-4] INFO  com.dp1.backend.handlers.SocketConnectionHandler - Enviando # de vuelos en el aire: 57
2025-12-10 23:48:21.608 [http-nio-8081-exec-4] INFO  com.dp1.backend.handlers.SocketConnectionHandler - Enviando # de vuelos en el aire: 66
2025-12-10 23:48:21.616 [http-nio-8081-exec-4] INFO  com.dp1.backend.handlers.SocketConnectionHandler - Enviando # de vuelos en el aire: 58
2025-12-10 23:48:21.626 [http-nio-8081-exec-4] INFO  com.dp1.backend.handlers.SocketConnectionHandler - Enviando # de vuelos en el aire: 66
2025-12-10 23:48:21.636 [http-nio-8081-exec-4] INFO  com.dp1.backend.handlers.SocketConnectionHandler - Enviando # de vuelos en el aire: 48
2025-12-10 23:48:21.636 [http-nio-8081-exec-4] INFO  com.dp1.backend.services.ACOService - Desde - hasta: 2025-12-11T07:16:11-05:00[America/Lima] - 2025-12-11T10:16:11-05:00[America/Lima]
2025-12-10 23:48:21.664 [http-nio-8081-exec-4] INFO  com.dp1.backend.services.ACOService - Ejecutando ACO para: 
2025-12-10 23:48:21.664 [http-nio-8081-exec-4] INFO  com.dp1.backend.services.ACOService - Aeropuertos: 30
2025-12-10 23:48:21.665 [http-nio-8081-exec-4] INFO  com.dp1.backend.services.ACOService - Vuelos: 2866
2025-12-10 23:48:21.666 [http-nio-8081-exec-4] INFO  com.dp1.backend.services.ACOService - Envios: 794
2025-12-10 23:48:21.666 [http-nio-8081-exec-4] INFO  com.dp1.backend.services.ACOService - Paquetes: 1269
2025-12-10 23:48:29.513 [http-nio-8081-exec-4] INFO  com.dp1.backend.services.ACOService - Tiempo de ejecución: 7846 ms
2025-12-10 23:48:29.665 [http-nio-8081-exec-4] INFO  com.dp1.backend.services.ACOService - Paquetes entregados con función André: 1259
2025-12-10 23:48:29.780 [http-nio-8081-exec-4] INFO  com.dp1.backend.handlers.SocketConnectionHandler - Enviando resultado del algoritmo 'para los vuelos en el aire'
2025-12-10 23:48:29.792 [http-nio-8081-exec-4] INFO  com.dp1.backend.handlers.SocketConnectionHandler - Enviando # de vuelos en el aire: 51
2025-12-10 23:48:29.802 [http-nio-8081-exec-4] INFO  com.dp1.backend.handlers.SocketConnectionHandler - Enviando # de vuelos en el aire: 59
2025-12-10 23:48:29.809 [http-nio-8081-exec-4] INFO  com.dp1.backend.handlers.SocketConnectionHandler - Enviando # de vuelos en el aire: 62
2025-12-10 23:48:29.815 [http-nio-8081-exec-4] INFO  com.dp1.backend.handlers.SocketConnectionHandler - Enviando # de vuelos en el aire: 71
2025-12-10 23:48:29.825 [http-nio-8081-exec-4] INFO  com.dp1.backend.handlers.SocketConnectionHandler - Enviando # de vuelos en el aire: 66
2025-12-10 23:48:29.831 [http-nio-8081-exec-4] INFO  com.dp1.backend.handlers.SocketConnectionHandler - Enviando # de vuelos en el aire: 52
2025-12-10 23:48:29.840 [http-nio-8081-exec-4] INFO  com.dp1.backend.handlers.SocketConnectionHandler - Enviando # de vuelos en el aire: 50
2025-12-10 23:48:29.841 [http-nio-8081-exec-4] INFO  com.dp1.backend.services.ACOService - Desde - hasta: 2025-12-11T10:46:11-05:00[America/Lima] - 2025-12-11T13:46:11-05:00[America/Lima]
2025-12-10 23:48:29.874 [http-nio-8081-exec-4] INFO  com.dp1.backend.services.ACOService - Ejecutando ACO para: 
2025-12-10 23:48:29.875 [http-nio-8081-exec-4] INFO  com.dp1.backend.services.ACOService - Aeropuertos: 30
2025-12-10 23:48:29.876 [http-nio-8081-exec-4] INFO  com.dp1.backend.services.ACOService - Vuelos: 2866
2025-12-10 23:48:29.877 [http-nio-8081-exec-4] INFO  com.dp1.backend.services.ACOService - Envios: 734
2025-12-10 23:48:29.877 [http-nio-8081-exec-4] INFO  com.dp1.backend.services.ACOService - Paquetes: 1060
2025-12-10 23:48:37.686 [http-nio-8081-exec-4] INFO  com.dp1.backend.services.ACOService - Tiempo de ejecución: 7807 ms
2025-12-10 23:48:37.870 [http-nio-8081-exec-4] INFO  com.dp1.backend.services.ACOService - Paquetes entregados con función André: 1049
2025-12-10 23:48:38.015 [http-nio-8081-exec-4] INFO  com.dp1.backend.handlers.SocketConnectionHandler - Enviando resultado del algoritmo 'para los vuelos en el aire'
2025-12-10 23:48:38.027 [http-nio-8081-exec-4] INFO  com.dp1.backend.handlers.SocketConnectionHandler - Enviando # de vuelos en el aire: 58
2025-12-10 23:48:38.038 [http-nio-8081-exec-4] INFO  com.dp1.backend.handlers.SocketConnectionHandler - Enviando # de vuelos en el aire: 63
2025-12-10 23:48:38.051 [http-nio-8081-exec-4] INFO  com.dp1.backend.handlers.SocketConnectionHandler - Enviando # de vuelos en el aire: 63
2025-12-10 23:48:38.060 [http-nio-8081-exec-4] INFO  com.dp1.backend.handlers.SocketConnectionHandler - Enviando # de vuelos en el aire: 63
2025-12-10 23:48:38.069 [http-nio-8081-exec-4] INFO  com.dp1.backend.handlers.SocketConnectionHandler - Enviando # de vuelos en el aire: 54
2025-12-10 23:48:38.083 [http-nio-8081-exec-4] INFO  com.dp1.backend.handlers.SocketConnectionHandler - Enviando # de vuelos en el aire: 71
2025-12-10 23:48:38.090 [http-nio-8081-exec-4] INFO  com.dp1.backend.handlers.SocketConnectionHandler - Enviando # de vuelos en el aire: 67
2025-12-10 23:48:38.093 [http-nio-8081-exec-4] INFO  com.dp1.backend.services.ACOService - Desde - hasta: 2025-12-11T14:16:11-05:00[America/Lima] - 2025-12-11T17:16:11-05:00[America/Lima]
2025-12-10 23:48:38.124 [http-nio-8081-exec-4] INFO  com.dp1.backend.services.ACOService - Ejecutando ACO para: 
2025-12-10 23:48:38.125 [http-nio-8081-exec-4] INFO  com.dp1.backend.services.ACOService - Aeropuertos: 30
2025-12-10 23:48:38.126 [http-nio-8081-exec-4] INFO  com.dp1.backend.services.ACOService - Vuelos: 2866
2025-12-10 23:48:38.127 [http-nio-8081-exec-4] INFO  com.dp1.backend.services.ACOService - Envios: 385
2025-12-10 23:48:38.127 [http-nio-8081-exec-4] INFO  com.dp1.backend.services.ACOService - Paquetes: 536
2025-12-10 23:48:41.478 [http-nio-8081-exec-4] INFO  com.dp1.backend.services.ACOService - Tiempo de ejecución: 3350 ms
2025-12-10 23:48:41.495 [http-nio-8081-exec-4] INFO  com.dp1.backend.services.ACOService - Paquetes entregados con función André: 536
2025-12-10 23:48:41.538 [http-nio-8081-exec-4] INFO  com.dp1.backend.handlers.SocketConnectionHandler - Enviando resultado del algoritmo 'para los vuelos en el aire'
2025-12-10 23:48:41.544 [http-nio-8081-exec-4] INFO  com.dp1.backend.handlers.SocketConnectionHandler - Enviando # de vuelos en el aire: 68
2025-12-10 23:48:41.551 [http-nio-8081-exec-4] INFO  com.dp1.backend.handlers.SocketConnectionHandler - Enviando # de vuelos en el aire: 60
2025-12-10 23:48:41.558 [http-nio-8081-exec-4] INFO  com.dp1.backend.handlers.SocketConnectionHandler - Enviando # de vuelos en el aire: 54
2025-12-10 23:48:41.566 [http-nio-8081-exec-4] INFO  com.dp1.backend.handlers.SocketConnectionHandler - Enviando # de vuelos en el aire: 57
2025-12-10 23:48:41.574 [http-nio-8081-exec-4] INFO  com.dp1.backend.handlers.SocketConnectionHandler - Enviando # de vuelos en el aire: 53
2025-12-10 23:48:41.581 [http-nio-8081-exec-4] INFO  com.dp1.backend.handlers.SocketConnectionHandler - Enviando # de vuelos en el aire: 63
2025-12-10 23:48:42.543 [http-nio-8081-exec-5] INFO  com.dp1.backend.handlers.SocketConnectionHandler - Enviando # de vuelos en el aire: 57
2025-12-10 23:48:42.544 [http-nio-8081-exec-5] INFO  com.dp1.backend.services.ACOService - Desde - hasta: 2025-12-11T17:46:11-05:00[America/Lima] - 2025-12-11T20:46:11-05:00[America/Lima]
2025-12-10 23:48:42.593 [http-nio-8081-exec-5] INFO  com.dp1.backend.services.ACOService - Ejecutando ACO para: 
2025-12-10 23:48:42.594 [http-nio-8081-exec-5] INFO  com.dp1.backend.services.ACOService - Aeropuertos: 30
2025-12-10 23:48:42.604 [http-nio-8081-exec-5] INFO  com.dp1.backend.services.ACOService - Vuelos: 2866
2025-12-10 23:48:42.605 [http-nio-8081-exec-5] INFO  com.dp1.backend.services.ACOService - Envios: 791
2025-12-10 23:48:42.606 [http-nio-8081-exec-5] INFO  com.dp1.backend.services.ACOService - Paquetes: 1434
2025-12-10 23:48:54.734 [http-nio-8081-exec-5] INFO  com.dp1.backend.services.ACOService - Tiempo de ejecución: 12128 ms
2025-12-10 23:48:54.779 [http-nio-8081-exec-5] INFO  com.dp1.backend.services.ACOService - Paquetes entregados con función André: 1425
2025-12-10 23:48:54.873 [http-nio-8081-exec-5] INFO  com.dp1.backend.handlers.SocketConnectionHandler - Enviando resultado del algoritmo 'para los vuelos en el aire'
2025-12-10 23:48:54.887 [http-nio-8081-exec-5] INFO  com.dp1.backend.handlers.SocketConnectionHandler - Enviando # de vuelos en el aire: 53
2025-12-10 23:48:54.898 [http-nio-8081-exec-5] INFO  com.dp1.backend.handlers.SocketConnectionHandler - Enviando # de vuelos en el aire: 49
2025-12-10 23:48:54.909 [http-nio-8081-exec-5] INFO  com.dp1.backend.handlers.SocketConnectionHandler - Enviando # de vuelos en el aire: 59
2025-12-10 23:48:54.920 [http-nio-8081-exec-5] INFO  com.dp1.backend.handlers.SocketConnectionHandler - Enviando # de vuelos en el aire: 51
2025-12-10 23:48:54.928 [http-nio-8081-exec-5] INFO  com.dp1.backend.handlers.SocketConnectionHandler - Enviando # de vuelos en el aire: 63
2025-12-10 23:48:54.936 [http-nio-8081-exec-5] INFO  com.dp1.backend.handlers.SocketConnectionHandler - Enviando # de vuelos en el aire: 61
2025-12-10 23:48:54.943 [http-nio-8081-exec-5] INFO  com.dp1.backend.handlers.SocketConnectionHandler - Enviando # de vuelos en el aire: 62
2025-12-10 23:48:54.946 [http-nio-8081-exec-5] INFO  com.dp1.backend.services.ACOService - Desde - hasta: 2025-12-11T21:16:11-05:00[America/Lima] - 2025-12-12T00:16:11-05:00[America/Lima]
2025-12-10 23:48:54.980 [http-nio-8081-exec-5] INFO  com.dp1.backend.services.ACOService - Ejecutando ACO para: 
2025-12-10 23:48:54.982 [http-nio-8081-exec-5] INFO  com.dp1.backend.services.ACOService - Aeropuertos: 30
2025-12-10 23:48:54.982 [http-nio-8081-exec-5] INFO  com.dp1.backend.services.ACOService - Vuelos: 2866
2025-12-10 23:48:54.982 [http-nio-8081-exec-5] INFO  com.dp1.backend.services.ACOService - Envios: 652
2025-12-10 23:48:54.983 [http-nio-8081-exec-5] INFO  com.dp1.backend.services.ACOService - Paquetes: 1083
2025-12-10 23:49:04.213 [http-nio-8081-exec-5] INFO  com.dp1.backend.services.ACOService - Tiempo de ejecución: 9230 ms
2025-12-10 23:49:04.275 [http-nio-8081-exec-5] INFO  com.dp1.backend.services.ACOService - Paquetes entregados con función André: 1074
2025-12-10 23:49:04.365 [http-nio-8081-exec-5] INFO  com.dp1.backend.handlers.SocketConnectionHandler - Enviando resultado del algoritmo 'para los vuelos en el aire'
2025-12-10 23:49:04.376 [http-nio-8081-exec-5] INFO  com.dp1.backend.handlers.SocketConnectionHandler - Enviando # de vuelos en el aire: 55
2025-12-10 23:49:04.388 [http-nio-8081-exec-5] INFO  com.dp1.backend.handlers.SocketConnectionHandler - Enviando # de vuelos en el aire: 71
2025-12-10 23:49:04.394 [http-nio-8081-exec-5] INFO  com.dp1.backend.handlers.SocketConnectionHandler - Enviando # de vuelos en el aire: 51
2025-12-10 23:49:04.401 [http-nio-8081-exec-5] INFO  com.dp1.backend.handlers.SocketConnectionHandler - Enviando # de vuelos en el aire: 56
2025-12-10 23:49:04.408 [http-nio-8081-exec-5] INFO  com.dp1.backend.handlers.SocketConnectionHandler - Enviando # de vuelos en el aire: 63
2025-12-10 23:49:04.414 [http-nio-8081-exec-5] INFO  com.dp1.backend.handlers.SocketConnectionHandler - Enviando # de vuelos en el aire: 44
2025-12-10 23:49:04.421 [http-nio-8081-exec-5] INFO  com.dp1.backend.handlers.SocketConnectionHandler - Enviando # de vuelos en el aire: 64
2025-12-10 23:49:04.424 [http-nio-8081-exec-5] INFO  com.dp1.backend.services.ACOService - Desde - hasta: 2025-12-12T00:46:11-05:00[America/Lima] - 2025-12-12T03:46:11-05:00[America/Lima]
2025-12-10 23:49:04.452 [http-nio-8081-exec-5] INFO  com.dp1.backend.services.ACOService - Ejecutando ACO para: 
2025-12-10 23:49:04.454 [http-nio-8081-exec-5] INFO  com.dp1.backend.services.ACOService - Aeropuertos: 30
2025-12-10 23:49:04.456 [http-nio-8081-exec-5] INFO  com.dp1.backend.services.ACOService - Vuelos: 2866
2025-12-10 23:49:04.458 [http-nio-8081-exec-5] INFO  com.dp1.backend.services.ACOService - Envios: 863
2025-12-10 23:49:04.458 [http-nio-8081-exec-5] INFO  com.dp1.backend.services.ACOService - Paquetes: 1479
2025-12-10 23:49:14.416 [http-nio-8081-exec-6] INFO  com.dp1.backend.handlers.SocketConnectionHandler - 5e1e9704-bf0d-0858-ad42-40bdaa495a6c  conectado al socket
2025-12-10 23:49:15.858 [http-nio-8081-exec-9] INFO  com.dp1.backend.handlers.SocketConnectionHandler - 5e1e9704-bf0d-0858-ad42-40bdaa495a6c  desconectado del socket
2025-12-10 23:49:15.911 [http-nio-8081-exec-10] INFO  com.dp1.backend.handlers.SocketConnectionHandler - bca19f26-8903-39ce-fa9e-361913819fa0  conectado al socket
2025-12-10 23:49:15.984 [http-nio-8081-exec-10] INFO  com.dp1.backend.handlers.SocketConnectionHandler - === PRIMER CONTACTO - OPERACIÓN EN VIVO ===
2025-12-10 23:49:15.985 [http-nio-8081-exec-10] INFO  com.dp1.backend.handlers.SocketConnectionHandler - Hora actual: 2025-12-10T23:49:15-05:00[America/Lima]
2025-12-10 23:49:16.013 [http-nio-8081-exec-10] INFO  com.dp1.backend.handlers.SocketConnectionHandler - Buscando envíos desde: 2025-12-09T23:49:15-05:00[America/Lima] hasta: 2025-12-10T23:49:20-05:00[America/Lima]
2025-12-10 23:49:16.045 [http-nio-8081-exec-10] INFO  com.dp1.backend.services.EnvioService - === BUSCANDO ENVIOS EN VIVO ===
2025-12-10 23:49:16.056 [http-nio-8081-exec-10] INFO  com.dp1.backend.services.EnvioService - Fecha inicio: 2025-12-09T23:49:15-05:00[America/Lima] (Zona: America/Lima)
2025-12-10 23:49:16.061 [http-nio-8081-exec-10] INFO  com.dp1.backend.services.EnvioService - Fecha fin: 2025-12-10T23:49:20-05:00[America/Lima] (Zona: America/Lima)
2025-12-10 23:49:16.675 [http-nio-8081-exec-10] INFO  com.dp1.backend.services.EnvioService - Total envios encontrados despues de fecha inicio: 1
2025-12-10 23:49:16.697 [http-nio-8081-exec-10] INFO  com.dp1.backend.services.EnvioService - Evaluando envio SPIM5 - Fecha salida: 2025-12-11T04:17:00.337335Z (Zona: Z)
2025-12-10 23:49:16.698 [http-nio-8081-exec-10] INFO  com.dp1.backend.services.EnvioService - ✓ Envio SPIM5 está en el rango
2025-12-10 23:49:16.773 [http-nio-8081-exec-10] INFO  com.dp1.backend.services.EnvioService - Envios en rango encontrados: 1
2025-12-10 23:49:16.775 [http-nio-8081-exec-10] INFO  com.dp1.backend.services.EnvioService - === FIN BUSQUEDA ENVIOS EN VIVO ===
2025-12-10 23:49:16.799 [http-nio-8081-exec-10] INFO  com.dp1.backend.handlers.SocketConnectionHandler - Enviando # de envios en operación: inicio1
2025-12-10 23:49:16.853 [http-nio-8081-exec-10] INFO  com.dp1.backend.handlers.SocketConnectionHandler - Enviando # de vuelos en el aire: inicio1199
2025-12-10 23:49:20.044 [http-nio-8081-exec-5] INFO  com.dp1.backend.services.ACOService - Tiempo de ejecución: 15581 ms
2025-12-10 23:49:20.193 [http-nio-8081-exec-5] INFO  com.dp1.backend.services.ACOService - Paquetes entregados con función André: 1466
2025-12-10 23:49:20.430 [http-nio-8081-exec-5] INFO  com.dp1.backend.handlers.SocketConnectionHandler - Enviando resultado del algoritmo 'para los vuelos en el aire'
2025-12-10 23:49:20.440 [http-nio-8081-exec-5] INFO  com.dp1.backend.handlers.SocketConnectionHandler - Enviando # de vuelos en el aire: 61
2025-12-10 23:49:20.453 [http-nio-8081-exec-5] INFO  com.dp1.backend.handlers.SocketConnectionHandler - Enviando # de vuelos en el aire: 63
2025-12-10 23:49:20.467 [http-nio-8081-exec-5] INFO  com.dp1.backend.handlers.SocketConnectionHandler - Enviando # de vuelos en el aire: 72
2025-12-10 23:49:20.478 [http-nio-8081-exec-5] INFO  com.dp1.backend.handlers.SocketConnectionHandler - Enviando # de vuelos en el aire: 75
2025-12-10 23:49:20.485 [http-nio-8081-exec-5] INFO  com.dp1.backend.handlers.SocketConnectionHandler - Enviando # de vuelos en el aire: 55
2025-12-10 23:49:20.497 [http-nio-8081-exec-5] INFO  com.dp1.backend.handlers.SocketConnectionHandler - Enviando # de vuelos en el aire: 62
2025-12-10 23:49:20.508 [http-nio-8081-exec-5] INFO  com.dp1.backend.handlers.SocketConnectionHandler - Enviando # de vuelos en el aire: 61
2025-12-10 23:49:20.511 [http-nio-8081-exec-5] INFO  com.dp1.backend.services.ACOService - Desde - hasta: 2025-12-12T04:16:11-05:00[America/Lima] - 2025-12-12T07:16:11-05:00[America/Lima]
2025-12-10 23:49:20.512 [http-nio-8081-exec-5] INFO  com.dp1.backend.services.ACOService - Ejecutando ACO para: 
2025-12-10 23:49:20.512 [http-nio-8081-exec-5] INFO  com.dp1.backend.services.ACOService - Aeropuertos: 30
2025-12-10 23:49:20.513 [http-nio-8081-exec-5] INFO  com.dp1.backend.services.ACOService - Vuelos: 2866
2025-12-10 23:49:20.514 [http-nio-8081-exec-5] INFO  com.dp1.backend.services.ACOService - Envios: 0
2025-12-10 23:49:20.514 [http-nio-8081-exec-5] INFO  com.dp1.backend.services.ACOService - Paquetes: 0
2025-12-10 23:49:20.523 [http-nio-8081-exec-5] INFO  com.dp1.backend.services.ACOService - Tiempo de ejecución: 8 ms
2025-12-10 23:49:20.527 [http-nio-8081-exec-5] INFO  com.dp1.backend.services.ACOService - Paquetes entregados con función André: 0
2025-12-10 23:49:20.529 [http-nio-8081-exec-5] INFO  com.dp1.backend.handlers.SocketConnectionHandler - Enviando resultado del algoritmo 'para los vuelos en el aire'
2025-12-10 23:49:20.540 [http-nio-8081-exec-5] INFO  com.dp1.backend.handlers.SocketConnectionHandler - Enviando # de vuelos en el aire: 58
2025-12-10 23:49:20.550 [http-nio-8081-exec-5] INFO  com.dp1.backend.handlers.SocketConnectionHandler - Enviando # de vuelos en el aire: 57
2025-12-10 23:49:20.561 [http-nio-8081-exec-5] INFO  com.dp1.backend.handlers.SocketConnectionHandler - Enviando # de vuelos en el aire: 66
2025-12-10 23:49:20.573 [http-nio-8081-exec-5] INFO  com.dp1.backend.handlers.SocketConnectionHandler - Enviando # de vuelos en el aire: 58
2025-12-10 23:49:20.584 [http-nio-8081-exec-5] INFO  com.dp1.backend.handlers.SocketConnectionHandler - Enviando # de vuelos en el aire: 66
2025-12-10 23:49:20.593 [http-nio-8081-exec-5] INFO  com.dp1.backend.handlers.SocketConnectionHandler - Enviando # de vuelos en el aire: 48
2025-12-10 23:49:20.601 [http-nio-8081-exec-5] INFO  com.dp1.backend.handlers.SocketConnectionHandler - Enviando # de vuelos en el aire: 51
2025-12-10 23:49:20.602 [http-nio-8081-exec-5] INFO  com.dp1.backend.services.ACOService - Desde - hasta: 2025-12-12T07:46:11-05:00[America/Lima] - 2025-12-12T10:46:11-05:00[America/Lima]
2025-12-10 23:49:20.604 [http-nio-8081-exec-5] INFO  com.dp1.backend.services.ACOService - Ejecutando ACO para: 
2025-12-10 23:49:20.604 [http-nio-8081-exec-5] INFO  com.dp1.backend.services.ACOService - Aeropuertos: 30
2025-12-10 23:49:20.605 [http-nio-8081-exec-5] INFO  com.dp1.backend.services.ACOService - Vuelos: 2866
2025-12-10 23:49:20.605 [http-nio-8081-exec-5] INFO  com.dp1.backend.services.ACOService - Envios: 0
2025-12-10 23:49:20.607 [http-nio-8081-exec-5] INFO  com.dp1.backend.services.ACOService - Paquetes: 0
2025-12-10 23:49:20.615 [http-nio-8081-exec-5] INFO  com.dp1.backend.services.ACOService - Tiempo de ejecución: 8 ms
2025-12-10 23:49:20.618 [http-nio-8081-exec-5] INFO  com.dp1.backend.services.ACOService - Paquetes entregados con función André: 0
2025-12-10 23:49:20.621 [http-nio-8081-exec-5] INFO  com.dp1.backend.handlers.SocketConnectionHandler - Enviando resultado del algoritmo 'para los vuelos en el aire'
2025-12-10 23:49:20.635 [http-nio-8081-exec-5] INFO  com.dp1.backend.handlers.SocketConnectionHandler - Enviando # de vuelos en el aire: 59
2025-12-10 23:49:20.652 [http-nio-8081-exec-5] INFO  com.dp1.backend.handlers.SocketConnectionHandler - Enviando # de vuelos en el aire: 62
2025-12-10 23:49:20.670 [http-nio-8081-exec-5] INFO  com.dp1.backend.handlers.SocketConnectionHandler - Enviando # de vuelos en el aire: 71
2025-12-10 23:49:20.682 [http-nio-8081-exec-5] INFO  com.dp1.backend.handlers.SocketConnectionHandler - Enviando # de vuelos en el aire: 66
2025-12-10 23:49:20.684 [http-nio-8081-exec-5] INFO  com.dp1.backend.handlers.SocketConnectionHandler - ac9868de-d680-652a-1f8b-85e935e13711  desconectado del socket
2025-12-10 23:49:32.728 [http-nio-8081-exec-9] INFO  com.dp1.backend.handlers.SocketConnectionHandler - bca19f26-8903-39ce-fa9e-361913819fa0  desconectado del socket
2025-12-10 23:49:36.815 [http-nio-8081-exec-3] INFO  com.dp1.backend.handlers.SocketConnectionHandler - 8bc8e70e-7525-7c31-46c4-585f819dca13  conectado al socket
2025-12-10 23:49:37.015 [http-nio-8081-exec-1] INFO  com.dp1.backend.handlers.SocketConnectionHandler - === PRIMER CONTACTO - OPERACIÓN EN VIVO ===
2025-12-10 23:49:37.017 [http-nio-8081-exec-1] INFO  com.dp1.backend.handlers.SocketConnectionHandler - Hora actual: 2025-12-10T23:49:37-05:00[America/Lima]
2025-12-10 23:49:37.020 [http-nio-8081-exec-1] INFO  com.dp1.backend.handlers.SocketConnectionHandler - Buscando envíos desde: 2025-12-09T23:49:37-05:00[America/Lima] hasta: 2025-12-10T23:49:42-05:00[America/Lima]
2025-12-10 23:49:37.022 [http-nio-8081-exec-1] INFO  com.dp1.backend.services.EnvioService - === BUSCANDO ENVIOS EN VIVO ===
2025-12-10 23:49:37.025 [http-nio-8081-exec-1] INFO  com.dp1.backend.services.EnvioService - Fecha inicio: 2025-12-09T23:49:37-05:00[America/Lima] (Zona: America/Lima)
2025-12-10 23:49:37.028 [http-nio-8081-exec-1] INFO  com.dp1.backend.services.EnvioService - Fecha fin: 2025-12-10T23:49:42-05:00[America/Lima] (Zona: America/Lima)
2025-12-10 23:49:37.071 [http-nio-8081-exec-1] INFO  com.dp1.backend.services.EnvioService - Total envios encontrados despues de fecha inicio: 1
2025-12-10 23:49:37.072 [http-nio-8081-exec-1] INFO  com.dp1.backend.services.EnvioService - Evaluando envio SPIM5 - Fecha salida: 2025-12-11T04:17:00.337335Z (Zona: Z)
2025-12-10 23:49:37.072 [http-nio-8081-exec-1] INFO  com.dp1.backend.services.EnvioService - ✓ Envio SPIM5 está en el rango
2025-12-10 23:49:37.098 [http-nio-8081-exec-1] INFO  com.dp1.backend.services.EnvioService - Envios en rango encontrados: 1
2025-12-10 23:49:37.098 [http-nio-8081-exec-1] INFO  com.dp1.backend.services.EnvioService - === FIN BUSQUEDA ENVIOS EN VIVO ===
2025-12-10 23:49:37.101 [http-nio-8081-exec-1] INFO  com.dp1.backend.handlers.SocketConnectionHandler - Enviando # de envios en operación: inicio1
2025-12-10 23:49:37.142 [http-nio-8081-exec-1] INFO  com.dp1.backend.handlers.SocketConnectionHandler - Enviando # de vuelos en el aire: inicio1199
2025-12-10 23:50:09.615 [http-nio-8081-exec-6] INFO  com.dp1.backend.handlers.SocketConnectionHandler - Enviando # de vuelos en el aire: 1
2025-12-10 23:50:09.616 [http-nio-8081-exec-6] INFO  com.dp1.backend.services.EnvioService - === BUSCANDO ENVIOS EN VIVO ===
2025-12-10 23:50:09.618 [http-nio-8081-exec-6] INFO  com.dp1.backend.services.EnvioService - Fecha inicio: 2025-12-10T23:49:37-05:00[America/Lima] (Zona: America/Lima)
2025-12-10 23:50:09.618 [http-nio-8081-exec-6] INFO  com.dp1.backend.services.EnvioService - Fecha fin: 2025-12-10T23:50:08-05:00[America/Lima] (Zona: America/Lima)
2025-12-10 23:50:09.628 [http-nio-8081-exec-6] INFO  com.dp1.backend.services.EnvioService - Total envios encontrados despues de fecha inicio: 0
2025-12-10 23:50:09.628 [http-nio-8081-exec-6] INFO  com.dp1.backend.services.EnvioService - Envios en rango encontrados: 0
2025-12-10 23:50:09.628 [http-nio-8081-exec-6] INFO  com.dp1.backend.services.EnvioService - === FIN BUSQUEDA ENVIOS EN VIVO ===
2025-12-10 23:50:09.630 [http-nio-8081-exec-6] INFO  com.dp1.backend.handlers.SocketConnectionHandler - Enviando # de envios nuevos (desde última actualización): 0
2025-12-10 23:50:09.631 [http-nio-8081-exec-6] INFO  com.dp1.backend.handlers.SocketConnectionHandler - Actualizando envíos en operación desde: 2025-12-09T23:50:08-05:00[America/Lima] hasta: 2025-12-10T23:50:08-05:00[America/Lima]
2025-12-10 23:50:09.633 [http-nio-8081-exec-6] INFO  com.dp1.backend.services.EnvioService - === BUSCANDO ENVIOS EN VIVO ===
2025-12-10 23:50:09.633 [http-nio-8081-exec-6] INFO  com.dp1.backend.services.EnvioService - Fecha inicio: 2025-12-09T23:50:08-05:00[America/Lima] (Zona: America/Lima)
2025-12-10 23:50:09.633 [http-nio-8081-exec-6] INFO  com.dp1.backend.services.EnvioService - Fecha fin: 2025-12-10T23:50:08-05:00[America/Lima] (Zona: America/Lima)
2025-12-10 23:50:09.662 [http-nio-8081-exec-6] INFO  com.dp1.backend.services.EnvioService - Total envios encontrados despues de fecha inicio: 1
2025-12-10 23:50:09.664 [http-nio-8081-exec-6] INFO  com.dp1.backend.services.EnvioService - Evaluando envio SPIM5 - Fecha salida: 2025-12-11T04:17:00.337335Z (Zona: Z)
2025-12-10 23:50:09.665 [http-nio-8081-exec-6] INFO  com.dp1.backend.services.EnvioService - ✓ Envio SPIM5 está en el rango
2025-12-10 23:50:09.684 [http-nio-8081-exec-6] INFO  com.dp1.backend.services.EnvioService - Envios en rango encontrados: 1
2025-12-10 23:50:09.684 [http-nio-8081-exec-6] INFO  com.dp1.backend.services.EnvioService - === FIN BUSQUEDA ENVIOS EN VIVO ===
2025-12-10 23:50:09.686 [http-nio-8081-exec-6] INFO  com.dp1.backend.handlers.SocketConnectionHandler - Enviando # de envios en operación (últimos 2 minutos): 1
2025-12-10 23:50:40.618 [http-nio-8081-exec-7] INFO  com.dp1.backend.handlers.SocketConnectionHandler - Enviando # de vuelos en el aire: 0
2025-12-10 23:50:40.619 [http-nio-8081-exec-7] INFO  com.dp1.backend.services.EnvioService - === BUSCANDO ENVIOS EN VIVO ===
2025-12-10 23:50:40.619 [http-nio-8081-exec-7] INFO  com.dp1.backend.services.EnvioService - Fecha inicio: 2025-12-10T23:50:08-05:00[America/Lima] (Zona: America/Lima)
2025-12-10 23:50:40.619 [http-nio-8081-exec-7] INFO  com.dp1.backend.services.EnvioService - Fecha fin: 2025-12-10T23:50:39-05:00[America/Lima] (Zona: America/Lima)
2025-12-10 23:50:40.627 [http-nio-8081-exec-7] INFO  com.dp1.backend.services.EnvioService - Total envios encontrados despues de fecha inicio: 0
2025-12-10 23:50:40.627 [http-nio-8081-exec-7] INFO  com.dp1.backend.services.EnvioService - Envios en rango encontrados: 0
2025-12-10 23:50:40.627 [http-nio-8081-exec-7] INFO  com.dp1.backend.services.EnvioService - === FIN BUSQUEDA ENVIOS EN VIVO ===
2025-12-10 23:50:40.628 [http-nio-8081-exec-7] INFO  com.dp1.backend.handlers.SocketConnectionHandler - Enviando # de envios nuevos (desde última actualización): 0
2025-12-10 23:50:40.631 [http-nio-8081-exec-7] INFO  com.dp1.backend.handlers.SocketConnectionHandler - Actualizando envíos en operación desde: 2025-12-09T23:50:39-05:00[America/Lima] hasta: 2025-12-10T23:50:39-05:00[America/Lima]
2025-12-10 23:50:40.631 [http-nio-8081-exec-7] INFO  com.dp1.backend.services.EnvioService - === BUSCANDO ENVIOS EN VIVO ===
2025-12-10 23:50:40.632 [http-nio-8081-exec-7] INFO  com.dp1.backend.services.EnvioService - Fecha inicio: 2025-12-09T23:50:39-05:00[America/Lima] (Zona: America/Lima)
2025-12-10 23:50:40.632 [http-nio-8081-exec-7] INFO  com.dp1.backend.services.EnvioService - Fecha fin: 2025-12-10T23:50:39-05:00[America/Lima] (Zona: America/Lima)
2025-12-10 23:50:40.654 [http-nio-8081-exec-7] INFO  com.dp1.backend.services.EnvioService - Total envios encontrados despues de fecha inicio: 1
2025-12-10 23:50:40.655 [http-nio-8081-exec-7] INFO  com.dp1.backend.services.EnvioService - Evaluando envio SPIM5 - Fecha salida: 2025-12-11T04:17:00.337335Z (Zona: Z)
2025-12-10 23:50:40.656 [http-nio-8081-exec-7] INFO  com.dp1.backend.services.EnvioService - ✓ Envio SPIM5 está en el rango
2025-12-10 23:50:40.679 [http-nio-8081-exec-7] INFO  com.dp1.backend.services.EnvioService - Envios en rango encontrados: 1
2025-12-10 23:50:40.681 [http-nio-8081-exec-7] INFO  com.dp1.backend.services.EnvioService - === FIN BUSQUEDA ENVIOS EN VIVO ===
2025-12-10 23:50:40.683 [http-nio-8081-exec-7] INFO  com.dp1.backend.handlers.SocketConnectionHandler - Enviando # de envios en operación (últimos 2 minutos): 1
2025-12-10 23:51:11.615 [http-nio-8081-exec-8] INFO  com.dp1.backend.handlers.SocketConnectionHandler - Enviando # de vuelos en el aire: 5
2025-12-10 23:51:11.615 [http-nio-8081-exec-8] INFO  com.dp1.backend.services.EnvioService - === BUSCANDO ENVIOS EN VIVO ===
2025-12-10 23:51:11.616 [http-nio-8081-exec-8] INFO  com.dp1.backend.services.EnvioService - Fecha inicio: 2025-12-10T23:50:39-05:00[America/Lima] (Zona: America/Lima)
2025-12-10 23:51:11.616 [http-nio-8081-exec-8] INFO  com.dp1.backend.services.EnvioService - Fecha fin: 2025-12-10T23:51:10-05:00[America/Lima] (Zona: America/Lima)
2025-12-10 23:51:11.626 [http-nio-8081-exec-8] INFO  com.dp1.backend.services.EnvioService - Total envios encontrados despues de fecha inicio: 0
2025-12-10 23:51:11.626 [http-nio-8081-exec-8] INFO  com.dp1.backend.services.EnvioService - Envios en rango encontrados: 0
2025-12-10 23:51:11.626 [http-nio-8081-exec-8] INFO  com.dp1.backend.services.EnvioService - === FIN BUSQUEDA ENVIOS EN VIVO ===
2025-12-10 23:51:11.627 [http-nio-8081-exec-8] INFO  com.dp1.backend.handlers.SocketConnectionHandler - Enviando # de envios nuevos (desde última actualización): 0
2025-12-10 23:51:11.628 [http-nio-8081-exec-8] INFO  com.dp1.backend.handlers.SocketConnectionHandler - Actualizando envíos en operación desde: 2025-12-09T23:51:10-05:00[America/Lima] hasta: 2025-12-10T23:51:10-05:00[America/Lima]
2025-12-10 23:51:11.630 [http-nio-8081-exec-8] INFO  com.dp1.backend.services.EnvioService - === BUSCANDO ENVIOS EN VIVO ===
2025-12-10 23:51:11.631 [http-nio-8081-exec-8] INFO  com.dp1.backend.services.EnvioService - Fecha inicio: 2025-12-09T23:51:10-05:00[America/Lima] (Zona: America/Lima)
2025-12-10 23:51:11.631 [http-nio-8081-exec-8] INFO  com.dp1.backend.services.EnvioService - Fecha fin: 2025-12-10T23:51:10-05:00[America/Lima] (Zona: America/Lima)
2025-12-10 23:51:11.653 [http-nio-8081-exec-8] INFO  com.dp1.backend.services.EnvioService - Total envios encontrados despues de fecha inicio: 1
2025-12-10 23:51:11.654 [http-nio-8081-exec-8] INFO  com.dp1.backend.services.EnvioService - Evaluando envio SPIM5 - Fecha salida: 2025-12-11T04:17:00.337335Z (Zona: Z)
2025-12-10 23:51:11.656 [http-nio-8081-exec-8] INFO  com.dp1.backend.services.EnvioService - ✓ Envio SPIM5 está en el rango
2025-12-10 23:51:11.679 [http-nio-8081-exec-8] INFO  com.dp1.backend.services.EnvioService - Envios en rango encontrados: 1
2025-12-10 23:51:11.680 [http-nio-8081-exec-8] INFO  com.dp1.backend.services.EnvioService - === FIN BUSQUEDA ENVIOS EN VIVO ===
2025-12-10 23:51:11.682 [http-nio-8081-exec-8] INFO  com.dp1.backend.handlers.SocketConnectionHandler - Enviando # de envios en operación (últimos 2 minutos): 1
2025-12-10 23:51:42.613 [http-nio-8081-exec-3] INFO  com.dp1.backend.handlers.SocketConnectionHandler - Enviando # de vuelos en el aire: 0
2025-12-10 23:51:42.613 [http-nio-8081-exec-3] INFO  com.dp1.backend.services.EnvioService - === BUSCANDO ENVIOS EN VIVO ===
2025-12-10 23:51:42.614 [http-nio-8081-exec-3] INFO  com.dp1.backend.services.EnvioService - Fecha inicio: 2025-12-10T23:51:10-05:00[America/Lima] (Zona: America/Lima)
2025-12-10 23:51:42.614 [http-nio-8081-exec-3] INFO  com.dp1.backend.services.EnvioService - Fecha fin: 2025-12-10T23:51:41-05:00[America/Lima] (Zona: America/Lima)
2025-12-10 23:51:42.622 [http-nio-8081-exec-3] INFO  com.dp1.backend.services.EnvioService - Total envios encontrados despues de fecha inicio: 0
2025-12-10 23:51:42.622 [http-nio-8081-exec-3] INFO  com.dp1.backend.services.EnvioService - Envios en rango encontrados: 0
2025-12-10 23:51:42.623 [http-nio-8081-exec-3] INFO  com.dp1.backend.services.EnvioService - === FIN BUSQUEDA ENVIOS EN VIVO ===
2025-12-10 23:51:42.624 [http-nio-8081-exec-3] INFO  com.dp1.backend.handlers.SocketConnectionHandler - Enviando # de envios nuevos (desde última actualización): 0
2025-12-10 23:51:42.625 [http-nio-8081-exec-3] INFO  com.dp1.backend.handlers.SocketConnectionHandler - Actualizando envíos en operación desde: 2025-12-09T23:51:41-05:00[America/Lima] hasta: 2025-12-10T23:51:41-05:00[America/Lima]
2025-12-10 23:51:42.627 [http-nio-8081-exec-3] INFO  com.dp1.backend.services.EnvioService - === BUSCANDO ENVIOS EN VIVO ===
2025-12-10 23:51:42.629 [http-nio-8081-exec-3] INFO  com.dp1.backend.services.EnvioService - Fecha inicio: 2025-12-09T23:51:41-05:00[America/Lima] (Zona: America/Lima)
2025-12-10 23:51:42.629 [http-nio-8081-exec-3] INFO  com.dp1.backend.services.EnvioService - Fecha fin: 2025-12-10T23:51:41-05:00[America/Lima] (Zona: America/Lima)
2025-12-10 23:51:42.654 [http-nio-8081-exec-3] INFO  com.dp1.backend.services.EnvioService - Total envios encontrados despues de fecha inicio: 1
2025-12-10 23:51:42.655 [http-nio-8081-exec-3] INFO  com.dp1.backend.services.EnvioService - Evaluando envio SPIM5 - Fecha salida: 2025-12-11T04:17:00.337335Z (Zona: Z)
2025-12-10 23:51:42.655 [http-nio-8081-exec-3] INFO  com.dp1.backend.services.EnvioService - ✓ Envio SPIM5 está en el rango
2025-12-10 23:51:42.675 [http-nio-8081-exec-3] INFO  com.dp1.backend.services.EnvioService - Envios en rango encontrados: 1
2025-12-10 23:51:42.676 [http-nio-8081-exec-3] INFO  com.dp1.backend.services.EnvioService - === FIN BUSQUEDA ENVIOS EN VIVO ===
2025-12-10 23:51:42.677 [http-nio-8081-exec-3] INFO  com.dp1.backend.handlers.SocketConnectionHandler - Enviando # de envios en operación (últimos 2 minutos): 1
2025-12-10 23:52:13.615 [http-nio-8081-exec-9] INFO  com.dp1.backend.handlers.SocketConnectionHandler - Enviando # de vuelos en el aire: 0
2025-12-10 23:52:13.616 [http-nio-8081-exec-9] INFO  com.dp1.backend.services.EnvioService - === BUSCANDO ENVIOS EN VIVO ===
2025-12-10 23:52:13.616 [http-nio-8081-exec-9] INFO  com.dp1.backend.services.EnvioService - Fecha inicio: 2025-12-10T23:51:41-05:00[America/Lima] (Zona: America/Lima)
2025-12-10 23:52:13.616 [http-nio-8081-exec-9] INFO  com.dp1.backend.services.EnvioService - Fecha fin: 2025-12-10T23:52:12-05:00[America/Lima] (Zona: America/Lima)
2025-12-10 23:52:13.623 [http-nio-8081-exec-9] INFO  com.dp1.backend.services.EnvioService - Total envios encontrados despues de fecha inicio: 0
2025-12-10 23:52:13.624 [http-nio-8081-exec-9] INFO  com.dp1.backend.services.EnvioService - Envios en rango encontrados: 0
2025-12-10 23:52:13.624 [http-nio-8081-exec-9] INFO  com.dp1.backend.services.EnvioService - === FIN BUSQUEDA ENVIOS EN VIVO ===
2025-12-10 23:52:13.625 [http-nio-8081-exec-9] INFO  com.dp1.backend.handlers.SocketConnectionHandler - Enviando # de envios nuevos (desde última actualización): 0
2025-12-10 23:52:13.627 [http-nio-8081-exec-9] INFO  com.dp1.backend.handlers.SocketConnectionHandler - Actualizando envíos en operación desde: 2025-12-09T23:52:12-05:00[America/Lima] hasta: 2025-12-10T23:52:12-05:00[America/Lima]
2025-12-10 23:52:13.627 [http-nio-8081-exec-9] INFO  com.dp1.backend.services.EnvioService - === BUSCANDO ENVIOS EN VIVO ===
2025-12-10 23:52:13.627 [http-nio-8081-exec-9] INFO  com.dp1.backend.services.EnvioService - Fecha inicio: 2025-12-09T23:52:12-05:00[America/Lima] (Zona: America/Lima)
2025-12-10 23:52:13.628 [http-nio-8081-exec-9] INFO  com.dp1.backend.services.EnvioService - Fecha fin: 2025-12-10T23:52:12-05:00[America/Lima] (Zona: America/Lima)
2025-12-10 23:52:13.647 [http-nio-8081-exec-9] INFO  com.dp1.backend.services.EnvioService - Total envios encontrados despues de fecha inicio: 1
2025-12-10 23:52:13.648 [http-nio-8081-exec-9] INFO  com.dp1.backend.services.EnvioService - Evaluando envio SPIM5 - Fecha salida: 2025-12-11T04:17:00.337335Z (Zona: Z)
2025-12-10 23:52:13.648 [http-nio-8081-exec-9] INFO  com.dp1.backend.services.EnvioService - ✓ Envio SPIM5 está en el rango
2025-12-10 23:52:13.668 [http-nio-8081-exec-9] INFO  com.dp1.backend.services.EnvioService - Envios en rango encontrados: 1
2025-12-10 23:52:13.668 [http-nio-8081-exec-9] INFO  com.dp1.backend.services.EnvioService - === FIN BUSQUEDA ENVIOS EN VIVO ===
2025-12-10 23:52:13.669 [http-nio-8081-exec-9] INFO  com.dp1.backend.handlers.SocketConnectionHandler - Enviando # de envios en operación (últimos 2 minutos): 1
2025-12-10 23:52:44.959 [http-nio-8081-exec-5] INFO  com.dp1.backend.handlers.SocketConnectionHandler - Enviando # de vuelos en el aire: 0
2025-12-10 23:52:44.960 [http-nio-8081-exec-5] INFO  com.dp1.backend.services.EnvioService - === BUSCANDO ENVIOS EN VIVO ===
2025-12-10 23:52:44.960 [http-nio-8081-exec-5] INFO  com.dp1.backend.services.EnvioService - Fecha inicio: 2025-12-10T23:52:12-05:00[America/Lima] (Zona: America/Lima)
2025-12-10 23:52:44.963 [http-nio-8081-exec-5] INFO  com.dp1.backend.services.EnvioService - Fecha fin: 2025-12-10T23:52:43-05:00[America/Lima] (Zona: America/Lima)
2025-12-10 23:52:44.995 [http-nio-8081-exec-5] INFO  com.dp1.backend.services.EnvioService - Total envios encontrados despues de fecha inicio: 0
2025-12-10 23:52:45.016 [http-nio-8081-exec-5] INFO  com.dp1.backend.services.EnvioService - Envios en rango encontrados: 0
2025-12-10 23:52:45.016 [http-nio-8081-exec-5] INFO  com.dp1.backend.services.EnvioService - === FIN BUSQUEDA ENVIOS EN VIVO ===
2025-12-10 23:52:45.018 [http-nio-8081-exec-5] INFO  com.dp1.backend.handlers.SocketConnectionHandler - Enviando # de envios nuevos (desde última actualización): 0
2025-12-10 23:52:45.021 [http-nio-8081-exec-5] INFO  com.dp1.backend.handlers.SocketConnectionHandler - Actualizando envíos en operación desde: 2025-12-09T23:52:43-05:00[America/Lima] hasta: 2025-12-10T23:52:43-05:00[America/Lima]
2025-12-10 23:52:45.033 [http-nio-8081-exec-5] INFO  com.dp1.backend.services.EnvioService - === BUSCANDO ENVIOS EN VIVO ===
2025-12-10 23:52:45.036 [http-nio-8081-exec-5] INFO  com.dp1.backend.services.EnvioService - Fecha inicio: 2025-12-09T23:52:43-05:00[America/Lima] (Zona: America/Lima)
2025-12-10 23:52:45.036 [http-nio-8081-exec-5] INFO  com.dp1.backend.services.EnvioService - Fecha fin: 2025-12-10T23:52:43-05:00[America/Lima] (Zona: America/Lima)
2025-12-10 23:52:45.061 [http-nio-8081-exec-5] INFO  com.dp1.backend.services.EnvioService - Total envios encontrados despues de fecha inicio: 1
2025-12-10 23:52:45.064 [http-nio-8081-exec-5] INFO  com.dp1.backend.services.EnvioService - Evaluando envio SPIM5 - Fecha salida: 2025-12-11T04:17:00.337335Z (Zona: Z)
2025-12-10 23:52:45.065 [http-nio-8081-exec-5] INFO  com.dp1.backend.services.EnvioService - ✓ Envio SPIM5 está en el rango
2025-12-10 23:52:45.087 [http-nio-8081-exec-5] INFO  com.dp1.backend.services.EnvioService - Envios en rango encontrados: 1
2025-12-10 23:52:45.101 [http-nio-8081-exec-5] INFO  com.dp1.backend.services.EnvioService - === FIN BUSQUEDA ENVIOS EN VIVO ===
2025-12-10 23:52:45.104 [http-nio-8081-exec-5] INFO  com.dp1.backend.handlers.SocketConnectionHandler - Enviando # de envios en operación (últimos 2 minutos): 1
2025-12-10 23:53:15.622 [http-nio-8081-exec-9] INFO  com.dp1.backend.handlers.SocketConnectionHandler - Enviando # de vuelos en el aire: 1
2025-12-10 23:53:15.623 [http-nio-8081-exec-9] INFO  com.dp1.backend.services.EnvioService - === BUSCANDO ENVIOS EN VIVO ===
2025-12-10 23:53:15.623 [http-nio-8081-exec-9] INFO  com.dp1.backend.services.EnvioService - Fecha inicio: 2025-12-10T23:52:43-05:00[America/Lima] (Zona: America/Lima)
2025-12-10 23:53:15.623 [http-nio-8081-exec-9] INFO  com.dp1.backend.services.EnvioService - Fecha fin: 2025-12-10T23:53:14-05:00[America/Lima] (Zona: America/Lima)
2025-12-10 23:53:15.631 [http-nio-8081-exec-9] INFO  com.dp1.backend.services.EnvioService - Total envios encontrados despues de fecha inicio: 0
2025-12-10 23:53:15.632 [http-nio-8081-exec-9] INFO  com.dp1.backend.services.EnvioService - Envios en rango encontrados: 0
2025-12-10 23:53:15.632 [http-nio-8081-exec-9] INFO  com.dp1.backend.services.EnvioService - === FIN BUSQUEDA ENVIOS EN VIVO ===
2025-12-10 23:53:15.632 [http-nio-8081-exec-9] INFO  com.dp1.backend.handlers.SocketConnectionHandler - Enviando # de envios nuevos (desde última actualización): 0
2025-12-10 23:53:15.634 [http-nio-8081-exec-9] INFO  com.dp1.backend.handlers.SocketConnectionHandler - Actualizando envíos en operación desde: 2025-12-09T23:53:14-05:00[America/Lima] hasta: 2025-12-10T23:53:14-05:00[America/Lima]
2025-12-10 23:53:15.634 [http-nio-8081-exec-9] INFO  com.dp1.backend.services.EnvioService - === BUSCANDO ENVIOS EN VIVO ===
2025-12-10 23:53:15.635 [http-nio-8081-exec-9] INFO  com.dp1.backend.services.EnvioService - Fecha inicio: 2025-12-09T23:53:14-05:00[America/Lima] (Zona: America/Lima)
2025-12-10 23:53:15.635 [http-nio-8081-exec-9] INFO  com.dp1.backend.services.EnvioService - Fecha fin: 2025-12-10T23:53:14-05:00[America/Lima] (Zona: America/Lima)
2025-12-10 23:53:15.657 [http-nio-8081-exec-9] INFO  com.dp1.backend.services.EnvioService - Total envios encontrados despues de fecha inicio: 1
2025-12-10 23:53:15.657 [http-nio-8081-exec-9] INFO  com.dp1.backend.services.EnvioService - Evaluando envio SPIM5 - Fecha salida: 2025-12-11T04:17:00.337335Z (Zona: Z)
2025-12-10 23:53:15.658 [http-nio-8081-exec-9] INFO  com.dp1.backend.services.EnvioService - ✓ Envio SPIM5 está en el rango
2025-12-10 23:53:15.676 [http-nio-8081-exec-9] INFO  com.dp1.backend.services.EnvioService - Envios en rango encontrados: 1
2025-12-10 23:53:15.677 [http-nio-8081-exec-9] INFO  com.dp1.backend.services.EnvioService - === FIN BUSQUEDA ENVIOS EN VIVO ===
2025-12-10 23:53:15.679 [http-nio-8081-exec-9] INFO  com.dp1.backend.handlers.SocketConnectionHandler - Enviando # de envios en operación (últimos 2 minutos): 1
2025-12-10 23:53:46.619 [http-nio-8081-exec-1] INFO  com.dp1.backend.handlers.SocketConnectionHandler - Enviando # de vuelos en el aire: 0
2025-12-10 23:53:46.620 [http-nio-8081-exec-1] INFO  com.dp1.backend.services.EnvioService - === BUSCANDO ENVIOS EN VIVO ===
2025-12-10 23:53:46.620 [http-nio-8081-exec-1] INFO  com.dp1.backend.services.EnvioService - Fecha inicio: 2025-12-10T23:53:14-05:00[America/Lima] (Zona: America/Lima)
2025-12-10 23:53:46.620 [http-nio-8081-exec-1] INFO  com.dp1.backend.services.EnvioService - Fecha fin: 2025-12-10T23:53:45-05:00[America/Lima] (Zona: America/Lima)
2025-12-10 23:53:46.628 [http-nio-8081-exec-1] INFO  com.dp1.backend.services.EnvioService - Total envios encontrados despues de fecha inicio: 0
2025-12-10 23:53:46.628 [http-nio-8081-exec-1] INFO  com.dp1.backend.services.EnvioService - Envios en rango encontrados: 0
2025-12-10 23:53:46.628 [http-nio-8081-exec-1] INFO  com.dp1.backend.services.EnvioService - === FIN BUSQUEDA ENVIOS EN VIVO ===
2025-12-10 23:53:46.630 [http-nio-8081-exec-1] INFO  com.dp1.backend.handlers.SocketConnectionHandler - Enviando # de envios nuevos (desde última actualización): 0
2025-12-10 23:53:46.631 [http-nio-8081-exec-1] INFO  com.dp1.backend.handlers.SocketConnectionHandler - Actualizando envíos en operación desde: 2025-12-09T23:53:45-05:00[America/Lima] hasta: 2025-12-10T23:53:45-05:00[America/Lima]
2025-12-10 23:53:46.632 [http-nio-8081-exec-1] INFO  com.dp1.backend.services.EnvioService - === BUSCANDO ENVIOS EN VIVO ===
2025-12-10 23:53:46.632 [http-nio-8081-exec-1] INFO  com.dp1.backend.services.EnvioService - Fecha inicio: 2025-12-09T23:53:45-05:00[America/Lima] (Zona: America/Lima)
2025-12-10 23:53:46.632 [http-nio-8081-exec-1] INFO  com.dp1.backend.services.EnvioService - Fecha fin: 2025-12-10T23:53:45-05:00[America/Lima] (Zona: America/Lima)
2025-12-10 23:53:46.651 [http-nio-8081-exec-1] INFO  com.dp1.backend.services.EnvioService - Total envios encontrados despues de fecha inicio: 1
2025-12-10 23:53:46.654 [http-nio-8081-exec-1] INFO  com.dp1.backend.services.EnvioService - Evaluando envio SPIM5 - Fecha salida: 2025-12-11T04:17:00.337335Z (Zona: Z)
2025-12-10 23:53:46.655 [http-nio-8081-exec-1] INFO  com.dp1.backend.services.EnvioService - ✓ Envio SPIM5 está en el rango
2025-12-10 23:53:46.681 [http-nio-8081-exec-1] INFO  com.dp1.backend.services.EnvioService - Envios en rango encontrados: 1
2025-12-10 23:53:46.683 [http-nio-8081-exec-1] INFO  com.dp1.backend.services.EnvioService - === FIN BUSQUEDA ENVIOS EN VIVO ===
2025-12-10 23:53:46.685 [http-nio-8081-exec-1] INFO  com.dp1.backend.handlers.SocketConnectionHandler - Enviando # de envios en operación (últimos 2 minutos): 1
2025-12-10 23:54:06.067 [SpringApplicationShutdownHook] INFO  org.springframework.orm.jpa.LocalContainerEntityManagerFactoryBean - Closing JPA EntityManagerFactory for persistence unit 'default'
2025-12-10 23:54:06.100 [SpringApplicationShutdownHook] INFO  com.zaxxer.hikari.HikariDataSource - HikariPool-1 - Shutdown initiated...
2025-12-10 23:54:06.162 [SpringApplicationShutdownHook] INFO  com.zaxxer.hikari.HikariDataSource - HikariPool-1 - Shutdown completed.
2025-12-10 23:54:06.193 [SpringApplicationShutdownHook] INFO  com.dp1.backend.handlers.SocketConnectionHandler - 8bc8e70e-7525-7c31-46c4-585f819dca13  desconectado del socket
