2025-12-07 21:21:19.899 [main] INFO  com.dp1.backend.BackendApplication - Starting BackendApplication using Java 24.0.1 with PID 14076 (C:\Users\Joseph\Documents\PUCP\25-2\Dp1\Nuevo\Back\MoraPack_Backend\target\classes started by Joseph in C:\Users\Joseph\Documents\PUCP\25-2\Dp1\Nuevo\Back\MoraPack_Backend)
2025-12-07 21:21:19.970 [main] INFO  com.dp1.backend.BackendApplication - No active profile set, falling back to 1 default profile: "default"
2025-12-07 21:21:23.785 [main] INFO  org.springframework.data.repository.config.RepositoryConfigurationDelegate - Bootstrapping Spring Data JPA repositories in DEFAULT mode.
2025-12-07 21:21:24.069 [main] INFO  org.springframework.data.repository.config.RepositoryConfigurationDelegate - Finished Spring Data repository scanning in 250 ms. Found 10 JPA repository interfaces.
2025-12-07 21:21:26.166 [main] INFO  org.springframework.boot.web.embedded.tomcat.TomcatWebServer - Tomcat initialized with port 8081 (http)
2025-12-07 21:21:26.206 [main] INFO  org.apache.coyote.http11.Http11NioProtocol - Initializing ProtocolHandler ["http-nio-8081"]
2025-12-07 21:21:26.215 [main] INFO  org.apache.catalina.core.StandardService - Starting service [Tomcat]
2025-12-07 21:21:26.216 [main] INFO  org.apache.catalina.core.StandardEngine - Starting Servlet engine: [Apache Tomcat/10.1.19]
2025-12-07 21:21:26.351 [main] INFO  org.apache.catalina.core.ContainerBase.[Tomcat].[localhost].[/api] - Initializing Spring embedded WebApplicationContext
2025-12-07 21:21:26.352 [main] INFO  org.springframework.boot.web.servlet.context.ServletWebServerApplicationContext - Root WebApplicationContext: initialization completed in 6147 ms
2025-12-07 21:21:26.810 [main] INFO  org.hibernate.jpa.internal.util.LogHelper - HHH000204: Processing PersistenceUnitInfo [name: default]
2025-12-07 21:21:27.063 [main] INFO  org.hibernate.Version - HHH000412: Hibernate ORM core version 6.4.4.Final
2025-12-07 21:21:27.186 [main] INFO  org.hibernate.cache.internal.RegionFactoryInitiator - HHH000026: Second-level cache disabled
2025-12-07 21:21:28.139 [main] INFO  org.springframework.orm.jpa.persistenceunit.SpringPersistenceUnitInfo - No LoadTimeWeaver setup: ignoring JPA class transformer
2025-12-07 21:21:28.244 [main] WARN  com.zaxxer.hikari.HikariConfig - HikariPool-1 - idleTimeout has been set but has no effect because the pool is operating as a fixed size pool.
2025-12-07 21:21:28.245 [main] INFO  com.zaxxer.hikari.HikariDataSource - HikariPool-1 - Starting...
2025-12-07 21:21:29.844 [main] ERROR com.zaxxer.hikari.pool.HikariPool - HikariPool-1 - Exception during pool initialization.
java.sql.SQLException: Access denied for user 'root'@'localhost' (using password: YES)
	at com.mysql.cj.jdbc.exceptions.SQLError.createSQLException(SQLError.java:130) ~[mysql-connector-j-8.3.0.jar:8.3.0]
	at com.mysql.cj.jdbc.exceptions.SQLExceptionsMapping.translateException(SQLExceptionsMapping.java:122) ~[mysql-connector-j-8.3.0.jar:8.3.0]
	at com.mysql.cj.jdbc.ConnectionImpl.createNewIO(ConnectionImpl.java:815) ~[mysql-connector-j-8.3.0.jar:8.3.0]
	at com.mysql.cj.jdbc.ConnectionImpl.<init>(ConnectionImpl.java:438) ~[mysql-connector-j-8.3.0.jar:8.3.0]
	at com.mysql.cj.jdbc.ConnectionImpl.getInstance(ConnectionImpl.java:241) ~[mysql-connector-j-8.3.0.jar:8.3.0]
	at com.mysql.cj.jdbc.NonRegisteringDriver.connect(NonRegisteringDriver.java:189) ~[mysql-connector-j-8.3.0.jar:8.3.0]
	at com.zaxxer.hikari.util.DriverDataSource.getConnection(DriverDataSource.java:138) ~[HikariCP-5.0.1.jar:?]
	at com.zaxxer.hikari.pool.PoolBase.newConnection(PoolBase.java:359) ~[HikariCP-5.0.1.jar:?]
	at com.zaxxer.hikari.pool.PoolBase.newPoolEntry(PoolBase.java:201) ~[HikariCP-5.0.1.jar:?]
	at com.zaxxer.hikari.pool.HikariPool.createPoolEntry(HikariPool.java:470) [HikariCP-5.0.1.jar:?]
	at com.zaxxer.hikari.pool.HikariPool.checkFailFast(HikariPool.java:561) [HikariCP-5.0.1.jar:?]
	at com.zaxxer.hikari.pool.HikariPool.<init>(HikariPool.java:100) [HikariCP-5.0.1.jar:?]
	at com.zaxxer.hikari.HikariDataSource.getConnection(HikariDataSource.java:112) [HikariCP-5.0.1.jar:?]
	at org.hibernate.engine.jdbc.connections.internal.DatasourceConnectionProviderImpl.getConnection(DatasourceConnectionProviderImpl.java:122) [hibernate-core-6.4.4.Final.jar:6.4.4.Final]
	at org.hibernate.engine.jdbc.env.internal.JdbcEnvironmentInitiator$ConnectionProviderJdbcConnectionAccess.obtainConnection(JdbcEnvironmentInitiator.java:428) [hibernate-core-6.4.4.Final.jar:6.4.4.Final]
	at org.hibernate.resource.transaction.backend.jdbc.internal.JdbcIsolationDelegate.delegateWork(JdbcIsolationDelegate.java:61) [hibernate-core-6.4.4.Final.jar:6.4.4.Final]
	at org.hibernate.engine.jdbc.env.internal.JdbcEnvironmentInitiator.getJdbcEnvironmentUsingJdbcMetadata(JdbcEnvironmentInitiator.java:276) [hibernate-core-6.4.4.Final.jar:6.4.4.Final]
	at org.hibernate.engine.jdbc.env.internal.JdbcEnvironmentInitiator.initiateService(JdbcEnvironmentInitiator.java:107) [hibernate-core-6.4.4.Final.jar:6.4.4.Final]
	at org.hibernate.engine.jdbc.env.internal.JdbcEnvironmentInitiator.initiateService(JdbcEnvironmentInitiator.java:68) [hibernate-core-6.4.4.Final.jar:6.4.4.Final]
	at org.hibernate.boot.registry.internal.StandardServiceRegistryImpl.initiateService(StandardServiceRegistryImpl.java:130) [hibernate-core-6.4.4.Final.jar:6.4.4.Final]
	at org.hibernate.service.internal.AbstractServiceRegistryImpl.createService(AbstractServiceRegistryImpl.java:263) [hibernate-core-6.4.4.Final.jar:6.4.4.Final]
	at org.hibernate.service.internal.AbstractServiceRegistryImpl.initializeService(AbstractServiceRegistryImpl.java:238) [hibernate-core-6.4.4.Final.jar:6.4.4.Final]
	at org.hibernate.service.internal.AbstractServiceRegistryImpl.getService(AbstractServiceRegistryImpl.java:215) [hibernate-core-6.4.4.Final.jar:6.4.4.Final]
	at org.hibernate.boot.model.relational.Database.<init>(Database.java:45) [hibernate-core-6.4.4.Final.jar:6.4.4.Final]
	at org.hibernate.boot.internal.InFlightMetadataCollectorImpl.getDatabase(InFlightMetadataCollectorImpl.java:223) [hibernate-core-6.4.4.Final.jar:6.4.4.Final]
	at org.hibernate.boot.internal.InFlightMetadataCollectorImpl.<init>(InFlightMetadataCollectorImpl.java:191) [hibernate-core-6.4.4.Final.jar:6.4.4.Final]
	at org.hibernate.boot.model.process.spi.MetadataBuildingProcess.complete(MetadataBuildingProcess.java:170) [hibernate-core-6.4.4.Final.jar:6.4.4.Final]
	at org.hibernate.jpa.boot.internal.EntityManagerFactoryBuilderImpl.metadata(EntityManagerFactoryBuilderImpl.java:1432) [hibernate-core-6.4.4.Final.jar:6.4.4.Final]
	at org.hibernate.jpa.boot.internal.EntityManagerFactoryBuilderImpl.build(EntityManagerFactoryBuilderImpl.java:1503) [hibernate-core-6.4.4.Final.jar:6.4.4.Final]
	at org.springframework.orm.jpa.vendor.SpringHibernateJpaPersistenceProvider.createContainerEntityManagerFactory(SpringHibernateJpaPersistenceProvider.java:75) [spring-orm-6.1.4.jar:6.1.4]
	at org.springframework.orm.jpa.LocalContainerEntityManagerFactoryBean.createNativeEntityManagerFactory(LocalContainerEntityManagerFactoryBean.java:388) [spring-orm-6.1.4.jar:6.1.4]
	at org.springframework.orm.jpa.AbstractEntityManagerFactoryBean.buildNativeEntityManagerFactory(AbstractEntityManagerFactoryBean.java:409) [spring-orm-6.1.4.jar:6.1.4]
	at org.springframework.orm.jpa.AbstractEntityManagerFactoryBean.afterPropertiesSet(AbstractEntityManagerFactoryBean.java:396) [spring-orm-6.1.4.jar:6.1.4]
	at org.springframework.orm.jpa.LocalContainerEntityManagerFactoryBean.afterPropertiesSet(LocalContainerEntityManagerFactoryBean.java:364) [spring-orm-6.1.4.jar:6.1.4]
	at org.springframework.beans.factory.support.AbstractAutowireCapableBeanFactory.invokeInitMethods(AbstractAutowireCapableBeanFactory.java:1833) [spring-beans-6.1.4.jar:6.1.4]
	at org.springframework.beans.factory.support.AbstractAutowireCapableBeanFactory.initializeBean(AbstractAutowireCapableBeanFactory.java:1782) [spring-beans-6.1.4.jar:6.1.4]
	at org.springframework.beans.factory.support.AbstractAutowireCapableBeanFactory.doCreateBean(AbstractAutowireCapableBeanFactory.java:600) [spring-beans-6.1.4.jar:6.1.4]
	at org.springframework.beans.factory.support.AbstractAutowireCapableBeanFactory.createBean(AbstractAutowireCapableBeanFactory.java:522) [spring-beans-6.1.4.jar:6.1.4]
	at org.springframework.beans.factory.support.AbstractBeanFactory.lambda$doGetBean$0(AbstractBeanFactory.java:325) [spring-beans-6.1.4.jar:6.1.4]
	at org.springframework.beans.factory.support.DefaultSingletonBeanRegistry.getSingleton(DefaultSingletonBeanRegistry.java:234) [spring-beans-6.1.4.jar:6.1.4]
	at org.springframework.beans.factory.support.AbstractBeanFactory.doGetBean(AbstractBeanFactory.java:323) [spring-beans-6.1.4.jar:6.1.4]
	at org.springframework.beans.factory.support.AbstractBeanFactory.getBean(AbstractBeanFactory.java:199) [spring-beans-6.1.4.jar:6.1.4]
	at org.springframework.context.support.AbstractApplicationContext.getBean(AbstractApplicationContext.java:1231) [spring-context-6.1.4.jar:6.1.4]
	at org.springframework.context.support.AbstractApplicationContext.finishBeanFactoryInitialization(AbstractApplicationContext.java:949) [spring-context-6.1.4.jar:6.1.4]
	at org.springframework.context.support.AbstractApplicationContext.refresh(AbstractApplicationContext.java:624) [spring-context-6.1.4.jar:6.1.4]
	at org.springframework.boot.web.servlet.context.ServletWebServerApplicationContext.refresh(ServletWebServerApplicationContext.java:146) [spring-boot-3.2.3.jar:3.2.3]
	at org.springframework.boot.SpringApplication.refresh(SpringApplication.java:754) [spring-boot-3.2.3.jar:3.2.3]
	at org.springframework.boot.SpringApplication.refreshContext(SpringApplication.java:456) [spring-boot-3.2.3.jar:3.2.3]
	at org.springframework.boot.SpringApplication.run(SpringApplication.java:334) [spring-boot-3.2.3.jar:3.2.3]
	at org.springframework.boot.SpringApplication.run(SpringApplication.java:1354) [spring-boot-3.2.3.jar:3.2.3]
	at org.springframework.boot.SpringApplication.run(SpringApplication.java:1343) [spring-boot-3.2.3.jar:3.2.3]
	at com.dp1.backend.BackendApplication.main(BackendApplication.java:20) [classes/:?]
2025-12-07 21:21:30.232 [main] WARN  org.hibernate.engine.jdbc.env.internal.JdbcEnvironmentInitiator - HHH000342: Could not obtain connection to query metadata
java.lang.NullPointerException: Cannot invoke "org.hibernate.engine.jdbc.spi.SqlExceptionHelper.convert(java.sql.SQLException, String)" because the return value of "org.hibernate.resource.transaction.backend.jdbc.internal.JdbcIsolationDelegate.sqlExceptionHelper()" is null
	at org.hibernate.resource.transaction.backend.jdbc.internal.JdbcIsolationDelegate.delegateWork(JdbcIsolationDelegate.java:116) ~[hibernate-core-6.4.4.Final.jar:6.4.4.Final]
	at org.hibernate.engine.jdbc.env.internal.JdbcEnvironmentInitiator.getJdbcEnvironmentUsingJdbcMetadata(JdbcEnvironmentInitiator.java:276) [hibernate-core-6.4.4.Final.jar:6.4.4.Final]
	at org.hibernate.engine.jdbc.env.internal.JdbcEnvironmentInitiator.initiateService(JdbcEnvironmentInitiator.java:107) [hibernate-core-6.4.4.Final.jar:6.4.4.Final]
	at org.hibernate.engine.jdbc.env.internal.JdbcEnvironmentInitiator.initiateService(JdbcEnvironmentInitiator.java:68) [hibernate-core-6.4.4.Final.jar:6.4.4.Final]
	at org.hibernate.boot.registry.internal.StandardServiceRegistryImpl.initiateService(StandardServiceRegistryImpl.java:130) [hibernate-core-6.4.4.Final.jar:6.4.4.Final]
	at org.hibernate.service.internal.AbstractServiceRegistryImpl.createService(AbstractServiceRegistryImpl.java:263) [hibernate-core-6.4.4.Final.jar:6.4.4.Final]
	at org.hibernate.service.internal.AbstractServiceRegistryImpl.initializeService(AbstractServiceRegistryImpl.java:238) [hibernate-core-6.4.4.Final.jar:6.4.4.Final]
	at org.hibernate.service.internal.AbstractServiceRegistryImpl.getService(AbstractServiceRegistryImpl.java:215) [hibernate-core-6.4.4.Final.jar:6.4.4.Final]
	at org.hibernate.boot.model.relational.Database.<init>(Database.java:45) [hibernate-core-6.4.4.Final.jar:6.4.4.Final]
	at org.hibernate.boot.internal.InFlightMetadataCollectorImpl.getDatabase(InFlightMetadataCollectorImpl.java:223) [hibernate-core-6.4.4.Final.jar:6.4.4.Final]
	at org.hibernate.boot.internal.InFlightMetadataCollectorImpl.<init>(InFlightMetadataCollectorImpl.java:191) [hibernate-core-6.4.4.Final.jar:6.4.4.Final]
	at org.hibernate.boot.model.process.spi.MetadataBuildingProcess.complete(MetadataBuildingProcess.java:170) [hibernate-core-6.4.4.Final.jar:6.4.4.Final]
	at org.hibernate.jpa.boot.internal.EntityManagerFactoryBuilderImpl.metadata(EntityManagerFactoryBuilderImpl.java:1432) [hibernate-core-6.4.4.Final.jar:6.4.4.Final]
	at org.hibernate.jpa.boot.internal.EntityManagerFactoryBuilderImpl.build(EntityManagerFactoryBuilderImpl.java:1503) [hibernate-core-6.4.4.Final.jar:6.4.4.Final]
	at org.springframework.orm.jpa.vendor.SpringHibernateJpaPersistenceProvider.createContainerEntityManagerFactory(SpringHibernateJpaPersistenceProvider.java:75) [spring-orm-6.1.4.jar:6.1.4]
	at org.springframework.orm.jpa.LocalContainerEntityManagerFactoryBean.createNativeEntityManagerFactory(LocalContainerEntityManagerFactoryBean.java:388) [spring-orm-6.1.4.jar:6.1.4]
	at org.springframework.orm.jpa.AbstractEntityManagerFactoryBean.buildNativeEntityManagerFactory(AbstractEntityManagerFactoryBean.java:409) [spring-orm-6.1.4.jar:6.1.4]
	at org.springframework.orm.jpa.AbstractEntityManagerFactoryBean.afterPropertiesSet(AbstractEntityManagerFactoryBean.java:396) [spring-orm-6.1.4.jar:6.1.4]
	at org.springframework.orm.jpa.LocalContainerEntityManagerFactoryBean.afterPropertiesSet(LocalContainerEntityManagerFactoryBean.java:364) [spring-orm-6.1.4.jar:6.1.4]
	at org.springframework.beans.factory.support.AbstractAutowireCapableBeanFactory.invokeInitMethods(AbstractAutowireCapableBeanFactory.java:1833) [spring-beans-6.1.4.jar:6.1.4]
	at org.springframework.beans.factory.support.AbstractAutowireCapableBeanFactory.initializeBean(AbstractAutowireCapableBeanFactory.java:1782) [spring-beans-6.1.4.jar:6.1.4]
	at org.springframework.beans.factory.support.AbstractAutowireCapableBeanFactory.doCreateBean(AbstractAutowireCapableBeanFactory.java:600) [spring-beans-6.1.4.jar:6.1.4]
	at org.springframework.beans.factory.support.AbstractAutowireCapableBeanFactory.createBean(AbstractAutowireCapableBeanFactory.java:522) [spring-beans-6.1.4.jar:6.1.4]
	at org.springframework.beans.factory.support.AbstractBeanFactory.lambda$doGetBean$0(AbstractBeanFactory.java:325) [spring-beans-6.1.4.jar:6.1.4]
	at org.springframework.beans.factory.support.DefaultSingletonBeanRegistry.getSingleton(DefaultSingletonBeanRegistry.java:234) [spring-beans-6.1.4.jar:6.1.4]
	at org.springframework.beans.factory.support.AbstractBeanFactory.doGetBean(AbstractBeanFactory.java:323) [spring-beans-6.1.4.jar:6.1.4]
	at org.springframework.beans.factory.support.AbstractBeanFactory.getBean(AbstractBeanFactory.java:199) [spring-beans-6.1.4.jar:6.1.4]
	at org.springframework.context.support.AbstractApplicationContext.getBean(AbstractApplicationContext.java:1231) [spring-context-6.1.4.jar:6.1.4]
	at org.springframework.context.support.AbstractApplicationContext.finishBeanFactoryInitialization(AbstractApplicationContext.java:949) [spring-context-6.1.4.jar:6.1.4]
	at org.springframework.context.support.AbstractApplicationContext.refresh(AbstractApplicationContext.java:624) [spring-context-6.1.4.jar:6.1.4]
	at org.springframework.boot.web.servlet.context.ServletWebServerApplicationContext.refresh(ServletWebServerApplicationContext.java:146) [spring-boot-3.2.3.jar:3.2.3]
	at org.springframework.boot.SpringApplication.refresh(SpringApplication.java:754) [spring-boot-3.2.3.jar:3.2.3]
	at org.springframework.boot.SpringApplication.refreshContext(SpringApplication.java:456) [spring-boot-3.2.3.jar:3.2.3]
	at org.springframework.boot.SpringApplication.run(SpringApplication.java:334) [spring-boot-3.2.3.jar:3.2.3]
	at org.springframework.boot.SpringApplication.run(SpringApplication.java:1354) [spring-boot-3.2.3.jar:3.2.3]
	at org.springframework.boot.SpringApplication.run(SpringApplication.java:1343) [spring-boot-3.2.3.jar:3.2.3]
	at com.dp1.backend.BackendApplication.main(BackendApplication.java:20) [classes/:?]
2025-12-07 21:21:30.249 [main] ERROR org.springframework.orm.jpa.LocalContainerEntityManagerFactoryBean - Failed to initialize JPA EntityManagerFactory: Unable to create requested service [org.hibernate.engine.jdbc.env.spi.JdbcEnvironment] due to: Unable to determine Dialect without JDBC metadata (please set 'jakarta.persistence.jdbc.url' for common cases or 'hibernate.dialect' when a custom Dialect implementation must be provided)
2025-12-07 21:21:30.252 [main] WARN  org.springframework.boot.web.servlet.context.AnnotationConfigServletWebServerApplicationContext - Exception encountered during context initialization - cancelling refresh attempt: org.springframework.beans.factory.BeanCreationException: Error creating bean with name 'entityManagerFactory' defined in class path resource [org/springframework/boot/autoconfigure/orm/jpa/HibernateJpaConfiguration.class]: Unable to create requested service [org.hibernate.engine.jdbc.env.spi.JdbcEnvironment] due to: Unable to determine Dialect without JDBC metadata (please set 'jakarta.persistence.jdbc.url' for common cases or 'hibernate.dialect' when a custom Dialect implementation must be provided)
2025-12-07 21:21:30.277 [main] INFO  org.apache.catalina.core.StandardService - Stopping service [Tomcat]
2025-12-07 21:21:30.354 [main] INFO  org.springframework.boot.autoconfigure.logging.ConditionEvaluationReportLogger - 

Error starting ApplicationContext. To display the condition evaluation report re-run your application with 'debug' enabled.
2025-12-07 21:21:30.435 [main] ERROR org.springframework.boot.SpringApplication - Application run failed
org.springframework.beans.factory.BeanCreationException: Error creating bean with name 'entityManagerFactory' defined in class path resource [org/springframework/boot/autoconfigure/orm/jpa/HibernateJpaConfiguration.class]: Unable to create requested service [org.hibernate.engine.jdbc.env.spi.JdbcEnvironment] due to: Unable to determine Dialect without JDBC metadata (please set 'jakarta.persistence.jdbc.url' for common cases or 'hibernate.dialect' when a custom Dialect implementation must be provided)
	at org.springframework.beans.factory.support.AbstractAutowireCapableBeanFactory.initializeBean(AbstractAutowireCapableBeanFactory.java:1786) ~[spring-beans-6.1.4.jar:6.1.4]
	at org.springframework.beans.factory.support.AbstractAutowireCapableBeanFactory.doCreateBean(AbstractAutowireCapableBeanFactory.java:600) ~[spring-beans-6.1.4.jar:6.1.4]
	at org.springframework.beans.factory.support.AbstractAutowireCapableBeanFactory.createBean(AbstractAutowireCapableBeanFactory.java:522) ~[spring-beans-6.1.4.jar:6.1.4]
	at org.springframework.beans.factory.support.AbstractBeanFactory.lambda$doGetBean$0(AbstractBeanFactory.java:325) ~[spring-beans-6.1.4.jar:6.1.4]
	at org.springframework.beans.factory.support.DefaultSingletonBeanRegistry.getSingleton(DefaultSingletonBeanRegistry.java:234) ~[spring-beans-6.1.4.jar:6.1.4]
	at org.springframework.beans.factory.support.AbstractBeanFactory.doGetBean(AbstractBeanFactory.java:323) ~[spring-beans-6.1.4.jar:6.1.4]
	at org.springframework.beans.factory.support.AbstractBeanFactory.getBean(AbstractBeanFactory.java:199) ~[spring-beans-6.1.4.jar:6.1.4]
	at org.springframework.context.support.AbstractApplicationContext.getBean(AbstractApplicationContext.java:1231) ~[spring-context-6.1.4.jar:6.1.4]
	at org.springframework.context.support.AbstractApplicationContext.finishBeanFactoryInitialization(AbstractApplicationContext.java:949) ~[spring-context-6.1.4.jar:6.1.4]
	at org.springframework.context.support.AbstractApplicationContext.refresh(AbstractApplicationContext.java:624) ~[spring-context-6.1.4.jar:6.1.4]
	at org.springframework.boot.web.servlet.context.ServletWebServerApplicationContext.refresh(ServletWebServerApplicationContext.java:146) ~[spring-boot-3.2.3.jar:3.2.3]
	at org.springframework.boot.SpringApplication.refresh(SpringApplication.java:754) [spring-boot-3.2.3.jar:3.2.3]
	at org.springframework.boot.SpringApplication.refreshContext(SpringApplication.java:456) [spring-boot-3.2.3.jar:3.2.3]
	at org.springframework.boot.SpringApplication.run(SpringApplication.java:334) [spring-boot-3.2.3.jar:3.2.3]
	at org.springframework.boot.SpringApplication.run(SpringApplication.java:1354) [spring-boot-3.2.3.jar:3.2.3]
	at org.springframework.boot.SpringApplication.run(SpringApplication.java:1343) [spring-boot-3.2.3.jar:3.2.3]
	at com.dp1.backend.BackendApplication.main(BackendApplication.java:20) [classes/:?]
Caused by: org.hibernate.service.spi.ServiceException: Unable to create requested service [org.hibernate.engine.jdbc.env.spi.JdbcEnvironment] due to: Unable to determine Dialect without JDBC metadata (please set 'jakarta.persistence.jdbc.url' for common cases or 'hibernate.dialect' when a custom Dialect implementation must be provided)
	at org.hibernate.service.internal.AbstractServiceRegistryImpl.createService(AbstractServiceRegistryImpl.java:276) ~[hibernate-core-6.4.4.Final.jar:6.4.4.Final]
	at org.hibernate.service.internal.AbstractServiceRegistryImpl.initializeService(AbstractServiceRegistryImpl.java:238) ~[hibernate-core-6.4.4.Final.jar:6.4.4.Final]
	at org.hibernate.service.internal.AbstractServiceRegistryImpl.getService(AbstractServiceRegistryImpl.java:215) ~[hibernate-core-6.4.4.Final.jar:6.4.4.Final]
	at org.hibernate.boot.model.relational.Database.<init>(Database.java:45) ~[hibernate-core-6.4.4.Final.jar:6.4.4.Final]
	at org.hibernate.boot.internal.InFlightMetadataCollectorImpl.getDatabase(InFlightMetadataCollectorImpl.java:223) ~[hibernate-core-6.4.4.Final.jar:6.4.4.Final]
	at org.hibernate.boot.internal.InFlightMetadataCollectorImpl.<init>(InFlightMetadataCollectorImpl.java:191) ~[hibernate-core-6.4.4.Final.jar:6.4.4.Final]
	at org.hibernate.boot.model.process.spi.MetadataBuildingProcess.complete(MetadataBuildingProcess.java:170) ~[hibernate-core-6.4.4.Final.jar:6.4.4.Final]
	at org.hibernate.jpa.boot.internal.EntityManagerFactoryBuilderImpl.metadata(EntityManagerFactoryBuilderImpl.java:1432) ~[hibernate-core-6.4.4.Final.jar:6.4.4.Final]
	at org.hibernate.jpa.boot.internal.EntityManagerFactoryBuilderImpl.build(EntityManagerFactoryBuilderImpl.java:1503) ~[hibernate-core-6.4.4.Final.jar:6.4.4.Final]
	at org.springframework.orm.jpa.vendor.SpringHibernateJpaPersistenceProvider.createContainerEntityManagerFactory(SpringHibernateJpaPersistenceProvider.java:75) ~[spring-orm-6.1.4.jar:6.1.4]
	at org.springframework.orm.jpa.LocalContainerEntityManagerFactoryBean.createNativeEntityManagerFactory(LocalContainerEntityManagerFactoryBean.java:388) ~[spring-orm-6.1.4.jar:6.1.4]
	at org.springframework.orm.jpa.AbstractEntityManagerFactoryBean.buildNativeEntityManagerFactory(AbstractEntityManagerFactoryBean.java:409) ~[spring-orm-6.1.4.jar:6.1.4]
	at org.springframework.orm.jpa.AbstractEntityManagerFactoryBean.afterPropertiesSet(AbstractEntityManagerFactoryBean.java:396) ~[spring-orm-6.1.4.jar:6.1.4]
	at org.springframework.orm.jpa.LocalContainerEntityManagerFactoryBean.afterPropertiesSet(LocalContainerEntityManagerFactoryBean.java:364) ~[spring-orm-6.1.4.jar:6.1.4]
	at org.springframework.beans.factory.support.AbstractAutowireCapableBeanFactory.invokeInitMethods(AbstractAutowireCapableBeanFactory.java:1833) ~[spring-beans-6.1.4.jar:6.1.4]
	at org.springframework.beans.factory.support.AbstractAutowireCapableBeanFactory.initializeBean(AbstractAutowireCapableBeanFactory.java:1782) ~[spring-beans-6.1.4.jar:6.1.4]
	... 16 more
Caused by: org.hibernate.HibernateException: Unable to determine Dialect without JDBC metadata (please set 'jakarta.persistence.jdbc.url' for common cases or 'hibernate.dialect' when a custom Dialect implementation must be provided)
	at org.hibernate.engine.jdbc.dialect.internal.DialectFactoryImpl.determineDialect(DialectFactoryImpl.java:191) ~[hibernate-core-6.4.4.Final.jar:6.4.4.Final]
	at org.hibernate.engine.jdbc.dialect.internal.DialectFactoryImpl.buildDialect(DialectFactoryImpl.java:87) ~[hibernate-core-6.4.4.Final.jar:6.4.4.Final]
	at org.hibernate.engine.jdbc.env.internal.JdbcEnvironmentInitiator.getJdbcEnvironmentWithDefaults(JdbcEnvironmentInitiator.java:143) ~[hibernate-core-6.4.4.Final.jar:6.4.4.Final]
	at org.hibernate.engine.jdbc.env.internal.JdbcEnvironmentInitiator.getJdbcEnvironmentUsingJdbcMetadata(JdbcEnvironmentInitiator.java:348) ~[hibernate-core-6.4.4.Final.jar:6.4.4.Final]
	at org.hibernate.engine.jdbc.env.internal.JdbcEnvironmentInitiator.initiateService(JdbcEnvironmentInitiator.java:107) ~[hibernate-core-6.4.4.Final.jar:6.4.4.Final]
	at org.hibernate.engine.jdbc.env.internal.JdbcEnvironmentInitiator.initiateService(JdbcEnvironmentInitiator.java:68) ~[hibernate-core-6.4.4.Final.jar:6.4.4.Final]
	at org.hibernate.boot.registry.internal.StandardServiceRegistryImpl.initiateService(StandardServiceRegistryImpl.java:130) ~[hibernate-core-6.4.4.Final.jar:6.4.4.Final]
	at org.hibernate.service.internal.AbstractServiceRegistryImpl.createService(AbstractServiceRegistryImpl.java:263) ~[hibernate-core-6.4.4.Final.jar:6.4.4.Final]
	at org.hibernate.service.internal.AbstractServiceRegistryImpl.initializeService(AbstractServiceRegistryImpl.java:238) ~[hibernate-core-6.4.4.Final.jar:6.4.4.Final]
	at org.hibernate.service.internal.AbstractServiceRegistryImpl.getService(AbstractServiceRegistryImpl.java:215) ~[hibernate-core-6.4.4.Final.jar:6.4.4.Final]
	at org.hibernate.boot.model.relational.Database.<init>(Database.java:45) ~[hibernate-core-6.4.4.Final.jar:6.4.4.Final]
	at org.hibernate.boot.internal.InFlightMetadataCollectorImpl.getDatabase(InFlightMetadataCollectorImpl.java:223) ~[hibernate-core-6.4.4.Final.jar:6.4.4.Final]
	at org.hibernate.boot.internal.InFlightMetadataCollectorImpl.<init>(InFlightMetadataCollectorImpl.java:191) ~[hibernate-core-6.4.4.Final.jar:6.4.4.Final]
	at org.hibernate.boot.model.process.spi.MetadataBuildingProcess.complete(MetadataBuildingProcess.java:170) ~[hibernate-core-6.4.4.Final.jar:6.4.4.Final]
	at org.hibernate.jpa.boot.internal.EntityManagerFactoryBuilderImpl.metadata(EntityManagerFactoryBuilderImpl.java:1432) ~[hibernate-core-6.4.4.Final.jar:6.4.4.Final]
	at org.hibernate.jpa.boot.internal.EntityManagerFactoryBuilderImpl.build(EntityManagerFactoryBuilderImpl.java:1503) ~[hibernate-core-6.4.4.Final.jar:6.4.4.Final]
	at org.springframework.orm.jpa.vendor.SpringHibernateJpaPersistenceProvider.createContainerEntityManagerFactory(SpringHibernateJpaPersistenceProvider.java:75) ~[spring-orm-6.1.4.jar:6.1.4]
	at org.springframework.orm.jpa.LocalContainerEntityManagerFactoryBean.createNativeEntityManagerFactory(LocalContainerEntityManagerFactoryBean.java:388) ~[spring-orm-6.1.4.jar:6.1.4]
	at org.springframework.orm.jpa.AbstractEntityManagerFactoryBean.buildNativeEntityManagerFactory(AbstractEntityManagerFactoryBean.java:409) ~[spring-orm-6.1.4.jar:6.1.4]
	at org.springframework.orm.jpa.AbstractEntityManagerFactoryBean.afterPropertiesSet(AbstractEntityManagerFactoryBean.java:396) ~[spring-orm-6.1.4.jar:6.1.4]
	at org.springframework.orm.jpa.LocalContainerEntityManagerFactoryBean.afterPropertiesSet(LocalContainerEntityManagerFactoryBean.java:364) ~[spring-orm-6.1.4.jar:6.1.4]
	at org.springframework.beans.factory.support.AbstractAutowireCapableBeanFactory.invokeInitMethods(AbstractAutowireCapableBeanFactory.java:1833) ~[spring-beans-6.1.4.jar:6.1.4]
	at org.springframework.beans.factory.support.AbstractAutowireCapableBeanFactory.initializeBean(AbstractAutowireCapableBeanFactory.java:1782) ~[spring-beans-6.1.4.jar:6.1.4]
	... 16 more
2025-12-07 21:22:20.333 [main] INFO  com.dp1.backend.BackendApplication - Starting BackendApplication using Java 24.0.1 with PID 8480 (C:\Users\Joseph\Documents\PUCP\25-2\Dp1\Nuevo\Back\MoraPack_Backend\target\classes started by Joseph in C:\Users\Joseph\Documents\PUCP\25-2\Dp1\Nuevo\Back\MoraPack_Backend)
2025-12-07 21:22:20.354 [main] INFO  com.dp1.backend.BackendApplication - No active profile set, falling back to 1 default profile: "default"
2025-12-07 21:22:21.770 [main] INFO  org.springframework.data.repository.config.RepositoryConfigurationDelegate - Bootstrapping Spring Data JPA repositories in DEFAULT mode.
2025-12-07 21:22:21.929 [main] INFO  org.springframework.data.repository.config.RepositoryConfigurationDelegate - Finished Spring Data repository scanning in 143 ms. Found 10 JPA repository interfaces.
2025-12-07 21:22:22.932 [main] INFO  org.springframework.boot.web.embedded.tomcat.TomcatWebServer - Tomcat initialized with port 8081 (http)
2025-12-07 21:22:22.954 [main] INFO  org.apache.coyote.http11.Http11NioProtocol - Initializing ProtocolHandler ["http-nio-8081"]
2025-12-07 21:22:22.960 [main] INFO  org.apache.catalina.core.StandardService - Starting service [Tomcat]
2025-12-07 21:22:22.962 [main] INFO  org.apache.catalina.core.StandardEngine - Starting Servlet engine: [Apache Tomcat/10.1.19]
2025-12-07 21:22:23.060 [main] INFO  org.apache.catalina.core.ContainerBase.[Tomcat].[localhost].[/api] - Initializing Spring embedded WebApplicationContext
2025-12-07 21:22:23.062 [main] INFO  org.springframework.boot.web.servlet.context.ServletWebServerApplicationContext - Root WebApplicationContext: initialization completed in 2594 ms
2025-12-07 21:22:23.386 [main] INFO  org.hibernate.jpa.internal.util.LogHelper - HHH000204: Processing PersistenceUnitInfo [name: default]
2025-12-07 21:22:23.512 [main] INFO  org.hibernate.Version - HHH000412: Hibernate ORM core version 6.4.4.Final
2025-12-07 21:22:23.585 [main] INFO  org.hibernate.cache.internal.RegionFactoryInitiator - HHH000026: Second-level cache disabled
2025-12-07 21:22:24.018 [main] INFO  org.springframework.orm.jpa.persistenceunit.SpringPersistenceUnitInfo - No LoadTimeWeaver setup: ignoring JPA class transformer
2025-12-07 21:22:24.077 [main] WARN  com.zaxxer.hikari.HikariConfig - HikariPool-1 - idleTimeout has been set but has no effect because the pool is operating as a fixed size pool.
2025-12-07 21:22:24.078 [main] INFO  com.zaxxer.hikari.HikariDataSource - HikariPool-1 - Starting...
2025-12-07 21:22:24.475 [main] INFO  com.zaxxer.hikari.pool.HikariPool - HikariPool-1 - Added connection com.mysql.cj.jdbc.ConnectionImpl@2248d140
2025-12-07 21:22:24.478 [main] INFO  com.zaxxer.hikari.HikariDataSource - HikariPool-1 - Start completed.
2025-12-07 21:22:27.140 [main] INFO  org.hibernate.engine.transaction.jta.platform.internal.JtaPlatformInitiator - HHH000489: No JTA platform available (set 'hibernate.transaction.jta.platform' to enable JTA platform integration)
2025-12-07 21:22:27.642 [main] INFO  org.springframework.orm.jpa.LocalContainerEntityManagerFactoryBean - Initialized JPA EntityManagerFactory for persistence unit 'default'
2025-12-07 21:22:27.692 [main] INFO  com.dp1.backend.services.DatosEnMemoriaService - Inicializando DatosEnMemoriaService con working directory: C:\Users\Joseph\Documents\PUCP\25-2\Dp1\Nuevo\Back\MoraPack_Backend
2025-12-07 21:22:27.720 [main] INFO  com.dp1.backend.services.DatosEnMemoriaService - Aeropuertos cargados: 30
2025-12-07 21:22:27.797 [main] INFO  com.dp1.backend.services.DatosEnMemoriaService - Vuelos cargados: 2866
2025-12-07 21:22:28.305 [main] INFO  com.dp1.backend.services.DatosEnMemoriaService - Leyendo rutas posibles
2025-12-07 21:22:28.610 [main] INFO  com.dp1.backend.services.DatosEnMemoriaService - Colecciones rutas: 0
2025-12-07 21:22:28.611 [main] INFO  com.dp1.backend.services.DatosEnMemoriaService - Rutas posibles set: 0
2025-12-07 21:22:28.876 [main] INFO  org.springframework.data.jpa.repository.query.QueryEnhancerFactory - Hibernate is in classpath; If applicable, HQL parser will be used.
2025-12-07 21:22:30.186 [main] WARN  org.springframework.boot.autoconfigure.orm.jpa.JpaBaseConfiguration$JpaWebConfiguration - spring.jpa.open-in-view is enabled by default. Therefore, database queries may be performed during view rendering. Explicitly configure spring.jpa.open-in-view to disable this warning
2025-12-07 21:22:31.171 [main] INFO  org.apache.coyote.http11.Http11NioProtocol - Starting ProtocolHandler ["http-nio-8081"]
2025-12-07 21:22:31.222 [main] INFO  org.springframework.boot.web.embedded.tomcat.TomcatWebServer - Tomcat started on port 8081 (http) with context path '/api'
2025-12-07 21:22:31.236 [main] INFO  com.dp1.backend.BackendApplication - Started BackendApplication in 11.814 seconds (process running for 13.613)
2025-12-07 21:23:32.030 [http-nio-8081-exec-2] INFO  org.apache.catalina.core.ContainerBase.[Tomcat].[localhost].[/api] - Initializing Spring DispatcherServlet 'dispatcherServlet'
2025-12-07 21:23:32.031 [http-nio-8081-exec-2] INFO  org.springframework.web.servlet.DispatcherServlet - Initializing Servlet 'dispatcherServlet'
2025-12-07 21:23:32.035 [http-nio-8081-exec-2] INFO  org.springframework.web.servlet.DispatcherServlet - Completed initialization in 2 ms
2025-12-07 21:23:32.243 [http-nio-8081-exec-1] INFO  com.dp1.backend.handlers.SocketConnectionHandler - 081fd013-5073-dc6a-cf1f-3257d7fc1db5  conectado al socket
2025-12-07 21:23:32.294 [http-nio-8081-exec-3] INFO  com.dp1.backend.services.DatosEnMemoriaService - Leyendo archivo: data\envios\pack_enviado_EDDI_.txt
2025-12-07 21:23:32.632 [http-nio-8081-exec-3] INFO  com.dp1.backend.services.DatosEnMemoriaService - Leyendo archivo: data\envios\pack_enviado_EHAM_.txt
2025-12-07 21:23:32.961 [http-nio-8081-exec-3] INFO  com.dp1.backend.services.DatosEnMemoriaService - Leyendo archivo: data\envios\pack_enviado_EKCH_.txt
2025-12-07 21:23:33.364 [http-nio-8081-exec-3] INFO  com.dp1.backend.services.DatosEnMemoriaService - Leyendo archivo: data\envios\pack_enviado_LATI_.txt
2025-12-07 21:23:33.674 [http-nio-8081-exec-3] INFO  com.dp1.backend.services.DatosEnMemoriaService - Leyendo archivo: data\envios\pack_enviado_LBSF_.txt
2025-12-07 21:23:33.979 [http-nio-8081-exec-3] INFO  com.dp1.backend.services.DatosEnMemoriaService - Leyendo archivo: data\envios\pack_enviado_LDZA_.txt
2025-12-07 21:23:34.223 [http-nio-8081-exec-3] INFO  com.dp1.backend.services.DatosEnMemoriaService - Leyendo archivo: data\envios\pack_enviado_LKPR_.txt
2025-12-07 21:23:34.510 [http-nio-8081-exec-3] INFO  com.dp1.backend.services.DatosEnMemoriaService - Leyendo archivo: data\envios\pack_enviado_LOWW_.txt
2025-12-07 21:23:34.998 [http-nio-8081-exec-3] INFO  com.dp1.backend.services.DatosEnMemoriaService - Leyendo archivo: data\envios\pack_enviado_OAKB_.txt
2025-12-07 21:23:35.419 [http-nio-8081-exec-3] INFO  com.dp1.backend.services.DatosEnMemoriaService - Leyendo archivo: data\envios\pack_enviado_OERK_.txt
2025-12-07 21:23:35.730 [http-nio-8081-exec-3] INFO  com.dp1.backend.services.DatosEnMemoriaService - Leyendo archivo: data\envios\pack_enviado_OJAI_.txt
2025-12-07 21:23:35.969 [http-nio-8081-exec-3] INFO  com.dp1.backend.services.DatosEnMemoriaService - Leyendo archivo: data\envios\pack_enviado_OMDB_.txt
2025-12-07 21:23:36.277 [http-nio-8081-exec-3] INFO  com.dp1.backend.services.DatosEnMemoriaService - Leyendo archivo: data\envios\pack_enviado_OOMS_.txt
2025-12-07 21:23:36.497 [http-nio-8081-exec-3] INFO  com.dp1.backend.services.DatosEnMemoriaService - Leyendo archivo: data\envios\pack_enviado_OPKC_.txt
2025-12-07 21:23:36.799 [http-nio-8081-exec-3] INFO  com.dp1.backend.services.DatosEnMemoriaService - Leyendo archivo: data\envios\pack_enviado_OSDI_.txt
2025-12-07 21:23:37.099 [http-nio-8081-exec-3] INFO  com.dp1.backend.services.DatosEnMemoriaService - Leyendo archivo: data\envios\pack_enviado_OYSN_.txt
2025-12-07 21:23:37.457 [http-nio-8081-exec-3] INFO  com.dp1.backend.services.DatosEnMemoriaService - Leyendo archivo: data\envios\pack_enviado_SABE_.txt
2025-12-07 21:23:37.695 [http-nio-8081-exec-3] INFO  com.dp1.backend.services.DatosEnMemoriaService - Leyendo archivo: data\envios\pack_enviado_SBBR_.txt
2025-12-07 21:23:38.012 [http-nio-8081-exec-3] INFO  com.dp1.backend.services.DatosEnMemoriaService - Leyendo archivo: data\envios\pack_enviado_SCEL_.txt
2025-12-07 21:23:38.378 [http-nio-8081-exec-3] INFO  com.dp1.backend.services.DatosEnMemoriaService - Leyendo archivo: data\envios\pack_enviado_SEQM_.txt
2025-12-07 21:23:38.793 [http-nio-8081-exec-3] INFO  com.dp1.backend.services.DatosEnMemoriaService - Leyendo archivo: data\envios\pack_enviado_SGAS_.txt
2025-12-07 21:23:39.138 [http-nio-8081-exec-3] INFO  com.dp1.backend.services.DatosEnMemoriaService - Leyendo archivo: data\envios\pack_enviado_SKBO_.txt
2025-12-07 21:23:39.438 [http-nio-8081-exec-3] INFO  com.dp1.backend.services.DatosEnMemoriaService - Leyendo archivo: data\envios\pack_enviado_SLLP_.txt
2025-12-07 21:23:39.734 [http-nio-8081-exec-3] INFO  com.dp1.backend.services.DatosEnMemoriaService - Leyendo archivo: data\envios\pack_enviado_SUAA_.txt
2025-12-07 21:23:40.183 [http-nio-8081-exec-3] INFO  com.dp1.backend.services.DatosEnMemoriaService - Leyendo archivo: data\envios\pack_enviado_SVMI_.txt
2025-12-07 21:23:40.663 [http-nio-8081-exec-3] INFO  com.dp1.backend.services.DatosEnMemoriaService - Leyendo archivo: data\envios\pack_enviado_UMMS_.txt
2025-12-07 21:23:40.997 [http-nio-8081-exec-3] INFO  com.dp1.backend.services.DatosEnMemoriaService - Leyendo archivo: data\envios\pack_enviado_VIDP_.txt
2025-12-07 21:23:41.255 [http-nio-8081-exec-3] INFO  com.dp1.backend.services.DatosEnMemoriaService - Envios cargados: 50082
2025-12-07 21:23:41.308 [http-nio-8081-exec-3] INFO  com.dp1.backend.services.ACOService - Ejecutando ACO para: 
2025-12-07 21:23:41.309 [http-nio-8081-exec-3] INFO  com.dp1.backend.services.ACOService - Aeropuertos: 30
2025-12-07 21:23:41.310 [http-nio-8081-exec-3] INFO  com.dp1.backend.services.ACOService - Vuelos: 2866
2025-12-07 21:23:41.311 [http-nio-8081-exec-3] INFO  com.dp1.backend.services.ACOService - Envios: 4820
2025-12-07 21:23:41.312 [http-nio-8081-exec-3] INFO  com.dp1.backend.services.ACOService - Paquetes: 8950
2025-12-07 21:24:49.726 [http-nio-8081-exec-3] INFO  com.dp1.backend.services.ACOService - Tiempo de ejecución: 68411 ms
2025-12-07 21:24:50.777 [http-nio-8081-exec-3] INFO  com.dp1.backend.services.ACOService - Paquetes entregados con función André: 8810
2025-12-07 21:24:51.854 [http-nio-8081-exec-3] INFO  com.dp1.backend.handlers.SocketConnectionHandler - Enviando # de vuelos en el aire: inicio1256
2025-12-07 21:25:00.144 [http-nio-8081-exec-4] INFO  com.dp1.backend.handlers.SocketConnectionHandler - Enviando # de vuelos en el aire: 30
2025-12-07 21:25:06.161 [http-nio-8081-exec-8] INFO  com.dp1.backend.handlers.SocketConnectionHandler - Enviando # de vuelos en el aire: 141
2025-12-07 21:25:07.175 [http-nio-8081-exec-9] INFO  com.dp1.backend.handlers.SocketConnectionHandler - Enviando # de vuelos en el aire: 120
2025-12-07 21:25:08.187 [http-nio-8081-exec-10] INFO  com.dp1.backend.handlers.SocketConnectionHandler - Enviando # de vuelos en el aire: 117
2025-12-07 21:25:08.190 [http-nio-8081-exec-10] INFO  com.dp1.backend.services.ACOService - Desde - hasta: 2025-12-08T22:03:18-05:00[America/Lima] - 2025-12-09T01:03:18-05:00[America/Lima]
2025-12-07 21:25:08.213 [http-nio-8081-exec-10] INFO  com.dp1.backend.services.ACOService - Ejecutando ACO para: 
2025-12-07 21:25:08.214 [http-nio-8081-exec-10] INFO  com.dp1.backend.services.ACOService - Aeropuertos: 30
2025-12-07 21:25:08.215 [http-nio-8081-exec-10] INFO  com.dp1.backend.services.ACOService - Vuelos: 2866
2025-12-07 21:25:08.215 [http-nio-8081-exec-10] INFO  com.dp1.backend.services.ACOService - Envios: 632
2025-12-07 21:25:08.216 [http-nio-8081-exec-10] INFO  com.dp1.backend.services.ACOService - Paquetes: 1208
2025-12-07 21:25:15.556 [http-nio-8081-exec-10] INFO  com.dp1.backend.services.ACOService - Tiempo de ejecución: 7340 ms
2025-12-07 21:25:15.590 [http-nio-8081-exec-10] INFO  com.dp1.backend.services.ACOService - Paquetes entregados con función André: 1201
2025-12-07 21:25:15.698 [http-nio-8081-exec-10] INFO  com.dp1.backend.handlers.SocketConnectionHandler - Enviando resultado del algoritmo 'para los vuelos en el aire'
2025-12-07 21:25:15.708 [http-nio-8081-exec-10] INFO  com.dp1.backend.handlers.SocketConnectionHandler - Enviando # de vuelos en el aire: 118
2025-12-07 21:25:15.717 [http-nio-8081-exec-10] INFO  com.dp1.backend.handlers.SocketConnectionHandler - Enviando # de vuelos en el aire: 119
2025-12-07 21:25:15.728 [http-nio-8081-exec-10] INFO  com.dp1.backend.handlers.SocketConnectionHandler - Enviando # de vuelos en el aire: 110
2025-12-07 21:25:15.737 [http-nio-8081-exec-10] INFO  com.dp1.backend.handlers.SocketConnectionHandler - Enviando # de vuelos en el aire: 127
2025-12-07 21:25:15.738 [http-nio-8081-exec-10] INFO  com.dp1.backend.services.ACOService - Desde - hasta: 2025-12-09T02:03:18-05:00[America/Lima] - 2025-12-09T05:03:18-05:00[America/Lima]
2025-12-07 21:25:15.762 [http-nio-8081-exec-10] INFO  com.dp1.backend.services.ACOService - Ejecutando ACO para: 
2025-12-07 21:25:15.763 [http-nio-8081-exec-10] INFO  com.dp1.backend.services.ACOService - Aeropuertos: 30
2025-12-07 21:25:15.763 [http-nio-8081-exec-10] INFO  com.dp1.backend.services.ACOService - Vuelos: 2866
2025-12-07 21:25:15.764 [http-nio-8081-exec-10] INFO  com.dp1.backend.services.ACOService - Envios: 766
2025-12-07 21:25:15.764 [http-nio-8081-exec-10] INFO  com.dp1.backend.services.ACOService - Paquetes: 1317
2025-12-07 21:25:21.578 [http-nio-8081-exec-10] INFO  com.dp1.backend.services.ACOService - Tiempo de ejecución: 5813 ms
2025-12-07 21:25:21.618 [http-nio-8081-exec-10] INFO  com.dp1.backend.services.ACOService - Paquetes entregados con función André: 1305
2025-12-07 21:25:21.694 [http-nio-8081-exec-10] INFO  com.dp1.backend.handlers.SocketConnectionHandler - Enviando resultado del algoritmo 'para los vuelos en el aire'
2025-12-07 21:25:21.705 [http-nio-8081-exec-10] INFO  com.dp1.backend.handlers.SocketConnectionHandler - Enviando # de vuelos en el aire: 141
2025-12-07 21:25:21.715 [http-nio-8081-exec-10] INFO  com.dp1.backend.handlers.SocketConnectionHandler - Enviando # de vuelos en el aire: 122
2025-12-07 21:25:21.725 [http-nio-8081-exec-10] INFO  com.dp1.backend.handlers.SocketConnectionHandler - Enviando # de vuelos en el aire: 115
2025-12-07 21:25:21.737 [http-nio-8081-exec-10] INFO  com.dp1.backend.handlers.SocketConnectionHandler - Enviando # de vuelos en el aire: 130
2025-12-07 21:25:21.737 [http-nio-8081-exec-10] INFO  com.dp1.backend.services.ACOService - Desde - hasta: 2025-12-09T06:03:18-05:00[America/Lima] - 2025-12-09T09:03:18-05:00[America/Lima]
2025-12-07 21:25:21.765 [http-nio-8081-exec-10] INFO  com.dp1.backend.services.ACOService - Ejecutando ACO para: 
2025-12-07 21:25:21.766 [http-nio-8081-exec-10] INFO  com.dp1.backend.services.ACOService - Aeropuertos: 30
2025-12-07 21:25:21.767 [http-nio-8081-exec-10] INFO  com.dp1.backend.services.ACOService - Vuelos: 2866
2025-12-07 21:25:21.767 [http-nio-8081-exec-10] INFO  com.dp1.backend.services.ACOService - Envios: 775
2025-12-07 21:25:21.767 [http-nio-8081-exec-10] INFO  com.dp1.backend.services.ACOService - Paquetes: 1267
2025-12-07 21:25:27.801 [http-nio-8081-exec-10] INFO  com.dp1.backend.services.ACOService - Tiempo de ejecución: 6033 ms
2025-12-07 21:25:27.846 [http-nio-8081-exec-10] INFO  com.dp1.backend.services.ACOService - Paquetes entregados con función André: 1261
2025-12-07 21:25:27.934 [http-nio-8081-exec-10] INFO  com.dp1.backend.handlers.SocketConnectionHandler - Enviando resultado del algoritmo 'para los vuelos en el aire'
2025-12-07 21:25:27.953 [http-nio-8081-exec-10] INFO  com.dp1.backend.handlers.SocketConnectionHandler - Enviando # de vuelos en el aire: 109
2025-12-07 21:25:27.963 [http-nio-8081-exec-10] INFO  com.dp1.backend.handlers.SocketConnectionHandler - Enviando # de vuelos en el aire: 113
2025-12-07 21:25:27.976 [http-nio-8081-exec-10] INFO  com.dp1.backend.handlers.SocketConnectionHandler - Enviando # de vuelos en el aire: 126
2025-12-07 21:25:27.990 [http-nio-8081-exec-10] INFO  com.dp1.backend.handlers.SocketConnectionHandler - Enviando # de vuelos en el aire: 125
2025-12-07 21:25:27.991 [http-nio-8081-exec-10] INFO  com.dp1.backend.services.ACOService - Desde - hasta: 2025-12-09T10:03:18-05:00[America/Lima] - 2025-12-09T13:03:18-05:00[America/Lima]
2025-12-07 21:25:28.015 [http-nio-8081-exec-10] INFO  com.dp1.backend.services.ACOService - Ejecutando ACO para: 
2025-12-07 21:25:28.016 [http-nio-8081-exec-10] INFO  com.dp1.backend.services.ACOService - Aeropuertos: 30
2025-12-07 21:25:28.017 [http-nio-8081-exec-10] INFO  com.dp1.backend.services.ACOService - Vuelos: 2866
2025-12-07 21:25:28.017 [http-nio-8081-exec-10] INFO  com.dp1.backend.services.ACOService - Envios: 697
2025-12-07 21:25:28.018 [http-nio-8081-exec-10] INFO  com.dp1.backend.services.ACOService - Paquetes: 1136
2025-12-07 21:25:33.025 [http-nio-8081-exec-10] INFO  com.dp1.backend.services.ACOService - Tiempo de ejecución: 5005 ms
2025-12-07 21:25:33.059 [http-nio-8081-exec-10] INFO  com.dp1.backend.services.ACOService - Paquetes entregados con función André: 1128
2025-12-07 21:25:33.130 [http-nio-8081-exec-10] INFO  com.dp1.backend.handlers.SocketConnectionHandler - Enviando resultado del algoritmo 'para los vuelos en el aire'
2025-12-07 21:25:33.139 [http-nio-8081-exec-10] INFO  com.dp1.backend.handlers.SocketConnectionHandler - Enviando # de vuelos en el aire: 108
2025-12-07 21:25:33.149 [http-nio-8081-exec-10] INFO  com.dp1.backend.handlers.SocketConnectionHandler - Enviando # de vuelos en el aire: 116
2025-12-07 21:25:33.159 [http-nio-8081-exec-10] INFO  com.dp1.backend.handlers.SocketConnectionHandler - Enviando # de vuelos en el aire: 126
2025-12-07 21:25:33.168 [http-nio-8081-exec-10] INFO  com.dp1.backend.handlers.SocketConnectionHandler - Enviando # de vuelos en el aire: 130
2025-12-07 21:25:33.169 [http-nio-8081-exec-10] INFO  com.dp1.backend.services.ACOService - Desde - hasta: 2025-12-09T14:03:18-05:00[America/Lima] - 2025-12-09T17:03:18-05:00[America/Lima]
2025-12-07 21:25:33.191 [http-nio-8081-exec-10] INFO  com.dp1.backend.services.ACOService - Ejecutando ACO para: 
2025-12-07 21:25:33.192 [http-nio-8081-exec-10] INFO  com.dp1.backend.services.ACOService - Aeropuertos: 30
2025-12-07 21:25:33.192 [http-nio-8081-exec-10] INFO  com.dp1.backend.services.ACOService - Vuelos: 2866
2025-12-07 21:25:33.193 [http-nio-8081-exec-10] INFO  com.dp1.backend.services.ACOService - Envios: 302
2025-12-07 21:25:33.193 [http-nio-8081-exec-10] INFO  com.dp1.backend.services.ACOService - Paquetes: 472
2025-12-07 21:25:35.194 [http-nio-8081-exec-10] INFO  com.dp1.backend.services.ACOService - Tiempo de ejecución: 2000 ms
2025-12-07 21:25:35.210 [http-nio-8081-exec-10] INFO  com.dp1.backend.services.ACOService - Paquetes entregados con función André: 470
2025-12-07 21:25:35.240 [http-nio-8081-exec-10] INFO  com.dp1.backend.handlers.SocketConnectionHandler - Enviando resultado del algoritmo 'para los vuelos en el aire'
2025-12-07 21:25:35.253 [http-nio-8081-exec-10] INFO  com.dp1.backend.handlers.SocketConnectionHandler - Enviando # de vuelos en el aire: 132
2025-12-07 21:25:35.262 [http-nio-8081-exec-10] INFO  com.dp1.backend.handlers.SocketConnectionHandler - Enviando # de vuelos en el aire: 114
2025-12-07 21:25:35.270 [http-nio-8081-exec-10] INFO  com.dp1.backend.handlers.SocketConnectionHandler - Enviando # de vuelos en el aire: 112
2025-12-07 21:25:35.279 [http-nio-8081-exec-10] INFO  com.dp1.backend.handlers.SocketConnectionHandler - Enviando # de vuelos en el aire: 126
2025-12-07 21:25:35.283 [http-nio-8081-exec-10] INFO  com.dp1.backend.services.ACOService - Desde - hasta: 2025-12-09T18:03:18-05:00[America/Lima] - 2025-12-09T21:03:18-05:00[America/Lima]
2025-12-07 21:25:35.311 [http-nio-8081-exec-10] INFO  com.dp1.backend.services.ACOService - Ejecutando ACO para: 
2025-12-07 21:25:35.312 [http-nio-8081-exec-10] INFO  com.dp1.backend.services.ACOService - Aeropuertos: 30
2025-12-07 21:25:35.313 [http-nio-8081-exec-10] INFO  com.dp1.backend.services.ACOService - Vuelos: 2866
2025-12-07 21:25:35.313 [http-nio-8081-exec-10] INFO  com.dp1.backend.services.ACOService - Envios: 584
2025-12-07 21:25:35.314 [http-nio-8081-exec-10] INFO  com.dp1.backend.services.ACOService - Paquetes: 1245
2025-12-07 21:25:42.432 [http-nio-8081-exec-10] INFO  com.dp1.backend.services.ACOService - Tiempo de ejecución: 7118 ms
2025-12-07 21:25:42.462 [http-nio-8081-exec-10] INFO  com.dp1.backend.services.ACOService - Paquetes entregados con función André: 1240
2025-12-07 21:25:42.526 [http-nio-8081-exec-10] INFO  com.dp1.backend.handlers.SocketConnectionHandler - Enviando resultado del algoritmo 'para los vuelos en el aire'
2025-12-07 21:25:42.536 [http-nio-8081-exec-10] INFO  com.dp1.backend.handlers.SocketConnectionHandler - Enviando # de vuelos en el aire: 105
2025-12-07 21:25:42.545 [http-nio-8081-exec-10] INFO  com.dp1.backend.handlers.SocketConnectionHandler - Enviando # de vuelos en el aire: 97
2025-12-07 21:25:42.553 [http-nio-8081-exec-10] INFO  com.dp1.backend.handlers.SocketConnectionHandler - Enviando # de vuelos en el aire: 120
2025-12-07 21:25:42.563 [http-nio-8081-exec-10] INFO  com.dp1.backend.handlers.SocketConnectionHandler - Enviando # de vuelos en el aire: 117
2025-12-07 21:25:42.564 [http-nio-8081-exec-10] INFO  com.dp1.backend.services.ACOService - Desde - hasta: 2025-12-09T22:03:18-05:00[America/Lima] - 2025-12-10T01:03:18-05:00[America/Lima]
2025-12-07 21:25:42.586 [http-nio-8081-exec-10] INFO  com.dp1.backend.services.ACOService - Ejecutando ACO para: 
2025-12-07 21:25:42.586 [http-nio-8081-exec-10] INFO  com.dp1.backend.services.ACOService - Aeropuertos: 30
2025-12-07 21:25:42.587 [http-nio-8081-exec-10] INFO  com.dp1.backend.services.ACOService - Vuelos: 2866
2025-12-07 21:25:42.587 [http-nio-8081-exec-10] INFO  com.dp1.backend.services.ACOService - Envios: 517
2025-12-07 21:25:42.588 [http-nio-8081-exec-10] INFO  com.dp1.backend.services.ACOService - Paquetes: 1130
2025-12-07 21:25:50.830 [http-nio-8081-exec-10] INFO  com.dp1.backend.services.ACOService - Tiempo de ejecución: 8242 ms
2025-12-07 21:25:50.865 [http-nio-8081-exec-10] INFO  com.dp1.backend.services.ACOService - Paquetes entregados con función André: 1121
2025-12-07 21:25:50.934 [http-nio-8081-exec-10] INFO  com.dp1.backend.handlers.SocketConnectionHandler - Enviando resultado del algoritmo 'para los vuelos en el aire'
2025-12-07 21:25:50.943 [http-nio-8081-exec-10] INFO  com.dp1.backend.handlers.SocketConnectionHandler - Enviando # de vuelos en el aire: 118
2025-12-07 21:25:50.951 [http-nio-8081-exec-10] INFO  com.dp1.backend.handlers.SocketConnectionHandler - Enviando # de vuelos en el aire: 119
2025-12-07 21:25:50.959 [http-nio-8081-exec-10] INFO  com.dp1.backend.handlers.SocketConnectionHandler - Enviando # de vuelos en el aire: 110
2025-12-07 21:25:50.968 [http-nio-8081-exec-10] INFO  com.dp1.backend.handlers.SocketConnectionHandler - Enviando # de vuelos en el aire: 127
2025-12-07 21:25:50.970 [http-nio-8081-exec-10] INFO  com.dp1.backend.services.ACOService - Desde - hasta: 2025-12-10T02:03:18-05:00[America/Lima] - 2025-12-10T05:03:18-05:00[America/Lima]
2025-12-07 21:25:50.993 [http-nio-8081-exec-10] INFO  com.dp1.backend.services.ACOService - Ejecutando ACO para: 
2025-12-07 21:25:50.994 [http-nio-8081-exec-10] INFO  com.dp1.backend.services.ACOService - Aeropuertos: 30
2025-12-07 21:25:50.995 [http-nio-8081-exec-10] INFO  com.dp1.backend.services.ACOService - Vuelos: 2866
2025-12-07 21:25:50.995 [http-nio-8081-exec-10] INFO  com.dp1.backend.services.ACOService - Envios: 667
2025-12-07 21:25:50.996 [http-nio-8081-exec-10] INFO  com.dp1.backend.services.ACOService - Paquetes: 1378
2025-12-07 21:26:00.389 [http-nio-8081-exec-10] INFO  com.dp1.backend.services.ACOService - Tiempo de ejecución: 9393 ms
2025-12-07 21:26:00.445 [http-nio-8081-exec-10] INFO  com.dp1.backend.services.ACOService - Paquetes entregados con función André: 1365
2025-12-07 21:26:00.588 [http-nio-8081-exec-10] INFO  com.dp1.backend.handlers.SocketConnectionHandler - Enviando resultado del algoritmo 'para los vuelos en el aire'
2025-12-07 21:26:00.618 [http-nio-8081-exec-10] INFO  com.dp1.backend.handlers.SocketConnectionHandler - Enviando # de vuelos en el aire: 141
2025-12-07 21:26:00.639 [http-nio-8081-exec-10] INFO  com.dp1.backend.handlers.SocketConnectionHandler - Enviando # de vuelos en el aire: 122
2025-12-07 21:26:00.664 [http-nio-8081-exec-10] INFO  com.dp1.backend.handlers.SocketConnectionHandler - Enviando # de vuelos en el aire: 115
2025-12-07 21:26:00.704 [http-nio-8081-exec-10] INFO  com.dp1.backend.handlers.SocketConnectionHandler - Enviando # de vuelos en el aire: 130
2025-12-07 21:26:00.718 [http-nio-8081-exec-10] INFO  com.dp1.backend.services.ACOService - Desde - hasta: 2025-12-10T06:03:18-05:00[America/Lima] - 2025-12-10T09:03:18-05:00[America/Lima]
2025-12-07 21:26:00.769 [http-nio-8081-exec-10] INFO  com.dp1.backend.services.ACOService - Ejecutando ACO para: 
2025-12-07 21:26:00.772 [http-nio-8081-exec-10] INFO  com.dp1.backend.services.ACOService - Aeropuertos: 30
2025-12-07 21:26:00.775 [http-nio-8081-exec-10] INFO  com.dp1.backend.services.ACOService - Vuelos: 2866
2025-12-07 21:26:00.776 [http-nio-8081-exec-10] INFO  com.dp1.backend.services.ACOService - Envios: 710
2025-12-07 21:26:00.777 [http-nio-8081-exec-10] INFO  com.dp1.backend.services.ACOService - Paquetes: 1363
2025-12-07 21:26:08.591 [http-nio-8081-exec-10] INFO  com.dp1.backend.services.ACOService - Tiempo de ejecución: 7812 ms
2025-12-07 21:26:08.634 [http-nio-8081-exec-10] INFO  com.dp1.backend.services.ACOService - Paquetes entregados con función André: 1349
2025-12-07 21:26:08.705 [http-nio-8081-exec-10] INFO  com.dp1.backend.handlers.SocketConnectionHandler - Enviando resultado del algoritmo 'para los vuelos en el aire'
2025-12-07 21:26:08.712 [http-nio-8081-exec-10] INFO  com.dp1.backend.handlers.SocketConnectionHandler - Enviando # de vuelos en el aire: 109
2025-12-07 21:26:08.719 [http-nio-8081-exec-10] INFO  com.dp1.backend.handlers.SocketConnectionHandler - Enviando # de vuelos en el aire: 113
2025-12-07 21:26:08.727 [http-nio-8081-exec-10] INFO  com.dp1.backend.handlers.SocketConnectionHandler - Enviando # de vuelos en el aire: 126
2025-12-07 21:26:08.733 [http-nio-8081-exec-10] INFO  com.dp1.backend.handlers.SocketConnectionHandler - Enviando # de vuelos en el aire: 125
2025-12-07 21:26:08.737 [http-nio-8081-exec-10] INFO  com.dp1.backend.services.ACOService - Desde - hasta: 2025-12-10T10:03:18-05:00[America/Lima] - 2025-12-10T13:03:18-05:00[America/Lima]
2025-12-07 21:26:08.758 [http-nio-8081-exec-10] INFO  com.dp1.backend.services.ACOService - Ejecutando ACO para: 
2025-12-07 21:26:08.759 [http-nio-8081-exec-10] INFO  com.dp1.backend.services.ACOService - Aeropuertos: 30
2025-12-07 21:26:08.760 [http-nio-8081-exec-10] INFO  com.dp1.backend.services.ACOService - Vuelos: 2866
2025-12-07 21:26:08.760 [http-nio-8081-exec-10] INFO  com.dp1.backend.services.ACOService - Envios: 617
2025-12-07 21:26:08.761 [http-nio-8081-exec-10] INFO  com.dp1.backend.services.ACOService - Paquetes: 1074
2025-12-07 21:26:13.503 [http-nio-8081-exec-10] INFO  com.dp1.backend.services.ACOService - Tiempo de ejecución: 4742 ms
2025-12-07 21:26:13.532 [http-nio-8081-exec-10] INFO  com.dp1.backend.services.ACOService - Paquetes entregados con función André: 1069
2025-12-07 21:26:13.592 [http-nio-8081-exec-10] INFO  com.dp1.backend.handlers.SocketConnectionHandler - Enviando resultado del algoritmo 'para los vuelos en el aire'
2025-12-07 21:26:13.601 [http-nio-8081-exec-10] INFO  com.dp1.backend.handlers.SocketConnectionHandler - Enviando # de vuelos en el aire: 108
2025-12-07 21:26:13.608 [http-nio-8081-exec-10] INFO  com.dp1.backend.handlers.SocketConnectionHandler - Enviando # de vuelos en el aire: 116
2025-12-07 21:26:13.616 [http-nio-8081-exec-10] INFO  com.dp1.backend.handlers.SocketConnectionHandler - Enviando # de vuelos en el aire: 126
2025-12-07 21:26:13.624 [http-nio-8081-exec-10] INFO  com.dp1.backend.handlers.SocketConnectionHandler - Enviando # de vuelos en el aire: 130
2025-12-07 21:26:13.625 [http-nio-8081-exec-10] INFO  com.dp1.backend.services.ACOService - Desde - hasta: 2025-12-10T14:03:18-05:00[America/Lima] - 2025-12-10T17:03:18-05:00[America/Lima]
2025-12-07 21:26:13.646 [http-nio-8081-exec-10] INFO  com.dp1.backend.services.ACOService - Ejecutando ACO para: 
2025-12-07 21:26:13.646 [http-nio-8081-exec-10] INFO  com.dp1.backend.services.ACOService - Aeropuertos: 30
2025-12-07 21:26:13.647 [http-nio-8081-exec-10] INFO  com.dp1.backend.services.ACOService - Vuelos: 2866
2025-12-07 21:26:13.647 [http-nio-8081-exec-10] INFO  com.dp1.backend.services.ACOService - Envios: 280
2025-12-07 21:26:13.647 [http-nio-8081-exec-10] INFO  com.dp1.backend.services.ACOService - Paquetes: 443
2025-12-07 21:26:15.708 [http-nio-8081-exec-10] INFO  com.dp1.backend.services.ACOService - Tiempo de ejecución: 2060 ms
2025-12-07 21:26:15.718 [http-nio-8081-exec-10] INFO  com.dp1.backend.services.ACOService - Paquetes entregados con función André: 438
2025-12-07 21:26:15.744 [http-nio-8081-exec-10] INFO  com.dp1.backend.handlers.SocketConnectionHandler - Enviando resultado del algoritmo 'para los vuelos en el aire'
2025-12-07 21:26:15.754 [http-nio-8081-exec-10] INFO  com.dp1.backend.handlers.SocketConnectionHandler - Enviando # de vuelos en el aire: 132
2025-12-07 21:26:15.771 [http-nio-8081-exec-10] INFO  com.dp1.backend.handlers.SocketConnectionHandler - Enviando # de vuelos en el aire: 114
2025-12-07 21:26:15.801 [http-nio-8081-exec-10] INFO  com.dp1.backend.handlers.SocketConnectionHandler - Enviando # de vuelos en el aire: 112
2025-12-07 21:26:15.838 [http-nio-8081-exec-10] INFO  com.dp1.backend.handlers.SocketConnectionHandler - Enviando # de vuelos en el aire: 126
2025-12-07 21:26:15.840 [http-nio-8081-exec-10] INFO  com.dp1.backend.services.ACOService - Desde - hasta: 2025-12-10T18:03:18-05:00[America/Lima] - 2025-12-10T21:03:18-05:00[America/Lima]
2025-12-07 21:26:15.869 [http-nio-8081-exec-10] INFO  com.dp1.backend.services.ACOService - Ejecutando ACO para: 
2025-12-07 21:26:15.869 [http-nio-8081-exec-10] INFO  com.dp1.backend.services.ACOService - Aeropuertos: 30
2025-12-07 21:26:15.869 [http-nio-8081-exec-10] INFO  com.dp1.backend.services.ACOService - Vuelos: 2866
2025-12-07 21:26:15.870 [http-nio-8081-exec-10] INFO  com.dp1.backend.services.ACOService - Envios: 675
2025-12-07 21:26:15.870 [http-nio-8081-exec-10] INFO  com.dp1.backend.services.ACOService - Paquetes: 1209
2025-12-07 21:26:22.143 [http-nio-8081-exec-10] INFO  com.dp1.backend.services.ACOService - Tiempo de ejecución: 6272 ms
2025-12-07 21:26:22.176 [http-nio-8081-exec-10] INFO  com.dp1.backend.services.ACOService - Paquetes entregados con función André: 1204
2025-12-07 21:26:22.252 [http-nio-8081-exec-10] INFO  com.dp1.backend.handlers.SocketConnectionHandler - Enviando resultado del algoritmo 'para los vuelos en el aire'
2025-12-07 21:26:22.259 [http-nio-8081-exec-10] INFO  com.dp1.backend.handlers.SocketConnectionHandler - Enviando # de vuelos en el aire: 105
2025-12-07 21:26:22.271 [http-nio-8081-exec-10] INFO  com.dp1.backend.handlers.SocketConnectionHandler - Enviando # de vuelos en el aire: 97
2025-12-07 21:26:22.281 [http-nio-8081-exec-10] INFO  com.dp1.backend.handlers.SocketConnectionHandler - Enviando # de vuelos en el aire: 120
2025-12-07 21:26:22.290 [http-nio-8081-exec-10] INFO  com.dp1.backend.handlers.SocketConnectionHandler - Enviando # de vuelos en el aire: 117
2025-12-07 21:26:22.291 [http-nio-8081-exec-10] INFO  com.dp1.backend.services.ACOService - Desde - hasta: 2025-12-10T22:03:18-05:00[America/Lima] - 2025-12-11T01:03:18-05:00[America/Lima]
2025-12-07 21:26:22.316 [http-nio-8081-exec-10] INFO  com.dp1.backend.services.ACOService - Ejecutando ACO para: 
2025-12-07 21:26:22.317 [http-nio-8081-exec-10] INFO  com.dp1.backend.services.ACOService - Aeropuertos: 30
2025-12-07 21:26:22.317 [http-nio-8081-exec-10] INFO  com.dp1.backend.services.ACOService - Vuelos: 2866
2025-12-07 21:26:22.318 [http-nio-8081-exec-10] INFO  com.dp1.backend.services.ACOService - Envios: 609
2025-12-07 21:26:22.319 [http-nio-8081-exec-10] INFO  com.dp1.backend.services.ACOService - Paquetes: 1105
2025-12-07 21:26:28.203 [http-nio-8081-exec-10] INFO  com.dp1.backend.services.ACOService - Tiempo de ejecución: 5884 ms
2025-12-07 21:26:28.224 [http-nio-8081-exec-10] INFO  com.dp1.backend.services.ACOService - Paquetes entregados con función André: 1101
2025-12-07 21:26:28.281 [http-nio-8081-exec-10] INFO  com.dp1.backend.handlers.SocketConnectionHandler - Enviando resultado del algoritmo 'para los vuelos en el aire'
2025-12-07 21:26:28.288 [http-nio-8081-exec-10] INFO  com.dp1.backend.handlers.SocketConnectionHandler - Enviando # de vuelos en el aire: 118
2025-12-07 21:26:28.295 [http-nio-8081-exec-10] INFO  com.dp1.backend.handlers.SocketConnectionHandler - Enviando # de vuelos en el aire: 119
2025-12-07 21:26:28.301 [http-nio-8081-exec-10] INFO  com.dp1.backend.handlers.SocketConnectionHandler - Enviando # de vuelos en el aire: 110
2025-12-07 21:26:28.309 [http-nio-8081-exec-10] INFO  com.dp1.backend.handlers.SocketConnectionHandler - Enviando # de vuelos en el aire: 127
2025-12-07 21:26:28.310 [http-nio-8081-exec-10] INFO  com.dp1.backend.services.ACOService - Desde - hasta: 2025-12-11T02:03:18-05:00[America/Lima] - 2025-12-11T05:03:18-05:00[America/Lima]
2025-12-07 21:26:28.332 [http-nio-8081-exec-10] INFO  com.dp1.backend.services.ACOService - Ejecutando ACO para: 
2025-12-07 21:26:28.333 [http-nio-8081-exec-10] INFO  com.dp1.backend.services.ACOService - Aeropuertos: 30
2025-12-07 21:26:28.333 [http-nio-8081-exec-10] INFO  com.dp1.backend.services.ACOService - Vuelos: 2866
2025-12-07 21:26:28.334 [http-nio-8081-exec-10] INFO  com.dp1.backend.services.ACOService - Envios: 779
2025-12-07 21:26:28.334 [http-nio-8081-exec-10] INFO  com.dp1.backend.services.ACOService - Paquetes: 1336
2025-12-07 21:26:35.224 [http-nio-8081-exec-10] INFO  com.dp1.backend.services.ACOService - Tiempo de ejecución: 6890 ms
2025-12-07 21:26:35.257 [http-nio-8081-exec-10] INFO  com.dp1.backend.services.ACOService - Paquetes entregados con función André: 1329
2025-12-07 21:26:35.351 [http-nio-8081-exec-10] INFO  com.dp1.backend.handlers.SocketConnectionHandler - Enviando resultado del algoritmo 'para los vuelos en el aire'
2025-12-07 21:26:35.361 [http-nio-8081-exec-10] INFO  com.dp1.backend.handlers.SocketConnectionHandler - Enviando # de vuelos en el aire: 141
2025-12-07 21:26:35.376 [http-nio-8081-exec-10] INFO  com.dp1.backend.handlers.SocketConnectionHandler - Enviando # de vuelos en el aire: 122
2025-12-07 21:26:35.382 [http-nio-8081-exec-10] INFO  com.dp1.backend.handlers.SocketConnectionHandler - Enviando # de vuelos en el aire: 115
2025-12-07 21:26:35.399 [http-nio-8081-exec-10] INFO  com.dp1.backend.handlers.SocketConnectionHandler - Enviando # de vuelos en el aire: 130
2025-12-07 21:26:35.401 [http-nio-8081-exec-10] INFO  com.dp1.backend.services.ACOService - Desde - hasta: 2025-12-11T06:03:18-05:00[America/Lima] - 2025-12-11T09:03:18-05:00[America/Lima]
2025-12-07 21:26:35.437 [http-nio-8081-exec-10] INFO  com.dp1.backend.services.ACOService - Ejecutando ACO para: 
2025-12-07 21:26:35.441 [http-nio-8081-exec-10] INFO  com.dp1.backend.services.ACOService - Aeropuertos: 30
2025-12-07 21:26:35.443 [http-nio-8081-exec-10] INFO  com.dp1.backend.services.ACOService - Vuelos: 2866
2025-12-07 21:26:35.445 [http-nio-8081-exec-10] INFO  com.dp1.backend.services.ACOService - Envios: 798
2025-12-07 21:26:35.445 [http-nio-8081-exec-10] INFO  com.dp1.backend.services.ACOService - Paquetes: 1313
2025-12-07 21:26:41.325 [http-nio-8081-exec-10] INFO  com.dp1.backend.services.ACOService - Tiempo de ejecución: 5879 ms
2025-12-07 21:26:41.358 [http-nio-8081-exec-10] INFO  com.dp1.backend.services.ACOService - Paquetes entregados con función André: 1304
2025-12-07 21:26:41.445 [http-nio-8081-exec-10] INFO  com.dp1.backend.handlers.SocketConnectionHandler - Enviando resultado del algoritmo 'para los vuelos en el aire'
2025-12-07 21:26:41.456 [http-nio-8081-exec-10] INFO  com.dp1.backend.handlers.SocketConnectionHandler - Enviando # de vuelos en el aire: 109
2025-12-07 21:26:41.464 [http-nio-8081-exec-10] INFO  com.dp1.backend.handlers.SocketConnectionHandler - Enviando # de vuelos en el aire: 113
2025-12-07 21:26:41.471 [http-nio-8081-exec-10] INFO  com.dp1.backend.handlers.SocketConnectionHandler - Enviando # de vuelos en el aire: 126
2025-12-07 21:26:41.480 [http-nio-8081-exec-10] INFO  com.dp1.backend.handlers.SocketConnectionHandler - Enviando # de vuelos en el aire: 125
2025-12-07 21:26:41.481 [http-nio-8081-exec-10] INFO  com.dp1.backend.services.ACOService - Desde - hasta: 2025-12-11T10:03:18-05:00[America/Lima] - 2025-12-11T13:03:18-05:00[America/Lima]
2025-12-07 21:26:41.513 [http-nio-8081-exec-10] INFO  com.dp1.backend.services.ACOService - Ejecutando ACO para: 
2025-12-07 21:26:41.514 [http-nio-8081-exec-10] INFO  com.dp1.backend.services.ACOService - Aeropuertos: 30
2025-12-07 21:26:41.514 [http-nio-8081-exec-10] INFO  com.dp1.backend.services.ACOService - Vuelos: 2866
2025-12-07 21:26:41.514 [http-nio-8081-exec-10] INFO  com.dp1.backend.services.ACOService - Envios: 765
2025-12-07 21:26:41.515 [http-nio-8081-exec-10] INFO  com.dp1.backend.services.ACOService - Paquetes: 1149
2025-12-07 21:26:46.705 [http-nio-8081-exec-10] INFO  com.dp1.backend.services.ACOService - Tiempo de ejecución: 5190 ms
2025-12-07 21:26:46.738 [http-nio-8081-exec-10] INFO  com.dp1.backend.services.ACOService - Paquetes entregados con función André: 1136
2025-12-07 21:26:46.813 [http-nio-8081-exec-10] INFO  com.dp1.backend.handlers.SocketConnectionHandler - Enviando resultado del algoritmo 'para los vuelos en el aire'
2025-12-07 21:26:46.821 [http-nio-8081-exec-10] INFO  com.dp1.backend.handlers.SocketConnectionHandler - Enviando # de vuelos en el aire: 108
2025-12-07 21:26:46.833 [http-nio-8081-exec-10] INFO  com.dp1.backend.handlers.SocketConnectionHandler - Enviando # de vuelos en el aire: 116
2025-12-07 21:26:46.840 [http-nio-8081-exec-10] INFO  com.dp1.backend.handlers.SocketConnectionHandler - Enviando # de vuelos en el aire: 126
2025-12-07 21:26:46.848 [http-nio-8081-exec-10] INFO  com.dp1.backend.handlers.SocketConnectionHandler - Enviando # de vuelos en el aire: 130
2025-12-07 21:26:46.849 [http-nio-8081-exec-10] INFO  com.dp1.backend.services.ACOService - Desde - hasta: 2025-12-11T14:03:18-05:00[America/Lima] - 2025-12-11T17:03:18-05:00[America/Lima]
2025-12-07 21:26:46.872 [http-nio-8081-exec-10] INFO  com.dp1.backend.services.ACOService - Ejecutando ACO para: 
2025-12-07 21:26:46.873 [http-nio-8081-exec-10] INFO  com.dp1.backend.services.ACOService - Aeropuertos: 30
2025-12-07 21:26:46.873 [http-nio-8081-exec-10] INFO  com.dp1.backend.services.ACOService - Vuelos: 2866
2025-12-07 21:26:46.873 [http-nio-8081-exec-10] INFO  com.dp1.backend.services.ACOService - Envios: 379
2025-12-07 21:26:46.874 [http-nio-8081-exec-10] INFO  com.dp1.backend.services.ACOService - Paquetes: 507
2025-12-07 21:26:49.081 [http-nio-8081-exec-10] INFO  com.dp1.backend.services.ACOService - Tiempo de ejecución: 2207 ms
2025-12-07 21:26:49.092 [http-nio-8081-exec-10] INFO  com.dp1.backend.services.ACOService - Paquetes entregados con función André: 505
2025-12-07 21:26:49.125 [http-nio-8081-exec-10] INFO  com.dp1.backend.handlers.SocketConnectionHandler - Enviando resultado del algoritmo 'para los vuelos en el aire'
2025-12-07 21:26:49.132 [http-nio-8081-exec-10] INFO  com.dp1.backend.handlers.SocketConnectionHandler - Enviando # de vuelos en el aire: 132
2025-12-07 21:26:49.140 [http-nio-8081-exec-10] INFO  com.dp1.backend.handlers.SocketConnectionHandler - Enviando # de vuelos en el aire: 114
2025-12-07 21:26:49.147 [http-nio-8081-exec-10] INFO  com.dp1.backend.handlers.SocketConnectionHandler - Enviando # de vuelos en el aire: 112
2025-12-07 21:26:49.155 [http-nio-8081-exec-10] INFO  com.dp1.backend.handlers.SocketConnectionHandler - Enviando # de vuelos en el aire: 126
2025-12-07 21:26:49.156 [http-nio-8081-exec-10] INFO  com.dp1.backend.services.ACOService - Desde - hasta: 2025-12-11T18:03:18-05:00[America/Lima] - 2025-12-11T21:03:18-05:00[America/Lima]
2025-12-07 21:26:49.176 [http-nio-8081-exec-10] INFO  com.dp1.backend.services.ACOService - Ejecutando ACO para: 
2025-12-07 21:26:49.177 [http-nio-8081-exec-10] INFO  com.dp1.backend.services.ACOService - Aeropuertos: 30
2025-12-07 21:26:49.177 [http-nio-8081-exec-10] INFO  com.dp1.backend.services.ACOService - Vuelos: 2866
2025-12-07 21:26:49.177 [http-nio-8081-exec-10] INFO  com.dp1.backend.services.ACOService - Envios: 767
2025-12-07 21:26:49.177 [http-nio-8081-exec-10] INFO  com.dp1.backend.services.ACOService - Paquetes: 1394
2025-12-07 21:26:56.585 [http-nio-8081-exec-10] INFO  com.dp1.backend.services.ACOService - Tiempo de ejecución: 7408 ms
2025-12-07 21:26:56.625 [http-nio-8081-exec-10] INFO  com.dp1.backend.services.ACOService - Paquetes entregados con función André: 1386
2025-12-07 21:26:56.715 [http-nio-8081-exec-10] INFO  com.dp1.backend.handlers.SocketConnectionHandler - Enviando resultado del algoritmo 'para los vuelos en el aire'
2025-12-07 21:26:56.724 [http-nio-8081-exec-10] INFO  com.dp1.backend.handlers.SocketConnectionHandler - Enviando # de vuelos en el aire: 105
2025-12-07 21:26:56.736 [http-nio-8081-exec-10] INFO  com.dp1.backend.handlers.SocketConnectionHandler - Enviando # de vuelos en el aire: 97
2025-12-07 21:26:56.743 [http-nio-8081-exec-10] INFO  com.dp1.backend.handlers.SocketConnectionHandler - Enviando # de vuelos en el aire: 120
2025-12-07 21:26:56.752 [http-nio-8081-exec-10] INFO  com.dp1.backend.handlers.SocketConnectionHandler - Enviando # de vuelos en el aire: 117
2025-12-07 21:26:56.753 [http-nio-8081-exec-10] INFO  com.dp1.backend.services.ACOService - Desde - hasta: 2025-12-11T22:03:18-05:00[America/Lima] - 2025-12-12T01:03:18-05:00[America/Lima]
2025-12-07 21:26:56.777 [http-nio-8081-exec-10] INFO  com.dp1.backend.services.ACOService - Ejecutando ACO para: 
2025-12-07 21:26:56.777 [http-nio-8081-exec-10] INFO  com.dp1.backend.services.ACOService - Aeropuertos: 30
2025-12-07 21:26:56.778 [http-nio-8081-exec-10] INFO  com.dp1.backend.services.ACOService - Vuelos: 2866
2025-12-07 21:26:56.779 [http-nio-8081-exec-10] INFO  com.dp1.backend.services.ACOService - Envios: 700
2025-12-07 21:26:56.780 [http-nio-8081-exec-10] INFO  com.dp1.backend.services.ACOService - Paquetes: 1184
2025-12-07 21:27:06.093 [http-nio-8081-exec-10] INFO  com.dp1.backend.services.ACOService - Tiempo de ejecución: 9312 ms
2025-12-07 21:27:06.125 [http-nio-8081-exec-10] INFO  com.dp1.backend.services.ACOService - Paquetes entregados con función André: 1176
2025-12-07 21:27:06.210 [http-nio-8081-exec-10] INFO  com.dp1.backend.handlers.SocketConnectionHandler - Enviando resultado del algoritmo 'para los vuelos en el aire'
2025-12-07 21:27:06.220 [http-nio-8081-exec-10] INFO  com.dp1.backend.handlers.SocketConnectionHandler - Enviando # de vuelos en el aire: 118
2025-12-07 21:27:06.228 [http-nio-8081-exec-10] INFO  com.dp1.backend.handlers.SocketConnectionHandler - Enviando # de vuelos en el aire: 119
2025-12-07 21:27:06.238 [http-nio-8081-exec-10] INFO  com.dp1.backend.handlers.SocketConnectionHandler - Enviando # de vuelos en el aire: 110
2025-12-07 21:27:06.248 [http-nio-8081-exec-10] INFO  com.dp1.backend.handlers.SocketConnectionHandler - Enviando # de vuelos en el aire: 127
2025-12-07 21:27:06.248 [http-nio-8081-exec-10] INFO  com.dp1.backend.services.ACOService - Desde - hasta: 2025-12-12T02:03:18-05:00[America/Lima] - 2025-12-12T05:03:18-05:00[America/Lima]
2025-12-07 21:27:06.279 [http-nio-8081-exec-10] INFO  com.dp1.backend.services.ACOService - Ejecutando ACO para: 
2025-12-07 21:27:06.279 [http-nio-8081-exec-10] INFO  com.dp1.backend.services.ACOService - Aeropuertos: 30
2025-12-07 21:27:06.280 [http-nio-8081-exec-10] INFO  com.dp1.backend.services.ACOService - Vuelos: 2866
2025-12-07 21:27:06.281 [http-nio-8081-exec-10] INFO  com.dp1.backend.services.ACOService - Envios: 867
2025-12-07 21:27:06.281 [http-nio-8081-exec-10] INFO  com.dp1.backend.services.ACOService - Paquetes: 1361
2025-12-07 21:27:13.241 [http-nio-8081-exec-10] INFO  com.dp1.backend.services.ACOService - Tiempo de ejecución: 6959 ms
2025-12-07 21:27:13.275 [http-nio-8081-exec-10] INFO  com.dp1.backend.services.ACOService - Paquetes entregados con función André: 1350
2025-12-07 21:27:13.358 [http-nio-8081-exec-10] INFO  com.dp1.backend.handlers.SocketConnectionHandler - Enviando resultado del algoritmo 'para los vuelos en el aire'
2025-12-07 21:27:13.368 [http-nio-8081-exec-10] INFO  com.dp1.backend.handlers.SocketConnectionHandler - Enviando # de vuelos en el aire: 141
2025-12-07 21:27:13.376 [http-nio-8081-exec-10] INFO  com.dp1.backend.handlers.SocketConnectionHandler - Enviando # de vuelos en el aire: 122
2025-12-07 21:27:13.385 [http-nio-8081-exec-10] INFO  com.dp1.backend.handlers.SocketConnectionHandler - Enviando # de vuelos en el aire: 115
2025-12-07 21:27:13.392 [http-nio-8081-exec-10] INFO  com.dp1.backend.handlers.SocketConnectionHandler - Enviando # de vuelos en el aire: 130
2025-12-07 21:27:13.393 [http-nio-8081-exec-10] INFO  com.dp1.backend.services.ACOService - Desde - hasta: 2025-12-12T06:03:18-05:00[America/Lima] - 2025-12-12T09:03:18-05:00[America/Lima]
2025-12-07 21:27:13.416 [http-nio-8081-exec-10] INFO  com.dp1.backend.services.ACOService - Ejecutando ACO para: 
2025-12-07 21:27:13.416 [http-nio-8081-exec-10] INFO  com.dp1.backend.services.ACOService - Aeropuertos: 30
2025-12-07 21:27:13.416 [http-nio-8081-exec-10] INFO  com.dp1.backend.services.ACOService - Vuelos: 2866
2025-12-07 21:27:13.416 [http-nio-8081-exec-10] INFO  com.dp1.backend.services.ACOService - Envios: 821
2025-12-07 21:27:13.416 [http-nio-8081-exec-10] INFO  com.dp1.backend.services.ACOService - Paquetes: 1167
2025-12-07 21:27:18.891 [http-nio-8081-exec-10] INFO  com.dp1.backend.services.ACOService - Tiempo de ejecución: 5474 ms
2025-12-07 21:27:18.934 [http-nio-8081-exec-10] INFO  com.dp1.backend.services.ACOService - Paquetes entregados con función André: 1163
2025-12-07 21:27:19.043 [http-nio-8081-exec-10] INFO  com.dp1.backend.handlers.SocketConnectionHandler - Enviando resultado del algoritmo 'para los vuelos en el aire'
2025-12-07 21:27:19.054 [http-nio-8081-exec-10] INFO  com.dp1.backend.handlers.SocketConnectionHandler - Enviando # de vuelos en el aire: 109
2025-12-07 21:27:19.063 [http-nio-8081-exec-10] INFO  com.dp1.backend.handlers.SocketConnectionHandler - Enviando # de vuelos en el aire: 113
2025-12-07 21:27:19.070 [http-nio-8081-exec-10] INFO  com.dp1.backend.handlers.SocketConnectionHandler - Enviando # de vuelos en el aire: 126
2025-12-07 21:27:19.078 [http-nio-8081-exec-10] INFO  com.dp1.backend.handlers.SocketConnectionHandler - Enviando # de vuelos en el aire: 125
2025-12-07 21:27:19.080 [http-nio-8081-exec-10] INFO  com.dp1.backend.services.ACOService - Desde - hasta: 2025-12-12T10:03:18-05:00[America/Lima] - 2025-12-12T13:03:18-05:00[America/Lima]
2025-12-07 21:27:19.102 [http-nio-8081-exec-10] INFO  com.dp1.backend.services.ACOService - Ejecutando ACO para: 
2025-12-07 21:27:19.102 [http-nio-8081-exec-10] INFO  com.dp1.backend.services.ACOService - Aeropuertos: 30
2025-12-07 21:27:19.102 [http-nio-8081-exec-10] INFO  com.dp1.backend.services.ACOService - Vuelos: 2866
2025-12-07 21:27:19.103 [http-nio-8081-exec-10] INFO  com.dp1.backend.services.ACOService - Envios: 797
2025-12-07 21:27:19.103 [http-nio-8081-exec-10] INFO  com.dp1.backend.services.ACOService - Paquetes: 1106
2025-12-07 21:27:24.735 [http-nio-8081-exec-10] INFO  com.dp1.backend.services.ACOService - Tiempo de ejecución: 5632 ms
2025-12-07 21:27:24.763 [http-nio-8081-exec-10] INFO  com.dp1.backend.services.ACOService - Paquetes entregados con función André: 1096
2025-12-07 21:27:24.837 [http-nio-8081-exec-10] INFO  com.dp1.backend.handlers.SocketConnectionHandler - Enviando resultado del algoritmo 'para los vuelos en el aire'
2025-12-07 21:27:24.844 [http-nio-8081-exec-10] INFO  com.dp1.backend.handlers.SocketConnectionHandler - Enviando # de vuelos en el aire: 108
2025-12-07 21:27:24.854 [http-nio-8081-exec-10] INFO  com.dp1.backend.handlers.SocketConnectionHandler - Enviando # de vuelos en el aire: 116
2025-12-07 21:27:24.861 [http-nio-8081-exec-10] INFO  com.dp1.backend.handlers.SocketConnectionHandler - Enviando # de vuelos en el aire: 126
2025-12-07 21:27:24.869 [http-nio-8081-exec-10] INFO  com.dp1.backend.handlers.SocketConnectionHandler - Enviando # de vuelos en el aire: 130
2025-12-07 21:27:24.870 [http-nio-8081-exec-10] INFO  com.dp1.backend.services.ACOService - Desde - hasta: 2025-12-12T14:03:18-05:00[America/Lima] - 2025-12-12T17:03:18-05:00[America/Lima]
2025-12-07 21:27:24.913 [http-nio-8081-exec-10] INFO  com.dp1.backend.services.ACOService - Ejecutando ACO para: 
2025-12-07 21:27:24.923 [http-nio-8081-exec-10] INFO  com.dp1.backend.services.ACOService - Aeropuertos: 30
2025-12-07 21:27:24.928 [http-nio-8081-exec-10] INFO  com.dp1.backend.services.ACOService - Vuelos: 2866
2025-12-07 21:27:24.935 [http-nio-8081-exec-10] INFO  com.dp1.backend.services.ACOService - Envios: 382
2025-12-07 21:27:24.944 [http-nio-8081-exec-10] INFO  com.dp1.backend.services.ACOService - Paquetes: 515
2025-12-07 21:27:27.689 [http-nio-8081-exec-10] INFO  com.dp1.backend.services.ACOService - Tiempo de ejecución: 2736 ms
2025-12-07 21:27:27.703 [http-nio-8081-exec-10] INFO  com.dp1.backend.services.ACOService - Paquetes entregados con función André: 513
2025-12-07 21:27:27.736 [http-nio-8081-exec-10] INFO  com.dp1.backend.handlers.SocketConnectionHandler - Enviando resultado del algoritmo 'para los vuelos en el aire'
2025-12-07 21:27:27.747 [http-nio-8081-exec-10] INFO  com.dp1.backend.handlers.SocketConnectionHandler - Enviando # de vuelos en el aire: 132
2025-12-07 21:27:27.755 [http-nio-8081-exec-10] INFO  com.dp1.backend.handlers.SocketConnectionHandler - Enviando # de vuelos en el aire: 114
2025-12-07 21:27:27.764 [http-nio-8081-exec-10] INFO  com.dp1.backend.handlers.SocketConnectionHandler - Enviando # de vuelos en el aire: 112
2025-12-07 21:27:27.773 [http-nio-8081-exec-10] INFO  com.dp1.backend.handlers.SocketConnectionHandler - Enviando # de vuelos en el aire: 126
2025-12-07 21:27:27.776 [http-nio-8081-exec-10] INFO  com.dp1.backend.services.ACOService - Desde - hasta: 2025-12-12T18:03:18-05:00[America/Lima] - 2025-12-12T21:03:18-05:00[America/Lima]
2025-12-07 21:27:27.795 [http-nio-8081-exec-10] INFO  com.dp1.backend.services.ACOService - Ejecutando ACO para: 
2025-12-07 21:27:27.796 [http-nio-8081-exec-10] INFO  com.dp1.backend.services.ACOService - Aeropuertos: 30
2025-12-07 21:27:27.797 [http-nio-8081-exec-10] INFO  com.dp1.backend.services.ACOService - Vuelos: 2866
2025-12-07 21:27:27.797 [http-nio-8081-exec-10] INFO  com.dp1.backend.services.ACOService - Envios: 693
2025-12-07 21:27:27.797 [http-nio-8081-exec-10] INFO  com.dp1.backend.services.ACOService - Paquetes: 1365
2025-12-07 21:27:34.814 [http-nio-8081-exec-10] INFO  com.dp1.backend.services.ACOService - Tiempo de ejecución: 7016 ms
2025-12-07 21:27:34.853 [http-nio-8081-exec-10] INFO  com.dp1.backend.services.ACOService - Paquetes entregados con función André: 1353
2025-12-07 21:27:34.921 [http-nio-8081-exec-10] INFO  com.dp1.backend.handlers.SocketConnectionHandler - Enviando resultado del algoritmo 'para los vuelos en el aire'
2025-12-07 21:27:34.928 [http-nio-8081-exec-10] INFO  com.dp1.backend.handlers.SocketConnectionHandler - Enviando # de vuelos en el aire: 105
2025-12-07 21:27:34.937 [http-nio-8081-exec-10] INFO  com.dp1.backend.handlers.SocketConnectionHandler - Enviando # de vuelos en el aire: 97
2025-12-07 21:27:34.944 [http-nio-8081-exec-10] INFO  com.dp1.backend.handlers.SocketConnectionHandler - Enviando # de vuelos en el aire: 120
2025-12-07 21:27:34.953 [http-nio-8081-exec-10] INFO  com.dp1.backend.handlers.SocketConnectionHandler - Enviando # de vuelos en el aire: 117
2025-12-07 21:27:34.953 [http-nio-8081-exec-10] INFO  com.dp1.backend.services.ACOService - Desde - hasta: 2025-12-12T22:03:18-05:00[America/Lima] - 2025-12-13T01:03:18-05:00[America/Lima]
2025-12-07 21:27:34.971 [http-nio-8081-exec-10] INFO  com.dp1.backend.services.ACOService - Ejecutando ACO para: 
2025-12-07 21:27:34.973 [http-nio-8081-exec-10] INFO  com.dp1.backend.services.ACOService - Aeropuertos: 30
2025-12-07 21:27:34.973 [http-nio-8081-exec-10] INFO  com.dp1.backend.services.ACOService - Vuelos: 2866
2025-12-07 21:27:34.973 [http-nio-8081-exec-10] INFO  com.dp1.backend.services.ACOService - Envios: 578
2025-12-07 21:27:34.973 [http-nio-8081-exec-10] INFO  com.dp1.backend.services.ACOService - Paquetes: 1152
2025-12-07 21:27:40.359 [http-nio-8081-exec-10] INFO  com.dp1.backend.services.ACOService - Tiempo de ejecución: 5386 ms
2025-12-07 21:27:40.396 [http-nio-8081-exec-10] INFO  com.dp1.backend.services.ACOService - Paquetes entregados con función André: 1146
2025-12-07 21:27:40.470 [http-nio-8081-exec-10] INFO  com.dp1.backend.handlers.SocketConnectionHandler - Enviando resultado del algoritmo 'para los vuelos en el aire'
2025-12-07 21:27:40.479 [http-nio-8081-exec-10] INFO  com.dp1.backend.handlers.SocketConnectionHandler - Enviando # de vuelos en el aire: 118
2025-12-07 21:27:40.492 [http-nio-8081-exec-10] INFO  com.dp1.backend.handlers.SocketConnectionHandler - Enviando # de vuelos en el aire: 119
2025-12-07 21:27:40.499 [http-nio-8081-exec-10] INFO  com.dp1.backend.handlers.SocketConnectionHandler - Enviando # de vuelos en el aire: 110
2025-12-07 21:27:40.508 [http-nio-8081-exec-10] INFO  com.dp1.backend.handlers.SocketConnectionHandler - Enviando # de vuelos en el aire: 127
2025-12-07 21:27:40.509 [http-nio-8081-exec-10] INFO  com.dp1.backend.services.ACOService - Desde - hasta: 2025-12-13T02:03:18-05:00[America/Lima] - 2025-12-13T05:03:18-05:00[America/Lima]
2025-12-07 21:27:40.532 [http-nio-8081-exec-10] INFO  com.dp1.backend.services.ACOService - Ejecutando ACO para: 
2025-12-07 21:27:40.533 [http-nio-8081-exec-10] INFO  com.dp1.backend.services.ACOService - Aeropuertos: 30
2025-12-07 21:27:40.533 [http-nio-8081-exec-10] INFO  com.dp1.backend.services.ACOService - Vuelos: 2866
2025-12-07 21:27:40.533 [http-nio-8081-exec-10] INFO  com.dp1.backend.services.ACOService - Envios: 739
2025-12-07 21:27:40.533 [http-nio-8081-exec-10] INFO  com.dp1.backend.services.ACOService - Paquetes: 1427
2025-12-07 21:27:47.278 [http-nio-8081-exec-10] INFO  com.dp1.backend.services.ACOService - Tiempo de ejecución: 6744 ms
2025-12-07 21:27:47.326 [http-nio-8081-exec-10] INFO  com.dp1.backend.services.ACOService - Paquetes entregados con función André: 1414
2025-12-07 21:27:47.428 [http-nio-8081-exec-10] INFO  com.dp1.backend.handlers.SocketConnectionHandler - Enviando resultado del algoritmo 'para los vuelos en el aire'
2025-12-07 21:27:47.439 [http-nio-8081-exec-10] INFO  com.dp1.backend.handlers.SocketConnectionHandler - Enviando # de vuelos en el aire: 141
2025-12-07 21:27:47.449 [http-nio-8081-exec-10] INFO  com.dp1.backend.handlers.SocketConnectionHandler - Enviando # de vuelos en el aire: 122
2025-12-07 21:27:47.458 [http-nio-8081-exec-10] INFO  com.dp1.backend.handlers.SocketConnectionHandler - Enviando # de vuelos en el aire: 115
2025-12-07 21:27:47.468 [http-nio-8081-exec-10] INFO  com.dp1.backend.handlers.SocketConnectionHandler - Enviando # de vuelos en el aire: 130
2025-12-07 21:27:47.469 [http-nio-8081-exec-10] INFO  com.dp1.backend.services.ACOService - Desde - hasta: 2025-12-13T06:03:18-05:00[America/Lima] - 2025-12-13T09:03:18-05:00[America/Lima]
2025-12-07 21:27:47.495 [http-nio-8081-exec-10] INFO  com.dp1.backend.services.ACOService - Ejecutando ACO para: 
2025-12-07 21:27:47.495 [http-nio-8081-exec-10] INFO  com.dp1.backend.services.ACOService - Aeropuertos: 30
2025-12-07 21:27:47.495 [http-nio-8081-exec-10] INFO  com.dp1.backend.services.ACOService - Vuelos: 2866
2025-12-07 21:27:47.496 [http-nio-8081-exec-10] INFO  com.dp1.backend.services.ACOService - Envios: 716
2025-12-07 21:27:47.496 [http-nio-8081-exec-10] INFO  com.dp1.backend.services.ACOService - Paquetes: 1246
2025-12-07 21:27:53.835 [http-nio-8081-exec-10] INFO  com.dp1.backend.services.ACOService - Tiempo de ejecución: 6339 ms
2025-12-07 21:27:53.870 [http-nio-8081-exec-10] INFO  com.dp1.backend.services.ACOService - Paquetes entregados con función André: 1235
2025-12-07 21:27:53.940 [http-nio-8081-exec-10] INFO  com.dp1.backend.handlers.SocketConnectionHandler - Enviando resultado del algoritmo 'para los vuelos en el aire'
2025-12-07 21:27:53.949 [http-nio-8081-exec-10] INFO  com.dp1.backend.handlers.SocketConnectionHandler - Enviando # de vuelos en el aire: 109
2025-12-07 21:27:53.960 [http-nio-8081-exec-10] INFO  com.dp1.backend.handlers.SocketConnectionHandler - Enviando # de vuelos en el aire: 113
2025-12-07 21:27:53.967 [http-nio-8081-exec-10] INFO  com.dp1.backend.handlers.SocketConnectionHandler - Enviando # de vuelos en el aire: 126
2025-12-07 21:27:53.976 [http-nio-8081-exec-10] INFO  com.dp1.backend.handlers.SocketConnectionHandler - Enviando # de vuelos en el aire: 125
2025-12-07 21:27:53.976 [http-nio-8081-exec-10] INFO  com.dp1.backend.services.ACOService - Desde - hasta: 2025-12-13T10:03:18-05:00[America/Lima] - 2025-12-13T13:03:18-05:00[America/Lima]
2025-12-07 21:27:53.997 [http-nio-8081-exec-10] INFO  com.dp1.backend.services.ACOService - Ejecutando ACO para: 
2025-12-07 21:27:53.998 [http-nio-8081-exec-10] INFO  com.dp1.backend.services.ACOService - Aeropuertos: 30
2025-12-07 21:27:53.998 [http-nio-8081-exec-10] INFO  com.dp1.backend.services.ACOService - Vuelos: 2866
2025-12-07 21:27:53.998 [http-nio-8081-exec-10] INFO  com.dp1.backend.services.ACOService - Envios: 698
2025-12-07 21:27:53.998 [http-nio-8081-exec-10] INFO  com.dp1.backend.services.ACOService - Paquetes: 1085
2025-12-07 21:27:59.808 [http-nio-8081-exec-10] INFO  com.dp1.backend.services.ACOService - Tiempo de ejecución: 5809 ms
2025-12-07 21:27:59.833 [http-nio-8081-exec-10] INFO  com.dp1.backend.services.ACOService - Paquetes entregados con función André: 1080
2025-12-07 21:27:59.907 [http-nio-8081-exec-10] INFO  com.dp1.backend.handlers.SocketConnectionHandler - Enviando resultado del algoritmo 'para los vuelos en el aire'
2025-12-07 21:27:59.918 [http-nio-8081-exec-10] INFO  com.dp1.backend.handlers.SocketConnectionHandler - Enviando # de vuelos en el aire: 108
2025-12-07 21:27:59.925 [http-nio-8081-exec-10] INFO  com.dp1.backend.handlers.SocketConnectionHandler - Enviando # de vuelos en el aire: 116
2025-12-07 21:27:59.934 [http-nio-8081-exec-10] INFO  com.dp1.backend.handlers.SocketConnectionHandler - Enviando # de vuelos en el aire: 126
2025-12-07 21:27:59.941 [http-nio-8081-exec-10] INFO  com.dp1.backend.handlers.SocketConnectionHandler - Enviando # de vuelos en el aire: 130
2025-12-07 21:27:59.942 [http-nio-8081-exec-10] INFO  com.dp1.backend.services.ACOService - Desde - hasta: 2025-12-13T14:03:18-05:00[America/Lima] - 2025-12-13T17:03:18-05:00[America/Lima]
2025-12-07 21:27:59.965 [http-nio-8081-exec-10] INFO  com.dp1.backend.services.ACOService - Ejecutando ACO para: 
2025-12-07 21:27:59.965 [http-nio-8081-exec-10] INFO  com.dp1.backend.services.ACOService - Aeropuertos: 30
2025-12-07 21:27:59.967 [http-nio-8081-exec-10] INFO  com.dp1.backend.services.ACOService - Vuelos: 2866
2025-12-07 21:27:59.967 [http-nio-8081-exec-10] INFO  com.dp1.backend.services.ACOService - Envios: 292
2025-12-07 21:27:59.968 [http-nio-8081-exec-10] INFO  com.dp1.backend.services.ACOService - Paquetes: 445
2025-12-07 21:28:02.685 [http-nio-8081-exec-10] INFO  com.dp1.backend.services.ACOService - Tiempo de ejecución: 2716 ms
2025-12-07 21:28:02.695 [http-nio-8081-exec-10] INFO  com.dp1.backend.services.ACOService - Paquetes entregados con función André: 445
2025-12-07 21:28:02.722 [http-nio-8081-exec-10] INFO  com.dp1.backend.handlers.SocketConnectionHandler - Enviando resultado del algoritmo 'para los vuelos en el aire'
2025-12-07 21:28:02.733 [http-nio-8081-exec-10] INFO  com.dp1.backend.handlers.SocketConnectionHandler - Enviando # de vuelos en el aire: 132
2025-12-07 21:28:02.743 [http-nio-8081-exec-10] INFO  com.dp1.backend.handlers.SocketConnectionHandler - Enviando # de vuelos en el aire: 114
2025-12-07 21:28:02.752 [http-nio-8081-exec-10] INFO  com.dp1.backend.handlers.SocketConnectionHandler - Enviando # de vuelos en el aire: 112
2025-12-07 21:28:02.760 [http-nio-8081-exec-10] INFO  com.dp1.backend.handlers.SocketConnectionHandler - Enviando # de vuelos en el aire: 126
2025-12-07 21:28:02.761 [http-nio-8081-exec-10] INFO  com.dp1.backend.services.ACOService - Desde - hasta: 2025-12-13T18:03:18-05:00[America/Lima] - 2025-12-13T21:03:18-05:00[America/Lima]
2025-12-07 21:28:02.777 [http-nio-8081-exec-10] INFO  com.dp1.backend.services.ACOService - Ejecutando ACO para: 
2025-12-07 21:28:02.778 [http-nio-8081-exec-10] INFO  com.dp1.backend.services.ACOService - Aeropuertos: 30
2025-12-07 21:28:02.778 [http-nio-8081-exec-10] INFO  com.dp1.backend.services.ACOService - Vuelos: 2866
2025-12-07 21:28:02.778 [http-nio-8081-exec-10] INFO  com.dp1.backend.services.ACOService - Envios: 727
2025-12-07 21:28:02.778 [http-nio-8081-exec-10] INFO  com.dp1.backend.services.ACOService - Paquetes: 1397
2025-12-07 21:28:11.429 [http-nio-8081-exec-10] INFO  com.dp1.backend.services.ACOService - Tiempo de ejecución: 8649 ms
2025-12-07 21:28:11.464 [http-nio-8081-exec-10] INFO  com.dp1.backend.services.ACOService - Paquetes entregados con función André: 1387
2025-12-07 21:28:11.542 [http-nio-8081-exec-10] INFO  com.dp1.backend.handlers.SocketConnectionHandler - Enviando resultado del algoritmo 'para los vuelos en el aire'
2025-12-07 21:28:11.548 [http-nio-8081-exec-10] INFO  com.dp1.backend.handlers.SocketConnectionHandler - Enviando # de vuelos en el aire: 105
2025-12-07 21:28:11.557 [http-nio-8081-exec-10] INFO  com.dp1.backend.handlers.SocketConnectionHandler - Enviando # de vuelos en el aire: 97
2025-12-07 21:28:11.564 [http-nio-8081-exec-10] INFO  com.dp1.backend.handlers.SocketConnectionHandler - Enviando # de vuelos en el aire: 120
2025-12-07 21:28:11.572 [http-nio-8081-exec-10] INFO  com.dp1.backend.handlers.SocketConnectionHandler - Enviando # de vuelos en el aire: 117
2025-12-07 21:28:11.573 [http-nio-8081-exec-10] INFO  com.dp1.backend.services.ACOService - Desde - hasta: 2025-12-13T22:03:18-05:00[America/Lima] - 2025-12-14T01:03:18-05:00[America/Lima]
2025-12-07 21:28:11.592 [http-nio-8081-exec-10] INFO  com.dp1.backend.services.ACOService - Ejecutando ACO para: 
2025-12-07 21:28:11.593 [http-nio-8081-exec-10] INFO  com.dp1.backend.services.ACOService - Aeropuertos: 30
2025-12-07 21:28:11.593 [http-nio-8081-exec-10] INFO  com.dp1.backend.services.ACOService - Vuelos: 2866
2025-12-07 21:28:11.593 [http-nio-8081-exec-10] INFO  com.dp1.backend.services.ACOService - Envios: 595
2025-12-07 21:28:11.593 [http-nio-8081-exec-10] INFO  com.dp1.backend.services.ACOService - Paquetes: 1081
2025-12-07 21:28:16.966 [http-nio-8081-exec-10] INFO  com.dp1.backend.services.ACOService - Tiempo de ejecución: 5371 ms
2025-12-07 21:28:16.991 [http-nio-8081-exec-10] INFO  com.dp1.backend.services.ACOService - Paquetes entregados con función André: 1074
2025-12-07 21:28:17.049 [http-nio-8081-exec-10] INFO  com.dp1.backend.handlers.SocketConnectionHandler - Enviando resultado del algoritmo 'para los vuelos en el aire'
2025-12-07 21:28:17.055 [http-nio-8081-exec-10] INFO  com.dp1.backend.handlers.SocketConnectionHandler - Enviando # de vuelos en el aire: 118
2025-12-07 21:28:17.060 [http-nio-8081-exec-10] INFO  com.dp1.backend.handlers.SocketConnectionHandler - Enviando # de vuelos en el aire: 119
2025-12-07 21:28:17.072 [http-nio-8081-exec-10] INFO  com.dp1.backend.handlers.SocketConnectionHandler - Enviando # de vuelos en el aire: 110
2025-12-07 21:28:17.077 [http-nio-8081-exec-10] INFO  com.dp1.backend.handlers.SocketConnectionHandler - Enviando # de vuelos en el aire: 127
2025-12-07 21:28:17.078 [http-nio-8081-exec-10] INFO  com.dp1.backend.services.ACOService - Desde - hasta: 2025-12-14T02:03:18-05:00[America/Lima] - 2025-12-14T05:03:18-05:00[America/Lima]
2025-12-07 21:28:17.095 [http-nio-8081-exec-10] INFO  com.dp1.backend.services.ACOService - Ejecutando ACO para: 
2025-12-07 21:28:17.095 [http-nio-8081-exec-10] INFO  com.dp1.backend.services.ACOService - Aeropuertos: 30
2025-12-07 21:28:17.096 [http-nio-8081-exec-10] INFO  com.dp1.backend.services.ACOService - Vuelos: 2866
2025-12-07 21:28:17.096 [http-nio-8081-exec-10] INFO  com.dp1.backend.services.ACOService - Envios: 753
2025-12-07 21:28:17.096 [http-nio-8081-exec-10] INFO  com.dp1.backend.services.ACOService - Paquetes: 1306
2025-12-07 21:28:23.318 [http-nio-8081-exec-10] INFO  com.dp1.backend.services.ACOService - Tiempo de ejecución: 6222 ms
2025-12-07 21:28:23.347 [http-nio-8081-exec-10] INFO  com.dp1.backend.services.ACOService - Paquetes entregados con función André: 1301
2025-12-07 21:28:23.415 [http-nio-8081-exec-10] INFO  com.dp1.backend.handlers.SocketConnectionHandler - Enviando resultado del algoritmo 'para los vuelos en el aire'
2025-12-07 21:28:23.422 [http-nio-8081-exec-10] INFO  com.dp1.backend.handlers.SocketConnectionHandler - Enviando # de vuelos en el aire: 141
2025-12-07 21:28:23.429 [http-nio-8081-exec-10] INFO  com.dp1.backend.handlers.SocketConnectionHandler - Enviando # de vuelos en el aire: 122
2025-12-07 21:28:23.437 [http-nio-8081-exec-10] INFO  com.dp1.backend.handlers.SocketConnectionHandler - Enviando # de vuelos en el aire: 115
2025-12-07 21:28:23.443 [http-nio-8081-exec-10] INFO  com.dp1.backend.handlers.SocketConnectionHandler - Enviando # de vuelos en el aire: 130
2025-12-07 21:28:23.444 [http-nio-8081-exec-10] INFO  com.dp1.backend.services.ACOService - Desde - hasta: 2025-12-14T06:03:18-05:00[America/Lima] - 2025-12-14T09:03:18-05:00[America/Lima]
2025-12-07 21:28:23.460 [http-nio-8081-exec-10] INFO  com.dp1.backend.services.ACOService - Ejecutando ACO para: 
2025-12-07 21:28:23.460 [http-nio-8081-exec-10] INFO  com.dp1.backend.services.ACOService - Aeropuertos: 30
2025-12-07 21:28:23.462 [http-nio-8081-exec-10] INFO  com.dp1.backend.services.ACOService - Vuelos: 2866
2025-12-07 21:28:23.462 [http-nio-8081-exec-10] INFO  com.dp1.backend.services.ACOService - Envios: 786
2025-12-07 21:28:23.463 [http-nio-8081-exec-10] INFO  com.dp1.backend.services.ACOService - Paquetes: 1273
2025-12-07 21:28:29.828 [http-nio-8081-exec-10] INFO  com.dp1.backend.services.ACOService - Tiempo de ejecución: 6365 ms
2025-12-07 21:28:29.877 [http-nio-8081-exec-10] INFO  com.dp1.backend.services.ACOService - Paquetes entregados con función André: 1265
2025-12-07 21:28:29.974 [http-nio-8081-exec-10] INFO  com.dp1.backend.handlers.SocketConnectionHandler - Enviando resultado del algoritmo 'para los vuelos en el aire'
2025-12-07 21:28:29.984 [http-nio-8081-exec-10] INFO  com.dp1.backend.handlers.SocketConnectionHandler - Enviando # de vuelos en el aire: 109
2025-12-07 21:28:29.992 [http-nio-8081-exec-10] INFO  com.dp1.backend.handlers.SocketConnectionHandler - Enviando # de vuelos en el aire: 113
2025-12-07 21:28:30.001 [http-nio-8081-exec-10] INFO  com.dp1.backend.handlers.SocketConnectionHandler - Enviando # de vuelos en el aire: 126
2025-12-07 21:28:30.010 [http-nio-8081-exec-10] INFO  com.dp1.backend.handlers.SocketConnectionHandler - Enviando # de vuelos en el aire: 125
2025-12-07 21:28:30.010 [http-nio-8081-exec-10] INFO  com.dp1.backend.services.ACOService - Desde - hasta: 2025-12-14T10:03:18-05:00[America/Lima] - 2025-12-14T13:03:18-05:00[America/Lima]
2025-12-07 21:28:30.031 [http-nio-8081-exec-10] INFO  com.dp1.backend.services.ACOService - Ejecutando ACO para: 
2025-12-07 21:28:30.031 [http-nio-8081-exec-10] INFO  com.dp1.backend.services.ACOService - Aeropuertos: 30
2025-12-07 21:28:30.031 [http-nio-8081-exec-10] INFO  com.dp1.backend.services.ACOService - Vuelos: 2866
2025-12-07 21:28:30.031 [http-nio-8081-exec-10] INFO  com.dp1.backend.services.ACOService - Envios: 779
2025-12-07 21:28:30.031 [http-nio-8081-exec-10] INFO  com.dp1.backend.services.ACOService - Paquetes: 1193
2025-12-07 21:28:36.267 [http-nio-8081-exec-10] INFO  com.dp1.backend.services.ACOService - Tiempo de ejecución: 6235 ms
2025-12-07 21:28:36.295 [http-nio-8081-exec-10] INFO  com.dp1.backend.services.ACOService - Paquetes entregados con función André: 1183
2025-12-07 21:28:36.369 [http-nio-8081-exec-10] INFO  com.dp1.backend.handlers.SocketConnectionHandler - Enviando resultado del algoritmo 'para los vuelos en el aire'
2025-12-07 21:28:36.375 [http-nio-8081-exec-10] INFO  com.dp1.backend.handlers.SocketConnectionHandler - Enviando # de vuelos en el aire: 48
2025-12-07 21:28:36.381 [http-nio-8081-exec-10] INFO  com.dp1.backend.handlers.SocketConnectionHandler - Enviando # de vuelos en el aire: 41
2025-12-07 21:28:36.389 [http-nio-8081-exec-10] INFO  com.dp1.backend.handlers.SocketConnectionHandler - Enviando # de vuelos en el aire: 44
2025-12-07 21:28:36.394 [http-nio-8081-exec-10] INFO  com.dp1.backend.handlers.SocketConnectionHandler - Enviando # de vuelos en el aire: 57
2025-12-07 21:28:36.401 [http-nio-8081-exec-10] INFO  com.dp1.backend.handlers.SocketConnectionHandler - Enviando # de vuelos en el aire: 47
2025-12-07 21:28:36.406 [http-nio-8081-exec-10] INFO  com.dp1.backend.handlers.SocketConnectionHandler - Enviando # de vuelos en el aire: 50
2025-12-07 21:28:36.411 [http-nio-8081-exec-10] INFO  com.dp1.backend.handlers.SocketConnectionHandler - Enviando # de vuelos en el aire: 54
2025-12-07 21:28:36.413 [http-nio-8081-exec-10] INFO  com.dp1.backend.services.ACOService - Desde - hasta: 2025-12-14T13:08:18-05:00[America/Lima] - 2025-12-14T16:08:18-05:00[America/Lima]
2025-12-07 21:28:36.436 [http-nio-8081-exec-10] INFO  com.dp1.backend.services.ACOService - Ejecutando ACO para: 
2025-12-07 21:28:36.436 [http-nio-8081-exec-10] INFO  com.dp1.backend.services.ACOService - Aeropuertos: 30
2025-12-07 21:28:36.437 [http-nio-8081-exec-10] INFO  com.dp1.backend.services.ACOService - Vuelos: 2866
2025-12-07 21:28:36.437 [http-nio-8081-exec-10] INFO  com.dp1.backend.services.ACOService - Envios: 413
2025-12-07 21:28:36.437 [http-nio-8081-exec-10] INFO  com.dp1.backend.services.ACOService - Paquetes: 631
2025-12-07 21:28:39.625 [http-nio-8081-exec-10] INFO  com.dp1.backend.services.ACOService - Tiempo de ejecución: 3188 ms
2025-12-07 21:28:39.644 [http-nio-8081-exec-10] INFO  com.dp1.backend.services.ACOService - Paquetes entregados con función André: 624
2025-12-07 21:28:39.680 [http-nio-8081-exec-10] INFO  com.dp1.backend.handlers.SocketConnectionHandler - Enviando resultado del algoritmo 'para los vuelos en el aire'
2025-12-07 21:28:39.688 [http-nio-8081-exec-10] INFO  com.dp1.backend.handlers.SocketConnectionHandler - Enviando # de vuelos en el aire: 47
2025-12-07 21:28:39.695 [http-nio-8081-exec-10] INFO  com.dp1.backend.handlers.SocketConnectionHandler - Enviando # de vuelos en el aire: 59
2025-12-07 21:28:39.703 [http-nio-8081-exec-10] INFO  com.dp1.backend.handlers.SocketConnectionHandler - Enviando # de vuelos en el aire: 143
2025-12-07 21:28:39.709 [http-nio-8081-exec-10] INFO  com.dp1.backend.handlers.SocketConnectionHandler - Enviando # de vuelos en el aire: 116
2025-12-07 21:28:39.716 [http-nio-8081-exec-10] INFO  com.dp1.backend.handlers.SocketConnectionHandler - Enviando # de vuelos en el aire: 108
2025-12-07 21:28:39.717 [http-nio-8081-exec-10] INFO  com.dp1.backend.services.ACOService - Desde - hasta: 2025-12-14T16:53:18-05:00[America/Lima] - 2025-12-14T19:53:18-05:00[America/Lima]
2025-12-07 21:28:39.734 [http-nio-8081-exec-10] INFO  com.dp1.backend.services.ACOService - Ejecutando ACO para: 
2025-12-07 21:28:39.735 [http-nio-8081-exec-10] INFO  com.dp1.backend.services.ACOService - Aeropuertos: 30
2025-12-07 21:28:39.735 [http-nio-8081-exec-10] INFO  com.dp1.backend.services.ACOService - Vuelos: 2866
2025-12-07 21:28:39.736 [http-nio-8081-exec-10] INFO  com.dp1.backend.services.ACOService - Envios: 704
2025-12-07 21:28:39.736 [http-nio-8081-exec-10] INFO  com.dp1.backend.services.ACOService - Paquetes: 1526
2025-12-07 21:28:48.289 [http-nio-8081-exec-10] INFO  com.dp1.backend.services.ACOService - Tiempo de ejecución: 8553 ms
2025-12-07 21:28:48.326 [http-nio-8081-exec-10] INFO  com.dp1.backend.services.ACOService - Paquetes entregados con función André: 1520
2025-12-07 21:28:48.406 [http-nio-8081-exec-10] INFO  com.dp1.backend.handlers.SocketConnectionHandler - Enviando resultado del algoritmo 'para los vuelos en el aire'
2025-12-07 21:28:48.415 [http-nio-8081-exec-10] INFO  com.dp1.backend.handlers.SocketConnectionHandler - Enviando # de vuelos en el aire: 131
2025-12-07 21:28:48.422 [http-nio-8081-exec-10] INFO  com.dp1.backend.handlers.SocketConnectionHandler - Enviando # de vuelos en el aire: 95
2025-12-07 21:28:48.431 [http-nio-8081-exec-10] INFO  com.dp1.backend.handlers.SocketConnectionHandler - Enviando # de vuelos en el aire: 62
2025-12-07 21:28:48.437 [http-nio-8081-exec-10] INFO  com.dp1.backend.handlers.SocketConnectionHandler - Enviando # de vuelos en el aire: 50
2025-12-07 21:28:48.443 [http-nio-8081-exec-10] INFO  com.dp1.backend.handlers.SocketConnectionHandler - Enviando # de vuelos en el aire: 62
2025-12-07 21:28:48.445 [http-nio-8081-exec-10] INFO  com.dp1.backend.services.ACOService - Desde - hasta: 2025-12-14T20:23:18-05:00[America/Lima] - 2025-12-14T23:23:18-05:00[America/Lima]
2025-12-07 21:28:48.464 [http-nio-8081-exec-10] INFO  com.dp1.backend.services.ACOService - Ejecutando ACO para: 
2025-12-07 21:28:48.464 [http-nio-8081-exec-10] INFO  com.dp1.backend.services.ACOService - Aeropuertos: 30
2025-12-07 21:28:48.465 [http-nio-8081-exec-10] INFO  com.dp1.backend.services.ACOService - Vuelos: 2866
2025-12-07 21:28:48.465 [http-nio-8081-exec-10] INFO  com.dp1.backend.services.ACOService - Envios: 571
2025-12-07 21:28:48.465 [http-nio-8081-exec-10] INFO  com.dp1.backend.services.ACOService - Paquetes: 1174
2025-12-07 21:28:55.231 [http-nio-8081-exec-10] INFO  com.dp1.backend.services.ACOService - Tiempo de ejecución: 6766 ms
2025-12-07 21:28:55.267 [http-nio-8081-exec-10] INFO  com.dp1.backend.services.ACOService - Paquetes entregados con función André: 1163
2025-12-07 21:28:55.334 [http-nio-8081-exec-10] INFO  com.dp1.backend.handlers.SocketConnectionHandler - Enviando resultado del algoritmo 'para los vuelos en el aire'
2025-12-07 21:28:55.342 [http-nio-8081-exec-10] INFO  com.dp1.backend.handlers.SocketConnectionHandler - Enviando # de vuelos en el aire: 58
2025-12-07 21:28:55.349 [http-nio-8081-exec-10] INFO  com.dp1.backend.handlers.SocketConnectionHandler - Enviando # de vuelos en el aire: 61
2025-12-07 21:28:55.354 [http-nio-8081-exec-10] INFO  com.dp1.backend.handlers.SocketConnectionHandler - Enviando # de vuelos en el aire: 52
2025-12-07 21:28:55.360 [http-nio-8081-exec-10] INFO  com.dp1.backend.handlers.SocketConnectionHandler - Enviando # de vuelos en el aire: 72
2025-12-07 21:28:55.366 [http-nio-8081-exec-10] INFO  com.dp1.backend.handlers.SocketConnectionHandler - Enviando # de vuelos en el aire: 52
2025-12-07 21:28:55.371 [http-nio-8081-exec-10] INFO  com.dp1.backend.handlers.SocketConnectionHandler - Enviando # de vuelos en el aire: 59
2025-12-07 21:28:55.379 [http-nio-8081-exec-10] INFO  com.dp1.backend.handlers.SocketConnectionHandler - Enviando # de vuelos en el aire: 61
2025-12-07 21:28:55.380 [http-nio-8081-exec-10] INFO  com.dp1.backend.services.ACOService - Desde - hasta: 2025-12-14T23:53:18-05:00[America/Lima] - 2025-12-15T02:53:18-05:00[America/Lima]
2025-12-07 21:28:55.399 [http-nio-8081-exec-10] INFO  com.dp1.backend.services.ACOService - Ejecutando ACO para: 
2025-12-07 21:28:55.399 [http-nio-8081-exec-10] INFO  com.dp1.backend.services.ACOService - Aeropuertos: 30
2025-12-07 21:28:55.400 [http-nio-8081-exec-10] INFO  com.dp1.backend.services.ACOService - Vuelos: 2866
2025-12-07 21:28:55.400 [http-nio-8081-exec-10] INFO  com.dp1.backend.services.ACOService - Envios: 709
2025-12-07 21:28:55.400 [http-nio-8081-exec-10] INFO  com.dp1.backend.services.ACOService - Paquetes: 1479
2025-12-07 21:29:04.021 [http-nio-8081-exec-10] INFO  com.dp1.backend.services.ACOService - Tiempo de ejecución: 8620 ms
2025-12-07 21:29:04.058 [http-nio-8081-exec-10] INFO  com.dp1.backend.services.ACOService - Paquetes entregados con función André: 1469
2025-12-07 21:29:04.144 [http-nio-8081-exec-10] INFO  com.dp1.backend.handlers.SocketConnectionHandler - Enviando resultado del algoritmo 'para los vuelos en el aire'
2025-12-07 21:29:04.151 [http-nio-8081-exec-10] INFO  com.dp1.backend.handlers.SocketConnectionHandler - Enviando # de vuelos en el aire: 45
2025-12-07 21:29:04.161 [http-nio-8081-exec-10] INFO  com.dp1.backend.handlers.SocketConnectionHandler - Enviando # de vuelos en el aire: 67
2025-12-07 21:29:04.168 [http-nio-8081-exec-10] INFO  com.dp1.backend.handlers.SocketConnectionHandler - Enviando # de vuelos en el aire: 57
2025-12-07 21:29:04.177 [http-nio-8081-exec-10] INFO  com.dp1.backend.handlers.SocketConnectionHandler - Enviando # de vuelos en el aire: 68
2025-12-07 21:29:04.183 [http-nio-8081-exec-10] INFO  com.dp1.backend.handlers.SocketConnectionHandler - Enviando # de vuelos en el aire: 77
2025-12-07 21:29:04.192 [http-nio-8081-exec-10] INFO  com.dp1.backend.handlers.SocketConnectionHandler - Enviando # de vuelos en el aire: 67
2025-12-07 21:29:04.198 [http-nio-8081-exec-10] INFO  com.dp1.backend.handlers.SocketConnectionHandler - Enviando # de vuelos en el aire: 55
2025-12-07 21:29:04.200 [http-nio-8081-exec-10] INFO  com.dp1.backend.services.ACOService - Desde - hasta: 2025-12-15T03:23:18-05:00[America/Lima] - 2025-12-15T06:23:18-05:00[America/Lima]
2025-12-07 21:29:04.226 [http-nio-8081-exec-10] INFO  com.dp1.backend.services.ACOService - Ejecutando ACO para: 
2025-12-07 21:29:04.226 [http-nio-8081-exec-10] INFO  com.dp1.backend.services.ACOService - Aeropuertos: 30
2025-12-07 21:29:04.226 [http-nio-8081-exec-10] INFO  com.dp1.backend.services.ACOService - Vuelos: 2866
2025-12-07 21:29:04.227 [http-nio-8081-exec-10] INFO  com.dp1.backend.services.ACOService - Envios: 721
2025-12-07 21:29:04.227 [http-nio-8081-exec-10] INFO  com.dp1.backend.services.ACOService - Paquetes: 1413
2025-12-07 21:29:11.733 [http-nio-8081-exec-10] INFO  com.dp1.backend.services.ACOService - Tiempo de ejecución: 7504 ms
2025-12-07 21:29:11.770 [http-nio-8081-exec-10] INFO  com.dp1.backend.services.ACOService - Paquetes entregados con función André: 1404
2025-12-07 21:29:11.852 [http-nio-8081-exec-10] INFO  com.dp1.backend.handlers.SocketConnectionHandler - Enviando resultado del algoritmo 'para los vuelos en el aire'
2025-12-07 21:29:11.859 [http-nio-8081-exec-10] INFO  com.dp1.backend.handlers.SocketConnectionHandler - Enviando # de vuelos en el aire: 63
2025-12-07 21:29:11.868 [http-nio-8081-exec-10] INFO  com.dp1.backend.handlers.SocketConnectionHandler - Enviando # de vuelos en el aire: 58
2025-12-07 21:29:11.875 [http-nio-8081-exec-10] INFO  com.dp1.backend.handlers.SocketConnectionHandler - Enviando # de vuelos en el aire: 59
2025-12-07 21:29:11.882 [http-nio-8081-exec-10] INFO  com.dp1.backend.handlers.SocketConnectionHandler - Enviando # de vuelos en el aire: 63
2025-12-07 21:29:11.888 [http-nio-8081-exec-10] INFO  com.dp1.backend.handlers.SocketConnectionHandler - Enviando # de vuelos en el aire: 59
2025-12-07 21:29:11.893 [http-nio-8081-exec-10] INFO  com.dp1.backend.handlers.SocketConnectionHandler - Enviando # de vuelos en el aire: 63
2025-12-07 21:29:11.901 [http-nio-8081-exec-10] INFO  com.dp1.backend.handlers.SocketConnectionHandler - Enviando # de vuelos en el aire: 58
2025-12-07 21:29:11.902 [http-nio-8081-exec-10] INFO  com.dp1.backend.services.ACOService - Desde - hasta: 2025-12-15T06:53:18-05:00[America/Lima] - 2025-12-15T09:53:18-05:00[America/Lima]
2025-12-07 21:29:11.925 [http-nio-8081-exec-10] INFO  com.dp1.backend.services.ACOService - Ejecutando ACO para: 
2025-12-07 21:29:11.925 [http-nio-8081-exec-10] INFO  com.dp1.backend.services.ACOService - Aeropuertos: 30
2025-12-07 21:29:11.926 [http-nio-8081-exec-10] INFO  com.dp1.backend.services.ACOService - Vuelos: 2866
2025-12-07 21:29:11.926 [http-nio-8081-exec-10] INFO  com.dp1.backend.services.ACOService - Envios: 705
2025-12-07 21:29:11.926 [http-nio-8081-exec-10] INFO  com.dp1.backend.services.ACOService - Paquetes: 1128
2025-12-07 21:29:17.992 [http-nio-8081-exec-10] INFO  com.dp1.backend.services.ACOService - Tiempo de ejecución: 6066 ms
2025-12-07 21:29:18.019 [http-nio-8081-exec-10] INFO  com.dp1.backend.services.ACOService - Paquetes entregados con función André: 1118
2025-12-07 21:29:18.084 [http-nio-8081-exec-10] INFO  com.dp1.backend.handlers.SocketConnectionHandler - Enviando resultado del algoritmo 'para los vuelos en el aire'
2025-12-07 21:29:18.089 [http-nio-8081-exec-10] INFO  com.dp1.backend.handlers.SocketConnectionHandler - Enviando # de vuelos en el aire: 51
2025-12-07 21:29:18.096 [http-nio-8081-exec-10] INFO  com.dp1.backend.handlers.SocketConnectionHandler - Enviando # de vuelos en el aire: 52
2025-12-07 21:29:18.101 [http-nio-8081-exec-10] INFO  com.dp1.backend.handlers.SocketConnectionHandler - Enviando # de vuelos en el aire: 59
2025-12-07 21:29:18.106 [http-nio-8081-exec-10] INFO  com.dp1.backend.handlers.SocketConnectionHandler - Enviando # de vuelos en el aire: 73
2025-12-07 21:29:18.118 [http-nio-8081-exec-10] INFO  com.dp1.backend.handlers.SocketConnectionHandler - Enviando # de vuelos en el aire: 62
2025-12-07 21:29:18.123 [http-nio-8081-exec-10] INFO  com.dp1.backend.handlers.SocketConnectionHandler - Enviando # de vuelos en el aire: 61
2025-12-07 21:29:18.130 [http-nio-8081-exec-10] INFO  com.dp1.backend.handlers.SocketConnectionHandler - Enviando # de vuelos en el aire: 61
2025-12-07 21:29:18.131 [http-nio-8081-exec-10] INFO  com.dp1.backend.services.ACOService - Desde - hasta: 2025-12-15T10:23:18-05:00[America/Lima] - 2025-12-15T13:23:18-05:00[America/Lima]
2025-12-07 21:29:18.152 [http-nio-8081-exec-10] INFO  com.dp1.backend.services.ACOService - Ejecutando ACO para: 
2025-12-07 21:29:18.152 [http-nio-8081-exec-10] INFO  com.dp1.backend.services.ACOService - Aeropuertos: 30
2025-12-07 21:29:18.153 [http-nio-8081-exec-10] INFO  com.dp1.backend.services.ACOService - Vuelos: 2866
2025-12-07 21:29:18.153 [http-nio-8081-exec-10] INFO  com.dp1.backend.services.ACOService - Envios: 656
2025-12-07 21:29:18.153 [http-nio-8081-exec-10] INFO  com.dp1.backend.services.ACOService - Paquetes: 992
2025-12-07 21:29:22.830 [http-nio-8081-exec-10] INFO  com.dp1.backend.services.ACOService - Tiempo de ejecución: 4677 ms
2025-12-07 21:29:22.849 [http-nio-8081-exec-10] INFO  com.dp1.backend.services.ACOService - Paquetes entregados con función André: 990
2025-12-07 21:29:22.913 [http-nio-8081-exec-10] INFO  com.dp1.backend.handlers.SocketConnectionHandler - Enviando resultado del algoritmo 'para los vuelos en el aire'
2025-12-07 21:29:22.919 [http-nio-8081-exec-10] INFO  com.dp1.backend.handlers.SocketConnectionHandler - Enviando # de vuelos en el aire: 48
2025-12-07 21:29:22.924 [http-nio-8081-exec-10] INFO  com.dp1.backend.handlers.SocketConnectionHandler - Enviando # de vuelos en el aire: 59
2025-12-07 21:29:22.930 [http-nio-8081-exec-10] INFO  com.dp1.backend.handlers.SocketConnectionHandler - Enviando # de vuelos en el aire: 56
2025-12-07 21:29:22.936 [http-nio-8081-exec-10] INFO  com.dp1.backend.handlers.SocketConnectionHandler - Enviando # de vuelos en el aire: 62
2025-12-07 21:29:22.941 [http-nio-8081-exec-10] INFO  com.dp1.backend.handlers.SocketConnectionHandler - Enviando # de vuelos en el aire: 66
2025-12-07 21:29:22.948 [http-nio-8081-exec-10] INFO  com.dp1.backend.handlers.SocketConnectionHandler - Enviando # de vuelos en el aire: 56
2025-12-07 21:29:22.953 [http-nio-8081-exec-10] INFO  com.dp1.backend.handlers.SocketConnectionHandler - Enviando # de vuelos en el aire: 74
2025-12-07 21:29:22.954 [http-nio-8081-exec-10] INFO  com.dp1.backend.services.ACOService - Desde - hasta: 2025-12-15T13:53:18-05:00[America/Lima] - 2025-12-15T16:53:18-05:00[America/Lima]
2025-12-07 21:29:22.979 [http-nio-8081-exec-10] INFO  com.dp1.backend.services.ACOService - Ejecutando ACO para: 
2025-12-07 21:29:22.979 [http-nio-8081-exec-10] INFO  com.dp1.backend.services.ACOService - Aeropuertos: 30
2025-12-07 21:29:22.979 [http-nio-8081-exec-10] INFO  com.dp1.backend.services.ACOService - Vuelos: 2866
2025-12-07 21:29:22.980 [http-nio-8081-exec-10] INFO  com.dp1.backend.services.ACOService - Envios: 313
2025-12-07 21:29:22.980 [http-nio-8081-exec-10] INFO  com.dp1.backend.services.ACOService - Paquetes: 451
2025-12-07 21:29:25.321 [http-nio-8081-exec-10] INFO  com.dp1.backend.services.ACOService - Tiempo de ejecución: 2341 ms
2025-12-07 21:29:25.330 [http-nio-8081-exec-10] INFO  com.dp1.backend.services.ACOService - Paquetes entregados con función André: 450
2025-12-07 21:29:25.359 [http-nio-8081-exec-10] INFO  com.dp1.backend.handlers.SocketConnectionHandler - Enviando resultado del algoritmo 'para los vuelos en el aire'
2025-12-07 21:29:25.365 [http-nio-8081-exec-10] INFO  com.dp1.backend.handlers.SocketConnectionHandler - Enviando # de vuelos en el aire: 59
2025-12-07 21:29:25.370 [http-nio-8081-exec-10] INFO  com.dp1.backend.handlers.SocketConnectionHandler - Enviando # de vuelos en el aire: 69
2025-12-07 21:29:25.377 [http-nio-8081-exec-10] INFO  com.dp1.backend.handlers.SocketConnectionHandler - Enviando # de vuelos en el aire: 59
2025-12-07 21:29:25.382 [http-nio-8081-exec-10] INFO  com.dp1.backend.handlers.SocketConnectionHandler - Enviando # de vuelos en el aire: 57
2025-12-07 21:29:25.388 [http-nio-8081-exec-10] INFO  com.dp1.backend.handlers.SocketConnectionHandler - Enviando # de vuelos en el aire: 63
2025-12-07 21:29:25.394 [http-nio-8081-exec-10] INFO  com.dp1.backend.handlers.SocketConnectionHandler - Enviando # de vuelos en el aire: 45
2025-12-07 21:29:25.399 [http-nio-8081-exec-10] INFO  com.dp1.backend.handlers.SocketConnectionHandler - Enviando # de vuelos en el aire: 65
2025-12-07 21:29:25.400 [http-nio-8081-exec-10] INFO  com.dp1.backend.services.ACOService - Desde - hasta: 2025-12-15T17:23:18-05:00[America/Lima] - 2025-12-15T20:23:18-05:00[America/Lima]
2025-12-07 21:29:25.416 [http-nio-8081-exec-10] INFO  com.dp1.backend.services.ACOService - Ejecutando ACO para: 
2025-12-07 21:29:25.416 [http-nio-8081-exec-10] INFO  com.dp1.backend.services.ACOService - Aeropuertos: 30
2025-12-07 21:29:25.416 [http-nio-8081-exec-10] INFO  com.dp1.backend.services.ACOService - Vuelos: 2866
2025-12-07 21:29:25.417 [http-nio-8081-exec-10] INFO  com.dp1.backend.services.ACOService - Envios: 200
2025-12-07 21:29:25.417 [http-nio-8081-exec-10] INFO  com.dp1.backend.services.ACOService - Paquetes: 282
2025-12-07 21:29:26.883 [http-nio-8081-exec-10] INFO  com.dp1.backend.services.ACOService - Tiempo de ejecución: 1466 ms
2025-12-07 21:29:26.891 [http-nio-8081-exec-10] INFO  com.dp1.backend.services.ACOService - Paquetes entregados con función André: 279
2025-12-07 21:29:26.912 [http-nio-8081-exec-10] INFO  com.dp1.backend.handlers.SocketConnectionHandler - Enviando resultado del algoritmo 'para los vuelos en el aire'
2025-12-07 21:29:26.917 [http-nio-8081-exec-10] INFO  com.dp1.backend.handlers.SocketConnectionHandler - Enviando # de vuelos en el aire: 66
2025-12-07 21:29:26.922 [http-nio-8081-exec-10] INFO  com.dp1.backend.handlers.SocketConnectionHandler - Enviando # de vuelos en el aire: 50
2025-12-07 21:29:48.293 [http-nio-8081-exec-1] INFO  com.dp1.backend.handlers.SocketConnectionHandler - 081fd013-5073-dc6a-cf1f-3257d7fc1db5  desconectado del socket
2025-12-07 21:29:55.925 [http-nio-8081-exec-4] INFO  com.dp1.backend.handlers.SocketConnectionHandler - a54d629a-2073-b035-17e7-b777d32c86e1  conectado al socket
2025-12-07 21:29:55.947 [http-nio-8081-exec-6] INFO  com.dp1.backend.services.DatosEnMemoriaService - Leyendo archivo: data\envios\pack_enviado_EDDI_.txt
2025-12-07 21:29:56.421 [http-nio-8081-exec-3] INFO  com.dp1.backend.handlers.SocketConnectionHandler - f8fc3b72-6f86-2307-6325-8fb9b90f7fa4  conectado al socket
2025-12-07 21:29:56.431 [http-nio-8081-exec-7] INFO  com.dp1.backend.services.DatosEnMemoriaService - Leyendo archivo: data\envios\pack_enviado_EDDI_.txt
2025-12-07 21:29:56.512 [http-nio-8081-exec-6] INFO  com.dp1.backend.services.DatosEnMemoriaService - Leyendo archivo: data\envios\pack_enviado_EHAM_.txt
2025-12-07 21:29:56.732 [http-nio-8081-exec-7] INFO  com.dp1.backend.services.DatosEnMemoriaService - Leyendo archivo: data\envios\pack_enviado_EHAM_.txt
2025-12-07 21:29:56.879 [http-nio-8081-exec-6] INFO  com.dp1.backend.services.DatosEnMemoriaService - Leyendo archivo: data\envios\pack_enviado_EKCH_.txt
2025-12-07 21:29:57.036 [http-nio-8081-exec-7] INFO  com.dp1.backend.services.DatosEnMemoriaService - Leyendo archivo: data\envios\pack_enviado_EKCH_.txt
2025-12-07 21:29:57.225 [http-nio-8081-exec-6] INFO  com.dp1.backend.services.DatosEnMemoriaService - Leyendo archivo: data\envios\pack_enviado_LATI_.txt
2025-12-07 21:29:57.387 [http-nio-8081-exec-7] INFO  com.dp1.backend.services.DatosEnMemoriaService - Leyendo archivo: data\envios\pack_enviado_LATI_.txt
2025-12-07 21:29:57.574 [http-nio-8081-exec-6] INFO  com.dp1.backend.services.DatosEnMemoriaService - Leyendo archivo: data\envios\pack_enviado_LBSF_.txt
2025-12-07 21:29:57.755 [http-nio-8081-exec-7] INFO  com.dp1.backend.services.DatosEnMemoriaService - Leyendo archivo: data\envios\pack_enviado_LBSF_.txt
2025-12-07 21:29:57.905 [http-nio-8081-exec-6] INFO  com.dp1.backend.services.DatosEnMemoriaService - Leyendo archivo: data\envios\pack_enviado_LDZA_.txt
2025-12-07 21:29:58.070 [http-nio-8081-exec-7] INFO  com.dp1.backend.services.DatosEnMemoriaService - Leyendo archivo: data\envios\pack_enviado_LDZA_.txt
2025-12-07 21:29:58.174 [http-nio-8081-exec-6] INFO  com.dp1.backend.services.DatosEnMemoriaService - Leyendo archivo: data\envios\pack_enviado_LKPR_.txt
2025-12-07 21:29:58.332 [http-nio-8081-exec-7] INFO  com.dp1.backend.services.DatosEnMemoriaService - Leyendo archivo: data\envios\pack_enviado_LKPR_.txt
2025-12-07 21:29:58.513 [http-nio-8081-exec-6] INFO  com.dp1.backend.services.DatosEnMemoriaService - Leyendo archivo: data\envios\pack_enviado_LOWW_.txt
2025-12-07 21:29:58.660 [http-nio-8081-exec-7] INFO  com.dp1.backend.services.DatosEnMemoriaService - Leyendo archivo: data\envios\pack_enviado_LOWW_.txt
2025-12-07 21:29:58.925 [http-nio-8081-exec-6] INFO  com.dp1.backend.services.DatosEnMemoriaService - Leyendo archivo: data\envios\pack_enviado_OAKB_.txt
2025-12-07 21:29:59.041 [http-nio-8081-exec-7] INFO  com.dp1.backend.services.DatosEnMemoriaService - Leyendo archivo: data\envios\pack_enviado_OAKB_.txt
2025-12-07 21:29:59.257 [http-nio-8081-exec-6] INFO  com.dp1.backend.services.DatosEnMemoriaService - Leyendo archivo: data\envios\pack_enviado_OERK_.txt
2025-12-07 21:29:59.375 [http-nio-8081-exec-7] INFO  com.dp1.backend.services.DatosEnMemoriaService - Leyendo archivo: data\envios\pack_enviado_OERK_.txt
2025-12-07 21:29:59.622 [http-nio-8081-exec-6] INFO  com.dp1.backend.services.DatosEnMemoriaService - Leyendo archivo: data\envios\pack_enviado_OJAI_.txt
2025-12-07 21:29:59.743 [http-nio-8081-exec-7] INFO  com.dp1.backend.services.DatosEnMemoriaService - Leyendo archivo: data\envios\pack_enviado_OJAI_.txt
2025-12-07 21:29:59.915 [http-nio-8081-exec-6] INFO  com.dp1.backend.services.DatosEnMemoriaService - Leyendo archivo: data\envios\pack_enviado_OMDB_.txt
2025-12-07 21:30:00.017 [http-nio-8081-exec-7] INFO  com.dp1.backend.services.DatosEnMemoriaService - Leyendo archivo: data\envios\pack_enviado_OMDB_.txt
2025-12-07 21:30:00.260 [http-nio-8081-exec-6] INFO  com.dp1.backend.services.DatosEnMemoriaService - Leyendo archivo: data\envios\pack_enviado_OOMS_.txt
2025-12-07 21:30:00.387 [http-nio-8081-exec-7] INFO  com.dp1.backend.services.DatosEnMemoriaService - Leyendo archivo: data\envios\pack_enviado_OOMS_.txt
2025-12-07 21:30:00.575 [http-nio-8081-exec-6] INFO  com.dp1.backend.services.DatosEnMemoriaService - Leyendo archivo: data\envios\pack_enviado_OPKC_.txt
2025-12-07 21:30:00.669 [http-nio-8081-exec-7] INFO  com.dp1.backend.services.DatosEnMemoriaService - Leyendo archivo: data\envios\pack_enviado_OPKC_.txt
2025-12-07 21:30:00.979 [http-nio-8081-exec-6] INFO  com.dp1.backend.services.DatosEnMemoriaService - Leyendo archivo: data\envios\pack_enviado_OSDI_.txt
2025-12-07 21:30:01.071 [http-nio-8081-exec-7] INFO  com.dp1.backend.services.DatosEnMemoriaService - Leyendo archivo: data\envios\pack_enviado_OSDI_.txt
2025-12-07 21:30:01.327 [http-nio-8081-exec-6] INFO  com.dp1.backend.services.DatosEnMemoriaService - Leyendo archivo: data\envios\pack_enviado_OYSN_.txt
2025-12-07 21:30:01.426 [http-nio-8081-exec-7] INFO  com.dp1.backend.services.DatosEnMemoriaService - Leyendo archivo: data\envios\pack_enviado_OYSN_.txt
2025-12-07 21:30:01.680 [http-nio-8081-exec-6] INFO  com.dp1.backend.services.DatosEnMemoriaService - Leyendo archivo: data\envios\pack_enviado_SABE_.txt
2025-12-07 21:30:01.775 [http-nio-8081-exec-7] INFO  com.dp1.backend.services.DatosEnMemoriaService - Leyendo archivo: data\envios\pack_enviado_SABE_.txt
2025-12-07 21:30:01.933 [http-nio-8081-exec-6] INFO  com.dp1.backend.services.DatosEnMemoriaService - Leyendo archivo: data\envios\pack_enviado_SBBR_.txt
2025-12-07 21:30:02.024 [http-nio-8081-exec-7] INFO  com.dp1.backend.services.DatosEnMemoriaService - Leyendo archivo: data\envios\pack_enviado_SBBR_.txt
2025-12-07 21:30:02.227 [http-nio-8081-exec-6] INFO  com.dp1.backend.services.DatosEnMemoriaService - Leyendo archivo: data\envios\pack_enviado_SCEL_.txt
2025-12-07 21:30:02.344 [http-nio-8081-exec-7] INFO  com.dp1.backend.services.DatosEnMemoriaService - Leyendo archivo: data\envios\pack_enviado_SCEL_.txt
2025-12-07 21:30:02.572 [http-nio-8081-exec-6] INFO  com.dp1.backend.services.DatosEnMemoriaService - Leyendo archivo: data\envios\pack_enviado_SEQM_.txt
2025-12-07 21:30:02.648 [http-nio-8081-exec-7] INFO  com.dp1.backend.services.DatosEnMemoriaService - Leyendo archivo: data\envios\pack_enviado_SEQM_.txt
2025-12-07 21:30:02.926 [http-nio-8081-exec-6] INFO  com.dp1.backend.services.DatosEnMemoriaService - Leyendo archivo: data\envios\pack_enviado_SGAS_.txt
2025-12-07 21:30:03.028 [http-nio-8081-exec-7] INFO  com.dp1.backend.services.DatosEnMemoriaService - Leyendo archivo: data\envios\pack_enviado_SGAS_.txt
2025-12-07 21:30:03.222 [http-nio-8081-exec-6] INFO  com.dp1.backend.services.DatosEnMemoriaService - Leyendo archivo: data\envios\pack_enviado_SKBO_.txt
2025-12-07 21:30:03.340 [http-nio-8081-exec-7] INFO  com.dp1.backend.services.DatosEnMemoriaService - Leyendo archivo: data\envios\pack_enviado_SKBO_.txt
2025-12-07 21:30:03.554 [http-nio-8081-exec-6] INFO  com.dp1.backend.services.DatosEnMemoriaService - Leyendo archivo: data\envios\pack_enviado_SLLP_.txt
2025-12-07 21:30:03.657 [http-nio-8081-exec-7] INFO  com.dp1.backend.services.DatosEnMemoriaService - Leyendo archivo: data\envios\pack_enviado_SLLP_.txt
2025-12-07 21:30:03.779 [http-nio-8081-exec-6] INFO  com.dp1.backend.services.DatosEnMemoriaService - Leyendo archivo: data\envios\pack_enviado_SUAA_.txt
2025-12-07 21:30:03.888 [http-nio-8081-exec-7] INFO  com.dp1.backend.services.DatosEnMemoriaService - Leyendo archivo: data\envios\pack_enviado_SUAA_.txt
2025-12-07 21:30:04.142 [http-nio-8081-exec-6] INFO  com.dp1.backend.services.DatosEnMemoriaService - Leyendo archivo: data\envios\pack_enviado_SVMI_.txt
2025-12-07 21:30:04.243 [http-nio-8081-exec-7] INFO  com.dp1.backend.services.DatosEnMemoriaService - Leyendo archivo: data\envios\pack_enviado_SVMI_.txt
2025-12-07 21:30:04.535 [http-nio-8081-exec-6] INFO  com.dp1.backend.services.DatosEnMemoriaService - Leyendo archivo: data\envios\pack_enviado_UMMS_.txt
2025-12-07 21:30:04.643 [http-nio-8081-exec-7] INFO  com.dp1.backend.services.DatosEnMemoriaService - Leyendo archivo: data\envios\pack_enviado_UMMS_.txt
2025-12-07 21:30:04.824 [http-nio-8081-exec-6] INFO  com.dp1.backend.services.DatosEnMemoriaService - Leyendo archivo: data\envios\pack_enviado_VIDP_.txt
2025-12-07 21:30:04.939 [http-nio-8081-exec-7] INFO  com.dp1.backend.services.DatosEnMemoriaService - Leyendo archivo: data\envios\pack_enviado_VIDP_.txt
2025-12-07 21:30:05.114 [http-nio-8081-exec-6] INFO  com.dp1.backend.services.DatosEnMemoriaService - Envios cargados: 50132
2025-12-07 21:30:05.148 [http-nio-8081-exec-6] INFO  com.dp1.backend.services.ACOService - Ejecutando ACO para: 
2025-12-07 21:30:05.149 [http-nio-8081-exec-6] INFO  com.dp1.backend.services.ACOService - Aeropuertos: 30
2025-12-07 21:30:05.149 [http-nio-8081-exec-6] INFO  com.dp1.backend.services.ACOService - Vuelos: 2866
2025-12-07 21:30:05.149 [http-nio-8081-exec-6] INFO  com.dp1.backend.services.ACOService - Envios: 4936
2025-12-07 21:30:05.149 [http-nio-8081-exec-6] INFO  com.dp1.backend.services.ACOService - Paquetes: 8921
2025-12-07 21:30:05.219 [http-nio-8081-exec-7] INFO  com.dp1.backend.services.DatosEnMemoriaService - Envios cargados: 50132
2025-12-07 21:30:05.221 [http-nio-8081-exec-6] ERROR com.dp1.backend.services.ACOService - Error en ejecutarAco: null
2025-12-07 21:30:05.256 [http-nio-8081-exec-7] INFO  com.dp1.backend.services.ACOService - Ejecutando ACO para: 
2025-12-07 21:30:05.257 [http-nio-8081-exec-7] INFO  com.dp1.backend.services.ACOService - Aeropuertos: 30
2025-12-07 21:30:05.257 [http-nio-8081-exec-7] INFO  com.dp1.backend.services.ACOService - Vuelos: 2866
2025-12-07 21:30:05.257 [http-nio-8081-exec-7] INFO  com.dp1.backend.services.ACOService - Envios: 4936
2025-12-07 21:30:05.258 [http-nio-8081-exec-7] INFO  com.dp1.backend.services.ACOService - Paquetes: 8921
2025-12-07 21:30:05.227 [http-nio-8081-exec-6] ERROR org.springframework.web.socket.handler.ExceptionWebSocketHandlerDecorator - Closing session due to exception for StandardWebSocketSession[id=a54d629a-2073-b035-17e7-b777d32c86e1, uri=ws://localhost:8081/api/socket]
java.lang.NullPointerException: Cannot invoke "java.lang.CharSequence.toString()" because "payload" is null
	at org.springframework.web.socket.TextMessage.<init>(TextMessage.java:40) ~[spring-websocket-6.1.6.jar:6.1.6]
	at com.dp1.backend.handlers.SocketConnectionHandler.handlePrimerContactoSimulacion(SocketConnectionHandler.java:235) ~[classes/:?]
	at com.dp1.backend.handlers.SocketConnectionHandler.handleMessage(SocketConnectionHandler.java:132) ~[classes/:?]
	at org.springframework.web.socket.handler.WebSocketHandlerDecorator.handleMessage(WebSocketHandlerDecorator.java:75) ~[spring-websocket-6.1.6.jar:6.1.6]
	at org.springframework.web.socket.handler.LoggingWebSocketHandlerDecorator.handleMessage(LoggingWebSocketHandlerDecorator.java:56) ~[spring-websocket-6.1.6.jar:6.1.6]
	at org.springframework.web.socket.handler.ExceptionWebSocketHandlerDecorator.handleMessage(ExceptionWebSocketHandlerDecorator.java:58) [spring-websocket-6.1.6.jar:6.1.6]
	at org.springframework.web.socket.adapter.standard.StandardWebSocketHandlerAdapter.handleTextMessage(StandardWebSocketHandlerAdapter.java:113) [spring-websocket-6.1.6.jar:6.1.6]
	at org.springframework.web.socket.adapter.standard.StandardWebSocketHandlerAdapter$3.onMessage(StandardWebSocketHandlerAdapter.java:84) [spring-websocket-6.1.6.jar:6.1.6]
	at org.springframework.web.socket.adapter.standard.StandardWebSocketHandlerAdapter$3.onMessage(StandardWebSocketHandlerAdapter.java:81) [spring-websocket-6.1.6.jar:6.1.6]
	at org.apache.tomcat.websocket.WsFrameBase.sendMessageText(WsFrameBase.java:390) [tomcat-embed-websocket-10.1.19.jar:10.1.19]
	at org.apache.tomcat.websocket.server.WsFrameServer.sendMessageText(WsFrameServer.java:130) [tomcat-embed-websocket-10.1.19.jar:10.1.19]
	at org.apache.tomcat.websocket.WsFrameBase.processDataText(WsFrameBase.java:484) [tomcat-embed-websocket-10.1.19.jar:10.1.19]
	at org.apache.tomcat.websocket.WsFrameBase.processData(WsFrameBase.java:284) [tomcat-embed-websocket-10.1.19.jar:10.1.19]
	at org.apache.tomcat.websocket.WsFrameBase.processInputBuffer(WsFrameBase.java:130) [tomcat-embed-websocket-10.1.19.jar:10.1.19]
	at org.apache.tomcat.websocket.server.WsFrameServer.onDataAvailable(WsFrameServer.java:85) [tomcat-embed-websocket-10.1.19.jar:10.1.19]
	at org.apache.tomcat.websocket.server.WsFrameServer.doOnDataAvailable(WsFrameServer.java:184) [tomcat-embed-websocket-10.1.19.jar:10.1.19]
	at org.apache.tomcat.websocket.server.WsFrameServer.notifyDataAvailable(WsFrameServer.java:164) [tomcat-embed-websocket-10.1.19.jar:10.1.19]
	at org.apache.tomcat.websocket.server.WsHttpUpgradeHandler.upgradeDispatch(WsHttpUpgradeHandler.java:152) [tomcat-embed-websocket-10.1.19.jar:10.1.19]
	at org.apache.coyote.http11.upgrade.UpgradeProcessorInternal.dispatch(UpgradeProcessorInternal.java:60) [tomcat-embed-core-10.1.19.jar:10.1.19]
	at org.apache.coyote.AbstractProcessorLight.process(AbstractProcessorLight.java:57) [tomcat-embed-core-10.1.19.jar:10.1.19]
	at org.apache.coyote.AbstractProtocol$ConnectionHandler.process(AbstractProtocol.java:896) [tomcat-embed-core-10.1.19.jar:10.1.19]
	at org.apache.tomcat.util.net.NioEndpoint$SocketProcessor.doRun(NioEndpoint.java:1744) [tomcat-embed-core-10.1.19.jar:10.1.19]
	at org.apache.tomcat.util.net.SocketProcessorBase.run(SocketProcessorBase.java:52) [tomcat-embed-core-10.1.19.jar:10.1.19]
	at org.apache.tomcat.util.threads.ThreadPoolExecutor.runWorker(ThreadPoolExecutor.java:1191) [tomcat-embed-core-10.1.19.jar:10.1.19]
	at org.apache.tomcat.util.threads.ThreadPoolExecutor$Worker.run(ThreadPoolExecutor.java:659) [tomcat-embed-core-10.1.19.jar:10.1.19]
	at org.apache.tomcat.util.threads.TaskThread$WrappingRunnable.run(TaskThread.java:63) [tomcat-embed-core-10.1.19.jar:10.1.19]
	at java.base/java.lang.Thread.run(Thread.java:1447) [?:?]
2025-12-07 21:30:05.276 [http-nio-8081-exec-6] INFO  com.dp1.backend.handlers.SocketConnectionHandler - a54d629a-2073-b035-17e7-b777d32c86e1  desconectado del socket
2025-12-07 21:31:15.619 [http-nio-8081-exec-7] INFO  com.dp1.backend.services.ACOService - Tiempo de ejecución: 70361 ms
2025-12-07 21:31:16.247 [http-nio-8081-exec-7] INFO  com.dp1.backend.services.ACOService - Paquetes entregados con función André: 8786
2025-12-07 21:31:16.744 [http-nio-8081-exec-7] INFO  com.dp1.backend.handlers.SocketConnectionHandler - Enviando # de vuelos en el aire: inicio1247
2025-12-07 21:31:16.745 [http-nio-8081-exec-7] INFO  com.dp1.backend.handlers.SocketConnectionHandler - f8fc3b72-6f86-2307-6325-8fb9b90f7fa4  desconectado del socket
2025-12-07 21:31:17.008 [http-nio-8081-exec-10] INFO  com.dp1.backend.handlers.SocketConnectionHandler - a8f739c1-609a-a6f6-c509-03e664b9d023  conectado al socket
2025-12-07 21:31:17.045 [http-nio-8081-exec-1] INFO  com.dp1.backend.services.DatosEnMemoriaService - Leyendo archivo: data\envios\pack_enviado_EDDI_.txt
2025-12-07 21:31:17.302 [http-nio-8081-exec-1] INFO  com.dp1.backend.services.DatosEnMemoriaService - Leyendo archivo: data\envios\pack_enviado_EHAM_.txt
2025-12-07 21:31:17.567 [http-nio-8081-exec-1] INFO  com.dp1.backend.services.DatosEnMemoriaService - Leyendo archivo: data\envios\pack_enviado_EKCH_.txt
2025-12-07 21:31:17.888 [http-nio-8081-exec-1] INFO  com.dp1.backend.services.DatosEnMemoriaService - Leyendo archivo: data\envios\pack_enviado_LATI_.txt
2025-12-07 21:31:18.211 [http-nio-8081-exec-1] INFO  com.dp1.backend.services.DatosEnMemoriaService - Leyendo archivo: data\envios\pack_enviado_LBSF_.txt
2025-12-07 21:31:18.542 [http-nio-8081-exec-1] INFO  com.dp1.backend.services.DatosEnMemoriaService - Leyendo archivo: data\envios\pack_enviado_LDZA_.txt
2025-12-07 21:31:18.782 [http-nio-8081-exec-1] INFO  com.dp1.backend.services.DatosEnMemoriaService - Leyendo archivo: data\envios\pack_enviado_LKPR_.txt
2025-12-07 21:31:19.090 [http-nio-8081-exec-1] INFO  com.dp1.backend.services.DatosEnMemoriaService - Leyendo archivo: data\envios\pack_enviado_LOWW_.txt
2025-12-07 21:31:19.455 [http-nio-8081-exec-1] INFO  com.dp1.backend.services.DatosEnMemoriaService - Leyendo archivo: data\envios\pack_enviado_OAKB_.txt
2025-12-07 21:31:19.943 [http-nio-8081-exec-1] INFO  com.dp1.backend.services.DatosEnMemoriaService - Leyendo archivo: data\envios\pack_enviado_OERK_.txt
2025-12-07 21:31:20.348 [http-nio-8081-exec-1] INFO  com.dp1.backend.services.DatosEnMemoriaService - Leyendo archivo: data\envios\pack_enviado_OJAI_.txt
2025-12-07 21:31:20.562 [http-nio-8081-exec-1] INFO  com.dp1.backend.services.DatosEnMemoriaService - Leyendo archivo: data\envios\pack_enviado_OMDB_.txt
2025-12-07 21:31:20.918 [http-nio-8081-exec-1] INFO  com.dp1.backend.services.DatosEnMemoriaService - Leyendo archivo: data\envios\pack_enviado_OOMS_.txt
2025-12-07 21:31:21.253 [http-nio-8081-exec-1] INFO  com.dp1.backend.services.DatosEnMemoriaService - Leyendo archivo: data\envios\pack_enviado_OPKC_.txt
2025-12-07 21:31:21.505 [http-nio-8081-exec-1] INFO  com.dp1.backend.services.DatosEnMemoriaService - Leyendo archivo: data\envios\pack_enviado_OSDI_.txt
2025-12-07 21:31:21.787 [http-nio-8081-exec-1] INFO  com.dp1.backend.services.DatosEnMemoriaService - Leyendo archivo: data\envios\pack_enviado_OYSN_.txt
2025-12-07 21:31:22.071 [http-nio-8081-exec-1] INFO  com.dp1.backend.services.DatosEnMemoriaService - Leyendo archivo: data\envios\pack_enviado_SABE_.txt
2025-12-07 21:31:22.248 [http-nio-8081-exec-1] INFO  com.dp1.backend.services.DatosEnMemoriaService - Leyendo archivo: data\envios\pack_enviado_SBBR_.txt
2025-12-07 21:31:22.468 [http-nio-8081-exec-1] INFO  com.dp1.backend.services.DatosEnMemoriaService - Leyendo archivo: data\envios\pack_enviado_SCEL_.txt
2025-12-07 21:31:22.714 [http-nio-8081-exec-1] INFO  com.dp1.backend.services.DatosEnMemoriaService - Leyendo archivo: data\envios\pack_enviado_SEQM_.txt
2025-12-07 21:31:22.967 [http-nio-8081-exec-1] INFO  com.dp1.backend.services.DatosEnMemoriaService - Leyendo archivo: data\envios\pack_enviado_SGAS_.txt
2025-12-07 21:31:23.194 [http-nio-8081-exec-1] INFO  com.dp1.backend.services.DatosEnMemoriaService - Leyendo archivo: data\envios\pack_enviado_SKBO_.txt
2025-12-07 21:31:23.428 [http-nio-8081-exec-1] INFO  com.dp1.backend.services.DatosEnMemoriaService - Leyendo archivo: data\envios\pack_enviado_SLLP_.txt
2025-12-07 21:31:23.617 [http-nio-8081-exec-1] INFO  com.dp1.backend.services.DatosEnMemoriaService - Leyendo archivo: data\envios\pack_enviado_SUAA_.txt
2025-12-07 21:31:23.875 [http-nio-8081-exec-1] INFO  com.dp1.backend.services.DatosEnMemoriaService - Leyendo archivo: data\envios\pack_enviado_SVMI_.txt
2025-12-07 21:31:24.159 [http-nio-8081-exec-1] INFO  com.dp1.backend.services.DatosEnMemoriaService - Leyendo archivo: data\envios\pack_enviado_UMMS_.txt
2025-12-07 21:31:24.406 [http-nio-8081-exec-1] INFO  com.dp1.backend.services.DatosEnMemoriaService - Leyendo archivo: data\envios\pack_enviado_VIDP_.txt
2025-12-07 21:31:24.575 [http-nio-8081-exec-1] INFO  com.dp1.backend.services.DatosEnMemoriaService - Envios cargados: 50126
2025-12-07 21:31:24.595 [http-nio-8081-exec-1] INFO  com.dp1.backend.services.ACOService - Ejecutando ACO para: 
2025-12-07 21:31:24.595 [http-nio-8081-exec-1] INFO  com.dp1.backend.services.ACOService - Aeropuertos: 30
2025-12-07 21:31:24.595 [http-nio-8081-exec-1] INFO  com.dp1.backend.services.ACOService - Vuelos: 2866
2025-12-07 21:31:24.595 [http-nio-8081-exec-1] INFO  com.dp1.backend.services.ACOService - Envios: 4936
2025-12-07 21:31:24.596 [http-nio-8081-exec-1] INFO  com.dp1.backend.services.ACOService - Paquetes: 8920
2025-12-07 21:32:27.926 [http-nio-8081-exec-1] INFO  com.dp1.backend.services.ACOService - Tiempo de ejecución: 63330 ms
2025-12-07 21:32:28.355 [http-nio-8081-exec-1] INFO  com.dp1.backend.services.ACOService - Paquetes entregados con función André: 8804
2025-12-07 21:32:28.798 [http-nio-8081-exec-1] INFO  com.dp1.backend.handlers.SocketConnectionHandler - Enviando # de vuelos en el aire: inicio1243
2025-12-07 21:32:34.165 [http-nio-8081-exec-8] INFO  com.dp1.backend.handlers.SocketConnectionHandler - Enviando # de vuelos en el aire: 49
2025-12-07 21:32:37.204 [http-nio-8081-exec-9] INFO  com.dp1.backend.handlers.SocketConnectionHandler - Enviando # de vuelos en el aire: 46
2025-12-07 21:32:40.250 [http-nio-8081-exec-1] INFO  com.dp1.backend.handlers.SocketConnectionHandler - Enviando # de vuelos en el aire: 35
2025-12-07 21:32:43.292 [http-nio-8081-exec-6] INFO  com.dp1.backend.handlers.SocketConnectionHandler - Enviando # de vuelos en el aire: 47
2025-12-07 21:32:46.326 [http-nio-8081-exec-10] INFO  com.dp1.backend.handlers.SocketConnectionHandler - Enviando # de vuelos en el aire: 56
2025-12-07 21:32:49.382 [http-nio-8081-exec-2] INFO  com.dp1.backend.handlers.SocketConnectionHandler - Enviando # de vuelos en el aire: 45
2025-12-07 21:32:52.424 [http-nio-8081-exec-3] INFO  com.dp1.backend.handlers.SocketConnectionHandler - Enviando # de vuelos en el aire: 51
2025-12-07 21:32:54.711 [http-nio-8081-exec-8] INFO  com.dp1.backend.handlers.SocketConnectionHandler - Enviando # de vuelos en el aire: 138
2025-12-07 21:32:54.712 [http-nio-8081-exec-8] INFO  com.dp1.backend.services.ACOService - Desde - hasta: 2025-12-07T22:27:13-05:00[America/Lima] - 2025-12-08T01:27:13-05:00[America/Lima]
2025-12-07 21:32:54.729 [http-nio-8081-exec-8] INFO  com.dp1.backend.services.ACOService - Ejecutando ACO para: 
2025-12-07 21:32:54.729 [http-nio-8081-exec-8] INFO  com.dp1.backend.services.ACOService - Aeropuertos: 30
2025-12-07 21:32:54.729 [http-nio-8081-exec-8] INFO  com.dp1.backend.services.ACOService - Vuelos: 2866
2025-12-07 21:32:54.729 [http-nio-8081-exec-8] INFO  com.dp1.backend.services.ACOService - Envios: 563
2025-12-07 21:32:54.730 [http-nio-8081-exec-8] INFO  com.dp1.backend.services.ACOService - Paquetes: 1241
2025-12-07 21:33:00.747 [http-nio-8081-exec-8] INFO  com.dp1.backend.services.ACOService - Tiempo de ejecución: 6017 ms
2025-12-07 21:33:00.777 [http-nio-8081-exec-8] INFO  com.dp1.backend.services.ACOService - Paquetes entregados con función André: 1232
2025-12-07 21:33:00.848 [http-nio-8081-exec-8] INFO  com.dp1.backend.handlers.SocketConnectionHandler - Enviando resultado del algoritmo 'para los vuelos en el aire'
2025-12-07 21:33:00.859 [http-nio-8081-exec-8] INFO  com.dp1.backend.handlers.SocketConnectionHandler - Enviando # de vuelos en el aire: 108
2025-12-07 21:33:00.870 [http-nio-8081-exec-8] INFO  com.dp1.backend.handlers.SocketConnectionHandler - Enviando # de vuelos en el aire: 104
2025-12-07 21:33:00.880 [http-nio-8081-exec-8] INFO  com.dp1.backend.handlers.SocketConnectionHandler - Enviando # de vuelos en el aire: 128
2025-12-07 21:33:00.888 [http-nio-8081-exec-8] INFO  com.dp1.backend.handlers.SocketConnectionHandler - Enviando # de vuelos en el aire: 145
2025-12-07 21:33:00.889 [http-nio-8081-exec-8] INFO  com.dp1.backend.services.ACOService - Desde - hasta: 2025-12-08T02:27:13-05:00[America/Lima] - 2025-12-08T05:27:13-05:00[America/Lima]
2025-12-07 21:33:00.917 [http-nio-8081-exec-8] INFO  com.dp1.backend.services.ACOService - Ejecutando ACO para: 
2025-12-07 21:33:00.917 [http-nio-8081-exec-8] INFO  com.dp1.backend.services.ACOService - Aeropuertos: 30
2025-12-07 21:33:00.917 [http-nio-8081-exec-8] INFO  com.dp1.backend.services.ACOService - Vuelos: 2866
2025-12-07 21:33:00.919 [http-nio-8081-exec-8] INFO  com.dp1.backend.services.ACOService - Envios: 688
2025-12-07 21:33:00.919 [http-nio-8081-exec-8] INFO  com.dp1.backend.services.ACOService - Paquetes: 1384
2025-12-07 21:33:07.876 [http-nio-8081-exec-8] INFO  com.dp1.backend.services.ACOService - Tiempo de ejecución: 6957 ms
2025-12-07 21:33:07.914 [http-nio-8081-exec-8] INFO  com.dp1.backend.services.ACOService - Paquetes entregados con función André: 1373
2025-12-07 21:33:07.992 [http-nio-8081-exec-8] INFO  com.dp1.backend.handlers.SocketConnectionHandler - Enviando resultado del algoritmo 'para los vuelos en el aire'
2025-12-07 21:33:07.999 [http-nio-8081-exec-8] INFO  com.dp1.backend.handlers.SocketConnectionHandler - Enviando # de vuelos en el aire: 127
2025-12-07 21:33:08.004 [http-nio-8081-exec-8] INFO  com.dp1.backend.handlers.SocketConnectionHandler - Enviando # de vuelos en el aire: 120
2025-12-07 21:33:08.017 [http-nio-8081-exec-8] INFO  com.dp1.backend.handlers.SocketConnectionHandler - Enviando # de vuelos en el aire: 113
2025-12-07 21:33:08.024 [http-nio-8081-exec-8] INFO  com.dp1.backend.handlers.SocketConnectionHandler - Enviando # de vuelos en el aire: 129
2025-12-07 21:33:08.025 [http-nio-8081-exec-8] INFO  com.dp1.backend.services.ACOService - Desde - hasta: 2025-12-08T06:27:13-05:00[America/Lima] - 2025-12-08T09:27:13-05:00[America/Lima]
2025-12-07 21:33:08.046 [http-nio-8081-exec-8] INFO  com.dp1.backend.services.ACOService - Ejecutando ACO para: 
2025-12-07 21:33:08.047 [http-nio-8081-exec-8] INFO  com.dp1.backend.services.ACOService - Aeropuertos: 30
2025-12-07 21:33:08.047 [http-nio-8081-exec-8] INFO  com.dp1.backend.services.ACOService - Vuelos: 2866
2025-12-07 21:33:08.047 [http-nio-8081-exec-8] INFO  com.dp1.backend.services.ACOService - Envios: 647
2025-12-07 21:33:08.047 [http-nio-8081-exec-8] INFO  com.dp1.backend.services.ACOService - Paquetes: 1143
2025-12-07 21:33:13.832 [http-nio-8081-exec-8] INFO  com.dp1.backend.services.ACOService - Tiempo de ejecución: 5784 ms
2025-12-07 21:33:13.868 [http-nio-8081-exec-8] INFO  com.dp1.backend.services.ACOService - Paquetes entregados con función André: 1135
2025-12-07 21:33:13.926 [http-nio-8081-exec-8] INFO  com.dp1.backend.handlers.SocketConnectionHandler - Enviando resultado del algoritmo 'para los vuelos en el aire'
2025-12-07 21:33:13.933 [http-nio-8081-exec-8] INFO  com.dp1.backend.handlers.SocketConnectionHandler - Enviando # de vuelos en el aire: 105
2025-12-07 21:33:13.939 [http-nio-8081-exec-8] INFO  com.dp1.backend.handlers.SocketConnectionHandler - Enviando # de vuelos en el aire: 112
2025-12-07 21:33:13.950 [http-nio-8081-exec-8] INFO  com.dp1.backend.handlers.SocketConnectionHandler - Enviando # de vuelos en el aire: 137
2025-12-07 21:33:13.957 [http-nio-8081-exec-8] INFO  com.dp1.backend.handlers.SocketConnectionHandler - Enviando # de vuelos en el aire: 116
2025-12-07 21:33:13.958 [http-nio-8081-exec-8] INFO  com.dp1.backend.services.ACOService - Desde - hasta: 2025-12-08T10:27:13-05:00[America/Lima] - 2025-12-08T13:27:13-05:00[America/Lima]
2025-12-07 21:33:13.996 [http-nio-8081-exec-8] INFO  com.dp1.backend.services.ACOService - Ejecutando ACO para: 
2025-12-07 21:33:13.997 [http-nio-8081-exec-8] INFO  com.dp1.backend.services.ACOService - Aeropuertos: 30
2025-12-07 21:33:13.997 [http-nio-8081-exec-8] INFO  com.dp1.backend.services.ACOService - Vuelos: 2866
2025-12-07 21:33:13.998 [http-nio-8081-exec-8] INFO  com.dp1.backend.services.ACOService - Envios: 595
2025-12-07 21:33:13.998 [http-nio-8081-exec-8] INFO  com.dp1.backend.services.ACOService - Paquetes: 997
2025-12-07 21:33:21.540 [http-nio-8081-exec-8] INFO  com.dp1.backend.services.ACOService - Tiempo de ejecución: 7542 ms
2025-12-07 21:33:21.581 [http-nio-8081-exec-8] INFO  com.dp1.backend.services.ACOService - Paquetes entregados con función André: 994
2025-12-07 21:33:21.689 [http-nio-8081-exec-8] INFO  com.dp1.backend.handlers.SocketConnectionHandler - Enviando resultado del algoritmo 'para los vuelos en el aire'
2025-12-07 21:33:21.710 [http-nio-8081-exec-8] INFO  com.dp1.backend.handlers.SocketConnectionHandler - Enviando # de vuelos en el aire: 118
2025-12-07 21:33:21.724 [http-nio-8081-exec-8] INFO  com.dp1.backend.handlers.SocketConnectionHandler - Enviando # de vuelos en el aire: 111
2025-12-07 21:33:21.733 [http-nio-8081-exec-8] INFO  com.dp1.backend.handlers.SocketConnectionHandler - Enviando # de vuelos en el aire: 125
2025-12-07 21:33:21.744 [http-nio-8081-exec-8] INFO  com.dp1.backend.handlers.SocketConnectionHandler - Enviando # de vuelos en el aire: 134
2025-12-07 21:33:21.745 [http-nio-8081-exec-8] INFO  com.dp1.backend.services.ACOService - Desde - hasta: 2025-12-08T14:27:13-05:00[America/Lima] - 2025-12-08T17:27:13-05:00[America/Lima]
2025-12-07 21:33:21.779 [http-nio-8081-exec-8] INFO  com.dp1.backend.services.ACOService - Ejecutando ACO para: 
2025-12-07 21:33:21.779 [http-nio-8081-exec-8] INFO  com.dp1.backend.services.ACOService - Aeropuertos: 30
2025-12-07 21:33:21.780 [http-nio-8081-exec-8] INFO  com.dp1.backend.services.ACOService - Vuelos: 2866
2025-12-07 21:33:21.780 [http-nio-8081-exec-8] INFO  com.dp1.backend.services.ACOService - Envios: 369
2025-12-07 21:33:21.781 [http-nio-8081-exec-8] INFO  com.dp1.backend.services.ACOService - Paquetes: 585
2025-12-07 21:33:23.403 [http-nio-8081-exec-10] INFO  com.dp1.backend.handlers.SocketConnectionHandler - 5abcf694-fbdf-2f23-4370-cd1708204bdf  conectado al socket
2025-12-07 21:33:23.769 [http-nio-8081-exec-4] INFO  com.dp1.backend.handlers.SocketConnectionHandler - Cargando envios antes de: 2024-07-22T05:45-05:00[America/Lima]
2025-12-07 21:33:24.385 [http-nio-8081-exec-4] INFO  com.dp1.backend.services.EnvioService - Envios despues de fecha inicio: 8
2025-12-07 21:33:24.386 [http-nio-8081-exec-4] INFO  com.dp1.backend.services.EnvioService - Fecha de salida: 2025-12-03T21:41:51.668364Z
2025-12-07 21:33:24.387 [http-nio-8081-exec-4] INFO  com.dp1.backend.services.EnvioService - Fecha de fin: 2024-07-22T05:45:05-05:00[America/Lima]
2025-12-07 21:33:24.387 [http-nio-8081-exec-4] INFO  com.dp1.backend.services.EnvioService - Fecha de salida: 2025-12-04T04:53:10.409571Z
2025-12-07 21:33:24.387 [http-nio-8081-exec-4] INFO  com.dp1.backend.services.EnvioService - Fecha de fin: 2024-07-22T05:45:05-05:00[America/Lima]
2025-12-07 21:33:24.388 [http-nio-8081-exec-4] INFO  com.dp1.backend.services.EnvioService - Fecha de salida: 2025-12-03T21:53:55.393622Z
2025-12-07 21:33:24.388 [http-nio-8081-exec-4] INFO  com.dp1.backend.services.EnvioService - Fecha de fin: 2024-07-22T05:45:05-05:00[America/Lima]
2025-12-07 21:33:24.388 [http-nio-8081-exec-4] INFO  com.dp1.backend.services.EnvioService - Fecha de salida: 2025-12-03T20:58:58.142621Z
2025-12-07 21:33:24.389 [http-nio-8081-exec-4] INFO  com.dp1.backend.services.EnvioService - Fecha de fin: 2024-07-22T05:45:05-05:00[America/Lima]
2025-12-07 21:33:24.389 [http-nio-8081-exec-4] INFO  com.dp1.backend.services.EnvioService - Fecha de salida: 2025-12-03T22:05:55.081982Z
2025-12-07 21:33:24.389 [http-nio-8081-exec-4] INFO  com.dp1.backend.services.EnvioService - Fecha de fin: 2024-07-22T05:45:05-05:00[America/Lima]
2025-12-07 21:33:24.389 [http-nio-8081-exec-4] INFO  com.dp1.backend.services.EnvioService - Fecha de salida: 2025-12-03T22:10:10.060051Z
2025-12-07 21:33:24.390 [http-nio-8081-exec-4] INFO  com.dp1.backend.services.EnvioService - Fecha de fin: 2024-07-22T05:45:05-05:00[America/Lima]
2025-12-07 21:33:24.390 [http-nio-8081-exec-4] INFO  com.dp1.backend.services.EnvioService - Fecha de salida: 2025-12-03T19:18:00.006205Z
2025-12-07 21:33:24.391 [http-nio-8081-exec-4] INFO  com.dp1.backend.services.EnvioService - Fecha de fin: 2024-07-22T05:45:05-05:00[America/Lima]
2025-12-07 21:33:24.393 [http-nio-8081-exec-4] INFO  com.dp1.backend.services.EnvioService - Fecha de salida: 2025-12-03T22:25:11.859078Z
2025-12-07 21:33:24.394 [http-nio-8081-exec-4] INFO  com.dp1.backend.services.EnvioService - Fecha de fin: 2024-07-22T05:45:05-05:00[America/Lima]
2025-12-07 21:33:24.494 [http-nio-8081-exec-4] INFO  com.dp1.backend.handlers.SocketConnectionHandler - Enviando # de envios en operación: inicio0
2025-12-07 21:33:24.641 [http-nio-8081-exec-4] INFO  com.dp1.backend.handlers.SocketConnectionHandler - Enviando # de vuelos en el aire: inicio1216
2025-12-07 21:33:27.499 [http-nio-8081-exec-8] INFO  com.dp1.backend.services.ACOService - Tiempo de ejecución: 5718 ms
2025-12-07 21:33:27.531 [http-nio-8081-exec-8] INFO  com.dp1.backend.services.ACOService - Paquetes entregados con función André: 583
2025-12-07 21:33:27.605 [http-nio-8081-exec-8] INFO  com.dp1.backend.handlers.SocketConnectionHandler - Enviando resultado del algoritmo 'para los vuelos en el aire'
2025-12-07 21:33:27.619 [http-nio-8081-exec-8] INFO  com.dp1.backend.handlers.SocketConnectionHandler - Enviando # de vuelos en el aire: 126
2025-12-07 21:33:27.636 [http-nio-8081-exec-8] INFO  com.dp1.backend.handlers.SocketConnectionHandler - Enviando # de vuelos en el aire: 115
2025-12-07 21:33:27.649 [http-nio-8081-exec-8] INFO  com.dp1.backend.handlers.SocketConnectionHandler - Enviando # de vuelos en el aire: 107
2025-12-07 21:33:27.683 [http-nio-8081-exec-8] INFO  com.dp1.backend.handlers.SocketConnectionHandler - Enviando # de vuelos en el aire: 116
2025-12-07 21:33:27.692 [http-nio-8081-exec-8] INFO  com.dp1.backend.services.ACOService - Desde - hasta: 2025-12-08T18:27:13-05:00[America/Lima] - 2025-12-08T21:27:13-05:00[America/Lima]
2025-12-07 21:33:27.737 [http-nio-8081-exec-8] INFO  com.dp1.backend.services.ACOService - Ejecutando ACO para: 
2025-12-07 21:33:27.738 [http-nio-8081-exec-8] INFO  com.dp1.backend.services.ACOService - Aeropuertos: 30
2025-12-07 21:33:27.738 [http-nio-8081-exec-8] INFO  com.dp1.backend.services.ACOService - Vuelos: 2866
2025-12-07 21:33:27.739 [http-nio-8081-exec-8] INFO  com.dp1.backend.services.ACOService - Envios: 717
2025-12-07 21:33:27.739 [http-nio-8081-exec-8] INFO  com.dp1.backend.services.ACOService - Paquetes: 1329
2025-12-07 21:33:40.063 [http-nio-8081-exec-8] INFO  com.dp1.backend.services.ACOService - Tiempo de ejecución: 12324 ms
2025-12-07 21:33:40.105 [http-nio-8081-exec-8] INFO  com.dp1.backend.services.ACOService - Paquetes entregados con función André: 1322
2025-12-07 21:33:40.188 [http-nio-8081-exec-8] INFO  com.dp1.backend.handlers.SocketConnectionHandler - Enviando resultado del algoritmo 'para los vuelos en el aire'
2025-12-07 21:33:40.199 [http-nio-8081-exec-8] INFO  com.dp1.backend.handlers.SocketConnectionHandler - Enviando # de vuelos en el aire: 114
2025-12-07 21:33:40.207 [http-nio-8081-exec-8] INFO  com.dp1.backend.handlers.SocketConnectionHandler - Enviando # de vuelos en el aire: 113
2025-12-07 21:33:40.216 [http-nio-8081-exec-8] INFO  com.dp1.backend.handlers.SocketConnectionHandler - Enviando # de vuelos en el aire: 112
2025-12-07 21:33:40.226 [http-nio-8081-exec-8] INFO  com.dp1.backend.handlers.SocketConnectionHandler - Enviando # de vuelos en el aire: 127
2025-12-07 21:33:40.227 [http-nio-8081-exec-8] INFO  com.dp1.backend.services.ACOService - Desde - hasta: 2025-12-08T22:27:13-05:00[America/Lima] - 2025-12-09T01:27:13-05:00[America/Lima]
2025-12-07 21:33:40.251 [http-nio-8081-exec-8] INFO  com.dp1.backend.services.ACOService - Ejecutando ACO para: 
2025-12-07 21:33:40.251 [http-nio-8081-exec-8] INFO  com.dp1.backend.services.ACOService - Aeropuertos: 30
2025-12-07 21:33:40.251 [http-nio-8081-exec-8] INFO  com.dp1.backend.services.ACOService - Vuelos: 2866
2025-12-07 21:33:40.252 [http-nio-8081-exec-8] INFO  com.dp1.backend.services.ACOService - Envios: 668
2025-12-07 21:33:40.252 [http-nio-8081-exec-8] INFO  com.dp1.backend.services.ACOService - Paquetes: 1283
2025-12-07 21:33:47.587 [http-nio-8081-exec-8] INFO  com.dp1.backend.services.ACOService - Tiempo de ejecución: 7335 ms
2025-12-07 21:33:47.611 [http-nio-8081-exec-8] INFO  com.dp1.backend.services.ACOService - Paquetes entregados con función André: 1281
2025-12-07 21:33:47.683 [http-nio-8081-exec-8] INFO  com.dp1.backend.handlers.SocketConnectionHandler - Enviando resultado del algoritmo 'para los vuelos en el aire'
2025-12-07 21:33:47.689 [http-nio-8081-exec-8] INFO  com.dp1.backend.handlers.SocketConnectionHandler - Enviando # de vuelos en el aire: 108
2025-12-07 21:33:47.696 [http-nio-8081-exec-8] INFO  com.dp1.backend.handlers.SocketConnectionHandler - Enviando # de vuelos en el aire: 104
2025-12-07 21:33:47.701 [http-nio-8081-exec-8] INFO  com.dp1.backend.handlers.SocketConnectionHandler - Enviando # de vuelos en el aire: 128
2025-12-07 21:33:47.706 [http-nio-8081-exec-8] INFO  com.dp1.backend.handlers.SocketConnectionHandler - Enviando # de vuelos en el aire: 145
2025-12-07 21:33:47.707 [http-nio-8081-exec-8] INFO  com.dp1.backend.services.ACOService - Desde - hasta: 2025-12-09T02:27:13-05:00[America/Lima] - 2025-12-09T05:27:13-05:00[America/Lima]
2025-12-07 21:33:47.726 [http-nio-8081-exec-8] INFO  com.dp1.backend.services.ACOService - Ejecutando ACO para: 
2025-12-07 21:33:47.726 [http-nio-8081-exec-8] INFO  com.dp1.backend.services.ACOService - Aeropuertos: 30
2025-12-07 21:33:47.727 [http-nio-8081-exec-8] INFO  com.dp1.backend.services.ACOService - Vuelos: 2866
2025-12-07 21:33:47.727 [http-nio-8081-exec-8] INFO  com.dp1.backend.services.ACOService - Envios: 771
2025-12-07 21:33:47.727 [http-nio-8081-exec-8] INFO  com.dp1.backend.services.ACOService - Paquetes: 1303
2025-12-07 21:33:56.547 [http-nio-8081-exec-8] INFO  com.dp1.backend.services.ACOService - Tiempo de ejecución: 8819 ms
2025-12-07 21:33:56.579 [http-nio-8081-exec-8] INFO  com.dp1.backend.services.ACOService - Paquetes entregados con función André: 1295
2025-12-07 21:33:56.651 [http-nio-8081-exec-8] INFO  com.dp1.backend.handlers.SocketConnectionHandler - Enviando resultado del algoritmo 'para los vuelos en el aire'
2025-12-07 21:33:56.653 [http-nio-8081-exec-8] INFO  com.dp1.backend.handlers.SocketConnectionHandler - a8f739c1-609a-a6f6-c509-03e664b9d023  desconectado del socket
2025-12-07 21:33:57.422 [http-nio-8081-exec-6] INFO  com.dp1.backend.handlers.SocketConnectionHandler - Enviando # de vuelos en el aire: 3
2025-12-07 21:33:57.451 [http-nio-8081-exec-6] INFO  com.dp1.backend.services.EnvioService - Envios despues de fecha inicio: 8
2025-12-07 21:33:57.451 [http-nio-8081-exec-6] INFO  com.dp1.backend.services.EnvioService - Fecha de salida: 2025-12-03T21:41:51.668364Z
2025-12-07 21:33:57.452 [http-nio-8081-exec-6] INFO  com.dp1.backend.services.EnvioService - Fecha de fin: 2024-07-22T05:45:31-05:00[America/Lima]
2025-12-07 21:33:57.452 [http-nio-8081-exec-6] INFO  com.dp1.backend.services.EnvioService - Fecha de salida: 2025-12-04T04:53:10.409571Z
2025-12-07 21:33:57.453 [http-nio-8081-exec-6] INFO  com.dp1.backend.services.EnvioService - Fecha de fin: 2024-07-22T05:45:31-05:00[America/Lima]
2025-12-07 21:33:57.453 [http-nio-8081-exec-6] INFO  com.dp1.backend.services.EnvioService - Fecha de salida: 2025-12-03T21:53:55.393622Z
2025-12-07 21:33:57.454 [http-nio-8081-exec-6] INFO  com.dp1.backend.services.EnvioService - Fecha de fin: 2024-07-22T05:45:31-05:00[America/Lima]
2025-12-07 21:33:57.454 [http-nio-8081-exec-6] INFO  com.dp1.backend.services.EnvioService - Fecha de salida: 2025-12-03T20:58:58.142621Z
2025-12-07 21:33:57.454 [http-nio-8081-exec-6] INFO  com.dp1.backend.services.EnvioService - Fecha de fin: 2024-07-22T05:45:31-05:00[America/Lima]
2025-12-07 21:33:57.455 [http-nio-8081-exec-6] INFO  com.dp1.backend.services.EnvioService - Fecha de salida: 2025-12-03T22:05:55.081982Z
2025-12-07 21:33:57.455 [http-nio-8081-exec-6] INFO  com.dp1.backend.services.EnvioService - Fecha de fin: 2024-07-22T05:45:31-05:00[America/Lima]
2025-12-07 21:33:57.455 [http-nio-8081-exec-6] INFO  com.dp1.backend.services.EnvioService - Fecha de salida: 2025-12-03T22:10:10.060051Z
2025-12-07 21:33:57.456 [http-nio-8081-exec-6] INFO  com.dp1.backend.services.EnvioService - Fecha de fin: 2024-07-22T05:45:31-05:00[America/Lima]
2025-12-07 21:33:57.456 [http-nio-8081-exec-6] INFO  com.dp1.backend.services.EnvioService - Fecha de salida: 2025-12-03T19:18:00.006205Z
2025-12-07 21:33:57.456 [http-nio-8081-exec-6] INFO  com.dp1.backend.services.EnvioService - Fecha de fin: 2024-07-22T05:45:31-05:00[America/Lima]
2025-12-07 21:33:57.457 [http-nio-8081-exec-6] INFO  com.dp1.backend.services.EnvioService - Fecha de salida: 2025-12-03T22:25:11.859078Z
2025-12-07 21:33:57.457 [http-nio-8081-exec-6] INFO  com.dp1.backend.services.EnvioService - Fecha de fin: 2024-07-22T05:45:31-05:00[America/Lima]
2025-12-07 21:33:57.458 [http-nio-8081-exec-6] INFO  com.dp1.backend.handlers.SocketConnectionHandler - Enviando # de envios nuevos: 0
2025-12-07 21:33:57.506 [http-nio-8081-exec-6] INFO  com.dp1.backend.services.EnvioService - Envios despues de fecha inicio: 8
2025-12-07 21:33:57.507 [http-nio-8081-exec-6] INFO  com.dp1.backend.services.EnvioService - Fecha de salida: 2025-12-03T21:41:51.668364Z
2025-12-07 21:33:57.507 [http-nio-8081-exec-6] INFO  com.dp1.backend.services.EnvioService - Fecha de fin: 2024-07-22T05:45-05:00[America/Lima]
2025-12-07 21:33:57.508 [http-nio-8081-exec-6] INFO  com.dp1.backend.services.EnvioService - Fecha de salida: 2025-12-04T04:53:10.409571Z
2025-12-07 21:33:57.509 [http-nio-8081-exec-6] INFO  com.dp1.backend.services.EnvioService - Fecha de fin: 2024-07-22T05:45-05:00[America/Lima]
2025-12-07 21:33:57.509 [http-nio-8081-exec-6] INFO  com.dp1.backend.services.EnvioService - Fecha de salida: 2025-12-03T21:53:55.393622Z
2025-12-07 21:33:57.510 [http-nio-8081-exec-6] INFO  com.dp1.backend.services.EnvioService - Fecha de fin: 2024-07-22T05:45-05:00[America/Lima]
2025-12-07 21:33:57.510 [http-nio-8081-exec-6] INFO  com.dp1.backend.services.EnvioService - Fecha de salida: 2025-12-03T20:58:58.142621Z
2025-12-07 21:33:57.510 [http-nio-8081-exec-6] INFO  com.dp1.backend.services.EnvioService - Fecha de fin: 2024-07-22T05:45-05:00[America/Lima]
2025-12-07 21:33:57.512 [http-nio-8081-exec-6] INFO  com.dp1.backend.services.EnvioService - Fecha de salida: 2025-12-03T22:05:55.081982Z
2025-12-07 21:33:57.513 [http-nio-8081-exec-6] INFO  com.dp1.backend.services.EnvioService - Fecha de fin: 2024-07-22T05:45-05:00[America/Lima]
2025-12-07 21:33:57.514 [http-nio-8081-exec-6] INFO  com.dp1.backend.services.EnvioService - Fecha de salida: 2025-12-03T22:10:10.060051Z
2025-12-07 21:33:57.520 [http-nio-8081-exec-6] INFO  com.dp1.backend.services.EnvioService - Fecha de fin: 2024-07-22T05:45-05:00[America/Lima]
2025-12-07 21:33:57.521 [http-nio-8081-exec-6] INFO  com.dp1.backend.services.EnvioService - Fecha de salida: 2025-12-03T19:18:00.006205Z
2025-12-07 21:33:57.521 [http-nio-8081-exec-6] INFO  com.dp1.backend.services.EnvioService - Fecha de fin: 2024-07-22T05:45-05:00[America/Lima]
2025-12-07 21:33:57.522 [http-nio-8081-exec-6] INFO  com.dp1.backend.services.EnvioService - Fecha de salida: 2025-12-03T22:25:11.859078Z
2025-12-07 21:33:57.522 [http-nio-8081-exec-6] INFO  com.dp1.backend.services.EnvioService - Fecha de fin: 2024-07-22T05:45-05:00[America/Lima]
2025-12-07 21:33:57.523 [http-nio-8081-exec-6] INFO  com.dp1.backend.handlers.SocketConnectionHandler - Enviando # de envios en operación: 0
2025-12-07 21:34:40.497 [http-nio-8081-exec-7] INFO  com.dp1.backend.handlers.SocketConnectionHandler - Enviando # de vuelos en el aire: 3
2025-12-07 21:34:40.517 [http-nio-8081-exec-7] INFO  com.dp1.backend.services.EnvioService - Envios despues de fecha inicio: 8
2025-12-07 21:34:40.518 [http-nio-8081-exec-7] INFO  com.dp1.backend.services.EnvioService - Fecha de salida: 2025-12-03T21:41:51.668364Z
2025-12-07 21:34:40.518 [http-nio-8081-exec-7] INFO  com.dp1.backend.services.EnvioService - Fecha de fin: 2024-07-22T05:46:02-05:00[America/Lima]
2025-12-07 21:34:40.519 [http-nio-8081-exec-7] INFO  com.dp1.backend.services.EnvioService - Fecha de salida: 2025-12-04T04:53:10.409571Z
2025-12-07 21:34:40.519 [http-nio-8081-exec-7] INFO  com.dp1.backend.services.EnvioService - Fecha de fin: 2024-07-22T05:46:02-05:00[America/Lima]
2025-12-07 21:34:40.520 [http-nio-8081-exec-7] INFO  com.dp1.backend.services.EnvioService - Fecha de salida: 2025-12-03T21:53:55.393622Z
2025-12-07 21:34:40.520 [http-nio-8081-exec-7] INFO  com.dp1.backend.services.EnvioService - Fecha de fin: 2024-07-22T05:46:02-05:00[America/Lima]
2025-12-07 21:34:40.520 [http-nio-8081-exec-7] INFO  com.dp1.backend.services.EnvioService - Fecha de salida: 2025-12-03T20:58:58.142621Z
2025-12-07 21:34:40.520 [http-nio-8081-exec-7] INFO  com.dp1.backend.services.EnvioService - Fecha de fin: 2024-07-22T05:46:02-05:00[America/Lima]
2025-12-07 21:34:40.521 [http-nio-8081-exec-7] INFO  com.dp1.backend.services.EnvioService - Fecha de salida: 2025-12-03T22:05:55.081982Z
2025-12-07 21:34:40.521 [http-nio-8081-exec-7] INFO  com.dp1.backend.services.EnvioService - Fecha de fin: 2024-07-22T05:46:02-05:00[America/Lima]
2025-12-07 21:34:40.521 [http-nio-8081-exec-7] INFO  com.dp1.backend.services.EnvioService - Fecha de salida: 2025-12-03T22:10:10.060051Z
2025-12-07 21:34:40.521 [http-nio-8081-exec-7] INFO  com.dp1.backend.services.EnvioService - Fecha de fin: 2024-07-22T05:46:02-05:00[America/Lima]
2025-12-07 21:34:40.521 [http-nio-8081-exec-7] INFO  com.dp1.backend.services.EnvioService - Fecha de salida: 2025-12-03T19:18:00.006205Z
2025-12-07 21:34:40.521 [http-nio-8081-exec-7] INFO  com.dp1.backend.services.EnvioService - Fecha de fin: 2024-07-22T05:46:02-05:00[America/Lima]
2025-12-07 21:34:40.521 [http-nio-8081-exec-7] INFO  com.dp1.backend.services.EnvioService - Fecha de salida: 2025-12-03T22:25:11.859078Z
2025-12-07 21:34:40.523 [http-nio-8081-exec-7] INFO  com.dp1.backend.services.EnvioService - Fecha de fin: 2024-07-22T05:46:02-05:00[America/Lima]
2025-12-07 21:34:40.523 [http-nio-8081-exec-7] INFO  com.dp1.backend.handlers.SocketConnectionHandler - Enviando # de envios nuevos: 0
2025-12-07 21:34:40.547 [http-nio-8081-exec-7] INFO  com.dp1.backend.services.EnvioService - Envios despues de fecha inicio: 8
2025-12-07 21:34:40.547 [http-nio-8081-exec-7] INFO  com.dp1.backend.services.EnvioService - Fecha de salida: 2025-12-03T21:41:51.668364Z
2025-12-07 21:34:40.547 [http-nio-8081-exec-7] INFO  com.dp1.backend.services.EnvioService - Fecha de fin: 2024-07-22T05:45:31-05:00[America/Lima]
2025-12-07 21:34:40.547 [http-nio-8081-exec-7] INFO  com.dp1.backend.services.EnvioService - Fecha de salida: 2025-12-04T04:53:10.409571Z
2025-12-07 21:34:40.548 [http-nio-8081-exec-7] INFO  com.dp1.backend.services.EnvioService - Fecha de fin: 2024-07-22T05:45:31-05:00[America/Lima]
2025-12-07 21:34:40.548 [http-nio-8081-exec-7] INFO  com.dp1.backend.services.EnvioService - Fecha de salida: 2025-12-03T21:53:55.393622Z
2025-12-07 21:34:40.548 [http-nio-8081-exec-7] INFO  com.dp1.backend.services.EnvioService - Fecha de fin: 2024-07-22T05:45:31-05:00[America/Lima]
2025-12-07 21:34:40.549 [http-nio-8081-exec-7] INFO  com.dp1.backend.services.EnvioService - Fecha de salida: 2025-12-03T20:58:58.142621Z
2025-12-07 21:34:40.549 [http-nio-8081-exec-7] INFO  com.dp1.backend.services.EnvioService - Fecha de fin: 2024-07-22T05:45:31-05:00[America/Lima]
2025-12-07 21:34:40.549 [http-nio-8081-exec-7] INFO  com.dp1.backend.services.EnvioService - Fecha de salida: 2025-12-03T22:05:55.081982Z
2025-12-07 21:34:40.549 [http-nio-8081-exec-7] INFO  com.dp1.backend.services.EnvioService - Fecha de fin: 2024-07-22T05:45:31-05:00[America/Lima]
2025-12-07 21:34:40.550 [http-nio-8081-exec-7] INFO  com.dp1.backend.services.EnvioService - Fecha de salida: 2025-12-03T22:10:10.060051Z
2025-12-07 21:34:40.550 [http-nio-8081-exec-7] INFO  com.dp1.backend.services.EnvioService - Fecha de fin: 2024-07-22T05:45:31-05:00[America/Lima]
2025-12-07 21:34:40.550 [http-nio-8081-exec-7] INFO  com.dp1.backend.services.EnvioService - Fecha de salida: 2025-12-03T19:18:00.006205Z
2025-12-07 21:34:40.551 [http-nio-8081-exec-7] INFO  com.dp1.backend.services.EnvioService - Fecha de fin: 2024-07-22T05:45:31-05:00[America/Lima]
2025-12-07 21:34:40.551 [http-nio-8081-exec-7] INFO  com.dp1.backend.services.EnvioService - Fecha de salida: 2025-12-03T22:25:11.859078Z
2025-12-07 21:34:40.551 [http-nio-8081-exec-7] INFO  com.dp1.backend.services.EnvioService - Fecha de fin: 2024-07-22T05:45:31-05:00[America/Lima]
2025-12-07 21:34:40.551 [http-nio-8081-exec-7] INFO  com.dp1.backend.handlers.SocketConnectionHandler - Enviando # de envios en operación: 0
2025-12-07 21:35:12.640 [http-nio-8081-exec-10] INFO  com.dp1.backend.handlers.SocketConnectionHandler - Enviando # de vuelos en el aire: 0
2025-12-07 21:35:12.662 [http-nio-8081-exec-10] INFO  com.dp1.backend.services.EnvioService - Envios despues de fecha inicio: 8
2025-12-07 21:35:12.662 [http-nio-8081-exec-10] INFO  com.dp1.backend.services.EnvioService - Fecha de salida: 2025-12-03T21:41:51.668364Z
2025-12-07 21:35:12.662 [http-nio-8081-exec-10] INFO  com.dp1.backend.services.EnvioService - Fecha de fin: 2024-07-22T05:46:33-05:00[America/Lima]
2025-12-07 21:35:12.662 [http-nio-8081-exec-10] INFO  com.dp1.backend.services.EnvioService - Fecha de salida: 2025-12-04T04:53:10.409571Z
2025-12-07 21:35:12.664 [http-nio-8081-exec-10] INFO  com.dp1.backend.services.EnvioService - Fecha de fin: 2024-07-22T05:46:33-05:00[America/Lima]
2025-12-07 21:35:12.664 [http-nio-8081-exec-10] INFO  com.dp1.backend.services.EnvioService - Fecha de salida: 2025-12-03T21:53:55.393622Z
2025-12-07 21:35:12.664 [http-nio-8081-exec-10] INFO  com.dp1.backend.services.EnvioService - Fecha de fin: 2024-07-22T05:46:33-05:00[America/Lima]
2025-12-07 21:35:12.664 [http-nio-8081-exec-10] INFO  com.dp1.backend.services.EnvioService - Fecha de salida: 2025-12-03T20:58:58.142621Z
2025-12-07 21:35:12.665 [http-nio-8081-exec-10] INFO  com.dp1.backend.services.EnvioService - Fecha de fin: 2024-07-22T05:46:33-05:00[America/Lima]
2025-12-07 21:35:12.665 [http-nio-8081-exec-10] INFO  com.dp1.backend.services.EnvioService - Fecha de salida: 2025-12-03T22:05:55.081982Z
2025-12-07 21:35:12.665 [http-nio-8081-exec-10] INFO  com.dp1.backend.services.EnvioService - Fecha de fin: 2024-07-22T05:46:33-05:00[America/Lima]
2025-12-07 21:35:12.666 [http-nio-8081-exec-10] INFO  com.dp1.backend.services.EnvioService - Fecha de salida: 2025-12-03T22:10:10.060051Z
2025-12-07 21:35:12.666 [http-nio-8081-exec-10] INFO  com.dp1.backend.services.EnvioService - Fecha de fin: 2024-07-22T05:46:33-05:00[America/Lima]
2025-12-07 21:35:12.666 [http-nio-8081-exec-10] INFO  com.dp1.backend.services.EnvioService - Fecha de salida: 2025-12-03T19:18:00.006205Z
2025-12-07 21:35:12.666 [http-nio-8081-exec-10] INFO  com.dp1.backend.services.EnvioService - Fecha de fin: 2024-07-22T05:46:33-05:00[America/Lima]
2025-12-07 21:35:12.667 [http-nio-8081-exec-10] INFO  com.dp1.backend.services.EnvioService - Fecha de salida: 2025-12-03T22:25:11.859078Z
2025-12-07 21:35:12.667 [http-nio-8081-exec-10] INFO  com.dp1.backend.services.EnvioService - Fecha de fin: 2024-07-22T05:46:33-05:00[America/Lima]
2025-12-07 21:35:12.667 [http-nio-8081-exec-10] INFO  com.dp1.backend.handlers.SocketConnectionHandler - Enviando # de envios nuevos: 0
2025-12-07 21:35:12.690 [http-nio-8081-exec-10] INFO  com.dp1.backend.services.EnvioService - Envios despues de fecha inicio: 8
2025-12-07 21:35:12.690 [http-nio-8081-exec-10] INFO  com.dp1.backend.services.EnvioService - Fecha de salida: 2025-12-03T21:41:51.668364Z
2025-12-07 21:35:12.690 [http-nio-8081-exec-10] INFO  com.dp1.backend.services.EnvioService - Fecha de fin: 2024-07-22T05:46:02-05:00[America/Lima]
2025-12-07 21:35:12.691 [http-nio-8081-exec-10] INFO  com.dp1.backend.services.EnvioService - Fecha de salida: 2025-12-04T04:53:10.409571Z
2025-12-07 21:35:12.691 [http-nio-8081-exec-10] INFO  com.dp1.backend.services.EnvioService - Fecha de fin: 2024-07-22T05:46:02-05:00[America/Lima]
2025-12-07 21:35:12.691 [http-nio-8081-exec-10] INFO  com.dp1.backend.services.EnvioService - Fecha de salida: 2025-12-03T21:53:55.393622Z
2025-12-07 21:35:12.692 [http-nio-8081-exec-10] INFO  com.dp1.backend.services.EnvioService - Fecha de fin: 2024-07-22T05:46:02-05:00[America/Lima]
2025-12-07 21:35:12.692 [http-nio-8081-exec-10] INFO  com.dp1.backend.services.EnvioService - Fecha de salida: 2025-12-03T20:58:58.142621Z
2025-12-07 21:35:12.692 [http-nio-8081-exec-10] INFO  com.dp1.backend.services.EnvioService - Fecha de fin: 2024-07-22T05:46:02-05:00[America/Lima]
2025-12-07 21:35:12.693 [http-nio-8081-exec-10] INFO  com.dp1.backend.services.EnvioService - Fecha de salida: 2025-12-03T22:05:55.081982Z
2025-12-07 21:35:12.693 [http-nio-8081-exec-10] INFO  com.dp1.backend.services.EnvioService - Fecha de fin: 2024-07-22T05:46:02-05:00[America/Lima]
2025-12-07 21:35:12.693 [http-nio-8081-exec-10] INFO  com.dp1.backend.services.EnvioService - Fecha de salida: 2025-12-03T22:10:10.060051Z
2025-12-07 21:35:12.693 [http-nio-8081-exec-10] INFO  com.dp1.backend.services.EnvioService - Fecha de fin: 2024-07-22T05:46:02-05:00[America/Lima]
2025-12-07 21:35:12.693 [http-nio-8081-exec-10] INFO  com.dp1.backend.services.EnvioService - Fecha de salida: 2025-12-03T19:18:00.006205Z
2025-12-07 21:35:12.693 [http-nio-8081-exec-10] INFO  com.dp1.backend.services.EnvioService - Fecha de fin: 2024-07-22T05:46:02-05:00[America/Lima]
2025-12-07 21:35:12.695 [http-nio-8081-exec-10] INFO  com.dp1.backend.services.EnvioService - Fecha de salida: 2025-12-03T22:25:11.859078Z
2025-12-07 21:35:12.695 [http-nio-8081-exec-10] INFO  com.dp1.backend.services.EnvioService - Fecha de fin: 2024-07-22T05:46:02-05:00[America/Lima]
2025-12-07 21:35:12.696 [http-nio-8081-exec-10] INFO  com.dp1.backend.handlers.SocketConnectionHandler - Enviando # de envios en operación: 0
2025-12-07 21:35:44.564 [http-nio-8081-exec-9] INFO  com.dp1.backend.handlers.SocketConnectionHandler - Enviando # de vuelos en el aire: 4
2025-12-07 21:35:44.588 [http-nio-8081-exec-9] INFO  com.dp1.backend.services.EnvioService - Envios despues de fecha inicio: 8
2025-12-07 21:35:44.588 [http-nio-8081-exec-9] INFO  com.dp1.backend.services.EnvioService - Fecha de salida: 2025-12-03T21:41:51.668364Z
2025-12-07 21:35:44.589 [http-nio-8081-exec-9] INFO  com.dp1.backend.services.EnvioService - Fecha de fin: 2024-07-22T05:47:04-05:00[America/Lima]
2025-12-07 21:35:44.589 [http-nio-8081-exec-9] INFO  com.dp1.backend.services.EnvioService - Fecha de salida: 2025-12-04T04:53:10.409571Z
2025-12-07 21:35:44.589 [http-nio-8081-exec-9] INFO  com.dp1.backend.services.EnvioService - Fecha de fin: 2024-07-22T05:47:04-05:00[America/Lima]
2025-12-07 21:35:44.589 [http-nio-8081-exec-9] INFO  com.dp1.backend.services.EnvioService - Fecha de salida: 2025-12-03T21:53:55.393622Z
2025-12-07 21:35:44.590 [http-nio-8081-exec-9] INFO  com.dp1.backend.services.EnvioService - Fecha de fin: 2024-07-22T05:47:04-05:00[America/Lima]
2025-12-07 21:35:44.590 [http-nio-8081-exec-9] INFO  com.dp1.backend.services.EnvioService - Fecha de salida: 2025-12-03T20:58:58.142621Z
2025-12-07 21:35:44.590 [http-nio-8081-exec-9] INFO  com.dp1.backend.services.EnvioService - Fecha de fin: 2024-07-22T05:47:04-05:00[America/Lima]
2025-12-07 21:35:44.590 [http-nio-8081-exec-9] INFO  com.dp1.backend.services.EnvioService - Fecha de salida: 2025-12-03T22:05:55.081982Z
2025-12-07 21:35:44.591 [http-nio-8081-exec-9] INFO  com.dp1.backend.services.EnvioService - Fecha de fin: 2024-07-22T05:47:04-05:00[America/Lima]
2025-12-07 21:35:44.591 [http-nio-8081-exec-9] INFO  com.dp1.backend.services.EnvioService - Fecha de salida: 2025-12-03T22:10:10.060051Z
2025-12-07 21:35:44.591 [http-nio-8081-exec-9] INFO  com.dp1.backend.services.EnvioService - Fecha de fin: 2024-07-22T05:47:04-05:00[America/Lima]
2025-12-07 21:35:44.592 [http-nio-8081-exec-9] INFO  com.dp1.backend.services.EnvioService - Fecha de salida: 2025-12-03T19:18:00.006205Z
2025-12-07 21:35:44.592 [http-nio-8081-exec-9] INFO  com.dp1.backend.services.EnvioService - Fecha de fin: 2024-07-22T05:47:04-05:00[America/Lima]
2025-12-07 21:35:44.592 [http-nio-8081-exec-9] INFO  com.dp1.backend.services.EnvioService - Fecha de salida: 2025-12-03T22:25:11.859078Z
2025-12-07 21:35:44.592 [http-nio-8081-exec-9] INFO  com.dp1.backend.services.EnvioService - Fecha de fin: 2024-07-22T05:47:04-05:00[America/Lima]
2025-12-07 21:35:44.593 [http-nio-8081-exec-9] INFO  com.dp1.backend.handlers.SocketConnectionHandler - Enviando # de envios nuevos: 0
2025-12-07 21:35:44.615 [http-nio-8081-exec-9] INFO  com.dp1.backend.services.EnvioService - Envios despues de fecha inicio: 8
2025-12-07 21:35:44.615 [http-nio-8081-exec-9] INFO  com.dp1.backend.services.EnvioService - Fecha de salida: 2025-12-03T21:41:51.668364Z
2025-12-07 21:35:44.615 [http-nio-8081-exec-9] INFO  com.dp1.backend.services.EnvioService - Fecha de fin: 2024-07-22T05:46:33-05:00[America/Lima]
2025-12-07 21:35:44.616 [http-nio-8081-exec-9] INFO  com.dp1.backend.services.EnvioService - Fecha de salida: 2025-12-04T04:53:10.409571Z
2025-12-07 21:35:44.616 [http-nio-8081-exec-9] INFO  com.dp1.backend.services.EnvioService - Fecha de fin: 2024-07-22T05:46:33-05:00[America/Lima]
2025-12-07 21:35:44.616 [http-nio-8081-exec-9] INFO  com.dp1.backend.services.EnvioService - Fecha de salida: 2025-12-03T21:53:55.393622Z
2025-12-07 21:35:44.616 [http-nio-8081-exec-9] INFO  com.dp1.backend.services.EnvioService - Fecha de fin: 2024-07-22T05:46:33-05:00[America/Lima]
2025-12-07 21:35:44.616 [http-nio-8081-exec-9] INFO  com.dp1.backend.services.EnvioService - Fecha de salida: 2025-12-03T20:58:58.142621Z
2025-12-07 21:35:44.617 [http-nio-8081-exec-9] INFO  com.dp1.backend.services.EnvioService - Fecha de fin: 2024-07-22T05:46:33-05:00[America/Lima]
2025-12-07 21:35:44.617 [http-nio-8081-exec-9] INFO  com.dp1.backend.services.EnvioService - Fecha de salida: 2025-12-03T22:05:55.081982Z
2025-12-07 21:35:44.617 [http-nio-8081-exec-9] INFO  com.dp1.backend.services.EnvioService - Fecha de fin: 2024-07-22T05:46:33-05:00[America/Lima]
2025-12-07 21:35:44.617 [http-nio-8081-exec-9] INFO  com.dp1.backend.services.EnvioService - Fecha de salida: 2025-12-03T22:10:10.060051Z
2025-12-07 21:35:44.618 [http-nio-8081-exec-9] INFO  com.dp1.backend.services.EnvioService - Fecha de fin: 2024-07-22T05:46:33-05:00[America/Lima]
2025-12-07 21:35:44.618 [http-nio-8081-exec-9] INFO  com.dp1.backend.services.EnvioService - Fecha de salida: 2025-12-03T19:18:00.006205Z
2025-12-07 21:35:44.618 [http-nio-8081-exec-9] INFO  com.dp1.backend.services.EnvioService - Fecha de fin: 2024-07-22T05:46:33-05:00[America/Lima]
2025-12-07 21:35:44.618 [http-nio-8081-exec-9] INFO  com.dp1.backend.services.EnvioService - Fecha de salida: 2025-12-03T22:25:11.859078Z
2025-12-07 21:35:44.619 [http-nio-8081-exec-9] INFO  com.dp1.backend.services.EnvioService - Fecha de fin: 2024-07-22T05:46:33-05:00[America/Lima]
2025-12-07 21:35:44.619 [http-nio-8081-exec-9] INFO  com.dp1.backend.handlers.SocketConnectionHandler - Enviando # de envios en operación: 0
2025-12-07 21:35:50.406 [http-nio-8081-exec-6] INFO  com.dp1.backend.services.ClienteService - Creando cliente con datos: grillo pepe mr@cc.com 
2025-12-07 21:35:50.587 [http-nio-8081-exec-7] INFO  com.dp1.backend.services.ClienteService - Creando cliente con datos: rgerg fewfer fergegr@mp.com 
2025-12-07 21:35:50.679 [http-nio-8081-exec-9] INFO  com.dp1.backend.services.EnvioService - Todo bien hasta primer guardado
2025-12-07 21:35:50.747 [http-nio-8081-exec-9] INFO  com.dp1.backend.services.EnvioService - Todo bien hasta segundo guardado
2025-12-07 21:35:51.300 [http-nio-8081-exec-9] INFO  com.dp1.backend.services.EnvioService - Todo bien hasta guardado de paquetes
2025-12-07 21:36:16.410 [http-nio-8081-exec-8] INFO  com.dp1.backend.handlers.SocketConnectionHandler - Enviando # de vuelos en el aire: 0
2025-12-07 21:36:16.445 [http-nio-8081-exec-8] INFO  com.dp1.backend.services.EnvioService - Envios despues de fecha inicio: 9
2025-12-07 21:36:16.448 [http-nio-8081-exec-8] INFO  com.dp1.backend.services.EnvioService - Fecha de salida: 2025-12-03T21:41:51.668364Z
2025-12-07 21:36:16.448 [http-nio-8081-exec-8] INFO  com.dp1.backend.services.EnvioService - Fecha de fin: 2024-07-22T05:47:35-05:00[America/Lima]
2025-12-07 21:36:16.449 [http-nio-8081-exec-8] INFO  com.dp1.backend.services.EnvioService - Fecha de salida: 2025-12-04T04:53:10.409571Z
2025-12-07 21:36:16.449 [http-nio-8081-exec-8] INFO  com.dp1.backend.services.EnvioService - Fecha de fin: 2024-07-22T05:47:35-05:00[America/Lima]
2025-12-07 21:36:16.450 [http-nio-8081-exec-8] INFO  com.dp1.backend.services.EnvioService - Fecha de salida: 2025-12-03T21:53:55.393622Z
2025-12-07 21:36:16.451 [http-nio-8081-exec-8] INFO  com.dp1.backend.services.EnvioService - Fecha de fin: 2024-07-22T05:47:35-05:00[America/Lima]
2025-12-07 21:36:16.451 [http-nio-8081-exec-8] INFO  com.dp1.backend.services.EnvioService - Fecha de salida: 2025-12-03T20:58:58.142621Z
2025-12-07 21:36:16.452 [http-nio-8081-exec-8] INFO  com.dp1.backend.services.EnvioService - Fecha de fin: 2024-07-22T05:47:35-05:00[America/Lima]
2025-12-07 21:36:16.454 [http-nio-8081-exec-8] INFO  com.dp1.backend.services.EnvioService - Fecha de salida: 2025-12-03T22:05:55.081982Z
2025-12-07 21:36:16.459 [http-nio-8081-exec-8] INFO  com.dp1.backend.services.EnvioService - Fecha de fin: 2024-07-22T05:47:35-05:00[America/Lima]
2025-12-07 21:36:16.463 [http-nio-8081-exec-8] INFO  com.dp1.backend.services.EnvioService - Fecha de salida: 2025-12-03T22:10:10.060051Z
2025-12-07 21:36:16.464 [http-nio-8081-exec-8] INFO  com.dp1.backend.services.EnvioService - Fecha de fin: 2024-07-22T05:47:35-05:00[America/Lima]
2025-12-07 21:36:16.464 [http-nio-8081-exec-8] INFO  com.dp1.backend.services.EnvioService - Fecha de salida: 2025-12-03T19:18:00.006205Z
2025-12-07 21:36:16.466 [http-nio-8081-exec-8] INFO  com.dp1.backend.services.EnvioService - Fecha de fin: 2024-07-22T05:47:35-05:00[America/Lima]
2025-12-07 21:36:16.467 [http-nio-8081-exec-8] INFO  com.dp1.backend.services.EnvioService - Fecha de salida: 2025-12-03T22:25:11.859078Z
2025-12-07 21:36:16.468 [http-nio-8081-exec-8] INFO  com.dp1.backend.services.EnvioService - Fecha de fin: 2024-07-22T05:47:35-05:00[America/Lima]
2025-12-07 21:36:16.469 [http-nio-8081-exec-8] INFO  com.dp1.backend.services.EnvioService - Fecha de salida: 2025-12-08T02:35:50.659385Z
2025-12-07 21:36:16.477 [http-nio-8081-exec-8] INFO  com.dp1.backend.services.EnvioService - Fecha de fin: 2024-07-22T05:47:35-05:00[America/Lima]
2025-12-07 21:36:16.479 [http-nio-8081-exec-8] INFO  com.dp1.backend.handlers.SocketConnectionHandler - Enviando # de envios nuevos: 0
2025-12-07 21:36:16.531 [http-nio-8081-exec-8] INFO  com.dp1.backend.services.EnvioService - Envios despues de fecha inicio: 9
2025-12-07 21:36:16.534 [http-nio-8081-exec-8] INFO  com.dp1.backend.services.EnvioService - Fecha de salida: 2025-12-03T21:41:51.668364Z
2025-12-07 21:36:16.534 [http-nio-8081-exec-8] INFO  com.dp1.backend.services.EnvioService - Fecha de fin: 2024-07-22T05:47:04-05:00[America/Lima]
2025-12-07 21:36:16.534 [http-nio-8081-exec-8] INFO  com.dp1.backend.services.EnvioService - Fecha de salida: 2025-12-04T04:53:10.409571Z
2025-12-07 21:36:16.539 [http-nio-8081-exec-8] INFO  com.dp1.backend.services.EnvioService - Fecha de fin: 2024-07-22T05:47:04-05:00[America/Lima]
2025-12-07 21:36:16.541 [http-nio-8081-exec-8] INFO  com.dp1.backend.services.EnvioService - Fecha de salida: 2025-12-03T21:53:55.393622Z
2025-12-07 21:36:16.543 [http-nio-8081-exec-8] INFO  com.dp1.backend.services.EnvioService - Fecha de fin: 2024-07-22T05:47:04-05:00[America/Lima]
2025-12-07 21:36:16.544 [http-nio-8081-exec-8] INFO  com.dp1.backend.services.EnvioService - Fecha de salida: 2025-12-03T20:58:58.142621Z
2025-12-07 21:36:16.546 [http-nio-8081-exec-8] INFO  com.dp1.backend.services.EnvioService - Fecha de fin: 2024-07-22T05:47:04-05:00[America/Lima]
2025-12-07 21:36:16.547 [http-nio-8081-exec-8] INFO  com.dp1.backend.services.EnvioService - Fecha de salida: 2025-12-03T22:05:55.081982Z
2025-12-07 21:36:16.547 [http-nio-8081-exec-8] INFO  com.dp1.backend.services.EnvioService - Fecha de fin: 2024-07-22T05:47:04-05:00[America/Lima]
2025-12-07 21:36:16.548 [http-nio-8081-exec-8] INFO  com.dp1.backend.services.EnvioService - Fecha de salida: 2025-12-03T22:10:10.060051Z
2025-12-07 21:36:16.549 [http-nio-8081-exec-8] INFO  com.dp1.backend.services.EnvioService - Fecha de fin: 2024-07-22T05:47:04-05:00[America/Lima]
2025-12-07 21:36:16.550 [http-nio-8081-exec-8] INFO  com.dp1.backend.services.EnvioService - Fecha de salida: 2025-12-03T19:18:00.006205Z
2025-12-07 21:36:16.550 [http-nio-8081-exec-8] INFO  com.dp1.backend.services.EnvioService - Fecha de fin: 2024-07-22T05:47:04-05:00[America/Lima]
2025-12-07 21:36:16.559 [http-nio-8081-exec-8] INFO  com.dp1.backend.services.EnvioService - Fecha de salida: 2025-12-03T22:25:11.859078Z
2025-12-07 21:36:16.563 [http-nio-8081-exec-8] INFO  com.dp1.backend.services.EnvioService - Fecha de fin: 2024-07-22T05:47:04-05:00[America/Lima]
2025-12-07 21:36:16.564 [http-nio-8081-exec-8] INFO  com.dp1.backend.services.EnvioService - Fecha de salida: 2025-12-08T02:35:50.659385Z
2025-12-07 21:36:16.566 [http-nio-8081-exec-8] INFO  com.dp1.backend.services.EnvioService - Fecha de fin: 2024-07-22T05:47:04-05:00[America/Lima]
2025-12-07 21:36:16.571 [http-nio-8081-exec-8] INFO  com.dp1.backend.handlers.SocketConnectionHandler - Enviando # de envios en operación: 0
2025-12-07 21:36:47.816 [http-nio-8081-exec-6] INFO  com.dp1.backend.handlers.SocketConnectionHandler - Enviando # de vuelos en el aire: 3
2025-12-07 21:36:47.847 [http-nio-8081-exec-6] INFO  com.dp1.backend.services.EnvioService - Envios despues de fecha inicio: 9
2025-12-07 21:36:47.857 [http-nio-8081-exec-6] INFO  com.dp1.backend.services.EnvioService - Fecha de salida: 2025-12-03T21:41:51.668364Z
2025-12-07 21:36:47.861 [http-nio-8081-exec-6] INFO  com.dp1.backend.services.EnvioService - Fecha de fin: 2024-07-22T05:48:06-05:00[America/Lima]
2025-12-07 21:36:47.874 [http-nio-8081-exec-6] INFO  com.dp1.backend.services.EnvioService - Fecha de salida: 2025-12-04T04:53:10.409571Z
2025-12-07 21:36:47.877 [http-nio-8081-exec-6] INFO  com.dp1.backend.services.EnvioService - Fecha de fin: 2024-07-22T05:48:06-05:00[America/Lima]
2025-12-07 21:36:47.882 [http-nio-8081-exec-6] INFO  com.dp1.backend.services.EnvioService - Fecha de salida: 2025-12-03T21:53:55.393622Z
2025-12-07 21:36:47.892 [http-nio-8081-exec-6] INFO  com.dp1.backend.services.EnvioService - Fecha de fin: 2024-07-22T05:48:06-05:00[America/Lima]
2025-12-07 21:36:47.899 [http-nio-8081-exec-6] INFO  com.dp1.backend.services.EnvioService - Fecha de salida: 2025-12-03T20:58:58.142621Z
2025-12-07 21:36:47.917 [http-nio-8081-exec-6] INFO  com.dp1.backend.services.EnvioService - Fecha de fin: 2024-07-22T05:48:06-05:00[America/Lima]
2025-12-07 21:36:47.926 [http-nio-8081-exec-6] INFO  com.dp1.backend.services.EnvioService - Fecha de salida: 2025-12-03T22:05:55.081982Z
2025-12-07 21:36:47.928 [http-nio-8081-exec-6] INFO  com.dp1.backend.services.EnvioService - Fecha de fin: 2024-07-22T05:48:06-05:00[America/Lima]
2025-12-07 21:36:47.930 [http-nio-8081-exec-6] INFO  com.dp1.backend.services.EnvioService - Fecha de salida: 2025-12-03T22:10:10.060051Z
2025-12-07 21:36:47.938 [http-nio-8081-exec-6] INFO  com.dp1.backend.services.EnvioService - Fecha de fin: 2024-07-22T05:48:06-05:00[America/Lima]
2025-12-07 21:36:47.942 [http-nio-8081-exec-6] INFO  com.dp1.backend.services.EnvioService - Fecha de salida: 2025-12-03T19:18:00.006205Z
2025-12-07 21:36:47.942 [http-nio-8081-exec-6] INFO  com.dp1.backend.services.EnvioService - Fecha de fin: 2024-07-22T05:48:06-05:00[America/Lima]
2025-12-07 21:36:47.944 [http-nio-8081-exec-6] INFO  com.dp1.backend.services.EnvioService - Fecha de salida: 2025-12-03T22:25:11.859078Z
2025-12-07 21:36:47.946 [http-nio-8081-exec-6] INFO  com.dp1.backend.services.EnvioService - Fecha de fin: 2024-07-22T05:48:06-05:00[America/Lima]
2025-12-07 21:36:47.946 [http-nio-8081-exec-6] INFO  com.dp1.backend.services.EnvioService - Fecha de salida: 2025-12-08T02:35:50.659385Z
2025-12-07 21:36:47.948 [http-nio-8081-exec-6] INFO  com.dp1.backend.services.EnvioService - Fecha de fin: 2024-07-22T05:48:06-05:00[America/Lima]
2025-12-07 21:36:47.949 [http-nio-8081-exec-6] INFO  com.dp1.backend.handlers.SocketConnectionHandler - Enviando # de envios nuevos: 0
2025-12-07 21:36:47.975 [http-nio-8081-exec-6] INFO  com.dp1.backend.services.EnvioService - Envios despues de fecha inicio: 9
2025-12-07 21:36:47.987 [http-nio-8081-exec-6] INFO  com.dp1.backend.services.EnvioService - Fecha de salida: 2025-12-03T21:41:51.668364Z
2025-12-07 21:36:47.988 [http-nio-8081-exec-6] INFO  com.dp1.backend.services.EnvioService - Fecha de fin: 2024-07-22T05:47:35-05:00[America/Lima]
2025-12-07 21:36:47.990 [http-nio-8081-exec-6] INFO  com.dp1.backend.services.EnvioService - Fecha de salida: 2025-12-04T04:53:10.409571Z
2025-12-07 21:36:47.991 [http-nio-8081-exec-6] INFO  com.dp1.backend.services.EnvioService - Fecha de fin: 2024-07-22T05:47:35-05:00[America/Lima]
2025-12-07 21:36:47.991 [http-nio-8081-exec-6] INFO  com.dp1.backend.services.EnvioService - Fecha de salida: 2025-12-03T21:53:55.393622Z
2025-12-07 21:36:47.991 [http-nio-8081-exec-6] INFO  com.dp1.backend.services.EnvioService - Fecha de fin: 2024-07-22T05:47:35-05:00[America/Lima]
2025-12-07 21:36:47.992 [http-nio-8081-exec-6] INFO  com.dp1.backend.services.EnvioService - Fecha de salida: 2025-12-03T20:58:58.142621Z
2025-12-07 21:36:47.992 [http-nio-8081-exec-6] INFO  com.dp1.backend.services.EnvioService - Fecha de fin: 2024-07-22T05:47:35-05:00[America/Lima]
2025-12-07 21:36:47.992 [http-nio-8081-exec-6] INFO  com.dp1.backend.services.EnvioService - Fecha de salida: 2025-12-03T22:05:55.081982Z
2025-12-07 21:36:47.992 [http-nio-8081-exec-6] INFO  com.dp1.backend.services.EnvioService - Fecha de fin: 2024-07-22T05:47:35-05:00[America/Lima]
2025-12-07 21:36:47.993 [http-nio-8081-exec-6] INFO  com.dp1.backend.services.EnvioService - Fecha de salida: 2025-12-03T22:10:10.060051Z
2025-12-07 21:36:47.993 [http-nio-8081-exec-6] INFO  com.dp1.backend.services.EnvioService - Fecha de fin: 2024-07-22T05:47:35-05:00[America/Lima]
2025-12-07 21:36:47.993 [http-nio-8081-exec-6] INFO  com.dp1.backend.services.EnvioService - Fecha de salida: 2025-12-03T19:18:00.006205Z
2025-12-07 21:36:47.993 [http-nio-8081-exec-6] INFO  com.dp1.backend.services.EnvioService - Fecha de fin: 2024-07-22T05:47:35-05:00[America/Lima]
2025-12-07 21:36:47.994 [http-nio-8081-exec-6] INFO  com.dp1.backend.services.EnvioService - Fecha de salida: 2025-12-03T22:25:11.859078Z
2025-12-07 21:36:47.994 [http-nio-8081-exec-6] INFO  com.dp1.backend.services.EnvioService - Fecha de fin: 2024-07-22T05:47:35-05:00[America/Lima]
2025-12-07 21:36:47.994 [http-nio-8081-exec-6] INFO  com.dp1.backend.services.EnvioService - Fecha de salida: 2025-12-08T02:35:50.659385Z
2025-12-07 21:36:47.994 [http-nio-8081-exec-6] INFO  com.dp1.backend.services.EnvioService - Fecha de fin: 2024-07-22T05:47:35-05:00[America/Lima]
2025-12-07 21:36:47.995 [http-nio-8081-exec-6] INFO  com.dp1.backend.handlers.SocketConnectionHandler - Enviando # de envios en operación: 0
2025-12-07 21:37:19.222 [http-nio-8081-exec-7] INFO  com.dp1.backend.handlers.SocketConnectionHandler - Enviando # de vuelos en el aire: 0
2025-12-07 21:37:19.240 [http-nio-8081-exec-7] INFO  com.dp1.backend.services.EnvioService - Envios despues de fecha inicio: 9
2025-12-07 21:37:19.240 [http-nio-8081-exec-7] INFO  com.dp1.backend.services.EnvioService - Fecha de salida: 2025-12-03T21:41:51.668364Z
2025-12-07 21:37:19.240 [http-nio-8081-exec-7] INFO  com.dp1.backend.services.EnvioService - Fecha de fin: 2024-07-22T05:48:37-05:00[America/Lima]
2025-12-07 21:37:19.241 [http-nio-8081-exec-7] INFO  com.dp1.backend.services.EnvioService - Fecha de salida: 2025-12-04T04:53:10.409571Z
2025-12-07 21:37:19.242 [http-nio-8081-exec-7] INFO  com.dp1.backend.services.EnvioService - Fecha de fin: 2024-07-22T05:48:37-05:00[America/Lima]
2025-12-07 21:37:19.242 [http-nio-8081-exec-7] INFO  com.dp1.backend.services.EnvioService - Fecha de salida: 2025-12-03T21:53:55.393622Z
2025-12-07 21:37:19.243 [http-nio-8081-exec-7] INFO  com.dp1.backend.services.EnvioService - Fecha de fin: 2024-07-22T05:48:37-05:00[America/Lima]
2025-12-07 21:37:19.243 [http-nio-8081-exec-7] INFO  com.dp1.backend.services.EnvioService - Fecha de salida: 2025-12-03T20:58:58.142621Z
2025-12-07 21:37:19.244 [http-nio-8081-exec-7] INFO  com.dp1.backend.services.EnvioService - Fecha de fin: 2024-07-22T05:48:37-05:00[America/Lima]
2025-12-07 21:37:19.244 [http-nio-8081-exec-7] INFO  com.dp1.backend.services.EnvioService - Fecha de salida: 2025-12-03T22:05:55.081982Z
2025-12-07 21:37:19.244 [http-nio-8081-exec-7] INFO  com.dp1.backend.services.EnvioService - Fecha de fin: 2024-07-22T05:48:37-05:00[America/Lima]
2025-12-07 21:37:19.244 [http-nio-8081-exec-7] INFO  com.dp1.backend.services.EnvioService - Fecha de salida: 2025-12-03T22:10:10.060051Z
2025-12-07 21:37:19.245 [http-nio-8081-exec-7] INFO  com.dp1.backend.services.EnvioService - Fecha de fin: 2024-07-22T05:48:37-05:00[America/Lima]
2025-12-07 21:37:19.245 [http-nio-8081-exec-7] INFO  com.dp1.backend.services.EnvioService - Fecha de salida: 2025-12-03T19:18:00.006205Z
2025-12-07 21:37:19.246 [http-nio-8081-exec-7] INFO  com.dp1.backend.services.EnvioService - Fecha de fin: 2024-07-22T05:48:37-05:00[America/Lima]
2025-12-07 21:37:19.246 [http-nio-8081-exec-7] INFO  com.dp1.backend.services.EnvioService - Fecha de salida: 2025-12-03T22:25:11.859078Z
2025-12-07 21:37:19.246 [http-nio-8081-exec-7] INFO  com.dp1.backend.services.EnvioService - Fecha de fin: 2024-07-22T05:48:37-05:00[America/Lima]
2025-12-07 21:37:19.246 [http-nio-8081-exec-7] INFO  com.dp1.backend.services.EnvioService - Fecha de salida: 2025-12-08T02:35:50.659385Z
2025-12-07 21:37:19.247 [http-nio-8081-exec-7] INFO  com.dp1.backend.services.EnvioService - Fecha de fin: 2024-07-22T05:48:37-05:00[America/Lima]
2025-12-07 21:37:19.248 [http-nio-8081-exec-7] INFO  com.dp1.backend.handlers.SocketConnectionHandler - Enviando # de envios nuevos: 0
2025-12-07 21:37:19.270 [http-nio-8081-exec-7] INFO  com.dp1.backend.services.EnvioService - Envios despues de fecha inicio: 9
2025-12-07 21:37:19.270 [http-nio-8081-exec-7] INFO  com.dp1.backend.services.EnvioService - Fecha de salida: 2025-12-03T21:41:51.668364Z
2025-12-07 21:37:19.271 [http-nio-8081-exec-7] INFO  com.dp1.backend.services.EnvioService - Fecha de fin: 2024-07-22T05:48:06-05:00[America/Lima]
2025-12-07 21:37:19.271 [http-nio-8081-exec-7] INFO  com.dp1.backend.services.EnvioService - Fecha de salida: 2025-12-04T04:53:10.409571Z
2025-12-07 21:37:19.271 [http-nio-8081-exec-7] INFO  com.dp1.backend.services.EnvioService - Fecha de fin: 2024-07-22T05:48:06-05:00[America/Lima]
2025-12-07 21:37:19.272 [http-nio-8081-exec-7] INFO  com.dp1.backend.services.EnvioService - Fecha de salida: 2025-12-03T21:53:55.393622Z
2025-12-07 21:37:19.272 [http-nio-8081-exec-7] INFO  com.dp1.backend.services.EnvioService - Fecha de fin: 2024-07-22T05:48:06-05:00[America/Lima]
2025-12-07 21:37:19.272 [http-nio-8081-exec-7] INFO  com.dp1.backend.services.EnvioService - Fecha de salida: 2025-12-03T20:58:58.142621Z
2025-12-07 21:37:19.273 [http-nio-8081-exec-7] INFO  com.dp1.backend.services.EnvioService - Fecha de fin: 2024-07-22T05:48:06-05:00[America/Lima]
2025-12-07 21:37:19.273 [http-nio-8081-exec-7] INFO  com.dp1.backend.services.EnvioService - Fecha de salida: 2025-12-03T22:05:55.081982Z
2025-12-07 21:37:19.274 [http-nio-8081-exec-7] INFO  com.dp1.backend.services.EnvioService - Fecha de fin: 2024-07-22T05:48:06-05:00[America/Lima]
2025-12-07 21:37:19.275 [http-nio-8081-exec-7] INFO  com.dp1.backend.services.EnvioService - Fecha de salida: 2025-12-03T22:10:10.060051Z
2025-12-07 21:37:19.275 [http-nio-8081-exec-7] INFO  com.dp1.backend.services.EnvioService - Fecha de fin: 2024-07-22T05:48:06-05:00[America/Lima]
2025-12-07 21:37:19.275 [http-nio-8081-exec-7] INFO  com.dp1.backend.services.EnvioService - Fecha de salida: 2025-12-03T19:18:00.006205Z
2025-12-07 21:37:19.276 [http-nio-8081-exec-7] INFO  com.dp1.backend.services.EnvioService - Fecha de fin: 2024-07-22T05:48:06-05:00[America/Lima]
2025-12-07 21:37:19.277 [http-nio-8081-exec-7] INFO  com.dp1.backend.services.EnvioService - Fecha de salida: 2025-12-03T22:25:11.859078Z
2025-12-07 21:37:19.278 [http-nio-8081-exec-7] INFO  com.dp1.backend.services.EnvioService - Fecha de fin: 2024-07-22T05:48:06-05:00[America/Lima]
2025-12-07 21:37:19.278 [http-nio-8081-exec-7] INFO  com.dp1.backend.services.EnvioService - Fecha de salida: 2025-12-08T02:35:50.659385Z
2025-12-07 21:37:19.279 [http-nio-8081-exec-7] INFO  com.dp1.backend.services.EnvioService - Fecha de fin: 2024-07-22T05:48:06-05:00[America/Lima]
2025-12-07 21:37:19.280 [http-nio-8081-exec-7] INFO  com.dp1.backend.handlers.SocketConnectionHandler - Enviando # de envios en operación: 0
2025-12-07 21:37:50.653 [http-nio-8081-exec-10] INFO  com.dp1.backend.handlers.SocketConnectionHandler - Enviando # de vuelos en el aire: 1
2025-12-07 21:37:50.674 [http-nio-8081-exec-10] INFO  com.dp1.backend.services.EnvioService - Envios despues de fecha inicio: 9
2025-12-07 21:37:50.674 [http-nio-8081-exec-10] INFO  com.dp1.backend.services.EnvioService - Fecha de salida: 2025-12-03T21:41:51.668364Z
2025-12-07 21:37:50.674 [http-nio-8081-exec-10] INFO  com.dp1.backend.services.EnvioService - Fecha de fin: 2024-07-22T05:49:08-05:00[America/Lima]
2025-12-07 21:37:50.675 [http-nio-8081-exec-10] INFO  com.dp1.backend.services.EnvioService - Fecha de salida: 2025-12-04T04:53:10.409571Z
2025-12-07 21:37:50.675 [http-nio-8081-exec-10] INFO  com.dp1.backend.services.EnvioService - Fecha de fin: 2024-07-22T05:49:08-05:00[America/Lima]
2025-12-07 21:37:50.675 [http-nio-8081-exec-10] INFO  com.dp1.backend.services.EnvioService - Fecha de salida: 2025-12-03T21:53:55.393622Z
2025-12-07 21:37:50.675 [http-nio-8081-exec-10] INFO  com.dp1.backend.services.EnvioService - Fecha de fin: 2024-07-22T05:49:08-05:00[America/Lima]
2025-12-07 21:37:50.676 [http-nio-8081-exec-10] INFO  com.dp1.backend.services.EnvioService - Fecha de salida: 2025-12-03T20:58:58.142621Z
2025-12-07 21:37:50.676 [http-nio-8081-exec-10] INFO  com.dp1.backend.services.EnvioService - Fecha de fin: 2024-07-22T05:49:08-05:00[America/Lima]
2025-12-07 21:37:50.676 [http-nio-8081-exec-10] INFO  com.dp1.backend.services.EnvioService - Fecha de salida: 2025-12-03T22:05:55.081982Z
2025-12-07 21:37:50.676 [http-nio-8081-exec-10] INFO  com.dp1.backend.services.EnvioService - Fecha de fin: 2024-07-22T05:49:08-05:00[America/Lima]
2025-12-07 21:37:50.676 [http-nio-8081-exec-10] INFO  com.dp1.backend.services.EnvioService - Fecha de salida: 2025-12-03T22:10:10.060051Z
2025-12-07 21:37:50.677 [http-nio-8081-exec-10] INFO  com.dp1.backend.services.EnvioService - Fecha de fin: 2024-07-22T05:49:08-05:00[America/Lima]
2025-12-07 21:37:50.677 [http-nio-8081-exec-10] INFO  com.dp1.backend.services.EnvioService - Fecha de salida: 2025-12-03T19:18:00.006205Z
2025-12-07 21:37:50.677 [http-nio-8081-exec-10] INFO  com.dp1.backend.services.EnvioService - Fecha de fin: 2024-07-22T05:49:08-05:00[America/Lima]
2025-12-07 21:37:50.678 [http-nio-8081-exec-10] INFO  com.dp1.backend.services.EnvioService - Fecha de salida: 2025-12-03T22:25:11.859078Z
2025-12-07 21:37:50.678 [http-nio-8081-exec-10] INFO  com.dp1.backend.services.EnvioService - Fecha de fin: 2024-07-22T05:49:08-05:00[America/Lima]
2025-12-07 21:37:50.678 [http-nio-8081-exec-10] INFO  com.dp1.backend.services.EnvioService - Fecha de salida: 2025-12-08T02:35:50.659385Z
2025-12-07 21:37:50.678 [http-nio-8081-exec-10] INFO  com.dp1.backend.services.EnvioService - Fecha de fin: 2024-07-22T05:49:08-05:00[America/Lima]
2025-12-07 21:37:50.679 [http-nio-8081-exec-10] INFO  com.dp1.backend.handlers.SocketConnectionHandler - Enviando # de envios nuevos: 0
2025-12-07 21:37:50.698 [http-nio-8081-exec-10] INFO  com.dp1.backend.services.EnvioService - Envios despues de fecha inicio: 9
2025-12-07 21:37:50.698 [http-nio-8081-exec-10] INFO  com.dp1.backend.services.EnvioService - Fecha de salida: 2025-12-03T21:41:51.668364Z
2025-12-07 21:37:50.699 [http-nio-8081-exec-10] INFO  com.dp1.backend.services.EnvioService - Fecha de fin: 2024-07-22T05:48:37-05:00[America/Lima]
2025-12-07 21:37:50.699 [http-nio-8081-exec-10] INFO  com.dp1.backend.services.EnvioService - Fecha de salida: 2025-12-04T04:53:10.409571Z
2025-12-07 21:37:50.699 [http-nio-8081-exec-10] INFO  com.dp1.backend.services.EnvioService - Fecha de fin: 2024-07-22T05:48:37-05:00[America/Lima]
2025-12-07 21:37:50.700 [http-nio-8081-exec-10] INFO  com.dp1.backend.services.EnvioService - Fecha de salida: 2025-12-03T21:53:55.393622Z
2025-12-07 21:37:50.700 [http-nio-8081-exec-10] INFO  com.dp1.backend.services.EnvioService - Fecha de fin: 2024-07-22T05:48:37-05:00[America/Lima]
2025-12-07 21:37:50.700 [http-nio-8081-exec-10] INFO  com.dp1.backend.services.EnvioService - Fecha de salida: 2025-12-03T20:58:58.142621Z
2025-12-07 21:37:50.701 [http-nio-8081-exec-10] INFO  com.dp1.backend.services.EnvioService - Fecha de fin: 2024-07-22T05:48:37-05:00[America/Lima]
2025-12-07 21:37:50.701 [http-nio-8081-exec-10] INFO  com.dp1.backend.services.EnvioService - Fecha de salida: 2025-12-03T22:05:55.081982Z
2025-12-07 21:37:50.701 [http-nio-8081-exec-10] INFO  com.dp1.backend.services.EnvioService - Fecha de fin: 2024-07-22T05:48:37-05:00[America/Lima]
2025-12-07 21:37:50.702 [http-nio-8081-exec-10] INFO  com.dp1.backend.services.EnvioService - Fecha de salida: 2025-12-03T22:10:10.060051Z
2025-12-07 21:37:50.702 [http-nio-8081-exec-10] INFO  com.dp1.backend.services.EnvioService - Fecha de fin: 2024-07-22T05:48:37-05:00[America/Lima]
2025-12-07 21:37:50.702 [http-nio-8081-exec-10] INFO  com.dp1.backend.services.EnvioService - Fecha de salida: 2025-12-03T19:18:00.006205Z
2025-12-07 21:37:50.703 [http-nio-8081-exec-10] INFO  com.dp1.backend.services.EnvioService - Fecha de fin: 2024-07-22T05:48:37-05:00[America/Lima]
2025-12-07 21:37:50.703 [http-nio-8081-exec-10] INFO  com.dp1.backend.services.EnvioService - Fecha de salida: 2025-12-03T22:25:11.859078Z
2025-12-07 21:37:50.703 [http-nio-8081-exec-10] INFO  com.dp1.backend.services.EnvioService - Fecha de fin: 2024-07-22T05:48:37-05:00[America/Lima]
2025-12-07 21:37:50.704 [http-nio-8081-exec-10] INFO  com.dp1.backend.services.EnvioService - Fecha de salida: 2025-12-08T02:35:50.659385Z
2025-12-07 21:37:50.704 [http-nio-8081-exec-10] INFO  com.dp1.backend.services.EnvioService - Fecha de fin: 2024-07-22T05:48:37-05:00[America/Lima]
2025-12-07 21:37:50.704 [http-nio-8081-exec-10] INFO  com.dp1.backend.handlers.SocketConnectionHandler - Enviando # de envios en operación: 0
2025-12-07 21:38:22.084 [http-nio-8081-exec-4] INFO  com.dp1.backend.handlers.SocketConnectionHandler - Enviando # de vuelos en el aire: 0
2025-12-07 21:38:22.103 [http-nio-8081-exec-4] INFO  com.dp1.backend.services.EnvioService - Envios despues de fecha inicio: 9
2025-12-07 21:38:22.103 [http-nio-8081-exec-4] INFO  com.dp1.backend.services.EnvioService - Fecha de salida: 2025-12-03T21:41:51.668364Z
2025-12-07 21:38:22.103 [http-nio-8081-exec-4] INFO  com.dp1.backend.services.EnvioService - Fecha de fin: 2024-07-22T05:49:39-05:00[America/Lima]
2025-12-07 21:38:22.103 [http-nio-8081-exec-4] INFO  com.dp1.backend.services.EnvioService - Fecha de salida: 2025-12-04T04:53:10.409571Z
2025-12-07 21:38:22.103 [http-nio-8081-exec-4] INFO  com.dp1.backend.services.EnvioService - Fecha de fin: 2024-07-22T05:49:39-05:00[America/Lima]
2025-12-07 21:38:22.104 [http-nio-8081-exec-4] INFO  com.dp1.backend.services.EnvioService - Fecha de salida: 2025-12-03T21:53:55.393622Z
2025-12-07 21:38:22.104 [http-nio-8081-exec-4] INFO  com.dp1.backend.services.EnvioService - Fecha de fin: 2024-07-22T05:49:39-05:00[America/Lima]
2025-12-07 21:38:22.104 [http-nio-8081-exec-4] INFO  com.dp1.backend.services.EnvioService - Fecha de salida: 2025-12-03T20:58:58.142621Z
2025-12-07 21:38:22.104 [http-nio-8081-exec-4] INFO  com.dp1.backend.services.EnvioService - Fecha de fin: 2024-07-22T05:49:39-05:00[America/Lima]
2025-12-07 21:38:22.105 [http-nio-8081-exec-4] INFO  com.dp1.backend.services.EnvioService - Fecha de salida: 2025-12-03T22:05:55.081982Z
2025-12-07 21:38:22.105 [http-nio-8081-exec-4] INFO  com.dp1.backend.services.EnvioService - Fecha de fin: 2024-07-22T05:49:39-05:00[America/Lima]
2025-12-07 21:38:22.105 [http-nio-8081-exec-4] INFO  com.dp1.backend.services.EnvioService - Fecha de salida: 2025-12-03T22:10:10.060051Z
2025-12-07 21:38:22.105 [http-nio-8081-exec-4] INFO  com.dp1.backend.services.EnvioService - Fecha de fin: 2024-07-22T05:49:39-05:00[America/Lima]
2025-12-07 21:38:22.105 [http-nio-8081-exec-4] INFO  com.dp1.backend.services.EnvioService - Fecha de salida: 2025-12-03T19:18:00.006205Z
2025-12-07 21:38:22.106 [http-nio-8081-exec-4] INFO  com.dp1.backend.services.EnvioService - Fecha de fin: 2024-07-22T05:49:39-05:00[America/Lima]
2025-12-07 21:38:22.106 [http-nio-8081-exec-4] INFO  com.dp1.backend.services.EnvioService - Fecha de salida: 2025-12-03T22:25:11.859078Z
2025-12-07 21:38:22.106 [http-nio-8081-exec-4] INFO  com.dp1.backend.services.EnvioService - Fecha de fin: 2024-07-22T05:49:39-05:00[America/Lima]
2025-12-07 21:38:22.106 [http-nio-8081-exec-4] INFO  com.dp1.backend.services.EnvioService - Fecha de salida: 2025-12-08T02:35:50.659385Z
2025-12-07 21:38:22.107 [http-nio-8081-exec-4] INFO  com.dp1.backend.services.EnvioService - Fecha de fin: 2024-07-22T05:49:39-05:00[America/Lima]
2025-12-07 21:38:22.107 [http-nio-8081-exec-4] INFO  com.dp1.backend.handlers.SocketConnectionHandler - Enviando # de envios nuevos: 0
2025-12-07 21:38:22.127 [http-nio-8081-exec-4] INFO  com.dp1.backend.services.EnvioService - Envios despues de fecha inicio: 9
2025-12-07 21:38:22.127 [http-nio-8081-exec-4] INFO  com.dp1.backend.services.EnvioService - Fecha de salida: 2025-12-03T21:41:51.668364Z
2025-12-07 21:38:22.128 [http-nio-8081-exec-4] INFO  com.dp1.backend.services.EnvioService - Fecha de fin: 2024-07-22T05:49:08-05:00[America/Lima]
2025-12-07 21:38:22.128 [http-nio-8081-exec-4] INFO  com.dp1.backend.services.EnvioService - Fecha de salida: 2025-12-04T04:53:10.409571Z
2025-12-07 21:38:22.129 [http-nio-8081-exec-4] INFO  com.dp1.backend.services.EnvioService - Fecha de fin: 2024-07-22T05:49:08-05:00[America/Lima]
2025-12-07 21:38:22.129 [http-nio-8081-exec-4] INFO  com.dp1.backend.services.EnvioService - Fecha de salida: 2025-12-03T21:53:55.393622Z
2025-12-07 21:38:22.129 [http-nio-8081-exec-4] INFO  com.dp1.backend.services.EnvioService - Fecha de fin: 2024-07-22T05:49:08-05:00[America/Lima]
2025-12-07 21:38:22.129 [http-nio-8081-exec-4] INFO  com.dp1.backend.services.EnvioService - Fecha de salida: 2025-12-03T20:58:58.142621Z
2025-12-07 21:38:22.129 [http-nio-8081-exec-4] INFO  com.dp1.backend.services.EnvioService - Fecha de fin: 2024-07-22T05:49:08-05:00[America/Lima]
2025-12-07 21:38:22.129 [http-nio-8081-exec-4] INFO  com.dp1.backend.services.EnvioService - Fecha de salida: 2025-12-03T22:05:55.081982Z
2025-12-07 21:38:22.130 [http-nio-8081-exec-4] INFO  com.dp1.backend.services.EnvioService - Fecha de fin: 2024-07-22T05:49:08-05:00[America/Lima]
2025-12-07 21:38:22.130 [http-nio-8081-exec-4] INFO  com.dp1.backend.services.EnvioService - Fecha de salida: 2025-12-03T22:10:10.060051Z
2025-12-07 21:38:22.130 [http-nio-8081-exec-4] INFO  com.dp1.backend.services.EnvioService - Fecha de fin: 2024-07-22T05:49:08-05:00[America/Lima]
2025-12-07 21:38:22.130 [http-nio-8081-exec-4] INFO  com.dp1.backend.services.EnvioService - Fecha de salida: 2025-12-03T19:18:00.006205Z
2025-12-07 21:38:22.131 [http-nio-8081-exec-4] INFO  com.dp1.backend.services.EnvioService - Fecha de fin: 2024-07-22T05:49:08-05:00[America/Lima]
2025-12-07 21:38:22.131 [http-nio-8081-exec-4] INFO  com.dp1.backend.services.EnvioService - Fecha de salida: 2025-12-03T22:25:11.859078Z
2025-12-07 21:38:22.131 [http-nio-8081-exec-4] INFO  com.dp1.backend.services.EnvioService - Fecha de fin: 2024-07-22T05:49:08-05:00[America/Lima]
2025-12-07 21:38:22.131 [http-nio-8081-exec-4] INFO  com.dp1.backend.services.EnvioService - Fecha de salida: 2025-12-08T02:35:50.659385Z
2025-12-07 21:38:22.132 [http-nio-8081-exec-4] INFO  com.dp1.backend.services.EnvioService - Fecha de fin: 2024-07-22T05:49:08-05:00[America/Lima]
2025-12-07 21:38:22.132 [http-nio-8081-exec-4] INFO  com.dp1.backend.handlers.SocketConnectionHandler - Enviando # de envios en operación: 0
2025-12-07 21:38:53.489 [http-nio-8081-exec-9] INFO  com.dp1.backend.handlers.SocketConnectionHandler - Enviando # de vuelos en el aire: 2
2025-12-07 21:38:53.506 [http-nio-8081-exec-9] INFO  com.dp1.backend.services.EnvioService - Envios despues de fecha inicio: 9
2025-12-07 21:38:53.506 [http-nio-8081-exec-9] INFO  com.dp1.backend.services.EnvioService - Fecha de salida: 2025-12-03T21:41:51.668364Z
2025-12-07 21:38:53.506 [http-nio-8081-exec-9] INFO  com.dp1.backend.services.EnvioService - Fecha de fin: 2024-07-22T05:50:10-05:00[America/Lima]
2025-12-07 21:38:53.507 [http-nio-8081-exec-9] INFO  com.dp1.backend.services.EnvioService - Fecha de salida: 2025-12-04T04:53:10.409571Z
2025-12-07 21:38:53.507 [http-nio-8081-exec-9] INFO  com.dp1.backend.services.EnvioService - Fecha de fin: 2024-07-22T05:50:10-05:00[America/Lima]
2025-12-07 21:38:53.507 [http-nio-8081-exec-9] INFO  com.dp1.backend.services.EnvioService - Fecha de salida: 2025-12-03T21:53:55.393622Z
2025-12-07 21:38:53.508 [http-nio-8081-exec-9] INFO  com.dp1.backend.services.EnvioService - Fecha de fin: 2024-07-22T05:50:10-05:00[America/Lima]
2025-12-07 21:38:53.508 [http-nio-8081-exec-9] INFO  com.dp1.backend.services.EnvioService - Fecha de salida: 2025-12-03T20:58:58.142621Z
2025-12-07 21:38:53.508 [http-nio-8081-exec-9] INFO  com.dp1.backend.services.EnvioService - Fecha de fin: 2024-07-22T05:50:10-05:00[America/Lima]
2025-12-07 21:38:53.509 [http-nio-8081-exec-9] INFO  com.dp1.backend.services.EnvioService - Fecha de salida: 2025-12-03T22:05:55.081982Z
2025-12-07 21:38:53.509 [http-nio-8081-exec-9] INFO  com.dp1.backend.services.EnvioService - Fecha de fin: 2024-07-22T05:50:10-05:00[America/Lima]
2025-12-07 21:38:53.509 [http-nio-8081-exec-9] INFO  com.dp1.backend.services.EnvioService - Fecha de salida: 2025-12-03T22:10:10.060051Z
2025-12-07 21:38:53.509 [http-nio-8081-exec-9] INFO  com.dp1.backend.services.EnvioService - Fecha de fin: 2024-07-22T05:50:10-05:00[America/Lima]
2025-12-07 21:38:53.510 [http-nio-8081-exec-9] INFO  com.dp1.backend.services.EnvioService - Fecha de salida: 2025-12-03T19:18:00.006205Z
2025-12-07 21:38:53.510 [http-nio-8081-exec-9] INFO  com.dp1.backend.services.EnvioService - Fecha de fin: 2024-07-22T05:50:10-05:00[America/Lima]
2025-12-07 21:38:53.510 [http-nio-8081-exec-9] INFO  com.dp1.backend.services.EnvioService - Fecha de salida: 2025-12-03T22:25:11.859078Z
2025-12-07 21:38:53.510 [http-nio-8081-exec-9] INFO  com.dp1.backend.services.EnvioService - Fecha de fin: 2024-07-22T05:50:10-05:00[America/Lima]
2025-12-07 21:38:53.511 [http-nio-8081-exec-9] INFO  com.dp1.backend.services.EnvioService - Fecha de salida: 2025-12-08T02:35:50.659385Z
2025-12-07 21:38:53.511 [http-nio-8081-exec-9] INFO  com.dp1.backend.services.EnvioService - Fecha de fin: 2024-07-22T05:50:10-05:00[America/Lima]
2025-12-07 21:38:53.511 [http-nio-8081-exec-9] INFO  com.dp1.backend.handlers.SocketConnectionHandler - Enviando # de envios nuevos: 0
2025-12-07 21:38:53.530 [http-nio-8081-exec-9] INFO  com.dp1.backend.services.EnvioService - Envios despues de fecha inicio: 9
2025-12-07 21:38:53.530 [http-nio-8081-exec-9] INFO  com.dp1.backend.services.EnvioService - Fecha de salida: 2025-12-03T21:41:51.668364Z
2025-12-07 21:38:53.531 [http-nio-8081-exec-9] INFO  com.dp1.backend.services.EnvioService - Fecha de fin: 2024-07-22T05:49:39-05:00[America/Lima]
2025-12-07 21:38:53.531 [http-nio-8081-exec-9] INFO  com.dp1.backend.services.EnvioService - Fecha de salida: 2025-12-04T04:53:10.409571Z
2025-12-07 21:38:53.531 [http-nio-8081-exec-9] INFO  com.dp1.backend.services.EnvioService - Fecha de fin: 2024-07-22T05:49:39-05:00[America/Lima]
2025-12-07 21:38:53.532 [http-nio-8081-exec-9] INFO  com.dp1.backend.services.EnvioService - Fecha de salida: 2025-12-03T21:53:55.393622Z
2025-12-07 21:38:53.532 [http-nio-8081-exec-9] INFO  com.dp1.backend.services.EnvioService - Fecha de fin: 2024-07-22T05:49:39-05:00[America/Lima]
2025-12-07 21:38:53.532 [http-nio-8081-exec-9] INFO  com.dp1.backend.services.EnvioService - Fecha de salida: 2025-12-03T20:58:58.142621Z
2025-12-07 21:38:53.533 [http-nio-8081-exec-9] INFO  com.dp1.backend.services.EnvioService - Fecha de fin: 2024-07-22T05:49:39-05:00[America/Lima]
2025-12-07 21:38:53.533 [http-nio-8081-exec-9] INFO  com.dp1.backend.services.EnvioService - Fecha de salida: 2025-12-03T22:05:55.081982Z
2025-12-07 21:38:53.533 [http-nio-8081-exec-9] INFO  com.dp1.backend.services.EnvioService - Fecha de fin: 2024-07-22T05:49:39-05:00[America/Lima]
2025-12-07 21:38:53.533 [http-nio-8081-exec-9] INFO  com.dp1.backend.services.EnvioService - Fecha de salida: 2025-12-03T22:10:10.060051Z
2025-12-07 21:38:53.534 [http-nio-8081-exec-9] INFO  com.dp1.backend.services.EnvioService - Fecha de fin: 2024-07-22T05:49:39-05:00[America/Lima]
2025-12-07 21:38:53.534 [http-nio-8081-exec-9] INFO  com.dp1.backend.services.EnvioService - Fecha de salida: 2025-12-03T19:18:00.006205Z
2025-12-07 21:38:53.534 [http-nio-8081-exec-9] INFO  com.dp1.backend.services.EnvioService - Fecha de fin: 2024-07-22T05:49:39-05:00[America/Lima]
2025-12-07 21:38:53.534 [http-nio-8081-exec-9] INFO  com.dp1.backend.services.EnvioService - Fecha de salida: 2025-12-03T22:25:11.859078Z
2025-12-07 21:38:53.535 [http-nio-8081-exec-9] INFO  com.dp1.backend.services.EnvioService - Fecha de fin: 2024-07-22T05:49:39-05:00[America/Lima]
2025-12-07 21:38:53.535 [http-nio-8081-exec-9] INFO  com.dp1.backend.services.EnvioService - Fecha de salida: 2025-12-08T02:35:50.659385Z
2025-12-07 21:38:53.535 [http-nio-8081-exec-9] INFO  com.dp1.backend.services.EnvioService - Fecha de fin: 2024-07-22T05:49:39-05:00[America/Lima]
2025-12-07 21:38:53.536 [http-nio-8081-exec-9] INFO  com.dp1.backend.handlers.SocketConnectionHandler - Enviando # de envios en operación: 0
2025-12-07 21:39:24.894 [http-nio-8081-exec-2] INFO  com.dp1.backend.handlers.SocketConnectionHandler - Enviando # de vuelos en el aire: 0
2025-12-07 21:39:24.912 [http-nio-8081-exec-2] INFO  com.dp1.backend.services.EnvioService - Envios despues de fecha inicio: 9
2025-12-07 21:39:24.913 [http-nio-8081-exec-2] INFO  com.dp1.backend.services.EnvioService - Fecha de salida: 2025-12-03T21:41:51.668364Z
2025-12-07 21:39:24.913 [http-nio-8081-exec-2] INFO  com.dp1.backend.services.EnvioService - Fecha de fin: 2024-07-22T05:50:41-05:00[America/Lima]
2025-12-07 21:39:24.913 [http-nio-8081-exec-2] INFO  com.dp1.backend.services.EnvioService - Fecha de salida: 2025-12-04T04:53:10.409571Z
2025-12-07 21:39:24.913 [http-nio-8081-exec-2] INFO  com.dp1.backend.services.EnvioService - Fecha de fin: 2024-07-22T05:50:41-05:00[America/Lima]
2025-12-07 21:39:24.913 [http-nio-8081-exec-2] INFO  com.dp1.backend.services.EnvioService - Fecha de salida: 2025-12-03T21:53:55.393622Z
2025-12-07 21:39:24.914 [http-nio-8081-exec-2] INFO  com.dp1.backend.services.EnvioService - Fecha de fin: 2024-07-22T05:50:41-05:00[America/Lima]
2025-12-07 21:39:24.914 [http-nio-8081-exec-2] INFO  com.dp1.backend.services.EnvioService - Fecha de salida: 2025-12-03T20:58:58.142621Z
2025-12-07 21:39:24.914 [http-nio-8081-exec-2] INFO  com.dp1.backend.services.EnvioService - Fecha de fin: 2024-07-22T05:50:41-05:00[America/Lima]
2025-12-07 21:39:24.914 [http-nio-8081-exec-2] INFO  com.dp1.backend.services.EnvioService - Fecha de salida: 2025-12-03T22:05:55.081982Z
2025-12-07 21:39:24.915 [http-nio-8081-exec-2] INFO  com.dp1.backend.services.EnvioService - Fecha de fin: 2024-07-22T05:50:41-05:00[America/Lima]
2025-12-07 21:39:24.915 [http-nio-8081-exec-2] INFO  com.dp1.backend.services.EnvioService - Fecha de salida: 2025-12-03T22:10:10.060051Z
2025-12-07 21:39:24.915 [http-nio-8081-exec-2] INFO  com.dp1.backend.services.EnvioService - Fecha de fin: 2024-07-22T05:50:41-05:00[America/Lima]
2025-12-07 21:39:24.915 [http-nio-8081-exec-2] INFO  com.dp1.backend.services.EnvioService - Fecha de salida: 2025-12-03T19:18:00.006205Z
2025-12-07 21:39:24.916 [http-nio-8081-exec-2] INFO  com.dp1.backend.services.EnvioService - Fecha de fin: 2024-07-22T05:50:41-05:00[America/Lima]
2025-12-07 21:39:24.916 [http-nio-8081-exec-2] INFO  com.dp1.backend.services.EnvioService - Fecha de salida: 2025-12-03T22:25:11.859078Z
2025-12-07 21:39:24.916 [http-nio-8081-exec-2] INFO  com.dp1.backend.services.EnvioService - Fecha de fin: 2024-07-22T05:50:41-05:00[America/Lima]
2025-12-07 21:39:24.916 [http-nio-8081-exec-2] INFO  com.dp1.backend.services.EnvioService - Fecha de salida: 2025-12-08T02:35:50.659385Z
2025-12-07 21:39:24.917 [http-nio-8081-exec-2] INFO  com.dp1.backend.services.EnvioService - Fecha de fin: 2024-07-22T05:50:41-05:00[America/Lima]
2025-12-07 21:39:24.917 [http-nio-8081-exec-2] INFO  com.dp1.backend.handlers.SocketConnectionHandler - Enviando # de envios nuevos: 0
2025-12-07 21:39:24.937 [http-nio-8081-exec-2] INFO  com.dp1.backend.services.EnvioService - Envios despues de fecha inicio: 9
2025-12-07 21:39:24.938 [http-nio-8081-exec-2] INFO  com.dp1.backend.services.EnvioService - Fecha de salida: 2025-12-03T21:41:51.668364Z
2025-12-07 21:39:24.938 [http-nio-8081-exec-2] INFO  com.dp1.backend.services.EnvioService - Fecha de fin: 2024-07-22T05:50:10-05:00[America/Lima]
2025-12-07 21:39:24.939 [http-nio-8081-exec-2] INFO  com.dp1.backend.services.EnvioService - Fecha de salida: 2025-12-04T04:53:10.409571Z
2025-12-07 21:39:24.939 [http-nio-8081-exec-2] INFO  com.dp1.backend.services.EnvioService - Fecha de fin: 2024-07-22T05:50:10-05:00[America/Lima]
2025-12-07 21:39:24.939 [http-nio-8081-exec-2] INFO  com.dp1.backend.services.EnvioService - Fecha de salida: 2025-12-03T21:53:55.393622Z
2025-12-07 21:39:24.940 [http-nio-8081-exec-2] INFO  com.dp1.backend.services.EnvioService - Fecha de fin: 2024-07-22T05:50:10-05:00[America/Lima]
2025-12-07 21:39:24.940 [http-nio-8081-exec-2] INFO  com.dp1.backend.services.EnvioService - Fecha de salida: 2025-12-03T20:58:58.142621Z
2025-12-07 21:39:24.940 [http-nio-8081-exec-2] INFO  com.dp1.backend.services.EnvioService - Fecha de fin: 2024-07-22T05:50:10-05:00[America/Lima]
2025-12-07 21:39:24.940 [http-nio-8081-exec-2] INFO  com.dp1.backend.services.EnvioService - Fecha de salida: 2025-12-03T22:05:55.081982Z
2025-12-07 21:39:24.941 [http-nio-8081-exec-2] INFO  com.dp1.backend.services.EnvioService - Fecha de fin: 2024-07-22T05:50:10-05:00[America/Lima]
2025-12-07 21:39:24.941 [http-nio-8081-exec-2] INFO  com.dp1.backend.services.EnvioService - Fecha de salida: 2025-12-03T22:10:10.060051Z
2025-12-07 21:39:24.941 [http-nio-8081-exec-2] INFO  com.dp1.backend.services.EnvioService - Fecha de fin: 2024-07-22T05:50:10-05:00[America/Lima]
2025-12-07 21:39:24.942 [http-nio-8081-exec-2] INFO  com.dp1.backend.services.EnvioService - Fecha de salida: 2025-12-03T19:18:00.006205Z
2025-12-07 21:39:24.942 [http-nio-8081-exec-2] INFO  com.dp1.backend.services.EnvioService - Fecha de fin: 2024-07-22T05:50:10-05:00[America/Lima]
2025-12-07 21:39:24.942 [http-nio-8081-exec-2] INFO  com.dp1.backend.services.EnvioService - Fecha de salida: 2025-12-03T22:25:11.859078Z
2025-12-07 21:39:24.942 [http-nio-8081-exec-2] INFO  com.dp1.backend.services.EnvioService - Fecha de fin: 2024-07-22T05:50:10-05:00[America/Lima]
2025-12-07 21:39:24.943 [http-nio-8081-exec-2] INFO  com.dp1.backend.services.EnvioService - Fecha de salida: 2025-12-08T02:35:50.659385Z
2025-12-07 21:39:24.943 [http-nio-8081-exec-2] INFO  com.dp1.backend.services.EnvioService - Fecha de fin: 2024-07-22T05:50:10-05:00[America/Lima]
2025-12-07 21:39:24.944 [http-nio-8081-exec-2] INFO  com.dp1.backend.handlers.SocketConnectionHandler - Enviando # de envios en operación: 0
2025-12-07 21:39:56.291 [http-nio-8081-exec-5] INFO  com.dp1.backend.handlers.SocketConnectionHandler - Enviando # de vuelos en el aire: 0
2025-12-07 21:39:56.306 [http-nio-8081-exec-5] INFO  com.dp1.backend.services.EnvioService - Envios despues de fecha inicio: 9
2025-12-07 21:39:56.306 [http-nio-8081-exec-5] INFO  com.dp1.backend.services.EnvioService - Fecha de salida: 2025-12-03T21:41:51.668364Z
2025-12-07 21:39:56.306 [http-nio-8081-exec-5] INFO  com.dp1.backend.services.EnvioService - Fecha de fin: 2024-07-22T05:51:12-05:00[America/Lima]
2025-12-07 21:39:56.307 [http-nio-8081-exec-5] INFO  com.dp1.backend.services.EnvioService - Fecha de salida: 2025-12-04T04:53:10.409571Z
2025-12-07 21:39:56.307 [http-nio-8081-exec-5] INFO  com.dp1.backend.services.EnvioService - Fecha de fin: 2024-07-22T05:51:12-05:00[America/Lima]
2025-12-07 21:39:56.307 [http-nio-8081-exec-5] INFO  com.dp1.backend.services.EnvioService - Fecha de salida: 2025-12-03T21:53:55.393622Z
2025-12-07 21:39:56.308 [http-nio-8081-exec-5] INFO  com.dp1.backend.services.EnvioService - Fecha de fin: 2024-07-22T05:51:12-05:00[America/Lima]
2025-12-07 21:39:56.308 [http-nio-8081-exec-5] INFO  com.dp1.backend.services.EnvioService - Fecha de salida: 2025-12-03T20:58:58.142621Z
2025-12-07 21:39:56.308 [http-nio-8081-exec-5] INFO  com.dp1.backend.services.EnvioService - Fecha de fin: 2024-07-22T05:51:12-05:00[America/Lima]
2025-12-07 21:39:56.308 [http-nio-8081-exec-5] INFO  com.dp1.backend.services.EnvioService - Fecha de salida: 2025-12-03T22:05:55.081982Z
2025-12-07 21:39:56.308 [http-nio-8081-exec-5] INFO  com.dp1.backend.services.EnvioService - Fecha de fin: 2024-07-22T05:51:12-05:00[America/Lima]
2025-12-07 21:39:56.309 [http-nio-8081-exec-5] INFO  com.dp1.backend.services.EnvioService - Fecha de salida: 2025-12-03T22:10:10.060051Z
2025-12-07 21:39:56.309 [http-nio-8081-exec-5] INFO  com.dp1.backend.services.EnvioService - Fecha de fin: 2024-07-22T05:51:12-05:00[America/Lima]
2025-12-07 21:39:56.309 [http-nio-8081-exec-5] INFO  com.dp1.backend.services.EnvioService - Fecha de salida: 2025-12-03T19:18:00.006205Z
2025-12-07 21:39:56.309 [http-nio-8081-exec-5] INFO  com.dp1.backend.services.EnvioService - Fecha de fin: 2024-07-22T05:51:12-05:00[America/Lima]
2025-12-07 21:39:56.309 [http-nio-8081-exec-5] INFO  com.dp1.backend.services.EnvioService - Fecha de salida: 2025-12-03T22:25:11.859078Z
2025-12-07 21:39:56.309 [http-nio-8081-exec-5] INFO  com.dp1.backend.services.EnvioService - Fecha de fin: 2024-07-22T05:51:12-05:00[America/Lima]
2025-12-07 21:39:56.310 [http-nio-8081-exec-5] INFO  com.dp1.backend.services.EnvioService - Fecha de salida: 2025-12-08T02:35:50.659385Z
2025-12-07 21:39:56.310 [http-nio-8081-exec-5] INFO  com.dp1.backend.services.EnvioService - Fecha de fin: 2024-07-22T05:51:12-05:00[America/Lima]
2025-12-07 21:39:56.310 [http-nio-8081-exec-5] INFO  com.dp1.backend.handlers.SocketConnectionHandler - Enviando # de envios nuevos: 0
2025-12-07 21:39:56.326 [http-nio-8081-exec-5] INFO  com.dp1.backend.services.EnvioService - Envios despues de fecha inicio: 9
2025-12-07 21:39:56.327 [http-nio-8081-exec-5] INFO  com.dp1.backend.services.EnvioService - Fecha de salida: 2025-12-03T21:41:51.668364Z
2025-12-07 21:39:56.327 [http-nio-8081-exec-5] INFO  com.dp1.backend.services.EnvioService - Fecha de fin: 2024-07-22T05:50:41-05:00[America/Lima]
2025-12-07 21:39:56.327 [http-nio-8081-exec-5] INFO  com.dp1.backend.services.EnvioService - Fecha de salida: 2025-12-04T04:53:10.409571Z
2025-12-07 21:39:56.327 [http-nio-8081-exec-5] INFO  com.dp1.backend.services.EnvioService - Fecha de fin: 2024-07-22T05:50:41-05:00[America/Lima]
2025-12-07 21:39:56.328 [http-nio-8081-exec-5] INFO  com.dp1.backend.services.EnvioService - Fecha de salida: 2025-12-03T21:53:55.393622Z
2025-12-07 21:39:56.328 [http-nio-8081-exec-5] INFO  com.dp1.backend.services.EnvioService - Fecha de fin: 2024-07-22T05:50:41-05:00[America/Lima]
2025-12-07 21:39:56.329 [http-nio-8081-exec-5] INFO  com.dp1.backend.services.EnvioService - Fecha de salida: 2025-12-03T20:58:58.142621Z
2025-12-07 21:39:56.329 [http-nio-8081-exec-5] INFO  com.dp1.backend.services.EnvioService - Fecha de fin: 2024-07-22T05:50:41-05:00[America/Lima]
2025-12-07 21:39:56.329 [http-nio-8081-exec-5] INFO  com.dp1.backend.services.EnvioService - Fecha de salida: 2025-12-03T22:05:55.081982Z
2025-12-07 21:39:56.329 [http-nio-8081-exec-5] INFO  com.dp1.backend.services.EnvioService - Fecha de fin: 2024-07-22T05:50:41-05:00[America/Lima]
2025-12-07 21:39:56.330 [http-nio-8081-exec-5] INFO  com.dp1.backend.services.EnvioService - Fecha de salida: 2025-12-03T22:10:10.060051Z
2025-12-07 21:39:56.330 [http-nio-8081-exec-5] INFO  com.dp1.backend.services.EnvioService - Fecha de fin: 2024-07-22T05:50:41-05:00[America/Lima]
2025-12-07 21:39:56.330 [http-nio-8081-exec-5] INFO  com.dp1.backend.services.EnvioService - Fecha de salida: 2025-12-03T19:18:00.006205Z
2025-12-07 21:39:56.331 [http-nio-8081-exec-5] INFO  com.dp1.backend.services.EnvioService - Fecha de fin: 2024-07-22T05:50:41-05:00[America/Lima]
2025-12-07 21:39:56.331 [http-nio-8081-exec-5] INFO  com.dp1.backend.services.EnvioService - Fecha de salida: 2025-12-03T22:25:11.859078Z
2025-12-07 21:39:56.332 [http-nio-8081-exec-5] INFO  com.dp1.backend.services.EnvioService - Fecha de fin: 2024-07-22T05:50:41-05:00[America/Lima]
2025-12-07 21:39:56.332 [http-nio-8081-exec-5] INFO  com.dp1.backend.services.EnvioService - Fecha de salida: 2025-12-08T02:35:50.659385Z
2025-12-07 21:39:56.332 [http-nio-8081-exec-5] INFO  com.dp1.backend.services.EnvioService - Fecha de fin: 2024-07-22T05:50:41-05:00[America/Lima]
2025-12-07 21:39:56.333 [http-nio-8081-exec-5] INFO  com.dp1.backend.handlers.SocketConnectionHandler - Enviando # de envios en operación: 0
2025-12-07 21:40:27.651 [http-nio-8081-exec-3] INFO  com.dp1.backend.handlers.SocketConnectionHandler - Enviando # de vuelos en el aire: 0
2025-12-07 21:40:27.669 [http-nio-8081-exec-3] INFO  com.dp1.backend.services.EnvioService - Envios despues de fecha inicio: 9
2025-12-07 21:40:27.670 [http-nio-8081-exec-3] INFO  com.dp1.backend.services.EnvioService - Fecha de salida: 2025-12-03T21:41:51.668364Z
2025-12-07 21:40:27.670 [http-nio-8081-exec-3] INFO  com.dp1.backend.services.EnvioService - Fecha de fin: 2024-07-22T05:51:43-05:00[America/Lima]
2025-12-07 21:40:27.670 [http-nio-8081-exec-3] INFO  com.dp1.backend.services.EnvioService - Fecha de salida: 2025-12-04T04:53:10.409571Z
2025-12-07 21:40:27.670 [http-nio-8081-exec-3] INFO  com.dp1.backend.services.EnvioService - Fecha de fin: 2024-07-22T05:51:43-05:00[America/Lima]
2025-12-07 21:40:27.670 [http-nio-8081-exec-3] INFO  com.dp1.backend.services.EnvioService - Fecha de salida: 2025-12-03T21:53:55.393622Z
2025-12-07 21:40:27.671 [http-nio-8081-exec-3] INFO  com.dp1.backend.services.EnvioService - Fecha de fin: 2024-07-22T05:51:43-05:00[America/Lima]
2025-12-07 21:40:27.671 [http-nio-8081-exec-3] INFO  com.dp1.backend.services.EnvioService - Fecha de salida: 2025-12-03T20:58:58.142621Z
2025-12-07 21:40:27.671 [http-nio-8081-exec-3] INFO  com.dp1.backend.services.EnvioService - Fecha de fin: 2024-07-22T05:51:43-05:00[America/Lima]
2025-12-07 21:40:27.671 [http-nio-8081-exec-3] INFO  com.dp1.backend.services.EnvioService - Fecha de salida: 2025-12-03T22:05:55.081982Z
2025-12-07 21:40:27.671 [http-nio-8081-exec-3] INFO  com.dp1.backend.services.EnvioService - Fecha de fin: 2024-07-22T05:51:43-05:00[America/Lima]
2025-12-07 21:40:27.671 [http-nio-8081-exec-3] INFO  com.dp1.backend.services.EnvioService - Fecha de salida: 2025-12-03T22:10:10.060051Z
2025-12-07 21:40:27.671 [http-nio-8081-exec-3] INFO  com.dp1.backend.services.EnvioService - Fecha de fin: 2024-07-22T05:51:43-05:00[America/Lima]
2025-12-07 21:40:27.672 [http-nio-8081-exec-3] INFO  com.dp1.backend.services.EnvioService - Fecha de salida: 2025-12-03T19:18:00.006205Z
2025-12-07 21:40:27.672 [http-nio-8081-exec-3] INFO  com.dp1.backend.services.EnvioService - Fecha de fin: 2024-07-22T05:51:43-05:00[America/Lima]
2025-12-07 21:40:27.672 [http-nio-8081-exec-3] INFO  com.dp1.backend.services.EnvioService - Fecha de salida: 2025-12-03T22:25:11.859078Z
2025-12-07 21:40:27.673 [http-nio-8081-exec-3] INFO  com.dp1.backend.services.EnvioService - Fecha de fin: 2024-07-22T05:51:43-05:00[America/Lima]
2025-12-07 21:40:27.673 [http-nio-8081-exec-3] INFO  com.dp1.backend.services.EnvioService - Fecha de salida: 2025-12-08T02:35:50.659385Z
2025-12-07 21:40:27.673 [http-nio-8081-exec-3] INFO  com.dp1.backend.services.EnvioService - Fecha de fin: 2024-07-22T05:51:43-05:00[America/Lima]
2025-12-07 21:40:27.674 [http-nio-8081-exec-3] INFO  com.dp1.backend.handlers.SocketConnectionHandler - Enviando # de envios nuevos: 0
2025-12-07 21:40:27.695 [http-nio-8081-exec-3] INFO  com.dp1.backend.services.EnvioService - Envios despues de fecha inicio: 9
2025-12-07 21:40:27.696 [http-nio-8081-exec-3] INFO  com.dp1.backend.services.EnvioService - Fecha de salida: 2025-12-03T21:41:51.668364Z
2025-12-07 21:40:27.696 [http-nio-8081-exec-3] INFO  com.dp1.backend.services.EnvioService - Fecha de fin: 2024-07-22T05:51:12-05:00[America/Lima]
2025-12-07 21:40:27.696 [http-nio-8081-exec-3] INFO  com.dp1.backend.services.EnvioService - Fecha de salida: 2025-12-04T04:53:10.409571Z
2025-12-07 21:40:27.696 [http-nio-8081-exec-3] INFO  com.dp1.backend.services.EnvioService - Fecha de fin: 2024-07-22T05:51:12-05:00[America/Lima]
2025-12-07 21:40:27.697 [http-nio-8081-exec-3] INFO  com.dp1.backend.services.EnvioService - Fecha de salida: 2025-12-03T21:53:55.393622Z
2025-12-07 21:40:27.697 [http-nio-8081-exec-3] INFO  com.dp1.backend.services.EnvioService - Fecha de fin: 2024-07-22T05:51:12-05:00[America/Lima]
2025-12-07 21:40:27.697 [http-nio-8081-exec-3] INFO  com.dp1.backend.services.EnvioService - Fecha de salida: 2025-12-03T20:58:58.142621Z
2025-12-07 21:40:27.697 [http-nio-8081-exec-3] INFO  com.dp1.backend.services.EnvioService - Fecha de fin: 2024-07-22T05:51:12-05:00[America/Lima]
2025-12-07 21:40:27.698 [http-nio-8081-exec-3] INFO  com.dp1.backend.services.EnvioService - Fecha de salida: 2025-12-03T22:05:55.081982Z
2025-12-07 21:40:27.698 [http-nio-8081-exec-3] INFO  com.dp1.backend.services.EnvioService - Fecha de fin: 2024-07-22T05:51:12-05:00[America/Lima]
2025-12-07 21:40:27.698 [http-nio-8081-exec-3] INFO  com.dp1.backend.services.EnvioService - Fecha de salida: 2025-12-03T22:10:10.060051Z
2025-12-07 21:40:27.698 [http-nio-8081-exec-3] INFO  com.dp1.backend.services.EnvioService - Fecha de fin: 2024-07-22T05:51:12-05:00[America/Lima]
2025-12-07 21:40:27.699 [http-nio-8081-exec-3] INFO  com.dp1.backend.services.EnvioService - Fecha de salida: 2025-12-03T19:18:00.006205Z
2025-12-07 21:40:27.699 [http-nio-8081-exec-3] INFO  com.dp1.backend.services.EnvioService - Fecha de fin: 2024-07-22T05:51:12-05:00[America/Lima]
2025-12-07 21:40:27.699 [http-nio-8081-exec-3] INFO  com.dp1.backend.services.EnvioService - Fecha de salida: 2025-12-03T22:25:11.859078Z
2025-12-07 21:40:27.699 [http-nio-8081-exec-3] INFO  com.dp1.backend.services.EnvioService - Fecha de fin: 2024-07-22T05:51:12-05:00[America/Lima]
2025-12-07 21:40:27.699 [http-nio-8081-exec-3] INFO  com.dp1.backend.services.EnvioService - Fecha de salida: 2025-12-08T02:35:50.659385Z
2025-12-07 21:40:27.700 [http-nio-8081-exec-3] INFO  com.dp1.backend.services.EnvioService - Fecha de fin: 2024-07-22T05:51:12-05:00[America/Lima]
2025-12-07 21:40:27.700 [http-nio-8081-exec-3] INFO  com.dp1.backend.handlers.SocketConnectionHandler - Enviando # de envios en operación: 0
2025-12-07 21:41:09.111 [http-nio-8081-exec-8] INFO  com.dp1.backend.handlers.SocketConnectionHandler - Enviando # de vuelos en el aire: 2
2025-12-07 21:41:09.131 [http-nio-8081-exec-8] INFO  com.dp1.backend.services.EnvioService - Envios despues de fecha inicio: 9
2025-12-07 21:41:09.132 [http-nio-8081-exec-8] INFO  com.dp1.backend.services.EnvioService - Fecha de salida: 2025-12-03T21:41:51.668364Z
2025-12-07 21:41:09.132 [http-nio-8081-exec-8] INFO  com.dp1.backend.services.EnvioService - Fecha de fin: 2024-07-22T05:52:14-05:00[America/Lima]
2025-12-07 21:41:09.132 [http-nio-8081-exec-8] INFO  com.dp1.backend.services.EnvioService - Fecha de salida: 2025-12-04T04:53:10.409571Z
2025-12-07 21:41:09.132 [http-nio-8081-exec-8] INFO  com.dp1.backend.services.EnvioService - Fecha de fin: 2024-07-22T05:52:14-05:00[America/Lima]
2025-12-07 21:41:09.132 [http-nio-8081-exec-8] INFO  com.dp1.backend.services.EnvioService - Fecha de salida: 2025-12-03T21:53:55.393622Z
2025-12-07 21:41:09.132 [http-nio-8081-exec-8] INFO  com.dp1.backend.services.EnvioService - Fecha de fin: 2024-07-22T05:52:14-05:00[America/Lima]
2025-12-07 21:41:09.134 [http-nio-8081-exec-8] INFO  com.dp1.backend.services.EnvioService - Fecha de salida: 2025-12-03T20:58:58.142621Z
2025-12-07 21:41:09.134 [http-nio-8081-exec-8] INFO  com.dp1.backend.services.EnvioService - Fecha de fin: 2024-07-22T05:52:14-05:00[America/Lima]
2025-12-07 21:41:09.134 [http-nio-8081-exec-8] INFO  com.dp1.backend.services.EnvioService - Fecha de salida: 2025-12-03T22:05:55.081982Z
2025-12-07 21:41:09.135 [http-nio-8081-exec-8] INFO  com.dp1.backend.services.EnvioService - Fecha de fin: 2024-07-22T05:52:14-05:00[America/Lima]
2025-12-07 21:41:09.135 [http-nio-8081-exec-8] INFO  com.dp1.backend.services.EnvioService - Fecha de salida: 2025-12-03T22:10:10.060051Z
2025-12-07 21:41:09.135 [http-nio-8081-exec-8] INFO  com.dp1.backend.services.EnvioService - Fecha de fin: 2024-07-22T05:52:14-05:00[America/Lima]
2025-12-07 21:41:09.135 [http-nio-8081-exec-8] INFO  com.dp1.backend.services.EnvioService - Fecha de salida: 2025-12-03T19:18:00.006205Z
2025-12-07 21:41:09.136 [http-nio-8081-exec-8] INFO  com.dp1.backend.services.EnvioService - Fecha de fin: 2024-07-22T05:52:14-05:00[America/Lima]
2025-12-07 21:41:09.136 [http-nio-8081-exec-8] INFO  com.dp1.backend.services.EnvioService - Fecha de salida: 2025-12-03T22:25:11.859078Z
2025-12-07 21:41:09.136 [http-nio-8081-exec-8] INFO  com.dp1.backend.services.EnvioService - Fecha de fin: 2024-07-22T05:52:14-05:00[America/Lima]
2025-12-07 21:41:09.137 [http-nio-8081-exec-8] INFO  com.dp1.backend.services.EnvioService - Fecha de salida: 2025-12-08T02:35:50.659385Z
2025-12-07 21:41:09.137 [http-nio-8081-exec-8] INFO  com.dp1.backend.services.EnvioService - Fecha de fin: 2024-07-22T05:52:14-05:00[America/Lima]
2025-12-07 21:41:09.138 [http-nio-8081-exec-8] INFO  com.dp1.backend.handlers.SocketConnectionHandler - Enviando # de envios nuevos: 0
2025-12-07 21:41:09.157 [http-nio-8081-exec-8] INFO  com.dp1.backend.services.EnvioService - Envios despues de fecha inicio: 9
2025-12-07 21:41:09.157 [http-nio-8081-exec-8] INFO  com.dp1.backend.services.EnvioService - Fecha de salida: 2025-12-03T21:41:51.668364Z
2025-12-07 21:41:09.157 [http-nio-8081-exec-8] INFO  com.dp1.backend.services.EnvioService - Fecha de fin: 2024-07-22T05:51:43-05:00[America/Lima]
2025-12-07 21:41:09.157 [http-nio-8081-exec-8] INFO  com.dp1.backend.services.EnvioService - Fecha de salida: 2025-12-04T04:53:10.409571Z
2025-12-07 21:41:09.158 [http-nio-8081-exec-8] INFO  com.dp1.backend.services.EnvioService - Fecha de fin: 2024-07-22T05:51:43-05:00[America/Lima]
2025-12-07 21:41:09.158 [http-nio-8081-exec-8] INFO  com.dp1.backend.services.EnvioService - Fecha de salida: 2025-12-03T21:53:55.393622Z
2025-12-07 21:41:09.159 [http-nio-8081-exec-8] INFO  com.dp1.backend.services.EnvioService - Fecha de fin: 2024-07-22T05:51:43-05:00[America/Lima]
2025-12-07 21:41:09.159 [http-nio-8081-exec-8] INFO  com.dp1.backend.services.EnvioService - Fecha de salida: 2025-12-03T20:58:58.142621Z
2025-12-07 21:41:09.159 [http-nio-8081-exec-8] INFO  com.dp1.backend.services.EnvioService - Fecha de fin: 2024-07-22T05:51:43-05:00[America/Lima]
2025-12-07 21:41:09.159 [http-nio-8081-exec-8] INFO  com.dp1.backend.services.EnvioService - Fecha de salida: 2025-12-03T22:05:55.081982Z
2025-12-07 21:41:09.160 [http-nio-8081-exec-8] INFO  com.dp1.backend.services.EnvioService - Fecha de fin: 2024-07-22T05:51:43-05:00[America/Lima]
2025-12-07 21:41:09.160 [http-nio-8081-exec-8] INFO  com.dp1.backend.services.EnvioService - Fecha de salida: 2025-12-03T22:10:10.060051Z
2025-12-07 21:41:09.160 [http-nio-8081-exec-8] INFO  com.dp1.backend.services.EnvioService - Fecha de fin: 2024-07-22T05:51:43-05:00[America/Lima]
2025-12-07 21:41:09.161 [http-nio-8081-exec-8] INFO  com.dp1.backend.services.EnvioService - Fecha de salida: 2025-12-03T19:18:00.006205Z
2025-12-07 21:41:09.161 [http-nio-8081-exec-8] INFO  com.dp1.backend.services.EnvioService - Fecha de fin: 2024-07-22T05:51:43-05:00[America/Lima]
2025-12-07 21:41:09.161 [http-nio-8081-exec-8] INFO  com.dp1.backend.services.EnvioService - Fecha de salida: 2025-12-03T22:25:11.859078Z
2025-12-07 21:41:09.162 [http-nio-8081-exec-8] INFO  com.dp1.backend.services.EnvioService - Fecha de fin: 2024-07-22T05:51:43-05:00[America/Lima]
2025-12-07 21:41:09.162 [http-nio-8081-exec-8] INFO  com.dp1.backend.services.EnvioService - Fecha de salida: 2025-12-08T02:35:50.659385Z
2025-12-07 21:41:09.162 [http-nio-8081-exec-8] INFO  com.dp1.backend.services.EnvioService - Fecha de fin: 2024-07-22T05:51:43-05:00[America/Lima]
2025-12-07 21:41:09.164 [http-nio-8081-exec-8] INFO  com.dp1.backend.handlers.SocketConnectionHandler - Enviando # de envios en operación: 0
2025-12-07 21:42:11.112 [http-nio-8081-exec-6] INFO  com.dp1.backend.handlers.SocketConnectionHandler - Enviando # de vuelos en el aire: 0
2025-12-07 21:42:11.130 [http-nio-8081-exec-6] INFO  com.dp1.backend.services.EnvioService - Envios despues de fecha inicio: 9
2025-12-07 21:42:11.130 [http-nio-8081-exec-6] INFO  com.dp1.backend.services.EnvioService - Fecha de salida: 2025-12-03T21:41:51.668364Z
2025-12-07 21:42:11.130 [http-nio-8081-exec-6] INFO  com.dp1.backend.services.EnvioService - Fecha de fin: 2024-07-22T05:52:45-05:00[America/Lima]
2025-12-07 21:42:11.131 [http-nio-8081-exec-6] INFO  com.dp1.backend.services.EnvioService - Fecha de salida: 2025-12-04T04:53:10.409571Z
2025-12-07 21:42:11.131 [http-nio-8081-exec-6] INFO  com.dp1.backend.services.EnvioService - Fecha de fin: 2024-07-22T05:52:45-05:00[America/Lima]
2025-12-07 21:42:11.131 [http-nio-8081-exec-6] INFO  com.dp1.backend.services.EnvioService - Fecha de salida: 2025-12-03T21:53:55.393622Z
2025-12-07 21:42:11.132 [http-nio-8081-exec-6] INFO  com.dp1.backend.services.EnvioService - Fecha de fin: 2024-07-22T05:52:45-05:00[America/Lima]
2025-12-07 21:42:11.132 [http-nio-8081-exec-6] INFO  com.dp1.backend.services.EnvioService - Fecha de salida: 2025-12-03T20:58:58.142621Z
2025-12-07 21:42:11.132 [http-nio-8081-exec-6] INFO  com.dp1.backend.services.EnvioService - Fecha de fin: 2024-07-22T05:52:45-05:00[America/Lima]
2025-12-07 21:42:11.133 [http-nio-8081-exec-6] INFO  com.dp1.backend.services.EnvioService - Fecha de salida: 2025-12-03T22:05:55.081982Z
2025-12-07 21:42:11.133 [http-nio-8081-exec-6] INFO  com.dp1.backend.services.EnvioService - Fecha de fin: 2024-07-22T05:52:45-05:00[America/Lima]
2025-12-07 21:42:11.133 [http-nio-8081-exec-6] INFO  com.dp1.backend.services.EnvioService - Fecha de salida: 2025-12-03T22:10:10.060051Z
2025-12-07 21:42:11.134 [http-nio-8081-exec-6] INFO  com.dp1.backend.services.EnvioService - Fecha de fin: 2024-07-22T05:52:45-05:00[America/Lima]
2025-12-07 21:42:11.134 [http-nio-8081-exec-6] INFO  com.dp1.backend.services.EnvioService - Fecha de salida: 2025-12-03T19:18:00.006205Z
2025-12-07 21:42:11.134 [http-nio-8081-exec-6] INFO  com.dp1.backend.services.EnvioService - Fecha de fin: 2024-07-22T05:52:45-05:00[America/Lima]
2025-12-07 21:42:11.135 [http-nio-8081-exec-6] INFO  com.dp1.backend.services.EnvioService - Fecha de salida: 2025-12-03T22:25:11.859078Z
2025-12-07 21:42:11.135 [http-nio-8081-exec-6] INFO  com.dp1.backend.services.EnvioService - Fecha de fin: 2024-07-22T05:52:45-05:00[America/Lima]
2025-12-07 21:42:11.135 [http-nio-8081-exec-6] INFO  com.dp1.backend.services.EnvioService - Fecha de salida: 2025-12-08T02:35:50.659385Z
2025-12-07 21:42:11.136 [http-nio-8081-exec-6] INFO  com.dp1.backend.services.EnvioService - Fecha de fin: 2024-07-22T05:52:45-05:00[America/Lima]
2025-12-07 21:42:11.136 [http-nio-8081-exec-6] INFO  com.dp1.backend.handlers.SocketConnectionHandler - Enviando # de envios nuevos: 0
2025-12-07 21:42:11.151 [http-nio-8081-exec-6] INFO  com.dp1.backend.services.EnvioService - Envios despues de fecha inicio: 9
2025-12-07 21:42:11.152 [http-nio-8081-exec-6] INFO  com.dp1.backend.services.EnvioService - Fecha de salida: 2025-12-03T21:41:51.668364Z
2025-12-07 21:42:11.152 [http-nio-8081-exec-6] INFO  com.dp1.backend.services.EnvioService - Fecha de fin: 2024-07-22T05:52:14-05:00[America/Lima]
2025-12-07 21:42:11.152 [http-nio-8081-exec-6] INFO  com.dp1.backend.services.EnvioService - Fecha de salida: 2025-12-04T04:53:10.409571Z
2025-12-07 21:42:11.152 [http-nio-8081-exec-6] INFO  com.dp1.backend.services.EnvioService - Fecha de fin: 2024-07-22T05:52:14-05:00[America/Lima]
2025-12-07 21:42:11.152 [http-nio-8081-exec-6] INFO  com.dp1.backend.services.EnvioService - Fecha de salida: 2025-12-03T21:53:55.393622Z
2025-12-07 21:42:11.153 [http-nio-8081-exec-6] INFO  com.dp1.backend.services.EnvioService - Fecha de fin: 2024-07-22T05:52:14-05:00[America/Lima]
2025-12-07 21:42:11.153 [http-nio-8081-exec-6] INFO  com.dp1.backend.services.EnvioService - Fecha de salida: 2025-12-03T20:58:58.142621Z
2025-12-07 21:42:11.153 [http-nio-8081-exec-6] INFO  com.dp1.backend.services.EnvioService - Fecha de fin: 2024-07-22T05:52:14-05:00[America/Lima]
2025-12-07 21:42:11.153 [http-nio-8081-exec-6] INFO  com.dp1.backend.services.EnvioService - Fecha de salida: 2025-12-03T22:05:55.081982Z
2025-12-07 21:42:11.153 [http-nio-8081-exec-6] INFO  com.dp1.backend.services.EnvioService - Fecha de fin: 2024-07-22T05:52:14-05:00[America/Lima]
2025-12-07 21:42:11.154 [http-nio-8081-exec-6] INFO  com.dp1.backend.services.EnvioService - Fecha de salida: 2025-12-03T22:10:10.060051Z
2025-12-07 21:42:11.154 [http-nio-8081-exec-6] INFO  com.dp1.backend.services.EnvioService - Fecha de fin: 2024-07-22T05:52:14-05:00[America/Lima]
2025-12-07 21:42:11.154 [http-nio-8081-exec-6] INFO  com.dp1.backend.services.EnvioService - Fecha de salida: 2025-12-03T19:18:00.006205Z
2025-12-07 21:42:11.154 [http-nio-8081-exec-6] INFO  com.dp1.backend.services.EnvioService - Fecha de fin: 2024-07-22T05:52:14-05:00[America/Lima]
2025-12-07 21:42:11.154 [http-nio-8081-exec-6] INFO  com.dp1.backend.services.EnvioService - Fecha de salida: 2025-12-03T22:25:11.859078Z
2025-12-07 21:42:11.154 [http-nio-8081-exec-6] INFO  com.dp1.backend.services.EnvioService - Fecha de fin: 2024-07-22T05:52:14-05:00[America/Lima]
2025-12-07 21:42:11.154 [http-nio-8081-exec-6] INFO  com.dp1.backend.services.EnvioService - Fecha de salida: 2025-12-08T02:35:50.659385Z
2025-12-07 21:42:11.156 [http-nio-8081-exec-6] INFO  com.dp1.backend.services.EnvioService - Fecha de fin: 2024-07-22T05:52:14-05:00[America/Lima]
2025-12-07 21:42:11.156 [http-nio-8081-exec-6] INFO  com.dp1.backend.handlers.SocketConnectionHandler - Enviando # de envios en operación: 0
2025-12-07 21:43:13.104 [http-nio-8081-exec-7] INFO  com.dp1.backend.handlers.SocketConnectionHandler - Enviando # de vuelos en el aire: 2
2025-12-07 21:43:13.120 [http-nio-8081-exec-7] INFO  com.dp1.backend.services.EnvioService - Envios despues de fecha inicio: 9
2025-12-07 21:43:13.120 [http-nio-8081-exec-7] INFO  com.dp1.backend.services.EnvioService - Fecha de salida: 2025-12-03T21:41:51.668364Z
2025-12-07 21:43:13.120 [http-nio-8081-exec-7] INFO  com.dp1.backend.services.EnvioService - Fecha de fin: 2024-07-22T05:53:16-05:00[America/Lima]
2025-12-07 21:43:13.120 [http-nio-8081-exec-7] INFO  com.dp1.backend.services.EnvioService - Fecha de salida: 2025-12-04T04:53:10.409571Z
2025-12-07 21:43:13.120 [http-nio-8081-exec-7] INFO  com.dp1.backend.services.EnvioService - Fecha de fin: 2024-07-22T05:53:16-05:00[America/Lima]
2025-12-07 21:43:13.120 [http-nio-8081-exec-7] INFO  com.dp1.backend.services.EnvioService - Fecha de salida: 2025-12-03T21:53:55.393622Z
2025-12-07 21:43:13.120 [http-nio-8081-exec-7] INFO  com.dp1.backend.services.EnvioService - Fecha de fin: 2024-07-22T05:53:16-05:00[America/Lima]
2025-12-07 21:43:13.120 [http-nio-8081-exec-7] INFO  com.dp1.backend.services.EnvioService - Fecha de salida: 2025-12-03T20:58:58.142621Z
2025-12-07 21:43:13.120 [http-nio-8081-exec-7] INFO  com.dp1.backend.services.EnvioService - Fecha de fin: 2024-07-22T05:53:16-05:00[America/Lima]
2025-12-07 21:43:13.120 [http-nio-8081-exec-7] INFO  com.dp1.backend.services.EnvioService - Fecha de salida: 2025-12-03T22:05:55.081982Z
2025-12-07 21:43:13.120 [http-nio-8081-exec-7] INFO  com.dp1.backend.services.EnvioService - Fecha de fin: 2024-07-22T05:53:16-05:00[America/Lima]
2025-12-07 21:43:13.120 [http-nio-8081-exec-7] INFO  com.dp1.backend.services.EnvioService - Fecha de salida: 2025-12-03T22:10:10.060051Z
2025-12-07 21:43:13.120 [http-nio-8081-exec-7] INFO  com.dp1.backend.services.EnvioService - Fecha de fin: 2024-07-22T05:53:16-05:00[America/Lima]
2025-12-07 21:43:13.120 [http-nio-8081-exec-7] INFO  com.dp1.backend.services.EnvioService - Fecha de salida: 2025-12-03T19:18:00.006205Z
2025-12-07 21:43:13.120 [http-nio-8081-exec-7] INFO  com.dp1.backend.services.EnvioService - Fecha de fin: 2024-07-22T05:53:16-05:00[America/Lima]
2025-12-07 21:43:13.120 [http-nio-8081-exec-7] INFO  com.dp1.backend.services.EnvioService - Fecha de salida: 2025-12-03T22:25:11.859078Z
2025-12-07 21:43:13.120 [http-nio-8081-exec-7] INFO  com.dp1.backend.services.EnvioService - Fecha de fin: 2024-07-22T05:53:16-05:00[America/Lima]
2025-12-07 21:43:13.120 [http-nio-8081-exec-7] INFO  com.dp1.backend.services.EnvioService - Fecha de salida: 2025-12-08T02:35:50.659385Z
2025-12-07 21:43:13.120 [http-nio-8081-exec-7] INFO  com.dp1.backend.services.EnvioService - Fecha de fin: 2024-07-22T05:53:16-05:00[America/Lima]
2025-12-07 21:43:13.120 [http-nio-8081-exec-7] INFO  com.dp1.backend.handlers.SocketConnectionHandler - Enviando # de envios nuevos: 0
2025-12-07 21:43:13.142 [http-nio-8081-exec-7] INFO  com.dp1.backend.services.EnvioService - Envios despues de fecha inicio: 9
2025-12-07 21:43:13.142 [http-nio-8081-exec-7] INFO  com.dp1.backend.services.EnvioService - Fecha de salida: 2025-12-03T21:41:51.668364Z
2025-12-07 21:43:13.142 [http-nio-8081-exec-7] INFO  com.dp1.backend.services.EnvioService - Fecha de fin: 2024-07-22T05:52:45-05:00[America/Lima]
2025-12-07 21:43:13.142 [http-nio-8081-exec-7] INFO  com.dp1.backend.services.EnvioService - Fecha de salida: 2025-12-04T04:53:10.409571Z
2025-12-07 21:43:13.142 [http-nio-8081-exec-7] INFO  com.dp1.backend.services.EnvioService - Fecha de fin: 2024-07-22T05:52:45-05:00[America/Lima]
2025-12-07 21:43:13.142 [http-nio-8081-exec-7] INFO  com.dp1.backend.services.EnvioService - Fecha de salida: 2025-12-03T21:53:55.393622Z
2025-12-07 21:43:13.145 [http-nio-8081-exec-7] INFO  com.dp1.backend.services.EnvioService - Fecha de fin: 2024-07-22T05:52:45-05:00[America/Lima]
2025-12-07 21:43:13.145 [http-nio-8081-exec-7] INFO  com.dp1.backend.services.EnvioService - Fecha de salida: 2025-12-03T20:58:58.142621Z
2025-12-07 21:43:13.145 [http-nio-8081-exec-7] INFO  com.dp1.backend.services.EnvioService - Fecha de fin: 2024-07-22T05:52:45-05:00[America/Lima]
2025-12-07 21:43:13.145 [http-nio-8081-exec-7] INFO  com.dp1.backend.services.EnvioService - Fecha de salida: 2025-12-03T22:05:55.081982Z
2025-12-07 21:43:13.145 [http-nio-8081-exec-7] INFO  com.dp1.backend.services.EnvioService - Fecha de fin: 2024-07-22T05:52:45-05:00[America/Lima]
2025-12-07 21:43:13.145 [http-nio-8081-exec-7] INFO  com.dp1.backend.services.EnvioService - Fecha de salida: 2025-12-03T22:10:10.060051Z
2025-12-07 21:43:13.145 [http-nio-8081-exec-7] INFO  com.dp1.backend.services.EnvioService - Fecha de fin: 2024-07-22T05:52:45-05:00[America/Lima]
2025-12-07 21:43:13.145 [http-nio-8081-exec-7] INFO  com.dp1.backend.services.EnvioService - Fecha de salida: 2025-12-03T19:18:00.006205Z
2025-12-07 21:43:13.145 [http-nio-8081-exec-7] INFO  com.dp1.backend.services.EnvioService - Fecha de fin: 2024-07-22T05:52:45-05:00[America/Lima]
2025-12-07 21:43:13.147 [http-nio-8081-exec-7] INFO  com.dp1.backend.services.EnvioService - Fecha de salida: 2025-12-03T22:25:11.859078Z
2025-12-07 21:43:13.147 [http-nio-8081-exec-7] INFO  com.dp1.backend.services.EnvioService - Fecha de fin: 2024-07-22T05:52:45-05:00[America/Lima]
2025-12-07 21:43:13.147 [http-nio-8081-exec-7] INFO  com.dp1.backend.services.EnvioService - Fecha de salida: 2025-12-08T02:35:50.659385Z
2025-12-07 21:43:13.147 [http-nio-8081-exec-7] INFO  com.dp1.backend.services.EnvioService - Fecha de fin: 2024-07-22T05:52:45-05:00[America/Lima]
2025-12-07 21:43:13.147 [http-nio-8081-exec-7] INFO  com.dp1.backend.handlers.SocketConnectionHandler - Enviando # de envios en operación: 0
2025-12-07 21:43:46.496 [http-nio-8081-exec-10] INFO  com.dp1.backend.handlers.SocketConnectionHandler - Enviando # de vuelos en el aire: 0
2025-12-07 21:43:46.510 [http-nio-8081-exec-10] INFO  com.dp1.backend.services.EnvioService - Envios despues de fecha inicio: 9
2025-12-07 21:43:46.511 [http-nio-8081-exec-10] INFO  com.dp1.backend.services.EnvioService - Fecha de salida: 2025-12-03T21:41:51.668364Z
2025-12-07 21:43:46.511 [http-nio-8081-exec-10] INFO  com.dp1.backend.services.EnvioService - Fecha de fin: 2024-07-22T05:53:47-05:00[America/Lima]
2025-12-07 21:43:46.511 [http-nio-8081-exec-10] INFO  com.dp1.backend.services.EnvioService - Fecha de salida: 2025-12-04T04:53:10.409571Z
2025-12-07 21:43:46.511 [http-nio-8081-exec-10] INFO  com.dp1.backend.services.EnvioService - Fecha de fin: 2024-07-22T05:53:47-05:00[America/Lima]
2025-12-07 21:43:46.512 [http-nio-8081-exec-10] INFO  com.dp1.backend.services.EnvioService - Fecha de salida: 2025-12-03T21:53:55.393622Z
2025-12-07 21:43:46.512 [http-nio-8081-exec-10] INFO  com.dp1.backend.services.EnvioService - Fecha de fin: 2024-07-22T05:53:47-05:00[America/Lima]
2025-12-07 21:43:46.512 [http-nio-8081-exec-10] INFO  com.dp1.backend.services.EnvioService - Fecha de salida: 2025-12-03T20:58:58.142621Z
2025-12-07 21:43:46.512 [http-nio-8081-exec-10] INFO  com.dp1.backend.services.EnvioService - Fecha de fin: 2024-07-22T05:53:47-05:00[America/Lima]
2025-12-07 21:43:46.513 [http-nio-8081-exec-10] INFO  com.dp1.backend.services.EnvioService - Fecha de salida: 2025-12-03T22:05:55.081982Z
2025-12-07 21:43:46.513 [http-nio-8081-exec-10] INFO  com.dp1.backend.services.EnvioService - Fecha de fin: 2024-07-22T05:53:47-05:00[America/Lima]
2025-12-07 21:43:46.513 [http-nio-8081-exec-10] INFO  com.dp1.backend.services.EnvioService - Fecha de salida: 2025-12-03T22:10:10.060051Z
2025-12-07 21:43:46.513 [http-nio-8081-exec-10] INFO  com.dp1.backend.services.EnvioService - Fecha de fin: 2024-07-22T05:53:47-05:00[America/Lima]
2025-12-07 21:43:46.514 [http-nio-8081-exec-10] INFO  com.dp1.backend.services.EnvioService - Fecha de salida: 2025-12-03T19:18:00.006205Z
2025-12-07 21:43:46.514 [http-nio-8081-exec-10] INFO  com.dp1.backend.services.EnvioService - Fecha de fin: 2024-07-22T05:53:47-05:00[America/Lima]
2025-12-07 21:43:46.514 [http-nio-8081-exec-10] INFO  com.dp1.backend.services.EnvioService - Fecha de salida: 2025-12-03T22:25:11.859078Z
2025-12-07 21:43:46.514 [http-nio-8081-exec-10] INFO  com.dp1.backend.services.EnvioService - Fecha de fin: 2024-07-22T05:53:47-05:00[America/Lima]
2025-12-07 21:43:46.514 [http-nio-8081-exec-10] INFO  com.dp1.backend.services.EnvioService - Fecha de salida: 2025-12-08T02:35:50.659385Z
2025-12-07 21:43:46.515 [http-nio-8081-exec-10] INFO  com.dp1.backend.services.EnvioService - Fecha de fin: 2024-07-22T05:53:47-05:00[America/Lima]
2025-12-07 21:43:46.515 [http-nio-8081-exec-10] INFO  com.dp1.backend.handlers.SocketConnectionHandler - Enviando # de envios nuevos: 0
2025-12-07 21:43:46.534 [http-nio-8081-exec-10] INFO  com.dp1.backend.services.EnvioService - Envios despues de fecha inicio: 9
2025-12-07 21:43:46.534 [http-nio-8081-exec-10] INFO  com.dp1.backend.services.EnvioService - Fecha de salida: 2025-12-03T21:41:51.668364Z
2025-12-07 21:43:46.535 [http-nio-8081-exec-10] INFO  com.dp1.backend.services.EnvioService - Fecha de fin: 2024-07-22T05:53:16-05:00[America/Lima]
2025-12-07 21:43:46.535 [http-nio-8081-exec-10] INFO  com.dp1.backend.services.EnvioService - Fecha de salida: 2025-12-04T04:53:10.409571Z
2025-12-07 21:43:46.536 [http-nio-8081-exec-10] INFO  com.dp1.backend.services.EnvioService - Fecha de fin: 2024-07-22T05:53:16-05:00[America/Lima]
2025-12-07 21:43:46.536 [http-nio-8081-exec-10] INFO  com.dp1.backend.services.EnvioService - Fecha de salida: 2025-12-03T21:53:55.393622Z
2025-12-07 21:43:46.536 [http-nio-8081-exec-10] INFO  com.dp1.backend.services.EnvioService - Fecha de fin: 2024-07-22T05:53:16-05:00[America/Lima]
2025-12-07 21:43:46.536 [http-nio-8081-exec-10] INFO  com.dp1.backend.services.EnvioService - Fecha de salida: 2025-12-03T20:58:58.142621Z
2025-12-07 21:43:46.537 [http-nio-8081-exec-10] INFO  com.dp1.backend.services.EnvioService - Fecha de fin: 2024-07-22T05:53:16-05:00[America/Lima]
2025-12-07 21:43:46.537 [http-nio-8081-exec-10] INFO  com.dp1.backend.services.EnvioService - Fecha de salida: 2025-12-03T22:05:55.081982Z
2025-12-07 21:43:46.537 [http-nio-8081-exec-10] INFO  com.dp1.backend.services.EnvioService - Fecha de fin: 2024-07-22T05:53:16-05:00[America/Lima]
2025-12-07 21:43:46.537 [http-nio-8081-exec-10] INFO  com.dp1.backend.services.EnvioService - Fecha de salida: 2025-12-03T22:10:10.060051Z
2025-12-07 21:43:46.537 [http-nio-8081-exec-10] INFO  com.dp1.backend.services.EnvioService - Fecha de fin: 2024-07-22T05:53:16-05:00[America/Lima]
2025-12-07 21:43:46.538 [http-nio-8081-exec-10] INFO  com.dp1.backend.services.EnvioService - Fecha de salida: 2025-12-03T19:18:00.006205Z
2025-12-07 21:43:46.538 [http-nio-8081-exec-10] INFO  com.dp1.backend.services.EnvioService - Fecha de fin: 2024-07-22T05:53:16-05:00[America/Lima]
2025-12-07 21:43:46.538 [http-nio-8081-exec-10] INFO  com.dp1.backend.services.EnvioService - Fecha de salida: 2025-12-03T22:25:11.859078Z
2025-12-07 21:43:46.538 [http-nio-8081-exec-10] INFO  com.dp1.backend.services.EnvioService - Fecha de fin: 2024-07-22T05:53:16-05:00[America/Lima]
2025-12-07 21:43:46.540 [http-nio-8081-exec-10] INFO  com.dp1.backend.services.EnvioService - Fecha de salida: 2025-12-08T02:35:50.659385Z
2025-12-07 21:43:46.540 [http-nio-8081-exec-10] INFO  com.dp1.backend.services.EnvioService - Fecha de fin: 2024-07-22T05:53:16-05:00[America/Lima]
2025-12-07 21:43:46.540 [http-nio-8081-exec-10] INFO  com.dp1.backend.handlers.SocketConnectionHandler - Enviando # de envios en operación: 0
2025-12-07 21:44:17.944 [http-nio-8081-exec-4] INFO  com.dp1.backend.handlers.SocketConnectionHandler - Enviando # de vuelos en el aire: 0
2025-12-07 21:44:17.950 [http-nio-8081-exec-4] INFO  com.dp1.backend.services.EnvioService - Envios despues de fecha inicio: 0
2025-12-07 21:44:17.951 [http-nio-8081-exec-4] INFO  com.dp1.backend.handlers.SocketConnectionHandler - Enviando # de envios nuevos: 0
2025-12-07 21:44:17.957 [http-nio-8081-exec-4] INFO  com.dp1.backend.services.EnvioService - Envios despues de fecha inicio: 0
2025-12-07 21:44:17.958 [http-nio-8081-exec-4] INFO  com.dp1.backend.handlers.SocketConnectionHandler - Enviando # de envios en operación: 0
2025-12-07 21:44:49.308 [http-nio-8081-exec-9] INFO  com.dp1.backend.handlers.SocketConnectionHandler - Enviando # de vuelos en el aire: 0
2025-12-07 21:44:49.315 [http-nio-8081-exec-9] INFO  com.dp1.backend.services.EnvioService - Envios despues de fecha inicio: 0
2025-12-07 21:44:49.315 [http-nio-8081-exec-9] INFO  com.dp1.backend.handlers.SocketConnectionHandler - Enviando # de envios nuevos: 0
2025-12-07 21:44:49.321 [http-nio-8081-exec-9] INFO  com.dp1.backend.services.EnvioService - Envios despues de fecha inicio: 0
2025-12-07 21:44:49.322 [http-nio-8081-exec-9] INFO  com.dp1.backend.handlers.SocketConnectionHandler - Enviando # de envios en operación: 0
2025-12-07 21:45:21.018 [http-nio-8081-exec-2] INFO  com.dp1.backend.handlers.SocketConnectionHandler - Enviando # de vuelos en el aire: 2
2025-12-07 21:45:21.036 [http-nio-8081-exec-2] INFO  com.dp1.backend.services.EnvioService - Envios despues de fecha inicio: 0
2025-12-07 21:45:21.037 [http-nio-8081-exec-2] INFO  com.dp1.backend.handlers.SocketConnectionHandler - Enviando # de envios nuevos: 0
2025-12-07 21:45:21.044 [http-nio-8081-exec-2] INFO  com.dp1.backend.services.EnvioService - Envios despues de fecha inicio: 0
2025-12-07 21:45:21.045 [http-nio-8081-exec-2] INFO  com.dp1.backend.handlers.SocketConnectionHandler - Enviando # de envios en operación: 0
2025-12-07 21:45:53.106 [http-nio-8081-exec-1] INFO  com.dp1.backend.handlers.SocketConnectionHandler - Enviando # de vuelos en el aire: 0
2025-12-07 21:45:53.115 [http-nio-8081-exec-1] INFO  com.dp1.backend.services.EnvioService - Envios despues de fecha inicio: 0
2025-12-07 21:45:53.116 [http-nio-8081-exec-1] INFO  com.dp1.backend.handlers.SocketConnectionHandler - Enviando # de envios nuevos: 0
2025-12-07 21:45:53.123 [http-nio-8081-exec-1] INFO  com.dp1.backend.services.EnvioService - Envios despues de fecha inicio: 0
2025-12-07 21:45:53.124 [http-nio-8081-exec-1] INFO  com.dp1.backend.handlers.SocketConnectionHandler - Enviando # de envios en operación: 0
2025-12-07 21:46:09.287 [http-nio-8081-exec-10] INFO  com.dp1.backend.services.ClienteService - Creando cliente con datos: Joseph Huaman mr@cc.com 
2025-12-07 21:46:09.340 [http-nio-8081-exec-4] INFO  com.dp1.backend.services.ClienteService - Creando cliente con datos: Paco Yunque fergegr@mp.com 
2025-12-07 21:46:09.385 [http-nio-8081-exec-9] INFO  com.dp1.backend.services.EnvioService - Todo bien hasta primer guardado
2025-12-07 21:46:09.400 [http-nio-8081-exec-9] INFO  com.dp1.backend.services.EnvioService - Todo bien hasta segundo guardado
2025-12-07 21:46:10.109 [http-nio-8081-exec-9] INFO  com.dp1.backend.services.EnvioService - Todo bien hasta guardado de paquetes
2025-12-07 21:46:25.181 [http-nio-8081-exec-6] INFO  com.dp1.backend.handlers.SocketConnectionHandler - Enviando # de vuelos en el aire: 2
2025-12-07 21:46:25.191 [http-nio-8081-exec-6] INFO  com.dp1.backend.services.EnvioService - Envios despues de fecha inicio: 1
2025-12-07 21:46:25.193 [http-nio-8081-exec-6] INFO  com.dp1.backend.services.EnvioService - Fecha de salida: 2025-12-08T02:46:09.374849Z
2025-12-07 21:46:25.193 [http-nio-8081-exec-6] INFO  com.dp1.backend.services.EnvioService - Fecha de fin: 2024-07-22T05:56:22-05:00[America/Lima]
2025-12-07 21:46:25.194 [http-nio-8081-exec-6] INFO  com.dp1.backend.handlers.SocketConnectionHandler - Enviando # de envios nuevos: 0
2025-12-07 21:46:25.205 [http-nio-8081-exec-6] INFO  com.dp1.backend.services.EnvioService - Envios despues de fecha inicio: 1
2025-12-07 21:46:25.206 [http-nio-8081-exec-6] INFO  com.dp1.backend.services.EnvioService - Fecha de salida: 2025-12-08T02:46:09.374849Z
2025-12-07 21:46:25.207 [http-nio-8081-exec-6] INFO  com.dp1.backend.services.EnvioService - Fecha de fin: 2024-07-22T05:55:51-05:00[America/Lima]
2025-12-07 21:46:25.208 [http-nio-8081-exec-6] INFO  com.dp1.backend.handlers.SocketConnectionHandler - Enviando # de envios en operación: 0
2025-12-07 21:46:56.574 [http-nio-8081-exec-7] INFO  com.dp1.backend.handlers.SocketConnectionHandler - Enviando # de vuelos en el aire: 0
2025-12-07 21:46:56.589 [http-nio-8081-exec-7] INFO  com.dp1.backend.services.EnvioService - Envios despues de fecha inicio: 1
2025-12-07 21:46:56.590 [http-nio-8081-exec-7] INFO  com.dp1.backend.services.EnvioService - Fecha de salida: 2025-12-08T02:46:09.374849Z
2025-12-07 21:46:56.590 [http-nio-8081-exec-7] INFO  com.dp1.backend.services.EnvioService - Fecha de fin: 2024-07-22T05:56:53-05:00[America/Lima]
2025-12-07 21:46:56.592 [http-nio-8081-exec-7] INFO  com.dp1.backend.handlers.SocketConnectionHandler - Enviando # de envios nuevos: 0
2025-12-07 21:46:56.607 [http-nio-8081-exec-7] INFO  com.dp1.backend.services.EnvioService - Envios despues de fecha inicio: 1
2025-12-07 21:46:56.607 [http-nio-8081-exec-7] INFO  com.dp1.backend.services.EnvioService - Fecha de salida: 2025-12-08T02:46:09.374849Z
2025-12-07 21:46:56.608 [http-nio-8081-exec-7] INFO  com.dp1.backend.services.EnvioService - Fecha de fin: 2024-07-22T05:56:22-05:00[America/Lima]
2025-12-07 21:46:56.609 [http-nio-8081-exec-7] INFO  com.dp1.backend.handlers.SocketConnectionHandler - Enviando # de envios en operación: 0
2025-12-07 21:47:28.022 [http-nio-8081-exec-10] INFO  com.dp1.backend.handlers.SocketConnectionHandler - Enviando # de vuelos en el aire: 1
2025-12-07 21:47:28.036 [http-nio-8081-exec-10] INFO  com.dp1.backend.services.EnvioService - Envios despues de fecha inicio: 1
2025-12-07 21:47:28.036 [http-nio-8081-exec-10] INFO  com.dp1.backend.services.EnvioService - Fecha de salida: 2025-12-08T02:46:09.374849Z
2025-12-07 21:47:28.037 [http-nio-8081-exec-10] INFO  com.dp1.backend.services.EnvioService - Fecha de fin: 2024-07-22T05:57:24-05:00[America/Lima]
2025-12-07 21:47:28.038 [http-nio-8081-exec-10] INFO  com.dp1.backend.handlers.SocketConnectionHandler - Enviando # de envios nuevos: 0
2025-12-07 21:47:28.050 [http-nio-8081-exec-10] INFO  com.dp1.backend.services.EnvioService - Envios despues de fecha inicio: 1
2025-12-07 21:47:28.050 [http-nio-8081-exec-10] INFO  com.dp1.backend.services.EnvioService - Fecha de salida: 2025-12-08T02:46:09.374849Z
2025-12-07 21:47:28.051 [http-nio-8081-exec-10] INFO  com.dp1.backend.services.EnvioService - Fecha de fin: 2024-07-22T05:56:53-05:00[America/Lima]
2025-12-07 21:47:28.051 [http-nio-8081-exec-10] INFO  com.dp1.backend.handlers.SocketConnectionHandler - Enviando # de envios en operación: 0
2025-12-07 21:47:59.396 [http-nio-8081-exec-4] INFO  com.dp1.backend.handlers.SocketConnectionHandler - Enviando # de vuelos en el aire: 0
2025-12-07 21:47:59.408 [http-nio-8081-exec-4] INFO  com.dp1.backend.services.EnvioService - Envios despues de fecha inicio: 1
2025-12-07 21:47:59.409 [http-nio-8081-exec-4] INFO  com.dp1.backend.services.EnvioService - Fecha de salida: 2025-12-08T02:46:09.374849Z
2025-12-07 21:47:59.409 [http-nio-8081-exec-4] INFO  com.dp1.backend.services.EnvioService - Fecha de fin: 2024-07-22T05:57:55-05:00[America/Lima]
2025-12-07 21:47:59.410 [http-nio-8081-exec-4] INFO  com.dp1.backend.handlers.SocketConnectionHandler - Enviando # de envios nuevos: 0
2025-12-07 21:47:59.422 [http-nio-8081-exec-4] INFO  com.dp1.backend.services.EnvioService - Envios despues de fecha inicio: 1
2025-12-07 21:47:59.424 [http-nio-8081-exec-4] INFO  com.dp1.backend.services.EnvioService - Fecha de salida: 2025-12-08T02:46:09.374849Z
2025-12-07 21:47:59.425 [http-nio-8081-exec-4] INFO  com.dp1.backend.services.EnvioService - Fecha de fin: 2024-07-22T05:57:24-05:00[America/Lima]
2025-12-07 21:47:59.426 [http-nio-8081-exec-4] INFO  com.dp1.backend.handlers.SocketConnectionHandler - Enviando # de envios en operación: 0
2025-12-07 21:48:30.840 [http-nio-8081-exec-2] INFO  com.dp1.backend.handlers.SocketConnectionHandler - Enviando # de vuelos en el aire: 3
2025-12-07 21:48:30.859 [http-nio-8081-exec-2] INFO  com.dp1.backend.services.EnvioService - Envios despues de fecha inicio: 1
2025-12-07 21:48:30.860 [http-nio-8081-exec-2] INFO  com.dp1.backend.services.EnvioService - Fecha de salida: 2025-12-08T02:46:09.374849Z
2025-12-07 21:48:30.861 [http-nio-8081-exec-2] INFO  com.dp1.backend.services.EnvioService - Fecha de fin: 2024-07-22T05:58:26-05:00[America/Lima]
2025-12-07 21:48:30.862 [http-nio-8081-exec-2] INFO  com.dp1.backend.handlers.SocketConnectionHandler - Enviando # de envios nuevos: 0
2025-12-07 21:48:30.878 [http-nio-8081-exec-2] INFO  com.dp1.backend.services.EnvioService - Envios despues de fecha inicio: 1
2025-12-07 21:48:30.878 [http-nio-8081-exec-2] INFO  com.dp1.backend.services.EnvioService - Fecha de salida: 2025-12-08T02:46:09.374849Z
2025-12-07 21:48:30.879 [http-nio-8081-exec-2] INFO  com.dp1.backend.services.EnvioService - Fecha de fin: 2024-07-22T05:57:55-05:00[America/Lima]
2025-12-07 21:48:30.879 [http-nio-8081-exec-2] INFO  com.dp1.backend.handlers.SocketConnectionHandler - Enviando # de envios en operación: 0
2025-12-07 21:49:02.288 [http-nio-8081-exec-9] INFO  com.dp1.backend.handlers.SocketConnectionHandler - Enviando # de vuelos en el aire: 0
2025-12-07 21:49:02.300 [http-nio-8081-exec-9] INFO  com.dp1.backend.services.EnvioService - Envios despues de fecha inicio: 1
2025-12-07 21:49:02.300 [http-nio-8081-exec-9] INFO  com.dp1.backend.services.EnvioService - Fecha de salida: 2025-12-08T02:46:09.374849Z
2025-12-07 21:49:02.300 [http-nio-8081-exec-9] INFO  com.dp1.backend.services.EnvioService - Fecha de fin: 2024-07-22T05:58:57-05:00[America/Lima]
2025-12-07 21:49:02.301 [http-nio-8081-exec-9] INFO  com.dp1.backend.handlers.SocketConnectionHandler - Enviando # de envios nuevos: 0
2025-12-07 21:49:02.314 [http-nio-8081-exec-9] INFO  com.dp1.backend.services.EnvioService - Envios despues de fecha inicio: 1
2025-12-07 21:49:02.315 [http-nio-8081-exec-9] INFO  com.dp1.backend.services.EnvioService - Fecha de salida: 2025-12-08T02:46:09.374849Z
2025-12-07 21:49:02.315 [http-nio-8081-exec-9] INFO  com.dp1.backend.services.EnvioService - Fecha de fin: 2024-07-22T05:58:26-05:00[America/Lima]
2025-12-07 21:49:02.317 [http-nio-8081-exec-9] INFO  com.dp1.backend.handlers.SocketConnectionHandler - Enviando # de envios en operación: 0
2025-12-07 21:49:33.743 [http-nio-8081-exec-1] INFO  com.dp1.backend.handlers.SocketConnectionHandler - Enviando # de vuelos en el aire: 1
2025-12-07 21:49:33.756 [http-nio-8081-exec-1] INFO  com.dp1.backend.services.EnvioService - Envios despues de fecha inicio: 1
2025-12-07 21:49:33.756 [http-nio-8081-exec-1] INFO  com.dp1.backend.services.EnvioService - Fecha de salida: 2025-12-08T02:46:09.374849Z
2025-12-07 21:49:33.757 [http-nio-8081-exec-1] INFO  com.dp1.backend.services.EnvioService - Fecha de fin: 2024-07-22T05:59:28-05:00[America/Lima]
2025-12-07 21:49:33.757 [http-nio-8081-exec-1] INFO  com.dp1.backend.handlers.SocketConnectionHandler - Enviando # de envios nuevos: 0
2025-12-07 21:49:33.772 [http-nio-8081-exec-1] INFO  com.dp1.backend.services.EnvioService - Envios despues de fecha inicio: 1
2025-12-07 21:49:33.772 [http-nio-8081-exec-1] INFO  com.dp1.backend.services.EnvioService - Fecha de salida: 2025-12-08T02:46:09.374849Z
2025-12-07 21:49:33.773 [http-nio-8081-exec-1] INFO  com.dp1.backend.services.EnvioService - Fecha de fin: 2024-07-22T05:58:57-05:00[America/Lima]
2025-12-07 21:49:33.773 [http-nio-8081-exec-1] INFO  com.dp1.backend.handlers.SocketConnectionHandler - Enviando # de envios en operación: 0
2025-12-07 21:50:05.125 [http-nio-8081-exec-5] INFO  com.dp1.backend.handlers.SocketConnectionHandler - Enviando # de vuelos en el aire: 0
2025-12-07 21:50:05.143 [http-nio-8081-exec-5] INFO  com.dp1.backend.services.EnvioService - Envios despues de fecha inicio: 1
2025-12-07 21:50:05.144 [http-nio-8081-exec-5] INFO  com.dp1.backend.services.EnvioService - Fecha de salida: 2025-12-08T02:46:09.374849Z
2025-12-07 21:50:05.144 [http-nio-8081-exec-5] INFO  com.dp1.backend.services.EnvioService - Fecha de fin: 2024-07-22T05:59:59-05:00[America/Lima]
2025-12-07 21:50:05.150 [http-nio-8081-exec-5] INFO  com.dp1.backend.handlers.SocketConnectionHandler - Enviando # de envios nuevos: 0
2025-12-07 21:50:05.176 [http-nio-8081-exec-5] INFO  com.dp1.backend.services.EnvioService - Envios despues de fecha inicio: 1
2025-12-07 21:50:05.178 [http-nio-8081-exec-5] INFO  com.dp1.backend.services.EnvioService - Fecha de salida: 2025-12-08T02:46:09.374849Z
2025-12-07 21:50:05.179 [http-nio-8081-exec-5] INFO  com.dp1.backend.services.EnvioService - Fecha de fin: 2024-07-22T05:59:28-05:00[America/Lima]
2025-12-07 21:50:05.181 [http-nio-8081-exec-5] INFO  com.dp1.backend.handlers.SocketConnectionHandler - Enviando # de envios en operación: 0
2025-12-07 21:50:36.527 [http-nio-8081-exec-3] INFO  com.dp1.backend.handlers.SocketConnectionHandler - Enviando # de vuelos en el aire: 2
2025-12-07 21:50:36.551 [http-nio-8081-exec-3] INFO  com.dp1.backend.services.EnvioService - Envios despues de fecha inicio: 1
2025-12-07 21:50:36.552 [http-nio-8081-exec-3] INFO  com.dp1.backend.services.EnvioService - Fecha de salida: 2025-12-08T02:46:09.374849Z
2025-12-07 21:50:36.552 [http-nio-8081-exec-3] INFO  com.dp1.backend.services.EnvioService - Fecha de fin: 2024-07-22T06:00:30-05:00[America/Lima]
2025-12-07 21:50:36.553 [http-nio-8081-exec-3] INFO  com.dp1.backend.handlers.SocketConnectionHandler - Enviando # de envios nuevos: 0
2025-12-07 21:50:36.563 [http-nio-8081-exec-3] INFO  com.dp1.backend.services.EnvioService - Envios despues de fecha inicio: 1
2025-12-07 21:50:36.564 [http-nio-8081-exec-3] INFO  com.dp1.backend.services.EnvioService - Fecha de salida: 2025-12-08T02:46:09.374849Z
2025-12-07 21:50:36.564 [http-nio-8081-exec-3] INFO  com.dp1.backend.services.EnvioService - Fecha de fin: 2024-07-22T05:59:59-05:00[America/Lima]
2025-12-07 21:50:36.565 [http-nio-8081-exec-3] INFO  com.dp1.backend.handlers.SocketConnectionHandler - Enviando # de envios en operación: 0
2025-12-07 21:51:07.939 [http-nio-8081-exec-8] INFO  com.dp1.backend.handlers.SocketConnectionHandler - Enviando # de vuelos en el aire: 3
2025-12-07 21:51:07.954 [http-nio-8081-exec-8] INFO  com.dp1.backend.services.EnvioService - Envios despues de fecha inicio: 1
2025-12-07 21:51:07.954 [http-nio-8081-exec-8] INFO  com.dp1.backend.services.EnvioService - Fecha de salida: 2025-12-08T02:46:09.374849Z
2025-12-07 21:51:07.954 [http-nio-8081-exec-8] INFO  com.dp1.backend.services.EnvioService - Fecha de fin: 2024-07-22T06:01:01-05:00[America/Lima]
2025-12-07 21:51:07.955 [http-nio-8081-exec-8] INFO  com.dp1.backend.handlers.SocketConnectionHandler - Enviando # de envios nuevos: 0
2025-12-07 21:51:07.970 [http-nio-8081-exec-8] INFO  com.dp1.backend.services.EnvioService - Envios despues de fecha inicio: 1
2025-12-07 21:51:07.971 [http-nio-8081-exec-8] INFO  com.dp1.backend.services.EnvioService - Fecha de salida: 2025-12-08T02:46:09.374849Z
2025-12-07 21:51:07.971 [http-nio-8081-exec-8] INFO  com.dp1.backend.services.EnvioService - Fecha de fin: 2024-07-22T06:00:30-05:00[America/Lima]
2025-12-07 21:51:07.973 [http-nio-8081-exec-8] INFO  com.dp1.backend.handlers.SocketConnectionHandler - Enviando # de envios en operación: 0
2025-12-07 21:51:39.348 [http-nio-8081-exec-7] INFO  com.dp1.backend.handlers.SocketConnectionHandler - Enviando # de vuelos en el aire: 0
2025-12-07 21:51:39.372 [http-nio-8081-exec-7] INFO  com.dp1.backend.services.EnvioService - Envios despues de fecha inicio: 1
2025-12-07 21:51:39.372 [http-nio-8081-exec-7] INFO  com.dp1.backend.services.EnvioService - Fecha de salida: 2025-12-08T02:46:09.374849Z
2025-12-07 21:51:39.372 [http-nio-8081-exec-7] INFO  com.dp1.backend.services.EnvioService - Fecha de fin: 2024-07-22T06:01:32-05:00[America/Lima]
2025-12-07 21:51:39.373 [http-nio-8081-exec-7] INFO  com.dp1.backend.handlers.SocketConnectionHandler - Enviando # de envios nuevos: 0
2025-12-07 21:51:39.384 [http-nio-8081-exec-7] INFO  com.dp1.backend.services.EnvioService - Envios despues de fecha inicio: 1
2025-12-07 21:51:39.385 [http-nio-8081-exec-7] INFO  com.dp1.backend.services.EnvioService - Fecha de salida: 2025-12-08T02:46:09.374849Z
2025-12-07 21:51:39.385 [http-nio-8081-exec-7] INFO  com.dp1.backend.services.EnvioService - Fecha de fin: 2024-07-22T06:01:01-05:00[America/Lima]
2025-12-07 21:51:39.386 [http-nio-8081-exec-7] INFO  com.dp1.backend.handlers.SocketConnectionHandler - Enviando # de envios en operación: 0
2025-12-07 21:52:10.792 [http-nio-8081-exec-10] INFO  com.dp1.backend.handlers.SocketConnectionHandler - Enviando # de vuelos en el aire: 1
2025-12-07 21:52:10.813 [http-nio-8081-exec-10] INFO  com.dp1.backend.services.EnvioService - Envios despues de fecha inicio: 1
2025-12-07 21:52:10.813 [http-nio-8081-exec-10] INFO  com.dp1.backend.services.EnvioService - Fecha de salida: 2025-12-08T02:46:09.374849Z
2025-12-07 21:52:10.814 [http-nio-8081-exec-10] INFO  com.dp1.backend.services.EnvioService - Fecha de fin: 2024-07-22T06:02:03-05:00[America/Lima]
2025-12-07 21:52:10.814 [http-nio-8081-exec-10] INFO  com.dp1.backend.handlers.SocketConnectionHandler - Enviando # de envios nuevos: 0
2025-12-07 21:52:10.827 [http-nio-8081-exec-10] INFO  com.dp1.backend.services.EnvioService - Envios despues de fecha inicio: 1
2025-12-07 21:52:10.828 [http-nio-8081-exec-10] INFO  com.dp1.backend.services.EnvioService - Fecha de salida: 2025-12-08T02:46:09.374849Z
2025-12-07 21:52:10.828 [http-nio-8081-exec-10] INFO  com.dp1.backend.services.EnvioService - Fecha de fin: 2024-07-22T06:01:32-05:00[America/Lima]
2025-12-07 21:52:10.829 [http-nio-8081-exec-10] INFO  com.dp1.backend.handlers.SocketConnectionHandler - Enviando # de envios en operación: 0
2025-12-07 21:52:42.205 [http-nio-8081-exec-4] INFO  com.dp1.backend.handlers.SocketConnectionHandler - Enviando # de vuelos en el aire: 0
2025-12-07 21:52:42.227 [http-nio-8081-exec-4] INFO  com.dp1.backend.services.EnvioService - Envios despues de fecha inicio: 1
2025-12-07 21:52:42.227 [http-nio-8081-exec-4] INFO  com.dp1.backend.services.EnvioService - Fecha de salida: 2025-12-08T02:46:09.374849Z
2025-12-07 21:52:42.228 [http-nio-8081-exec-4] INFO  com.dp1.backend.services.EnvioService - Fecha de fin: 2024-07-22T06:02:34-05:00[America/Lima]
2025-12-07 21:52:42.228 [http-nio-8081-exec-4] INFO  com.dp1.backend.handlers.SocketConnectionHandler - Enviando # de envios nuevos: 0
2025-12-07 21:52:42.242 [http-nio-8081-exec-4] INFO  com.dp1.backend.services.EnvioService - Envios despues de fecha inicio: 1
2025-12-07 21:52:42.242 [http-nio-8081-exec-4] INFO  com.dp1.backend.services.EnvioService - Fecha de salida: 2025-12-08T02:46:09.374849Z
2025-12-07 21:52:42.243 [http-nio-8081-exec-4] INFO  com.dp1.backend.services.EnvioService - Fecha de fin: 2024-07-22T06:02:03-05:00[America/Lima]
2025-12-07 21:52:42.243 [http-nio-8081-exec-4] INFO  com.dp1.backend.handlers.SocketConnectionHandler - Enviando # de envios en operación: 0
2025-12-07 21:53:13.562 [http-nio-8081-exec-2] INFO  com.dp1.backend.handlers.SocketConnectionHandler - Enviando # de vuelos en el aire: 1
2025-12-07 21:53:13.574 [http-nio-8081-exec-2] INFO  com.dp1.backend.services.EnvioService - Envios despues de fecha inicio: 1
2025-12-07 21:53:13.575 [http-nio-8081-exec-2] INFO  com.dp1.backend.services.EnvioService - Fecha de salida: 2025-12-08T02:46:09.374849Z
2025-12-07 21:53:13.575 [http-nio-8081-exec-2] INFO  com.dp1.backend.services.EnvioService - Fecha de fin: 2024-07-22T06:03:05-05:00[America/Lima]
2025-12-07 21:53:13.576 [http-nio-8081-exec-2] INFO  com.dp1.backend.handlers.SocketConnectionHandler - Enviando # de envios nuevos: 0
2025-12-07 21:53:13.590 [http-nio-8081-exec-2] INFO  com.dp1.backend.services.EnvioService - Envios despues de fecha inicio: 1
2025-12-07 21:53:13.591 [http-nio-8081-exec-2] INFO  com.dp1.backend.services.EnvioService - Fecha de salida: 2025-12-08T02:46:09.374849Z
2025-12-07 21:53:13.591 [http-nio-8081-exec-2] INFO  com.dp1.backend.services.EnvioService - Fecha de fin: 2024-07-22T06:02:34-05:00[America/Lima]
2025-12-07 21:53:13.592 [http-nio-8081-exec-2] INFO  com.dp1.backend.handlers.SocketConnectionHandler - Enviando # de envios en operación: 0
2025-12-07 21:53:15.794 [http-nio-8081-exec-5] INFO  com.dp1.backend.handlers.SocketConnectionHandler - 5abcf694-fbdf-2f23-4370-cd1708204bdf  desconectado del socket
2025-12-07 21:53:22.320 [http-nio-8081-exec-3] INFO  com.dp1.backend.handlers.SocketConnectionHandler - 32598bb5-65db-408a-0013-44d687605a62  conectado al socket
2025-12-07 21:53:22.358 [http-nio-8081-exec-7] INFO  com.dp1.backend.services.DatosEnMemoriaService - Leyendo archivo: data\envios\pack_enviado_EDDI_.txt
2025-12-07 21:53:23.268 [http-nio-8081-exec-7] INFO  com.dp1.backend.services.DatosEnMemoriaService - Leyendo archivo: data\envios\pack_enviado_EHAM_.txt
2025-12-07 21:53:24.205 [http-nio-8081-exec-7] INFO  com.dp1.backend.services.DatosEnMemoriaService - Leyendo archivo: data\envios\pack_enviado_EKCH_.txt
2025-12-07 21:53:25.362 [http-nio-8081-exec-7] INFO  com.dp1.backend.services.DatosEnMemoriaService - Leyendo archivo: data\envios\pack_enviado_LATI_.txt
2025-12-07 21:53:25.784 [http-nio-8081-exec-7] INFO  com.dp1.backend.services.DatosEnMemoriaService - Leyendo archivo: data\envios\pack_enviado_LBSF_.txt
2025-12-07 21:53:26.189 [http-nio-8081-exec-7] INFO  com.dp1.backend.services.DatosEnMemoriaService - Leyendo archivo: data\envios\pack_enviado_LDZA_.txt
2025-12-07 21:53:26.499 [http-nio-8081-exec-7] INFO  com.dp1.backend.services.DatosEnMemoriaService - Leyendo archivo: data\envios\pack_enviado_LKPR_.txt
2025-12-07 21:53:26.789 [http-nio-8081-exec-7] INFO  com.dp1.backend.services.DatosEnMemoriaService - Leyendo archivo: data\envios\pack_enviado_LOWW_.txt
2025-12-07 21:53:27.195 [http-nio-8081-exec-7] INFO  com.dp1.backend.services.DatosEnMemoriaService - Leyendo archivo: data\envios\pack_enviado_OAKB_.txt
2025-12-07 21:53:27.494 [http-nio-8081-exec-7] INFO  com.dp1.backend.services.DatosEnMemoriaService - Leyendo archivo: data\envios\pack_enviado_OERK_.txt
2025-12-07 21:53:27.876 [http-nio-8081-exec-7] INFO  com.dp1.backend.services.DatosEnMemoriaService - Leyendo archivo: data\envios\pack_enviado_OJAI_.txt
2025-12-07 21:53:28.215 [http-nio-8081-exec-7] INFO  com.dp1.backend.services.DatosEnMemoriaService - Leyendo archivo: data\envios\pack_enviado_OMDB_.txt
2025-12-07 21:53:28.558 [http-nio-8081-exec-7] INFO  com.dp1.backend.services.DatosEnMemoriaService - Leyendo archivo: data\envios\pack_enviado_OOMS_.txt
2025-12-07 21:53:28.828 [http-nio-8081-exec-7] INFO  com.dp1.backend.services.DatosEnMemoriaService - Leyendo archivo: data\envios\pack_enviado_OPKC_.txt
2025-12-07 21:53:29.088 [http-nio-8081-exec-7] INFO  com.dp1.backend.services.DatosEnMemoriaService - Leyendo archivo: data\envios\pack_enviado_OSDI_.txt
2025-12-07 21:53:29.389 [http-nio-8081-exec-7] INFO  com.dp1.backend.services.DatosEnMemoriaService - Leyendo archivo: data\envios\pack_enviado_OYSN_.txt
2025-12-07 21:53:29.796 [http-nio-8081-exec-7] INFO  com.dp1.backend.services.DatosEnMemoriaService - Leyendo archivo: data\envios\pack_enviado_SABE_.txt
2025-12-07 21:53:30.017 [http-nio-8081-exec-7] INFO  com.dp1.backend.services.DatosEnMemoriaService - Leyendo archivo: data\envios\pack_enviado_SBBR_.txt
2025-12-07 21:53:30.280 [http-nio-8081-exec-7] INFO  com.dp1.backend.services.DatosEnMemoriaService - Leyendo archivo: data\envios\pack_enviado_SCEL_.txt
2025-12-07 21:53:30.580 [http-nio-8081-exec-7] INFO  com.dp1.backend.services.DatosEnMemoriaService - Leyendo archivo: data\envios\pack_enviado_SEQM_.txt
2025-12-07 21:53:30.859 [http-nio-8081-exec-7] INFO  com.dp1.backend.services.DatosEnMemoriaService - Leyendo archivo: data\envios\pack_enviado_SGAS_.txt
2025-12-07 21:53:31.129 [http-nio-8081-exec-7] INFO  com.dp1.backend.services.DatosEnMemoriaService - Leyendo archivo: data\envios\pack_enviado_SKBO_.txt
2025-12-07 21:53:31.648 [http-nio-8081-exec-7] INFO  com.dp1.backend.services.DatosEnMemoriaService - Leyendo archivo: data\envios\pack_enviado_SLLP_.txt
2025-12-07 21:53:31.879 [http-nio-8081-exec-7] INFO  com.dp1.backend.services.DatosEnMemoriaService - Leyendo archivo: data\envios\pack_enviado_SUAA_.txt
2025-12-07 21:53:32.243 [http-nio-8081-exec-7] INFO  com.dp1.backend.services.DatosEnMemoriaService - Leyendo archivo: data\envios\pack_enviado_SVMI_.txt
2025-12-07 21:53:32.590 [http-nio-8081-exec-7] INFO  com.dp1.backend.services.DatosEnMemoriaService - Leyendo archivo: data\envios\pack_enviado_UMMS_.txt
2025-12-07 21:53:32.872 [http-nio-8081-exec-7] INFO  com.dp1.backend.services.DatosEnMemoriaService - Leyendo archivo: data\envios\pack_enviado_VIDP_.txt
2025-12-07 21:53:33.164 [http-nio-8081-exec-7] INFO  com.dp1.backend.services.DatosEnMemoriaService - Envios cargados: 50097
2025-12-07 21:53:33.193 [http-nio-8081-exec-7] INFO  com.dp1.backend.services.ACOService - Ejecutando ACO para: 
2025-12-07 21:53:33.193 [http-nio-8081-exec-7] INFO  com.dp1.backend.services.ACOService - Aeropuertos: 30
2025-12-07 21:53:33.193 [http-nio-8081-exec-7] INFO  com.dp1.backend.services.ACOService - Vuelos: 2866
2025-12-07 21:53:33.194 [http-nio-8081-exec-7] INFO  com.dp1.backend.services.ACOService - Envios: 4917
2025-12-07 21:53:33.194 [http-nio-8081-exec-7] INFO  com.dp1.backend.services.ACOService - Paquetes: 8884
2025-12-07 21:54:50.516 [http-nio-8081-exec-7] INFO  com.dp1.backend.services.ACOService - Tiempo de ejecución: 77322 ms
2025-12-07 21:54:51.207 [http-nio-8081-exec-7] INFO  com.dp1.backend.services.ACOService - Paquetes entregados con función André: 8750
2025-12-07 21:54:51.689 [http-nio-8081-exec-7] INFO  com.dp1.backend.handlers.SocketConnectionHandler - Enviando # de vuelos en el aire: inicio1232
2025-12-07 21:54:51.690 [http-nio-8081-exec-7] INFO  com.dp1.backend.handlers.SocketConnectionHandler - 32598bb5-65db-408a-0013-44d687605a62  desconectado del socket
2025-12-07 21:54:56.174 [http-nio-8081-exec-4] INFO  com.dp1.backend.handlers.SocketConnectionHandler - 98fb834c-50b2-e157-9d29-c5d60374aade  conectado al socket
2025-12-07 21:54:56.196 [http-nio-8081-exec-9] INFO  com.dp1.backend.services.DatosEnMemoriaService - Leyendo archivo: data\envios\pack_enviado_EDDI_.txt
2025-12-07 21:54:56.477 [http-nio-8081-exec-9] INFO  com.dp1.backend.services.DatosEnMemoriaService - Leyendo archivo: data\envios\pack_enviado_EHAM_.txt
2025-12-07 21:54:56.759 [http-nio-8081-exec-9] INFO  com.dp1.backend.services.DatosEnMemoriaService - Leyendo archivo: data\envios\pack_enviado_EKCH_.txt
2025-12-07 21:54:57.098 [http-nio-8081-exec-9] INFO  com.dp1.backend.services.DatosEnMemoriaService - Leyendo archivo: data\envios\pack_enviado_LATI_.txt
2025-12-07 21:54:57.464 [http-nio-8081-exec-9] INFO  com.dp1.backend.services.DatosEnMemoriaService - Leyendo archivo: data\envios\pack_enviado_LBSF_.txt
2025-12-07 21:54:57.763 [http-nio-8081-exec-9] INFO  com.dp1.backend.services.DatosEnMemoriaService - Leyendo archivo: data\envios\pack_enviado_LDZA_.txt
2025-12-07 21:54:58.000 [http-nio-8081-exec-9] INFO  com.dp1.backend.services.DatosEnMemoriaService - Leyendo archivo: data\envios\pack_enviado_LKPR_.txt
2025-12-07 21:54:58.419 [http-nio-8081-exec-9] INFO  com.dp1.backend.services.DatosEnMemoriaService - Leyendo archivo: data\envios\pack_enviado_LOWW_.txt
2025-12-07 21:54:58.766 [http-nio-8081-exec-9] INFO  com.dp1.backend.services.DatosEnMemoriaService - Leyendo archivo: data\envios\pack_enviado_OAKB_.txt
2025-12-07 21:54:59.092 [http-nio-8081-exec-9] INFO  com.dp1.backend.services.DatosEnMemoriaService - Leyendo archivo: data\envios\pack_enviado_OERK_.txt
2025-12-07 21:54:59.392 [http-nio-8081-exec-9] INFO  com.dp1.backend.services.DatosEnMemoriaService - Leyendo archivo: data\envios\pack_enviado_OJAI_.txt
2025-12-07 21:54:59.650 [http-nio-8081-exec-9] INFO  com.dp1.backend.services.DatosEnMemoriaService - Leyendo archivo: data\envios\pack_enviado_OMDB_.txt
2025-12-07 21:54:59.930 [http-nio-8081-exec-9] INFO  com.dp1.backend.services.DatosEnMemoriaService - Leyendo archivo: data\envios\pack_enviado_OOMS_.txt
2025-12-07 21:55:00.225 [http-nio-8081-exec-9] INFO  com.dp1.backend.services.DatosEnMemoriaService - Leyendo archivo: data\envios\pack_enviado_OPKC_.txt
2025-12-07 21:55:00.639 [http-nio-8081-exec-9] INFO  com.dp1.backend.services.DatosEnMemoriaService - Leyendo archivo: data\envios\pack_enviado_OSDI_.txt
2025-12-07 21:55:01.001 [http-nio-8081-exec-9] INFO  com.dp1.backend.services.DatosEnMemoriaService - Leyendo archivo: data\envios\pack_enviado_OYSN_.txt
2025-12-07 21:55:01.291 [http-nio-8081-exec-9] INFO  com.dp1.backend.services.DatosEnMemoriaService - Leyendo archivo: data\envios\pack_enviado_SABE_.txt
2025-12-07 21:55:01.510 [http-nio-8081-exec-9] INFO  com.dp1.backend.services.DatosEnMemoriaService - Leyendo archivo: data\envios\pack_enviado_SBBR_.txt
2025-12-07 21:55:01.811 [http-nio-8081-exec-9] INFO  com.dp1.backend.services.DatosEnMemoriaService - Leyendo archivo: data\envios\pack_enviado_SCEL_.txt
2025-12-07 21:55:02.108 [http-nio-8081-exec-9] INFO  com.dp1.backend.services.DatosEnMemoriaService - Leyendo archivo: data\envios\pack_enviado_SEQM_.txt
2025-12-07 21:55:02.415 [http-nio-8081-exec-9] INFO  com.dp1.backend.services.DatosEnMemoriaService - Leyendo archivo: data\envios\pack_enviado_SGAS_.txt
2025-12-07 21:55:02.683 [http-nio-8081-exec-9] INFO  com.dp1.backend.services.DatosEnMemoriaService - Leyendo archivo: data\envios\pack_enviado_SKBO_.txt
2025-12-07 21:55:03.014 [http-nio-8081-exec-9] INFO  com.dp1.backend.services.DatosEnMemoriaService - Leyendo archivo: data\envios\pack_enviado_SLLP_.txt
2025-12-07 21:55:03.266 [http-nio-8081-exec-9] INFO  com.dp1.backend.services.DatosEnMemoriaService - Leyendo archivo: data\envios\pack_enviado_SUAA_.txt
2025-12-07 21:55:03.643 [http-nio-8081-exec-9] INFO  com.dp1.backend.services.DatosEnMemoriaService - Leyendo archivo: data\envios\pack_enviado_SVMI_.txt
2025-12-07 21:55:04.015 [http-nio-8081-exec-9] INFO  com.dp1.backend.services.DatosEnMemoriaService - Leyendo archivo: data\envios\pack_enviado_UMMS_.txt
2025-12-07 21:55:04.351 [http-nio-8081-exec-9] INFO  com.dp1.backend.services.DatosEnMemoriaService - Leyendo archivo: data\envios\pack_enviado_VIDP_.txt
2025-12-07 21:55:04.582 [http-nio-8081-exec-9] INFO  com.dp1.backend.services.DatosEnMemoriaService - Envios cargados: 50095
2025-12-07 21:55:04.612 [http-nio-8081-exec-9] INFO  com.dp1.backend.services.ACOService - Ejecutando ACO para: 
2025-12-07 21:55:04.613 [http-nio-8081-exec-9] INFO  com.dp1.backend.services.ACOService - Aeropuertos: 30
2025-12-07 21:55:04.613 [http-nio-8081-exec-9] INFO  com.dp1.backend.services.ACOService - Vuelos: 2866
2025-12-07 21:55:04.613 [http-nio-8081-exec-9] INFO  com.dp1.backend.services.ACOService - Envios: 4917
2025-12-07 21:55:04.613 [http-nio-8081-exec-9] INFO  com.dp1.backend.services.ACOService - Paquetes: 8884
2025-12-07 21:56:06.666 [http-nio-8081-exec-9] INFO  com.dp1.backend.services.ACOService - Tiempo de ejecución: 62052 ms
2025-12-07 21:56:07.242 [http-nio-8081-exec-9] INFO  com.dp1.backend.services.ACOService - Paquetes entregados con función André: 8743
2025-12-07 21:56:07.788 [http-nio-8081-exec-9] INFO  com.dp1.backend.handlers.SocketConnectionHandler - Enviando # de vuelos en el aire: inicio1231
2025-12-07 21:56:13.165 [http-nio-8081-exec-3] INFO  com.dp1.backend.handlers.SocketConnectionHandler - Enviando # de vuelos en el aire: 49
2025-12-07 21:56:17.167 [http-nio-8081-exec-4] INFO  com.dp1.backend.handlers.SocketConnectionHandler - Enviando # de vuelos en el aire: 149
2025-12-07 21:56:18.181 [http-nio-8081-exec-10] INFO  com.dp1.backend.handlers.SocketConnectionHandler - Enviando # de vuelos en el aire: 110
2025-12-07 21:56:19.194 [http-nio-8081-exec-2] INFO  com.dp1.backend.handlers.SocketConnectionHandler - Enviando # de vuelos en el aire: 127
2025-12-07 21:56:19.195 [http-nio-8081-exec-2] INFO  com.dp1.backend.services.ACOService - Desde - hasta: 2025-12-07T22:34:50-05:00[America/Lima] - 2025-12-08T01:34:50-05:00[America/Lima]
2025-12-07 21:56:19.215 [http-nio-8081-exec-2] INFO  com.dp1.backend.services.ACOService - Ejecutando ACO para: 
2025-12-07 21:56:19.216 [http-nio-8081-exec-2] INFO  com.dp1.backend.services.ACOService - Aeropuertos: 30
2025-12-07 21:56:19.216 [http-nio-8081-exec-2] INFO  com.dp1.backend.services.ACOService - Vuelos: 2866
2025-12-07 21:56:19.216 [http-nio-8081-exec-2] INFO  com.dp1.backend.services.ACOService - Envios: 577
2025-12-07 21:56:19.217 [http-nio-8081-exec-2] INFO  com.dp1.backend.services.ACOService - Paquetes: 1255
2025-12-07 21:56:24.419 [http-nio-8081-exec-2] INFO  com.dp1.backend.services.ACOService - Tiempo de ejecución: 5201 ms
2025-12-07 21:56:24.445 [http-nio-8081-exec-2] INFO  com.dp1.backend.services.ACOService - Paquetes entregados con función André: 1252
2025-12-07 21:56:24.498 [http-nio-8081-exec-2] INFO  com.dp1.backend.handlers.SocketConnectionHandler - Enviando resultado del algoritmo 'para los vuelos en el aire'
2025-12-07 21:56:24.506 [http-nio-8081-exec-2] INFO  com.dp1.backend.handlers.SocketConnectionHandler - Enviando # de vuelos en el aire: 109
2025-12-07 21:56:24.512 [http-nio-8081-exec-2] INFO  com.dp1.backend.handlers.SocketConnectionHandler - Enviando # de vuelos en el aire: 107
2025-12-07 21:56:24.521 [http-nio-8081-exec-2] INFO  com.dp1.backend.handlers.SocketConnectionHandler - Enviando # de vuelos en el aire: 133
2025-12-07 21:56:24.528 [http-nio-8081-exec-2] INFO  com.dp1.backend.handlers.SocketConnectionHandler - Enviando # de vuelos en el aire: 143
2025-12-07 21:56:24.528 [http-nio-8081-exec-2] INFO  com.dp1.backend.services.ACOService - Desde - hasta: 2025-12-08T02:34:50-05:00[America/Lima] - 2025-12-08T05:34:50-05:00[America/Lima]
2025-12-07 21:56:24.548 [http-nio-8081-exec-2] INFO  com.dp1.backend.services.ACOService - Ejecutando ACO para: 
2025-12-07 21:56:24.548 [http-nio-8081-exec-2] INFO  com.dp1.backend.services.ACOService - Aeropuertos: 30
2025-12-07 21:56:24.549 [http-nio-8081-exec-2] INFO  com.dp1.backend.services.ACOService - Vuelos: 2866
2025-12-07 21:56:24.549 [http-nio-8081-exec-2] INFO  com.dp1.backend.services.ACOService - Envios: 692
2025-12-07 21:56:24.549 [http-nio-8081-exec-2] INFO  com.dp1.backend.services.ACOService - Paquetes: 1396
2025-12-07 21:56:31.142 [http-nio-8081-exec-2] INFO  com.dp1.backend.services.ACOService - Tiempo de ejecución: 6593 ms
2025-12-07 21:56:31.178 [http-nio-8081-exec-2] INFO  com.dp1.backend.services.ACOService - Paquetes entregados con función André: 1383
2025-12-07 21:56:31.254 [http-nio-8081-exec-2] INFO  com.dp1.backend.handlers.SocketConnectionHandler - Enviando resultado del algoritmo 'para los vuelos en el aire'
2025-12-07 21:56:31.262 [http-nio-8081-exec-2] INFO  com.dp1.backend.handlers.SocketConnectionHandler - Enviando # de vuelos en el aire: 121
2025-12-07 21:56:31.270 [http-nio-8081-exec-2] INFO  com.dp1.backend.handlers.SocketConnectionHandler - Enviando # de vuelos en el aire: 118
2025-12-07 21:56:31.275 [http-nio-8081-exec-2] INFO  com.dp1.backend.handlers.SocketConnectionHandler - Enviando # de vuelos en el aire: 119
2025-12-07 21:56:31.282 [http-nio-8081-exec-2] INFO  com.dp1.backend.handlers.SocketConnectionHandler - Enviando # de vuelos en el aire: 125
2025-12-07 21:56:31.283 [http-nio-8081-exec-2] INFO  com.dp1.backend.services.ACOService - Desde - hasta: 2025-12-08T06:34:50-05:00[America/Lima] - 2025-12-08T09:34:50-05:00[America/Lima]
2025-12-07 21:56:31.300 [http-nio-8081-exec-2] INFO  com.dp1.backend.services.ACOService - Ejecutando ACO para: 
2025-12-07 21:56:31.300 [http-nio-8081-exec-2] INFO  com.dp1.backend.services.ACOService - Aeropuertos: 30
2025-12-07 21:56:31.301 [http-nio-8081-exec-2] INFO  com.dp1.backend.services.ACOService - Vuelos: 2866
2025-12-07 21:56:31.301 [http-nio-8081-exec-2] INFO  com.dp1.backend.services.ACOService - Envios: 651
2025-12-07 21:56:31.302 [http-nio-8081-exec-2] INFO  com.dp1.backend.services.ACOService - Paquetes: 1160
2025-12-07 21:56:36.872 [http-nio-8081-exec-2] INFO  com.dp1.backend.services.ACOService - Tiempo de ejecución: 5570 ms
2025-12-07 21:56:36.902 [http-nio-8081-exec-2] INFO  com.dp1.backend.services.ACOService - Paquetes entregados con función André: 1154
2025-12-07 21:56:36.965 [http-nio-8081-exec-2] INFO  com.dp1.backend.handlers.SocketConnectionHandler - Enviando resultado del algoritmo 'para los vuelos en el aire'
2025-12-07 21:56:36.972 [http-nio-8081-exec-2] INFO  com.dp1.backend.handlers.SocketConnectionHandler - Enviando # de vuelos en el aire: 105
2025-12-07 21:56:36.977 [http-nio-8081-exec-2] INFO  com.dp1.backend.handlers.SocketConnectionHandler - Enviando # de vuelos en el aire: 114
2025-12-07 21:56:36.984 [http-nio-8081-exec-2] INFO  com.dp1.backend.handlers.SocketConnectionHandler - Enviando # de vuelos en el aire: 137
2025-12-07 21:56:36.992 [http-nio-8081-exec-2] INFO  com.dp1.backend.handlers.SocketConnectionHandler - Enviando # de vuelos en el aire: 111
2025-12-07 21:56:36.993 [http-nio-8081-exec-2] INFO  com.dp1.backend.services.ACOService - Desde - hasta: 2025-12-08T10:34:50-05:00[America/Lima] - 2025-12-08T13:34:50-05:00[America/Lima]
2025-12-07 21:56:37.013 [http-nio-8081-exec-2] INFO  com.dp1.backend.services.ACOService - Ejecutando ACO para: 
2025-12-07 21:56:37.014 [http-nio-8081-exec-2] INFO  com.dp1.backend.services.ACOService - Aeropuertos: 30
2025-12-07 21:56:37.014 [http-nio-8081-exec-2] INFO  com.dp1.backend.services.ACOService - Vuelos: 2866
2025-12-07 21:56:37.015 [http-nio-8081-exec-2] INFO  com.dp1.backend.services.ACOService - Envios: 603
2025-12-07 21:56:37.015 [http-nio-8081-exec-2] INFO  com.dp1.backend.services.ACOService - Paquetes: 1014
2025-12-07 21:56:41.865 [http-nio-8081-exec-2] INFO  com.dp1.backend.services.ACOService - Tiempo de ejecución: 4849 ms
2025-12-07 21:56:41.893 [http-nio-8081-exec-2] INFO  com.dp1.backend.services.ACOService - Paquetes entregados con función André: 1007
2025-12-07 21:56:41.955 [http-nio-8081-exec-2] INFO  com.dp1.backend.handlers.SocketConnectionHandler - Enviando resultado del algoritmo 'para los vuelos en el aire'
2025-12-07 21:56:41.962 [http-nio-8081-exec-2] INFO  com.dp1.backend.handlers.SocketConnectionHandler - Enviando # de vuelos en el aire: 115
2025-12-07 21:56:41.969 [http-nio-8081-exec-2] INFO  com.dp1.backend.handlers.SocketConnectionHandler - Enviando # de vuelos en el aire: 119
2025-12-07 21:56:41.977 [http-nio-8081-exec-2] INFO  com.dp1.backend.handlers.SocketConnectionHandler - Enviando # de vuelos en el aire: 127
2025-12-07 21:56:41.985 [http-nio-8081-exec-2] INFO  com.dp1.backend.handlers.SocketConnectionHandler - Enviando # de vuelos en el aire: 137
2025-12-07 21:56:41.987 [http-nio-8081-exec-2] INFO  com.dp1.backend.services.ACOService - Desde - hasta: 2025-12-08T14:34:50-05:00[America/Lima] - 2025-12-08T17:34:50-05:00[America/Lima]
2025-12-07 21:56:42.014 [http-nio-8081-exec-2] INFO  com.dp1.backend.services.ACOService - Ejecutando ACO para: 
2025-12-07 21:56:42.015 [http-nio-8081-exec-2] INFO  com.dp1.backend.services.ACOService - Aeropuertos: 30
2025-12-07 21:56:42.015 [http-nio-8081-exec-2] INFO  com.dp1.backend.services.ACOService - Vuelos: 2866
2025-12-07 21:56:42.015 [http-nio-8081-exec-2] INFO  com.dp1.backend.services.ACOService - Envios: 387
2025-12-07 21:56:42.015 [http-nio-8081-exec-2] INFO  com.dp1.backend.services.ACOService - Paquetes: 644
2025-12-07 21:56:44.670 [http-nio-8081-exec-2] INFO  com.dp1.backend.services.ACOService - Tiempo de ejecución: 2655 ms
2025-12-07 21:56:44.678 [http-nio-8081-exec-2] INFO  com.dp1.backend.services.ACOService - Paquetes entregados con función André: 643
2025-12-07 21:56:44.716 [http-nio-8081-exec-2] INFO  com.dp1.backend.handlers.SocketConnectionHandler - Enviando resultado del algoritmo 'para los vuelos en el aire'
2025-12-07 21:56:44.722 [http-nio-8081-exec-2] INFO  com.dp1.backend.handlers.SocketConnectionHandler - Enviando # de vuelos en el aire: 119
2025-12-07 21:56:44.730 [http-nio-8081-exec-2] INFO  com.dp1.backend.handlers.SocketConnectionHandler - Enviando # de vuelos en el aire: 114
2025-12-07 21:56:44.737 [http-nio-8081-exec-2] INFO  com.dp1.backend.handlers.SocketConnectionHandler - Enviando # de vuelos en el aire: 113
2025-12-07 21:56:44.743 [http-nio-8081-exec-2] INFO  com.dp1.backend.handlers.SocketConnectionHandler - Enviando # de vuelos en el aire: 104
2025-12-07 21:56:44.744 [http-nio-8081-exec-2] INFO  com.dp1.backend.services.ACOService - Desde - hasta: 2025-12-08T18:34:50-05:00[America/Lima] - 2025-12-08T21:34:50-05:00[America/Lima]
2025-12-07 21:56:44.764 [http-nio-8081-exec-2] INFO  com.dp1.backend.services.ACOService - Ejecutando ACO para: 
2025-12-07 21:56:44.764 [http-nio-8081-exec-2] INFO  com.dp1.backend.services.ACOService - Aeropuertos: 30
2025-12-07 21:56:44.764 [http-nio-8081-exec-2] INFO  com.dp1.backend.services.ACOService - Vuelos: 2866
2025-12-07 21:56:44.765 [http-nio-8081-exec-2] INFO  com.dp1.backend.services.ACOService - Envios: 715
2025-12-07 21:56:44.765 [http-nio-8081-exec-2] INFO  com.dp1.backend.services.ACOService - Paquetes: 1315
2025-12-07 21:56:51.348 [http-nio-8081-exec-2] INFO  com.dp1.backend.services.ACOService - Tiempo de ejecución: 6583 ms
2025-12-07 21:56:51.375 [http-nio-8081-exec-2] INFO  com.dp1.backend.services.ACOService - Paquetes entregados con función André: 1311
2025-12-07 21:56:51.450 [http-nio-8081-exec-2] INFO  com.dp1.backend.handlers.SocketConnectionHandler - Enviando resultado del algoritmo 'para los vuelos en el aire'
2025-12-07 21:56:51.457 [http-nio-8081-exec-2] INFO  com.dp1.backend.handlers.SocketConnectionHandler - Enviando # de vuelos en el aire: 119
2025-12-07 21:56:51.465 [http-nio-8081-exec-2] INFO  com.dp1.backend.handlers.SocketConnectionHandler - Enviando # de vuelos en el aire: 117
2025-12-07 21:56:51.470 [http-nio-8081-exec-2] INFO  com.dp1.backend.handlers.SocketConnectionHandler - Enviando # de vuelos en el aire: 110
2025-12-07 21:56:51.478 [http-nio-8081-exec-2] INFO  com.dp1.backend.handlers.SocketConnectionHandler - Enviando # de vuelos en el aire: 127
2025-12-07 21:56:51.478 [http-nio-8081-exec-2] INFO  com.dp1.backend.services.ACOService - Desde - hasta: 2025-12-08T22:34:50-05:00[America/Lima] - 2025-12-09T01:34:50-05:00[America/Lima]
2025-12-07 21:56:51.499 [http-nio-8081-exec-2] INFO  com.dp1.backend.services.ACOService - Ejecutando ACO para: 
2025-12-07 21:56:51.499 [http-nio-8081-exec-2] INFO  com.dp1.backend.services.ACOService - Aeropuertos: 30
2025-12-07 21:56:51.499 [http-nio-8081-exec-2] INFO  com.dp1.backend.services.ACOService - Vuelos: 2866
2025-12-07 21:56:51.499 [http-nio-8081-exec-2] INFO  com.dp1.backend.services.ACOService - Envios: 675
2025-12-07 21:56:51.501 [http-nio-8081-exec-2] INFO  com.dp1.backend.services.ACOService - Paquetes: 1292
2025-12-07 21:56:58.783 [http-nio-8081-exec-2] INFO  com.dp1.backend.services.ACOService - Tiempo de ejecución: 7282 ms
2025-12-07 21:56:58.823 [http-nio-8081-exec-2] INFO  com.dp1.backend.services.ACOService - Paquetes entregados con función André: 1282
2025-12-07 21:56:58.906 [http-nio-8081-exec-2] INFO  com.dp1.backend.handlers.SocketConnectionHandler - Enviando resultado del algoritmo 'para los vuelos en el aire'
2025-12-07 21:56:58.914 [http-nio-8081-exec-2] INFO  com.dp1.backend.handlers.SocketConnectionHandler - Enviando # de vuelos en el aire: 109
2025-12-07 21:56:58.920 [http-nio-8081-exec-2] INFO  com.dp1.backend.handlers.SocketConnectionHandler - Enviando # de vuelos en el aire: 107
2025-12-07 21:56:58.931 [http-nio-8081-exec-2] INFO  com.dp1.backend.handlers.SocketConnectionHandler - Enviando # de vuelos en el aire: 133
2025-12-07 21:56:58.939 [http-nio-8081-exec-2] INFO  com.dp1.backend.handlers.SocketConnectionHandler - Enviando # de vuelos en el aire: 143
2025-12-07 21:56:58.940 [http-nio-8081-exec-2] INFO  com.dp1.backend.services.ACOService - Desde - hasta: 2025-12-09T02:34:50-05:00[America/Lima] - 2025-12-09T05:34:50-05:00[America/Lima]
2025-12-07 21:56:58.962 [http-nio-8081-exec-2] INFO  com.dp1.backend.services.ACOService - Ejecutando ACO para: 
2025-12-07 21:56:58.963 [http-nio-8081-exec-2] INFO  com.dp1.backend.services.ACOService - Aeropuertos: 30
2025-12-07 21:56:58.963 [http-nio-8081-exec-2] INFO  com.dp1.backend.services.ACOService - Vuelos: 2866
2025-12-07 21:56:58.963 [http-nio-8081-exec-2] INFO  com.dp1.backend.services.ACOService - Envios: 764
2025-12-07 21:56:58.964 [http-nio-8081-exec-2] INFO  com.dp1.backend.services.ACOService - Paquetes: 1292
2025-12-07 21:57:07.469 [http-nio-8081-exec-2] INFO  com.dp1.backend.services.ACOService - Tiempo de ejecución: 8505 ms
2025-12-07 21:57:07.503 [http-nio-8081-exec-2] INFO  com.dp1.backend.services.ACOService - Paquetes entregados con función André: 1283
2025-12-07 21:57:07.579 [http-nio-8081-exec-2] INFO  com.dp1.backend.handlers.SocketConnectionHandler - Enviando resultado del algoritmo 'para los vuelos en el aire'
2025-12-07 21:57:07.586 [http-nio-8081-exec-2] INFO  com.dp1.backend.handlers.SocketConnectionHandler - Enviando # de vuelos en el aire: 121
2025-12-07 21:57:07.593 [http-nio-8081-exec-2] INFO  com.dp1.backend.handlers.SocketConnectionHandler - Enviando # de vuelos en el aire: 118
2025-12-07 21:57:07.602 [http-nio-8081-exec-2] INFO  com.dp1.backend.handlers.SocketConnectionHandler - Enviando # de vuelos en el aire: 119
2025-12-07 21:57:07.609 [http-nio-8081-exec-2] INFO  com.dp1.backend.handlers.SocketConnectionHandler - Enviando # de vuelos en el aire: 125
2025-12-07 21:57:07.609 [http-nio-8081-exec-2] INFO  com.dp1.backend.services.ACOService - Desde - hasta: 2025-12-09T06:34:50-05:00[America/Lima] - 2025-12-09T09:34:50-05:00[America/Lima]
2025-12-07 21:57:07.635 [http-nio-8081-exec-2] INFO  com.dp1.backend.services.ACOService - Ejecutando ACO para: 
2025-12-07 21:57:07.635 [http-nio-8081-exec-2] INFO  com.dp1.backend.services.ACOService - Aeropuertos: 30
2025-12-07 21:57:07.636 [http-nio-8081-exec-2] INFO  com.dp1.backend.services.ACOService - Vuelos: 2866
2025-12-07 21:57:07.636 [http-nio-8081-exec-2] INFO  com.dp1.backend.services.ACOService - Envios: 781
2025-12-07 21:57:07.636 [http-nio-8081-exec-2] INFO  com.dp1.backend.services.ACOService - Paquetes: 1295
2025-12-07 21:57:13.799 [http-nio-8081-exec-2] INFO  com.dp1.backend.services.ACOService - Tiempo de ejecución: 6163 ms
2025-12-07 21:57:13.834 [http-nio-8081-exec-2] INFO  com.dp1.backend.services.ACOService - Paquetes entregados con función André: 1283
2025-12-07 21:57:13.908 [http-nio-8081-exec-2] INFO  com.dp1.backend.handlers.SocketConnectionHandler - Enviando resultado del algoritmo 'para los vuelos en el aire'
2025-12-07 21:57:13.915 [http-nio-8081-exec-2] INFO  com.dp1.backend.handlers.SocketConnectionHandler - Enviando # de vuelos en el aire: 105
2025-12-07 21:57:13.921 [http-nio-8081-exec-2] INFO  com.dp1.backend.handlers.SocketConnectionHandler - Enviando # de vuelos en el aire: 114
2025-12-07 21:57:13.932 [http-nio-8081-exec-2] INFO  com.dp1.backend.handlers.SocketConnectionHandler - Enviando # de vuelos en el aire: 137
2025-12-07 21:57:13.938 [http-nio-8081-exec-2] INFO  com.dp1.backend.handlers.SocketConnectionHandler - Enviando # de vuelos en el aire: 111
2025-12-07 21:57:13.939 [http-nio-8081-exec-2] INFO  com.dp1.backend.services.ACOService - Desde - hasta: 2025-12-09T10:34:50-05:00[America/Lima] - 2025-12-09T13:34:50-05:00[America/Lima]
2025-12-07 21:57:13.957 [http-nio-8081-exec-2] INFO  com.dp1.backend.services.ACOService - Ejecutando ACO para: 
2025-12-07 21:57:13.958 [http-nio-8081-exec-2] INFO  com.dp1.backend.services.ACOService - Aeropuertos: 30
2025-12-07 21:57:13.958 [http-nio-8081-exec-2] INFO  com.dp1.backend.services.ACOService - Vuelos: 2866
2025-12-07 21:57:13.959 [http-nio-8081-exec-2] INFO  com.dp1.backend.services.ACOService - Envios: 635
2025-12-07 21:57:13.959 [http-nio-8081-exec-2] INFO  com.dp1.backend.services.ACOService - Paquetes: 1045
2025-12-07 21:57:19.792 [http-nio-8081-exec-2] INFO  com.dp1.backend.services.ACOService - Tiempo de ejecución: 5832 ms
2025-12-07 21:57:19.815 [http-nio-8081-exec-2] INFO  com.dp1.backend.services.ACOService - Paquetes entregados con función André: 1040
2025-12-07 21:57:19.890 [http-nio-8081-exec-2] INFO  com.dp1.backend.handlers.SocketConnectionHandler - Enviando resultado del algoritmo 'para los vuelos en el aire'
2025-12-07 21:57:19.898 [http-nio-8081-exec-2] INFO  com.dp1.backend.handlers.SocketConnectionHandler - Enviando # de vuelos en el aire: 115
2025-12-07 21:57:19.906 [http-nio-8081-exec-2] INFO  com.dp1.backend.handlers.SocketConnectionHandler - Enviando # de vuelos en el aire: 119
2025-12-07 21:57:19.915 [http-nio-8081-exec-2] INFO  com.dp1.backend.handlers.SocketConnectionHandler - Enviando # de vuelos en el aire: 127
2025-12-07 21:57:19.922 [http-nio-8081-exec-2] INFO  com.dp1.backend.handlers.SocketConnectionHandler - Enviando # de vuelos en el aire: 137
2025-12-07 21:57:19.923 [http-nio-8081-exec-2] INFO  com.dp1.backend.services.ACOService - Desde - hasta: 2025-12-09T14:34:50-05:00[America/Lima] - 2025-12-09T17:34:50-05:00[America/Lima]
2025-12-07 21:57:19.948 [http-nio-8081-exec-2] INFO  com.dp1.backend.services.ACOService - Ejecutando ACO para: 
2025-12-07 21:57:19.950 [http-nio-8081-exec-2] INFO  com.dp1.backend.services.ACOService - Aeropuertos: 30
2025-12-07 21:57:19.952 [http-nio-8081-exec-2] INFO  com.dp1.backend.services.ACOService - Vuelos: 2866
2025-12-07 21:57:19.952 [http-nio-8081-exec-2] INFO  com.dp1.backend.services.ACOService - Envios: 341
2025-12-07 21:57:19.952 [http-nio-8081-exec-2] INFO  com.dp1.backend.services.ACOService - Paquetes: 591
2025-12-07 21:57:23.441 [http-nio-8081-exec-2] INFO  com.dp1.backend.services.ACOService - Tiempo de ejecución: 3489 ms
2025-12-07 21:57:23.456 [http-nio-8081-exec-2] INFO  com.dp1.backend.services.ACOService - Paquetes entregados con función André: 589
2025-12-07 21:57:23.498 [http-nio-8081-exec-2] INFO  com.dp1.backend.handlers.SocketConnectionHandler - Enviando resultado del algoritmo 'para los vuelos en el aire'
2025-12-07 21:57:23.508 [http-nio-8081-exec-2] INFO  com.dp1.backend.handlers.SocketConnectionHandler - Enviando # de vuelos en el aire: 119
2025-12-07 21:57:23.518 [http-nio-8081-exec-2] INFO  com.dp1.backend.handlers.SocketConnectionHandler - Enviando # de vuelos en el aire: 114
2025-12-07 21:57:23.526 [http-nio-8081-exec-2] INFO  com.dp1.backend.handlers.SocketConnectionHandler - Enviando # de vuelos en el aire: 113
2025-12-07 21:57:23.535 [http-nio-8081-exec-2] INFO  com.dp1.backend.handlers.SocketConnectionHandler - Enviando # de vuelos en el aire: 104
2025-12-07 21:57:23.538 [http-nio-8081-exec-2] INFO  com.dp1.backend.services.ACOService - Desde - hasta: 2025-12-09T18:34:50-05:00[America/Lima] - 2025-12-09T21:34:50-05:00[America/Lima]
2025-12-07 21:57:23.565 [http-nio-8081-exec-2] INFO  com.dp1.backend.services.ACOService - Ejecutando ACO para: 
2025-12-07 21:57:23.565 [http-nio-8081-exec-2] INFO  com.dp1.backend.services.ACOService - Aeropuertos: 30
2025-12-07 21:57:23.566 [http-nio-8081-exec-2] INFO  com.dp1.backend.services.ACOService - Vuelos: 2866
2025-12-07 21:57:23.567 [http-nio-8081-exec-2] INFO  com.dp1.backend.services.ACOService - Envios: 557
2025-12-07 21:57:23.567 [http-nio-8081-exec-2] INFO  com.dp1.backend.services.ACOService - Paquetes: 1160
2025-12-07 21:57:29.292 [http-nio-8081-exec-2] INFO  com.dp1.backend.services.ACOService - Tiempo de ejecución: 5724 ms
2025-12-07 21:57:29.318 [http-nio-8081-exec-2] INFO  com.dp1.backend.services.ACOService - Paquetes entregados con función André: 1157
2025-12-07 21:57:29.386 [http-nio-8081-exec-2] INFO  com.dp1.backend.handlers.SocketConnectionHandler - Enviando resultado del algoritmo 'para los vuelos en el aire'
2025-12-07 21:57:29.392 [http-nio-8081-exec-2] INFO  com.dp1.backend.handlers.SocketConnectionHandler - Enviando # de vuelos en el aire: 119
2025-12-07 21:57:29.398 [http-nio-8081-exec-2] INFO  com.dp1.backend.handlers.SocketConnectionHandler - Enviando # de vuelos en el aire: 117
2025-12-07 21:57:29.406 [http-nio-8081-exec-2] INFO  com.dp1.backend.handlers.SocketConnectionHandler - Enviando # de vuelos en el aire: 110
2025-12-07 21:57:29.412 [http-nio-8081-exec-2] INFO  com.dp1.backend.handlers.SocketConnectionHandler - Enviando # de vuelos en el aire: 127
2025-12-07 21:57:29.413 [http-nio-8081-exec-2] INFO  com.dp1.backend.services.ACOService - Desde - hasta: 2025-12-09T22:34:50-05:00[America/Lima] - 2025-12-10T01:34:50-05:00[America/Lima]
2025-12-07 21:57:29.435 [http-nio-8081-exec-2] INFO  com.dp1.backend.services.ACOService - Ejecutando ACO para: 
2025-12-07 21:57:29.436 [http-nio-8081-exec-2] INFO  com.dp1.backend.services.ACOService - Aeropuertos: 30
2025-12-07 21:57:29.436 [http-nio-8081-exec-2] INFO  com.dp1.backend.services.ACOService - Vuelos: 2866
2025-12-07 21:57:29.437 [http-nio-8081-exec-2] INFO  com.dp1.backend.services.ACOService - Envios: 559
2025-12-07 21:57:29.437 [http-nio-8081-exec-2] INFO  com.dp1.backend.services.ACOService - Paquetes: 1211
2025-12-07 21:57:35.623 [http-nio-8081-exec-2] INFO  com.dp1.backend.services.ACOService - Tiempo de ejecución: 6186 ms
2025-12-07 21:57:35.655 [http-nio-8081-exec-2] INFO  com.dp1.backend.services.ACOService - Paquetes entregados con función André: 1201
2025-12-07 21:57:35.718 [http-nio-8081-exec-2] INFO  com.dp1.backend.handlers.SocketConnectionHandler - Enviando resultado del algoritmo 'para los vuelos en el aire'
2025-12-07 21:57:35.724 [http-nio-8081-exec-2] INFO  com.dp1.backend.handlers.SocketConnectionHandler - Enviando # de vuelos en el aire: 109
2025-12-07 21:57:58.787 [http-nio-8081-exec-9] INFO  com.dp1.backend.handlers.SocketConnectionHandler - 98fb834c-50b2-e157-9d29-c5d60374aade  desconectado del socket
2025-12-07 21:58:03.718 [SpringApplicationShutdownHook] INFO  org.springframework.orm.jpa.LocalContainerEntityManagerFactoryBean - Closing JPA EntityManagerFactory for persistence unit 'default'
2025-12-07 21:58:03.731 [SpringApplicationShutdownHook] INFO  com.zaxxer.hikari.HikariDataSource - HikariPool-1 - Shutdown initiated...
2025-12-07 21:58:03.739 [SpringApplicationShutdownHook] INFO  com.zaxxer.hikari.HikariDataSource - HikariPool-1 - Shutdown completed.
