2025-12-21 19:59:26.153 [main] INFO  com.dp1.backend.BackendApplication - Starting BackendApplication using Java 24.0.1 with PID 7696 (C:\Users\Joseph\Documents\PUCP\25-2\Dp1\Nuevo\Back\MoraPack_Backend\target\classes started by Joseph in C:\Users\Joseph\Documents\PUCP\25-2\Dp1\Nuevo\Back\MoraPack_Backend)
2025-12-21 19:59:26.200 [main] INFO  com.dp1.backend.BackendApplication - No active profile set, falling back to 1 default profile: "default"
2025-12-21 19:59:28.239 [main] INFO  org.springframework.data.repository.config.RepositoryConfigurationDelegate - Bootstrapping Spring Data JPA repositories in DEFAULT mode.
2025-12-21 19:59:28.452 [main] INFO  org.springframework.data.repository.config.RepositoryConfigurationDelegate - Finished Spring Data repository scanning in 175 ms. Found 10 JPA repository interfaces.
2025-12-21 19:59:29.818 [main] INFO  org.springframework.boot.web.embedded.tomcat.TomcatWebServer - Tomcat initialized with port 8081 (http)
2025-12-21 19:59:29.864 [main] INFO  org.apache.coyote.http11.Http11NioProtocol - Initializing ProtocolHandler ["http-nio-8081"]
2025-12-21 19:59:29.874 [main] INFO  org.apache.catalina.core.StandardService - Starting service [Tomcat]
2025-12-21 19:59:29.876 [main] INFO  org.apache.catalina.core.StandardEngine - Starting Servlet engine: [Apache Tomcat/10.1.19]
2025-12-21 19:59:30.044 [main] INFO  org.apache.catalina.core.ContainerBase.[Tomcat].[localhost].[/api] - Initializing Spring embedded WebApplicationContext
2025-12-21 19:59:30.048 [main] INFO  org.springframework.boot.web.servlet.context.ServletWebServerApplicationContext - Root WebApplicationContext: initialization completed in 3714 ms
2025-12-21 19:59:30.619 [main] INFO  org.hibernate.jpa.internal.util.LogHelper - HHH000204: Processing PersistenceUnitInfo [name: default]
2025-12-21 19:59:30.854 [main] INFO  org.hibernate.Version - HHH000412: Hibernate ORM core version 6.4.4.Final
2025-12-21 19:59:31.030 [main] INFO  org.hibernate.cache.internal.RegionFactoryInitiator - HHH000026: Second-level cache disabled
2025-12-21 19:59:31.762 [main] INFO  org.springframework.orm.jpa.persistenceunit.SpringPersistenceUnitInfo - No LoadTimeWeaver setup: ignoring JPA class transformer
2025-12-21 19:59:31.861 [main] WARN  com.zaxxer.hikari.HikariConfig - HikariPool-1 - idleTimeout has been set but has no effect because the pool is operating as a fixed size pool.
2025-12-21 19:59:31.862 [main] INFO  com.zaxxer.hikari.HikariDataSource - HikariPool-1 - Starting...
2025-12-21 19:59:32.480 [main] INFO  com.zaxxer.hikari.pool.HikariPool - HikariPool-1 - Added connection com.mysql.cj.jdbc.ConnectionImpl@4fd3b20a
2025-12-21 19:59:32.484 [main] INFO  com.zaxxer.hikari.HikariDataSource - HikariPool-1 - Start completed.
2025-12-21 19:59:35.224 [main] INFO  org.hibernate.engine.transaction.jta.platform.internal.JtaPlatformInitiator - HHH000489: No JTA platform available (set 'hibernate.transaction.jta.platform' to enable JTA platform integration)
2025-12-21 19:59:35.665 [main] INFO  org.springframework.orm.jpa.LocalContainerEntityManagerFactoryBean - Initialized JPA EntityManagerFactory for persistence unit 'default'
2025-12-21 19:59:35.702 [main] INFO  com.dp1.backend.services.DatosEnMemoriaService - Inicializando DatosEnMemoriaService con working directory: C:\Users\Joseph\Documents\PUCP\25-2\Dp1\Nuevo\Back\MoraPack_Backend
2025-12-21 19:59:35.717 [main] INFO  com.dp1.backend.services.DatosEnMemoriaService - Aeropuertos cargados: 30
2025-12-21 19:59:35.792 [main] INFO  com.dp1.backend.services.DatosEnMemoriaService - Vuelos cargados: 2866
2025-12-21 19:59:36.265 [main] INFO  com.dp1.backend.services.DatosEnMemoriaService - Leyendo rutas posibles
2025-12-21 19:59:36.570 [main] INFO  com.dp1.backend.services.DatosEnMemoriaService - Colecciones rutas: 0
2025-12-21 19:59:36.571 [main] INFO  com.dp1.backend.services.DatosEnMemoriaService - Rutas posibles set: 0
2025-12-21 19:59:36.865 [main] INFO  org.springframework.data.jpa.repository.query.QueryEnhancerFactory - Hibernate is in classpath; If applicable, HQL parser will be used.
2025-12-21 19:59:38.224 [main] WARN  org.springframework.boot.autoconfigure.orm.jpa.JpaBaseConfiguration$JpaWebConfiguration - spring.jpa.open-in-view is enabled by default. Therefore, database queries may be performed during view rendering. Explicitly configure spring.jpa.open-in-view to disable this warning
2025-12-21 19:59:39.012 [main] INFO  org.apache.coyote.http11.Http11NioProtocol - Starting ProtocolHandler ["http-nio-8081"]
2025-12-21 19:59:39.066 [main] INFO  org.springframework.boot.web.embedded.tomcat.TomcatWebServer - Tomcat started on port 8081 (http) with context path '/api'
2025-12-21 19:59:39.084 [main] INFO  com.dp1.backend.BackendApplication - Started BackendApplication in 13.974 seconds (process running for 16.629)
2025-12-21 20:00:21.223 [http-nio-8081-exec-1] INFO  org.apache.catalina.core.ContainerBase.[Tomcat].[localhost].[/api] - Initializing Spring DispatcherServlet 'dispatcherServlet'
2025-12-21 20:00:21.225 [http-nio-8081-exec-1] INFO  org.springframework.web.servlet.DispatcherServlet - Initializing Servlet 'dispatcherServlet'
2025-12-21 20:00:21.228 [http-nio-8081-exec-1] INFO  org.springframework.web.servlet.DispatcherServlet - Completed initialization in 3 ms
2025-12-21 20:00:21.458 [http-nio-8081-exec-2] INFO  com.dp1.backend.handlers.SocketConnectionHandler - 43549f23-7404-62c5-fb4c-2a2822403d6b  conectado al socket
2025-12-21 20:00:21.495 [http-nio-8081-exec-2] INFO  com.dp1.backend.services.DatosEnMemoriaService - Leyendo archivo: data\envios\pack_enviado_EDDI_.txt
2025-12-21 20:00:21.896 [http-nio-8081-exec-2] INFO  com.dp1.backend.services.DatosEnMemoriaService - Leyendo archivo: data\envios\pack_enviado_EHAM_.txt
2025-12-21 20:00:22.376 [http-nio-8081-exec-2] INFO  com.dp1.backend.services.DatosEnMemoriaService - Leyendo archivo: data\envios\pack_enviado_EKCH_.txt
2025-12-21 20:00:22.820 [http-nio-8081-exec-2] INFO  com.dp1.backend.services.DatosEnMemoriaService - Leyendo archivo: data\envios\pack_enviado_LATI_.txt
2025-12-21 20:00:23.159 [http-nio-8081-exec-2] INFO  com.dp1.backend.services.DatosEnMemoriaService - Leyendo archivo: data\envios\pack_enviado_LBSF_.txt
2025-12-21 20:00:23.503 [http-nio-8081-exec-2] INFO  com.dp1.backend.services.DatosEnMemoriaService - Leyendo archivo: data\envios\pack_enviado_LDZA_.txt
2025-12-21 20:00:23.723 [http-nio-8081-exec-2] INFO  com.dp1.backend.services.DatosEnMemoriaService - Leyendo archivo: data\envios\pack_enviado_LKPR_.txt
2025-12-21 20:00:24.023 [http-nio-8081-exec-2] INFO  com.dp1.backend.services.DatosEnMemoriaService - Leyendo archivo: data\envios\pack_enviado_LOWW_.txt
2025-12-21 20:00:24.390 [http-nio-8081-exec-2] INFO  com.dp1.backend.services.DatosEnMemoriaService - Leyendo archivo: data\envios\pack_enviado_OAKB_.txt
2025-12-21 20:00:24.710 [http-nio-8081-exec-2] INFO  com.dp1.backend.services.DatosEnMemoriaService - Leyendo archivo: data\envios\pack_enviado_OERK_.txt
2025-12-21 20:00:25.057 [http-nio-8081-exec-2] INFO  com.dp1.backend.services.DatosEnMemoriaService - Leyendo archivo: data\envios\pack_enviado_OJAI_.txt
2025-12-21 20:00:25.306 [http-nio-8081-exec-2] INFO  com.dp1.backend.services.DatosEnMemoriaService - Leyendo archivo: data\envios\pack_enviado_OMDB_.txt
2025-12-21 20:00:25.611 [http-nio-8081-exec-2] INFO  com.dp1.backend.services.DatosEnMemoriaService - Leyendo archivo: data\envios\pack_enviado_OOMS_.txt
2025-12-21 20:00:25.875 [http-nio-8081-exec-2] INFO  com.dp1.backend.services.DatosEnMemoriaService - Leyendo archivo: data\envios\pack_enviado_OPKC_.txt
2025-12-21 20:00:26.180 [http-nio-8081-exec-2] INFO  com.dp1.backend.services.DatosEnMemoriaService - Leyendo archivo: data\envios\pack_enviado_OSDI_.txt
2025-12-21 20:00:26.494 [http-nio-8081-exec-2] INFO  com.dp1.backend.services.DatosEnMemoriaService - Leyendo archivo: data\envios\pack_enviado_OYSN_.txt
2025-12-21 20:00:26.851 [http-nio-8081-exec-2] INFO  com.dp1.backend.services.DatosEnMemoriaService - Leyendo archivo: data\envios\pack_enviado_SABE_.txt
2025-12-21 20:00:27.077 [http-nio-8081-exec-2] INFO  com.dp1.backend.services.DatosEnMemoriaService - Leyendo archivo: data\envios\pack_enviado_SBBR_.txt
2025-12-21 20:00:27.372 [http-nio-8081-exec-2] INFO  com.dp1.backend.services.DatosEnMemoriaService - Leyendo archivo: data\envios\pack_enviado_SCEL_.txt
2025-12-21 20:00:27.667 [http-nio-8081-exec-2] INFO  com.dp1.backend.services.DatosEnMemoriaService - Leyendo archivo: data\envios\pack_enviado_SEQM_.txt
2025-12-21 20:00:27.986 [http-nio-8081-exec-2] INFO  com.dp1.backend.services.DatosEnMemoriaService - Leyendo archivo: data\envios\pack_enviado_SGAS_.txt
2025-12-21 20:00:28.296 [http-nio-8081-exec-2] INFO  com.dp1.backend.services.DatosEnMemoriaService - Leyendo archivo: data\envios\pack_enviado_SKBO_.txt
2025-12-21 20:00:28.603 [http-nio-8081-exec-2] INFO  com.dp1.backend.services.DatosEnMemoriaService - Leyendo archivo: data\envios\pack_enviado_SLLP_.txt
2025-12-21 20:00:28.839 [http-nio-8081-exec-2] INFO  com.dp1.backend.services.DatosEnMemoriaService - Leyendo archivo: data\envios\pack_enviado_SUAA_.txt
2025-12-21 20:00:29.184 [http-nio-8081-exec-2] INFO  com.dp1.backend.services.DatosEnMemoriaService - Leyendo archivo: data\envios\pack_enviado_SVMI_.txt
2025-12-21 20:00:29.519 [http-nio-8081-exec-2] INFO  com.dp1.backend.services.DatosEnMemoriaService - Leyendo archivo: data\envios\pack_enviado_UMMS_.txt
2025-12-21 20:00:29.785 [http-nio-8081-exec-2] INFO  com.dp1.backend.services.DatosEnMemoriaService - Leyendo archivo: data\envios\pack_enviado_VIDP_.txt
2025-12-21 20:00:30.026 [http-nio-8081-exec-2] INFO  com.dp1.backend.services.DatosEnMemoriaService - Envios cargados: 49037
2025-12-21 20:00:30.062 [http-nio-8081-exec-2] INFO  com.dp1.backend.services.ACOService - Ejecutando ACO para: 
2025-12-21 20:00:30.064 [http-nio-8081-exec-2] INFO  com.dp1.backend.services.ACOService - Aeropuertos: 30
2025-12-21 20:00:30.064 [http-nio-8081-exec-2] INFO  com.dp1.backend.services.ACOService - Vuelos: 2866
2025-12-21 20:00:30.066 [http-nio-8081-exec-2] INFO  com.dp1.backend.services.ACOService - Envios: 4568
2025-12-21 20:00:30.067 [http-nio-8081-exec-2] INFO  com.dp1.backend.services.ACOService - Paquetes: 9478
2025-12-21 20:01:41.269 [http-nio-8081-exec-2] INFO  com.dp1.backend.services.ACOService - Tiempo de ejecución: 71201 ms
2025-12-21 20:01:41.918 [http-nio-8081-exec-2] INFO  com.dp1.backend.services.ACOService - Paquetes entregados con función André: 9335
2025-12-21 20:01:42.549 [http-nio-8081-exec-2] INFO  com.dp1.backend.handlers.SocketConnectionHandler - Enviando # de vuelos en el aire: inicio1264
2025-12-21 20:01:49.519 [http-nio-8081-exec-10] INFO  com.dp1.backend.handlers.SocketConnectionHandler - Enviando # de vuelos en el aire: 49
2025-12-21 20:01:55.516 [http-nio-8081-exec-7] INFO  com.dp1.backend.handlers.SocketConnectionHandler - Enviando # de vuelos en el aire: 52
2025-12-21 20:02:01.516 [http-nio-8081-exec-3] INFO  com.dp1.backend.handlers.SocketConnectionHandler - Enviando # de vuelos en el aire: 40
2025-12-21 20:02:07.508 [http-nio-8081-exec-6] INFO  com.dp1.backend.handlers.SocketConnectionHandler - Enviando # de vuelos en el aire: 37
2025-12-21 20:02:13.522 [http-nio-8081-exec-4] INFO  com.dp1.backend.handlers.SocketConnectionHandler - Enviando # de vuelos en el aire: 49
2025-12-21 20:02:19.520 [http-nio-8081-exec-9] INFO  com.dp1.backend.handlers.SocketConnectionHandler - Enviando # de vuelos en el aire: 47
2025-12-21 20:02:25.517 [http-nio-8081-exec-7] INFO  com.dp1.backend.handlers.SocketConnectionHandler - Enviando # de vuelos en el aire: 39
2025-12-21 20:02:29.506 [http-nio-8081-exec-9] INFO  com.dp1.backend.services.ACOService - Desde - hasta: 2025-12-21T20:04:21-05:00[America/Lima] - 2025-12-21T23:04:21-05:00[America/Lima]
2025-12-21 20:02:29.535 [http-nio-8081-exec-9] INFO  com.dp1.backend.services.ACOService - Ejecutando ACO para: 
2025-12-21 20:02:29.536 [http-nio-8081-exec-9] INFO  com.dp1.backend.services.ACOService - Aeropuertos: 30
2025-12-21 20:02:29.537 [http-nio-8081-exec-9] INFO  com.dp1.backend.services.ACOService - Vuelos: 2866
2025-12-21 20:02:29.537 [http-nio-8081-exec-9] INFO  com.dp1.backend.services.ACOService - Envios: 560
2025-12-21 20:02:29.539 [http-nio-8081-exec-9] INFO  com.dp1.backend.services.ACOService - Paquetes: 1104
2025-12-21 20:02:35.739 [http-nio-8081-exec-9] INFO  com.dp1.backend.services.ACOService - Tiempo de ejecución: 6200 ms
2025-12-21 20:02:35.768 [http-nio-8081-exec-9] INFO  com.dp1.backend.services.ACOService - Paquetes entregados con función André: 1098
2025-12-21 20:02:35.889 [http-nio-8081-exec-9] INFO  com.dp1.backend.handlers.SocketConnectionHandler - Enviando resultado del algoritmo 'para los vuelos en el aire'
2025-12-21 20:02:35.898 [http-nio-8081-exec-9] INFO  com.dp1.backend.handlers.SocketConnectionHandler - Enviando # de vuelos en el aire: 50
2025-12-21 20:02:37.515 [http-nio-8081-exec-3] INFO  com.dp1.backend.handlers.SocketConnectionHandler - Enviando # de vuelos en el aire: 49
2025-12-21 20:02:43.514 [http-nio-8081-exec-6] INFO  com.dp1.backend.handlers.SocketConnectionHandler - Enviando # de vuelos en el aire: 41
2025-12-21 20:02:49.519 [http-nio-8081-exec-4] INFO  com.dp1.backend.handlers.SocketConnectionHandler - Enviando # de vuelos en el aire: 51
2025-12-21 20:02:55.513 [http-nio-8081-exec-9] INFO  com.dp1.backend.handlers.SocketConnectionHandler - Enviando # de vuelos en el aire: 45
2025-12-21 20:03:01.516 [http-nio-8081-exec-7] INFO  com.dp1.backend.handlers.SocketConnectionHandler - Enviando # de vuelos en el aire: 56
2025-12-21 20:03:07.518 [http-nio-8081-exec-3] INFO  com.dp1.backend.handlers.SocketConnectionHandler - Enviando # de vuelos en el aire: 44
2025-12-21 20:03:13.518 [http-nio-8081-exec-6] INFO  com.dp1.backend.handlers.SocketConnectionHandler - Enviando # de vuelos en el aire: 41
2025-12-21 20:03:15.507 [http-nio-8081-exec-9] INFO  com.dp1.backend.services.ACOService - Desde - hasta: 2025-12-21T23:08:21-05:00[America/Lima] - 2025-12-22T02:08:21-05:00[America/Lima]
2025-12-21 20:03:15.524 [http-nio-8081-exec-9] INFO  com.dp1.backend.services.ACOService - Ejecutando ACO para: 
2025-12-21 20:03:15.525 [http-nio-8081-exec-9] INFO  com.dp1.backend.services.ACOService - Aeropuertos: 30
2025-12-21 20:03:15.525 [http-nio-8081-exec-9] INFO  com.dp1.backend.services.ACOService - Vuelos: 2866
2025-12-21 20:03:15.526 [http-nio-8081-exec-9] INFO  com.dp1.backend.services.ACOService - Envios: 717
2025-12-21 20:03:15.526 [http-nio-8081-exec-9] INFO  com.dp1.backend.services.ACOService - Paquetes: 1472
2025-12-21 20:03:22.346 [http-nio-8081-exec-9] INFO  com.dp1.backend.services.ACOService - Tiempo de ejecución: 6819 ms
2025-12-21 20:03:22.384 [http-nio-8081-exec-9] INFO  com.dp1.backend.services.ACOService - Paquetes entregados con función André: 1465
2025-12-21 20:03:22.439 [http-nio-8081-exec-9] INFO  com.dp1.backend.handlers.SocketConnectionHandler - 43549f23-7404-62c5-fb4c-2a2822403d6b  desconectado del socket
2025-12-21 20:03:22.443 [http-nio-8081-exec-9] ERROR com.dp1.backend.handlers.SocketConnectionHandler - Error en ejecución del algoritmo: The current thread was interrupted while waiting for a blocking send to complete
2025-12-21 20:03:22.452 [SpringApplicationShutdownHook] INFO  org.springframework.orm.jpa.LocalContainerEntityManagerFactoryBean - Closing JPA EntityManagerFactory for persistence unit 'default'
2025-12-21 20:03:22.458 [SpringApplicationShutdownHook] INFO  com.zaxxer.hikari.HikariDataSource - HikariPool-1 - Shutdown initiated...
2025-12-21 20:03:22.490 [SpringApplicationShutdownHook] INFO  com.zaxxer.hikari.HikariDataSource - HikariPool-1 - Shutdown completed.
2025-12-21 20:29:54.043 [main] INFO  com.dp1.backend.BackendApplication - Starting BackendApplication using Java 24.0.1 with PID 13464 (C:\Users\Joseph\Documents\PUCP\25-2\Dp1\Nuevo\Back\MoraPack_Backend\target\classes started by Joseph in C:\Users\Joseph\Documents\PUCP\25-2\Dp1\Nuevo\Back\MoraPack_Backend)
2025-12-21 20:29:54.084 [main] INFO  com.dp1.backend.BackendApplication - No active profile set, falling back to 1 default profile: "default"
2025-12-21 20:29:56.298 [main] INFO  org.springframework.data.repository.config.RepositoryConfigurationDelegate - Bootstrapping Spring Data JPA repositories in DEFAULT mode.
2025-12-21 20:29:56.559 [main] INFO  org.springframework.data.repository.config.RepositoryConfigurationDelegate - Finished Spring Data repository scanning in 238 ms. Found 10 JPA repository interfaces.
2025-12-21 20:29:58.119 [main] INFO  org.springframework.boot.web.embedded.tomcat.TomcatWebServer - Tomcat initialized with port 8081 (http)
2025-12-21 20:29:58.155 [main] INFO  org.apache.coyote.http11.Http11NioProtocol - Initializing ProtocolHandler ["http-nio-8081"]
2025-12-21 20:29:58.166 [main] INFO  org.apache.catalina.core.StandardService - Starting service [Tomcat]
2025-12-21 20:29:58.167 [main] INFO  org.apache.catalina.core.StandardEngine - Starting Servlet engine: [Apache Tomcat/10.1.19]
2025-12-21 20:29:58.316 [main] INFO  org.apache.catalina.core.ContainerBase.[Tomcat].[localhost].[/api] - Initializing Spring embedded WebApplicationContext
2025-12-21 20:29:58.318 [main] INFO  org.springframework.boot.web.servlet.context.ServletWebServerApplicationContext - Root WebApplicationContext: initialization completed in 4105 ms
2025-12-21 20:29:58.800 [main] INFO  org.hibernate.jpa.internal.util.LogHelper - HHH000204: Processing PersistenceUnitInfo [name: default]
2025-12-21 20:29:58.978 [main] INFO  org.hibernate.Version - HHH000412: Hibernate ORM core version 6.4.4.Final
2025-12-21 20:29:59.084 [main] INFO  org.hibernate.cache.internal.RegionFactoryInitiator - HHH000026: Second-level cache disabled
2025-12-21 20:29:59.751 [main] INFO  org.springframework.orm.jpa.persistenceunit.SpringPersistenceUnitInfo - No LoadTimeWeaver setup: ignoring JPA class transformer
2025-12-21 20:29:59.894 [main] WARN  com.zaxxer.hikari.HikariConfig - HikariPool-1 - idleTimeout has been set but has no effect because the pool is operating as a fixed size pool.
2025-12-21 20:29:59.895 [main] INFO  com.zaxxer.hikari.HikariDataSource - HikariPool-1 - Starting...
2025-12-21 20:30:00.425 [main] INFO  com.zaxxer.hikari.pool.HikariPool - HikariPool-1 - Added connection com.mysql.cj.jdbc.ConnectionImpl@7f70e244
2025-12-21 20:30:00.430 [main] INFO  com.zaxxer.hikari.HikariDataSource - HikariPool-1 - Start completed.
2025-12-21 20:30:04.134 [main] INFO  org.hibernate.engine.transaction.jta.platform.internal.JtaPlatformInitiator - HHH000489: No JTA platform available (set 'hibernate.transaction.jta.platform' to enable JTA platform integration)
2025-12-21 20:30:04.576 [main] INFO  org.springframework.orm.jpa.LocalContainerEntityManagerFactoryBean - Initialized JPA EntityManagerFactory for persistence unit 'default'
2025-12-21 20:30:04.614 [main] INFO  com.dp1.backend.services.DatosEnMemoriaService - Inicializando DatosEnMemoriaService con working directory: C:\Users\Joseph\Documents\PUCP\25-2\Dp1\Nuevo\Back\MoraPack_Backend
2025-12-21 20:30:04.637 [main] INFO  com.dp1.backend.services.DatosEnMemoriaService - Aeropuertos cargados: 30
2025-12-21 20:30:04.726 [main] INFO  com.dp1.backend.services.DatosEnMemoriaService - Vuelos cargados: 2866
2025-12-21 20:30:05.518 [main] INFO  com.dp1.backend.services.DatosEnMemoriaService - Leyendo rutas posibles
2025-12-21 20:30:05.912 [main] INFO  com.dp1.backend.services.DatosEnMemoriaService - Colecciones rutas: 0
2025-12-21 20:30:05.913 [main] INFO  com.dp1.backend.services.DatosEnMemoriaService - Rutas posibles set: 0
2025-12-21 20:30:06.341 [main] INFO  org.springframework.data.jpa.repository.query.QueryEnhancerFactory - Hibernate is in classpath; If applicable, HQL parser will be used.
2025-12-21 20:30:08.199 [main] WARN  org.springframework.boot.autoconfigure.orm.jpa.JpaBaseConfiguration$JpaWebConfiguration - spring.jpa.open-in-view is enabled by default. Therefore, database queries may be performed during view rendering. Explicitly configure spring.jpa.open-in-view to disable this warning
2025-12-21 20:30:09.360 [main] INFO  org.apache.coyote.http11.Http11NioProtocol - Starting ProtocolHandler ["http-nio-8081"]
2025-12-21 20:30:09.427 [main] INFO  org.springframework.boot.web.embedded.tomcat.TomcatWebServer - Tomcat started on port 8081 (http) with context path '/api'
2025-12-21 20:30:09.445 [main] INFO  com.dp1.backend.BackendApplication - Started BackendApplication in 16.74 seconds (process running for 21.8)
2025-12-21 20:34:06.946 [http-nio-8081-exec-2] INFO  org.apache.catalina.core.ContainerBase.[Tomcat].[localhost].[/api] - Initializing Spring DispatcherServlet 'dispatcherServlet'
2025-12-21 20:34:06.948 [http-nio-8081-exec-2] INFO  org.springframework.web.servlet.DispatcherServlet - Initializing Servlet 'dispatcherServlet'
2025-12-21 20:34:06.952 [http-nio-8081-exec-2] INFO  org.springframework.web.servlet.DispatcherServlet - Completed initialization in 3 ms
2025-12-21 20:34:07.198 [http-nio-8081-exec-2] INFO  com.dp1.backend.handlers.SocketConnectionHandler - 7f597fbb-f621-3573-25df-929024c99211  conectado al socket
2025-12-21 20:34:07.262 [http-nio-8081-exec-2] INFO  com.dp1.backend.services.DatosEnMemoriaService - Leyendo archivo: data\envios\pack_enviado_EDDI_.txt
2025-12-21 20:34:07.701 [http-nio-8081-exec-2] INFO  com.dp1.backend.services.DatosEnMemoriaService - Leyendo archivo: data\envios\pack_enviado_EHAM_.txt
2025-12-21 20:34:08.171 [http-nio-8081-exec-2] INFO  com.dp1.backend.services.DatosEnMemoriaService - Leyendo archivo: data\envios\pack_enviado_EKCH_.txt
2025-12-21 20:34:08.566 [http-nio-8081-exec-2] INFO  com.dp1.backend.services.DatosEnMemoriaService - Leyendo archivo: data\envios\pack_enviado_LATI_.txt
2025-12-21 20:34:08.955 [http-nio-8081-exec-2] INFO  com.dp1.backend.services.DatosEnMemoriaService - Leyendo archivo: data\envios\pack_enviado_LBSF_.txt
2025-12-21 20:34:09.363 [http-nio-8081-exec-2] INFO  com.dp1.backend.services.DatosEnMemoriaService - Leyendo archivo: data\envios\pack_enviado_LDZA_.txt
2025-12-21 20:34:09.611 [http-nio-8081-exec-2] INFO  com.dp1.backend.services.DatosEnMemoriaService - Leyendo archivo: data\envios\pack_enviado_LKPR_.txt
2025-12-21 20:34:10.006 [http-nio-8081-exec-2] INFO  com.dp1.backend.services.DatosEnMemoriaService - Leyendo archivo: data\envios\pack_enviado_LOWW_.txt
2025-12-21 20:34:10.481 [http-nio-8081-exec-2] INFO  com.dp1.backend.services.DatosEnMemoriaService - Leyendo archivo: data\envios\pack_enviado_OAKB_.txt
2025-12-21 20:34:10.896 [http-nio-8081-exec-2] INFO  com.dp1.backend.services.DatosEnMemoriaService - Leyendo archivo: data\envios\pack_enviado_OERK_.txt
2025-12-21 20:34:11.294 [http-nio-8081-exec-2] INFO  com.dp1.backend.services.DatosEnMemoriaService - Leyendo archivo: data\envios\pack_enviado_OJAI_.txt
2025-12-21 20:34:11.572 [http-nio-8081-exec-2] INFO  com.dp1.backend.services.DatosEnMemoriaService - Leyendo archivo: data\envios\pack_enviado_OMDB_.txt
2025-12-21 20:34:11.935 [http-nio-8081-exec-2] INFO  com.dp1.backend.services.DatosEnMemoriaService - Leyendo archivo: data\envios\pack_enviado_OOMS_.txt
2025-12-21 20:34:12.216 [http-nio-8081-exec-2] INFO  com.dp1.backend.services.DatosEnMemoriaService - Leyendo archivo: data\envios\pack_enviado_OPKC_.txt
2025-12-21 20:34:12.607 [http-nio-8081-exec-2] INFO  com.dp1.backend.services.DatosEnMemoriaService - Leyendo archivo: data\envios\pack_enviado_OSDI_.txt
2025-12-21 20:34:12.964 [http-nio-8081-exec-2] INFO  com.dp1.backend.services.DatosEnMemoriaService - Leyendo archivo: data\envios\pack_enviado_OYSN_.txt
2025-12-21 20:34:13.366 [http-nio-8081-exec-2] INFO  com.dp1.backend.services.DatosEnMemoriaService - Leyendo archivo: data\envios\pack_enviado_SABE_.txt
2025-12-21 20:34:13.601 [http-nio-8081-exec-2] INFO  com.dp1.backend.services.DatosEnMemoriaService - Leyendo archivo: data\envios\pack_enviado_SBBR_.txt
2025-12-21 20:34:13.969 [http-nio-8081-exec-2] INFO  com.dp1.backend.services.DatosEnMemoriaService - Leyendo archivo: data\envios\pack_enviado_SCEL_.txt
2025-12-21 20:34:14.314 [http-nio-8081-exec-2] INFO  com.dp1.backend.services.DatosEnMemoriaService - Leyendo archivo: data\envios\pack_enviado_SEQM_.txt
2025-12-21 20:34:14.738 [http-nio-8081-exec-2] INFO  com.dp1.backend.services.DatosEnMemoriaService - Leyendo archivo: data\envios\pack_enviado_SGAS_.txt
2025-12-21 20:34:15.154 [http-nio-8081-exec-2] INFO  com.dp1.backend.services.DatosEnMemoriaService - Leyendo archivo: data\envios\pack_enviado_SKBO_.txt
2025-12-21 20:34:15.530 [http-nio-8081-exec-2] INFO  com.dp1.backend.services.DatosEnMemoriaService - Leyendo archivo: data\envios\pack_enviado_SLLP_.txt
2025-12-21 20:34:15.789 [http-nio-8081-exec-2] INFO  com.dp1.backend.services.DatosEnMemoriaService - Leyendo archivo: data\envios\pack_enviado_SUAA_.txt
2025-12-21 20:34:16.158 [http-nio-8081-exec-2] INFO  com.dp1.backend.services.DatosEnMemoriaService - Leyendo archivo: data\envios\pack_enviado_SVMI_.txt
2025-12-21 20:34:16.559 [http-nio-8081-exec-2] INFO  com.dp1.backend.services.DatosEnMemoriaService - Leyendo archivo: data\envios\pack_enviado_UMMS_.txt
2025-12-21 20:34:16.964 [http-nio-8081-exec-2] INFO  com.dp1.backend.services.DatosEnMemoriaService - Leyendo archivo: data\envios\pack_enviado_VIDP_.txt
2025-12-21 20:34:17.232 [http-nio-8081-exec-2] INFO  com.dp1.backend.services.DatosEnMemoriaService - Envios cargados: 48989
2025-12-21 20:34:17.276 [http-nio-8081-exec-2] INFO  com.dp1.backend.services.ACOService - Ejecutando ACO para: 
2025-12-21 20:34:17.276 [http-nio-8081-exec-2] INFO  com.dp1.backend.services.ACOService - Aeropuertos: 30
2025-12-21 20:34:17.277 [http-nio-8081-exec-2] INFO  com.dp1.backend.services.ACOService - Vuelos: 2866
2025-12-21 20:34:17.277 [http-nio-8081-exec-2] INFO  com.dp1.backend.services.ACOService - Envios: 4572
2025-12-21 20:34:17.278 [http-nio-8081-exec-2] INFO  com.dp1.backend.services.ACOService - Paquetes: 9477
2025-12-21 20:35:42.907 [http-nio-8081-exec-2] INFO  com.dp1.backend.services.ACOService - Tiempo de ejecución: 85628 ms
2025-12-21 20:35:43.675 [http-nio-8081-exec-2] INFO  com.dp1.backend.services.ACOService - Paquetes entregados con función André: 9335
2025-12-21 20:35:44.394 [http-nio-8081-exec-2] INFO  com.dp1.backend.handlers.SocketConnectionHandler - Enviando # de vuelos en el aire: inicio1258
2025-12-21 20:35:51.490 [http-nio-8081-exec-9] INFO  com.dp1.backend.handlers.SocketConnectionHandler - Enviando # de vuelos en el aire: 55
2025-12-21 20:35:57.498 [http-nio-8081-exec-4] INFO  com.dp1.backend.handlers.SocketConnectionHandler - Enviando # de vuelos en el aire: 40
2025-12-21 20:36:03.491 [http-nio-8081-exec-1] INFO  com.dp1.backend.handlers.SocketConnectionHandler - Enviando # de vuelos en el aire: 31
2025-12-21 20:36:09.508 [http-nio-8081-exec-7] INFO  com.dp1.backend.handlers.SocketConnectionHandler - Enviando # de vuelos en el aire: 49
2025-12-21 20:36:15.494 [http-nio-8081-exec-2] INFO  com.dp1.backend.handlers.SocketConnectionHandler - Enviando # de vuelos en el aire: 48
2025-12-21 20:36:21.487 [http-nio-8081-exec-9] INFO  com.dp1.backend.handlers.SocketConnectionHandler - Enviando # de vuelos en el aire: 38
2025-12-21 20:36:27.496 [http-nio-8081-exec-4] INFO  com.dp1.backend.handlers.SocketConnectionHandler - Enviando # de vuelos en el aire: 53
2025-12-21 20:36:31.484 [http-nio-8081-exec-9] INFO  com.dp1.backend.services.ACOService - Desde - hasta: 2025-12-21T20:38:06-05:00[America/Lima] - 2025-12-21T23:38:06-05:00[America/Lima]
2025-12-21 20:36:31.511 [http-nio-8081-exec-9] INFO  com.dp1.backend.services.ACOService - Ejecutando ACO para: 
2025-12-21 20:36:31.512 [http-nio-8081-exec-9] INFO  com.dp1.backend.services.ACOService - Aeropuertos: 30
2025-12-21 20:36:31.513 [http-nio-8081-exec-9] INFO  com.dp1.backend.services.ACOService - Vuelos: 2866
2025-12-21 20:36:31.518 [http-nio-8081-exec-9] INFO  com.dp1.backend.services.ACOService - Envios: 547
2025-12-21 20:36:31.522 [http-nio-8081-exec-9] INFO  com.dp1.backend.services.ACOService - Paquetes: 1043
2025-12-21 20:36:40.981 [http-nio-8081-exec-9] INFO  com.dp1.backend.services.ACOService - Tiempo de ejecución: 9457 ms
2025-12-21 20:36:41.093 [http-nio-8081-exec-9] INFO  com.dp1.backend.services.ACOService - Paquetes entregados con función André: 1032
2025-12-21 20:36:41.165 [http-nio-8081-exec-9] INFO  com.dp1.backend.handlers.SocketConnectionHandler - Enviando resultado del algoritmo 'para los vuelos en el aire'
2025-12-21 20:36:41.177 [http-nio-8081-exec-9] INFO  com.dp1.backend.handlers.SocketConnectionHandler - Enviando # de vuelos en el aire: 46
2025-12-21 20:36:41.192 [http-nio-8081-exec-9] INFO  com.dp1.backend.handlers.SocketConnectionHandler - Enviando # de vuelos en el aire: 48
2025-12-21 20:36:45.490 [http-nio-8081-exec-5] INFO  com.dp1.backend.handlers.SocketConnectionHandler - Enviando # de vuelos en el aire: 44
2025-12-21 20:36:51.491 [http-nio-8081-exec-10] INFO  com.dp1.backend.handlers.SocketConnectionHandler - Enviando # de vuelos en el aire: 44
2025-12-21 20:36:57.491 [http-nio-8081-exec-6] INFO  com.dp1.backend.handlers.SocketConnectionHandler - Enviando # de vuelos en el aire: 60
2025-12-21 20:37:03.488 [http-nio-8081-exec-3] INFO  com.dp1.backend.handlers.SocketConnectionHandler - Enviando # de vuelos en el aire: 43
2025-12-21 20:37:09.489 [http-nio-8081-exec-8] INFO  com.dp1.backend.handlers.SocketConnectionHandler - Enviando # de vuelos en el aire: 45
2025-12-21 20:37:15.488 [http-nio-8081-exec-5] INFO  com.dp1.backend.handlers.SocketConnectionHandler - Enviando # de vuelos en el aire: 44
2025-12-21 20:37:17.485 [http-nio-8081-exec-6] INFO  com.dp1.backend.services.ACOService - Desde - hasta: 2025-12-21T23:42:06-05:00[America/Lima] - 2025-12-22T02:42:06-05:00[America/Lima]
2025-12-21 20:37:17.508 [http-nio-8081-exec-6] INFO  com.dp1.backend.services.ACOService - Ejecutando ACO para: 
2025-12-21 20:37:17.508 [http-nio-8081-exec-6] INFO  com.dp1.backend.services.ACOService - Aeropuertos: 30
2025-12-21 20:37:17.509 [http-nio-8081-exec-6] INFO  com.dp1.backend.services.ACOService - Vuelos: 2866
2025-12-21 20:37:17.509 [http-nio-8081-exec-6] INFO  com.dp1.backend.services.ACOService - Envios: 756
2025-12-21 20:37:17.510 [http-nio-8081-exec-6] INFO  com.dp1.backend.services.ACOService - Paquetes: 1556
2025-12-21 20:37:26.869 [http-nio-8081-exec-6] INFO  com.dp1.backend.services.ACOService - Tiempo de ejecución: 9359 ms
2025-12-21 20:37:26.928 [http-nio-8081-exec-6] INFO  com.dp1.backend.services.ACOService - Paquetes entregados con función André: 1542
2025-12-21 20:37:27.024 [http-nio-8081-exec-6] INFO  com.dp1.backend.handlers.SocketConnectionHandler - Enviando resultado del algoritmo 'para los vuelos en el aire'
2025-12-21 20:37:27.038 [http-nio-8081-exec-6] INFO  com.dp1.backend.handlers.SocketConnectionHandler - Enviando # de vuelos en el aire: 52
2025-12-21 20:37:27.486 [http-nio-8081-exec-7] INFO  com.dp1.backend.handlers.SocketConnectionHandler - Enviando # de vuelos en el aire: 33
2025-12-21 20:37:33.496 [http-nio-8081-exec-2] INFO  com.dp1.backend.handlers.SocketConnectionHandler - Enviando # de vuelos en el aire: 53
2025-12-21 20:37:39.490 [http-nio-8081-exec-9] INFO  com.dp1.backend.handlers.SocketConnectionHandler - Enviando # de vuelos en el aire: 48
2025-12-21 20:37:46.278 [http-nio-8081-exec-6] INFO  com.dp1.backend.handlers.SocketConnectionHandler - Enviando # de vuelos en el aire: 54
2025-12-21 20:37:52.293 [http-nio-8081-exec-3] INFO  com.dp1.backend.handlers.SocketConnectionHandler - Enviando # de vuelos en el aire: 51
2025-12-21 20:37:58.285 [http-nio-8081-exec-9] INFO  com.dp1.backend.handlers.SocketConnectionHandler - Enviando # de vuelos en el aire: 62
2025-12-21 20:38:04.284 [http-nio-8081-exec-6] INFO  com.dp1.backend.handlers.SocketConnectionHandler - Enviando # de vuelos en el aire: 56
2025-12-21 20:38:04.285 [http-nio-8081-exec-6] INFO  com.dp1.backend.services.ACOService - Desde - hasta: 2025-12-22T02:46:06-05:00[America/Lima] - 2025-12-22T05:46:06-05:00[America/Lima]
2025-12-21 20:38:04.325 [http-nio-8081-exec-6] INFO  com.dp1.backend.services.ACOService - Ejecutando ACO para: 
2025-12-21 20:38:04.326 [http-nio-8081-exec-6] INFO  com.dp1.backend.services.ACOService - Aeropuertos: 30
2025-12-21 20:38:04.326 [http-nio-8081-exec-6] INFO  com.dp1.backend.services.ACOService - Vuelos: 2866
2025-12-21 20:38:04.327 [http-nio-8081-exec-6] INFO  com.dp1.backend.services.ACOService - Envios: 754
2025-12-21 20:38:04.328 [http-nio-8081-exec-6] INFO  com.dp1.backend.services.ACOService - Paquetes: 1368
2025-12-21 20:38:15.078 [http-nio-8081-exec-6] INFO  com.dp1.backend.services.ACOService - Tiempo de ejecución: 10750 ms
2025-12-21 20:38:15.114 [http-nio-8081-exec-6] INFO  com.dp1.backend.services.ACOService - Paquetes entregados con función André: 1362
2025-12-21 20:38:15.202 [http-nio-8081-exec-6] INFO  com.dp1.backend.handlers.SocketConnectionHandler - Enviando resultado del algoritmo 'para los vuelos en el aire'
2025-12-21 20:38:15.212 [http-nio-8081-exec-6] INFO  com.dp1.backend.handlers.SocketConnectionHandler - Enviando # de vuelos en el aire: 43
2025-12-21 20:38:18.278 [http-nio-8081-exec-10] INFO  com.dp1.backend.handlers.SocketConnectionHandler - Enviando # de vuelos en el aire: 53
2025-12-21 20:38:24.286 [http-nio-8081-exec-6] INFO  com.dp1.backend.handlers.SocketConnectionHandler - Enviando # de vuelos en el aire: 46
2025-12-21 20:38:30.286 [http-nio-8081-exec-3] INFO  com.dp1.backend.handlers.SocketConnectionHandler - Enviando # de vuelos en el aire: 48
2025-12-21 20:38:36.281 [http-nio-8081-exec-8] INFO  com.dp1.backend.handlers.SocketConnectionHandler - Enviando # de vuelos en el aire: 46
2025-12-21 20:41:16.282 [http-nio-8081-exec-4] INFO  com.dp1.backend.handlers.SocketConnectionHandler - Enviando # de vuelos en el aire: 49
2025-12-21 20:45:39.769 [http-nio-8081-exec-1] INFO  com.dp1.backend.handlers.SocketConnectionHandler - Enviando # de vuelos en el aire: 48
2025-12-21 20:45:43.482 [http-nio-8081-exec-4] INFO  com.dp1.backend.services.ACOService - Desde - hasta: 2025-12-22T05:50:06-05:00[America/Lima] - 2025-12-22T08:50:06-05:00[America/Lima]
2025-12-21 20:45:43.503 [http-nio-8081-exec-4] INFO  com.dp1.backend.services.ACOService - Ejecutando ACO para: 
2025-12-21 20:45:43.503 [http-nio-8081-exec-4] INFO  com.dp1.backend.services.ACOService - Aeropuertos: 30
2025-12-21 20:45:43.505 [http-nio-8081-exec-4] INFO  com.dp1.backend.services.ACOService - Vuelos: 2866
2025-12-21 20:45:43.506 [http-nio-8081-exec-4] INFO  com.dp1.backend.services.ACOService - Envios: 780
2025-12-21 20:45:43.507 [http-nio-8081-exec-4] INFO  com.dp1.backend.services.ACOService - Paquetes: 1338
2025-12-21 20:45:52.815 [http-nio-8081-exec-4] INFO  com.dp1.backend.services.ACOService - Tiempo de ejecución: 9307 ms
2025-12-21 20:45:52.852 [http-nio-8081-exec-4] INFO  com.dp1.backend.services.ACOService - Paquetes entregados con función André: 1334
2025-12-21 20:45:52.922 [http-nio-8081-exec-4] INFO  com.dp1.backend.handlers.SocketConnectionHandler - Enviando resultado del algoritmo 'para los vuelos en el aire'
2025-12-21 20:45:52.927 [http-nio-8081-exec-4] INFO  com.dp1.backend.handlers.SocketConnectionHandler - Enviando # de vuelos en el aire: 46
2025-12-21 20:45:52.940 [http-nio-8081-exec-4] INFO  com.dp1.backend.handlers.SocketConnectionHandler - Enviando # de vuelos en el aire: 52
2025-12-21 20:45:57.494 [http-nio-8081-exec-10] INFO  com.dp1.backend.handlers.SocketConnectionHandler - Enviando # de vuelos en el aire: 52
2025-12-21 20:46:03.489 [http-nio-8081-exec-6] INFO  com.dp1.backend.handlers.SocketConnectionHandler - Enviando # de vuelos en el aire: 38
2025-12-21 20:46:09.483 [http-nio-8081-exec-3] INFO  com.dp1.backend.handlers.SocketConnectionHandler - Enviando # de vuelos en el aire: 42
2025-12-21 20:46:15.484 [http-nio-8081-exec-8] INFO  com.dp1.backend.handlers.SocketConnectionHandler - Enviando # de vuelos en el aire: 41
2025-12-21 20:46:21.487 [http-nio-8081-exec-5] INFO  com.dp1.backend.handlers.SocketConnectionHandler - Enviando # de vuelos en el aire: 48
2025-12-21 20:46:27.499 [http-nio-8081-exec-10] INFO  com.dp1.backend.handlers.SocketConnectionHandler - Enviando # de vuelos en el aire: 51
2025-12-21 20:46:29.482 [http-nio-8081-exec-3] INFO  com.dp1.backend.services.ACOService - Desde - hasta: 2025-12-22T08:54:06-05:00[America/Lima] - 2025-12-22T11:54:06-05:00[America/Lima]
2025-12-21 20:46:29.503 [http-nio-8081-exec-3] INFO  com.dp1.backend.services.ACOService - Ejecutando ACO para: 
2025-12-21 20:46:29.503 [http-nio-8081-exec-3] INFO  com.dp1.backend.services.ACOService - Aeropuertos: 30
2025-12-21 20:46:29.504 [http-nio-8081-exec-3] INFO  com.dp1.backend.services.ACOService - Vuelos: 2866
2025-12-21 20:46:29.504 [http-nio-8081-exec-3] INFO  com.dp1.backend.services.ACOService - Envios: 767
2025-12-21 20:46:29.505 [http-nio-8081-exec-3] INFO  com.dp1.backend.services.ACOService - Paquetes: 1227
2025-12-21 20:46:35.284 [http-nio-8081-exec-3] INFO  com.dp1.backend.services.ACOService - Tiempo de ejecución: 5779 ms
2025-12-21 20:46:35.330 [http-nio-8081-exec-3] INFO  com.dp1.backend.services.ACOService - Paquetes entregados con función André: 1218
2025-12-21 20:46:35.401 [http-nio-8081-exec-3] INFO  com.dp1.backend.handlers.SocketConnectionHandler - Enviando resultado del algoritmo 'para los vuelos en el aire'
2025-12-21 20:46:35.408 [http-nio-8081-exec-3] INFO  com.dp1.backend.handlers.SocketConnectionHandler - Enviando # de vuelos en el aire: 50
2025-12-21 20:46:40.283 [http-nio-8081-exec-7] INFO  com.dp1.backend.handlers.SocketConnectionHandler - Enviando # de vuelos en el aire: 61
2025-12-21 20:46:46.285 [http-nio-8081-exec-2] INFO  com.dp1.backend.handlers.SocketConnectionHandler - Enviando # de vuelos en el aire: 46
2025-12-21 20:46:52.275 [http-nio-8081-exec-9] INFO  com.dp1.backend.handlers.SocketConnectionHandler - Enviando # de vuelos en el aire: 47
2025-12-21 20:46:58.288 [http-nio-8081-exec-7] INFO  com.dp1.backend.handlers.SocketConnectionHandler - Enviando # de vuelos en el aire: 35
2025-12-21 20:47:04.282 [http-nio-8081-exec-4] INFO  com.dp1.backend.handlers.SocketConnectionHandler - Enviando # de vuelos en el aire: 50
2025-12-21 20:47:10.285 [http-nio-8081-exec-1] INFO  com.dp1.backend.handlers.SocketConnectionHandler - Enviando # de vuelos en el aire: 48
2025-12-21 20:47:16.280 [http-nio-8081-exec-7] INFO  com.dp1.backend.handlers.SocketConnectionHandler - Enviando # de vuelos en el aire: 43
2025-12-21 20:47:16.281 [http-nio-8081-exec-7] INFO  com.dp1.backend.services.ACOService - Desde - hasta: 2025-12-22T11:58:06-05:00[America/Lima] - 2025-12-22T14:58:06-05:00[America/Lima]
2025-12-21 20:47:16.300 [http-nio-8081-exec-7] INFO  com.dp1.backend.services.ACOService - Ejecutando ACO para: 
2025-12-21 20:47:16.301 [http-nio-8081-exec-7] INFO  com.dp1.backend.services.ACOService - Aeropuertos: 30
2025-12-21 20:47:16.301 [http-nio-8081-exec-7] INFO  com.dp1.backend.services.ACOService - Vuelos: 2866
2025-12-21 20:47:16.302 [http-nio-8081-exec-7] INFO  com.dp1.backend.services.ACOService - Envios: 479
2025-12-21 20:47:16.302 [http-nio-8081-exec-7] INFO  com.dp1.backend.services.ACOService - Paquetes: 789
2025-12-21 20:47:19.553 [http-nio-8081-exec-7] INFO  com.dp1.backend.services.ACOService - Tiempo de ejecución: 3250 ms
2025-12-21 20:47:19.575 [http-nio-8081-exec-7] INFO  com.dp1.backend.services.ACOService - Paquetes entregados con función André: 788
2025-12-21 20:47:19.616 [http-nio-8081-exec-7] INFO  com.dp1.backend.handlers.SocketConnectionHandler - Enviando resultado del algoritmo 'para los vuelos en el aire'
2025-12-21 20:47:22.286 [http-nio-8081-exec-10] INFO  com.dp1.backend.handlers.SocketConnectionHandler - Enviando # de vuelos en el aire: 52
2025-12-21 20:47:28.287 [http-nio-8081-exec-7] INFO  com.dp1.backend.handlers.SocketConnectionHandler - Enviando # de vuelos en el aire: 54
2025-12-21 20:47:34.288 [http-nio-8081-exec-4] INFO  com.dp1.backend.handlers.SocketConnectionHandler - Enviando # de vuelos en el aire: 41
2025-12-21 20:47:39.487 [http-nio-8081-exec-2] INFO  com.dp1.backend.handlers.SocketConnectionHandler - Enviando # de vuelos en el aire: 56
2025-12-21 20:47:45.498 [http-nio-8081-exec-8] INFO  com.dp1.backend.handlers.SocketConnectionHandler - Enviando # de vuelos en el aire: 56
2025-12-21 20:47:51.485 [http-nio-8081-exec-4] INFO  com.dp1.backend.handlers.SocketConnectionHandler - Enviando # de vuelos en el aire: 46
2025-12-21 20:47:57.490 [http-nio-8081-exec-1] INFO  com.dp1.backend.handlers.SocketConnectionHandler - Enviando # de vuelos en el aire: 61
2025-12-21 20:48:01.488 [http-nio-8081-exec-4] INFO  com.dp1.backend.services.ACOService - Desde - hasta: 2025-12-22T15:02:06-05:00[America/Lima] - 2025-12-22T18:02:06-05:00[America/Lima]
2025-12-21 20:48:01.514 [http-nio-8081-exec-4] INFO  com.dp1.backend.services.ACOService - Ejecutando ACO para: 
2025-12-21 20:48:01.515 [http-nio-8081-exec-4] INFO  com.dp1.backend.services.ACOService - Aeropuertos: 30
2025-12-21 20:48:01.515 [http-nio-8081-exec-4] INFO  com.dp1.backend.services.ACOService - Vuelos: 2866
2025-12-21 20:48:01.515 [http-nio-8081-exec-4] INFO  com.dp1.backend.services.ACOService - Envios: 424
2025-12-21 20:48:01.516 [http-nio-8081-exec-4] INFO  com.dp1.backend.services.ACOService - Paquetes: 785
2025-12-21 20:48:04.774 [http-nio-8081-exec-4] INFO  com.dp1.backend.services.ACOService - Tiempo de ejecución: 3256 ms
2025-12-21 20:48:04.790 [http-nio-8081-exec-4] INFO  com.dp1.backend.services.ACOService - Paquetes entregados con función André: 782
2025-12-21 20:48:04.833 [http-nio-8081-exec-4] INFO  com.dp1.backend.handlers.SocketConnectionHandler - Enviando resultado del algoritmo 'para los vuelos en el aire'
2025-12-21 20:48:04.839 [http-nio-8081-exec-4] INFO  com.dp1.backend.handlers.SocketConnectionHandler - Enviando # de vuelos en el aire: 51
2025-12-21 20:48:09.486 [http-nio-8081-exec-10] INFO  com.dp1.backend.handlers.SocketConnectionHandler - Enviando # de vuelos en el aire: 42
2025-12-21 20:48:16.272 [http-nio-8081-exec-7] INFO  com.dp1.backend.handlers.SocketConnectionHandler - Enviando # de vuelos en el aire: 42
2025-12-21 20:48:22.288 [http-nio-8081-exec-5] INFO  com.dp1.backend.handlers.SocketConnectionHandler - Enviando # de vuelos en el aire: 53
2025-12-21 20:48:28.285 [http-nio-8081-exec-10] INFO  com.dp1.backend.handlers.SocketConnectionHandler - Enviando # de vuelos en el aire: 36
2025-12-21 20:48:34.282 [http-nio-8081-exec-7] INFO  com.dp1.backend.handlers.SocketConnectionHandler - Enviando # de vuelos en el aire: 51
2025-12-21 20:48:40.286 [http-nio-8081-exec-6] INFO  com.dp1.backend.handlers.SocketConnectionHandler - Enviando # de vuelos en el aire: 45
2025-12-21 20:48:46.276 [http-nio-8081-exec-2] INFO  com.dp1.backend.handlers.SocketConnectionHandler - Enviando # de vuelos en el aire: 55
2025-12-21 20:48:48.064 [http-nio-8081-exec-4] INFO  com.dp1.backend.services.ACOService - Desde - hasta: 2025-12-22T18:06:06-05:00[America/Lima] - 2025-12-22T21:06:06-05:00[America/Lima]
2025-12-21 20:48:48.111 [http-nio-8081-exec-4] INFO  com.dp1.backend.services.ACOService - Ejecutando ACO para: 
2025-12-21 20:48:48.112 [http-nio-8081-exec-4] INFO  com.dp1.backend.services.ACOService - Aeropuertos: 30
2025-12-21 20:48:48.112 [http-nio-8081-exec-4] INFO  com.dp1.backend.services.ACOService - Vuelos: 2866
2025-12-21 20:48:48.113 [http-nio-8081-exec-4] INFO  com.dp1.backend.services.ACOService - Envios: 723
2025-12-21 20:48:48.113 [http-nio-8081-exec-4] INFO  com.dp1.backend.services.ACOService - Paquetes: 1516
2025-12-21 20:48:58.159 [http-nio-8081-exec-4] INFO  com.dp1.backend.services.ACOService - Tiempo de ejecución: 10046 ms
2025-12-21 20:48:58.197 [http-nio-8081-exec-4] INFO  com.dp1.backend.services.ACOService - Paquetes entregados con función André: 1513
2025-12-21 20:48:58.276 [http-nio-8081-exec-4] INFO  com.dp1.backend.handlers.SocketConnectionHandler - Enviando resultado del algoritmo 'para los vuelos en el aire'
2025-12-21 20:48:58.283 [http-nio-8081-exec-4] INFO  com.dp1.backend.handlers.SocketConnectionHandler - Enviando # de vuelos en el aire: 40
2025-12-21 20:48:58.287 [http-nio-8081-exec-4] INFO  com.dp1.backend.handlers.SocketConnectionHandler - Enviando # de vuelos en el aire: 31
2025-12-21 20:49:03.495 [http-nio-8081-exec-1] INFO  com.dp1.backend.handlers.SocketConnectionHandler - Enviando # de vuelos en el aire: 49
2025-12-21 20:49:09.484 [http-nio-8081-exec-9] INFO  com.dp1.backend.handlers.SocketConnectionHandler - Enviando # de vuelos en el aire: 48
2025-12-21 20:49:15.487 [http-nio-8081-exec-5] INFO  com.dp1.backend.handlers.SocketConnectionHandler - Enviando # de vuelos en el aire: 38
2025-12-21 20:49:21.488 [http-nio-8081-exec-10] INFO  com.dp1.backend.handlers.SocketConnectionHandler - Enviando # de vuelos en el aire: 53
2025-12-21 20:49:27.485 [http-nio-8081-exec-9] INFO  com.dp1.backend.handlers.SocketConnectionHandler - Enviando # de vuelos en el aire: 46
2025-12-21 20:49:33.487 [http-nio-8081-exec-6] INFO  com.dp1.backend.handlers.SocketConnectionHandler - Enviando # de vuelos en el aire: 48
2025-12-21 20:49:33.488 [http-nio-8081-exec-6] INFO  com.dp1.backend.services.ACOService - Desde - hasta: 2025-12-22T21:10:06-05:00[America/Lima] - 2025-12-23T00:10:06-05:00[America/Lima]
2025-12-21 20:49:33.511 [http-nio-8081-exec-6] INFO  com.dp1.backend.services.ACOService - Ejecutando ACO para: 
2025-12-21 20:49:33.512 [http-nio-8081-exec-6] INFO  com.dp1.backend.services.ACOService - Aeropuertos: 30
2025-12-21 20:49:33.512 [http-nio-8081-exec-6] INFO  com.dp1.backend.services.ACOService - Vuelos: 2866
2025-12-21 20:49:33.513 [http-nio-8081-exec-6] INFO  com.dp1.backend.services.ACOService - Envios: 589
2025-12-21 20:49:33.513 [http-nio-8081-exec-6] INFO  com.dp1.backend.services.ACOService - Paquetes: 1040
2025-12-21 20:49:42.164 [http-nio-8081-exec-6] INFO  com.dp1.backend.services.ACOService - Tiempo de ejecución: 8650 ms
2025-12-21 20:49:42.191 [http-nio-8081-exec-6] INFO  com.dp1.backend.services.ACOService - Paquetes entregados con función André: 1034
2025-12-21 20:49:42.246 [http-nio-8081-exec-6] INFO  com.dp1.backend.handlers.SocketConnectionHandler - Enviando resultado del algoritmo 'para los vuelos en el aire'
2025-12-21 20:49:42.250 [http-nio-8081-exec-6] INFO  com.dp1.backend.handlers.SocketConnectionHandler - Enviando # de vuelos en el aire: 44
2025-12-21 20:49:46.282 [http-nio-8081-exec-10] INFO  com.dp1.backend.handlers.SocketConnectionHandler - Enviando # de vuelos en el aire: 44
2025-12-21 20:49:52.298 [http-nio-8081-exec-9] INFO  com.dp1.backend.handlers.SocketConnectionHandler - Enviando # de vuelos en el aire: 60
2025-12-21 20:49:58.276 [http-nio-8081-exec-4] INFO  com.dp1.backend.handlers.SocketConnectionHandler - Enviando # de vuelos en el aire: 43
2025-12-21 20:50:04.281 [http-nio-8081-exec-3] INFO  com.dp1.backend.handlers.SocketConnectionHandler - Enviando # de vuelos en el aire: 45
2025-12-21 20:50:10.287 [http-nio-8081-exec-10] INFO  com.dp1.backend.handlers.SocketConnectionHandler - Enviando # de vuelos en el aire: 44
2025-12-21 20:50:16.281 [http-nio-8081-exec-9] INFO  com.dp1.backend.handlers.SocketConnectionHandler - Enviando # de vuelos en el aire: 52
2025-12-21 20:50:20.276 [http-nio-8081-exec-2] INFO  com.dp1.backend.services.ACOService - Desde - hasta: 2025-12-23T00:14:06-05:00[America/Lima] - 2025-12-23T03:14:06-05:00[America/Lima]
2025-12-21 20:50:20.296 [http-nio-8081-exec-2] INFO  com.dp1.backend.services.ACOService - Ejecutando ACO para: 
2025-12-21 20:50:20.297 [http-nio-8081-exec-2] INFO  com.dp1.backend.services.ACOService - Aeropuertos: 30
2025-12-21 20:50:20.297 [http-nio-8081-exec-2] INFO  com.dp1.backend.services.ACOService - Vuelos: 2866
2025-12-21 20:50:20.298 [http-nio-8081-exec-2] INFO  com.dp1.backend.services.ACOService - Envios: 827
2025-12-21 20:50:20.299 [http-nio-8081-exec-2] INFO  com.dp1.backend.services.ACOService - Paquetes: 1502
2025-12-21 20:50:27.380 [http-nio-8081-exec-2] INFO  com.dp1.backend.services.ACOService - Tiempo de ejecución: 7081 ms
2025-12-21 20:50:27.427 [http-nio-8081-exec-2] INFO  com.dp1.backend.services.ACOService - Paquetes entregados con función André: 1489
2025-12-21 20:50:27.519 [http-nio-8081-exec-2] INFO  com.dp1.backend.handlers.SocketConnectionHandler - Enviando resultado del algoritmo 'para los vuelos en el aire'
2025-12-21 20:50:27.529 [http-nio-8081-exec-2] INFO  com.dp1.backend.handlers.SocketConnectionHandler - Enviando # de vuelos en el aire: 33
2025-12-21 20:50:28.291 [http-nio-8081-exec-5] INFO  com.dp1.backend.handlers.SocketConnectionHandler - Enviando # de vuelos en el aire: 53
2025-12-21 20:50:34.286 [http-nio-8081-exec-1] INFO  com.dp1.backend.handlers.SocketConnectionHandler - Enviando # de vuelos en el aire: 48
2025-12-21 20:50:40.287 [http-nio-8081-exec-8] INFO  com.dp1.backend.handlers.SocketConnectionHandler - Enviando # de vuelos en el aire: 54
2025-12-21 20:53:16.289 [http-nio-8081-exec-9] INFO  com.dp1.backend.handlers.SocketConnectionHandler - Enviando # de vuelos en el aire: 51
2025-12-21 20:59:16.287 [http-nio-8081-exec-4] INFO  com.dp1.backend.handlers.SocketConnectionHandler - Enviando # de vuelos en el aire: 62
2025-12-21 21:05:16.284 [http-nio-8081-exec-2] INFO  com.dp1.backend.handlers.SocketConnectionHandler - Enviando # de vuelos en el aire: 56
2025-12-21 21:09:26.115 [http-nio-8081-exec-9] INFO  com.dp1.backend.handlers.SocketConnectionHandler - 7f597fbb-f621-3573-25df-929024c99211  desconectado del socket
2025-12-21 21:10:22.529 [http-nio-8081-exec-10] INFO  com.dp1.backend.handlers.SocketConnectionHandler - 53c54b9b-20b5-a72c-da26-045a845269e1  conectado al socket
2025-12-21 21:10:22.578 [http-nio-8081-exec-1] INFO  com.dp1.backend.services.DatosEnMemoriaService - Leyendo archivo: data\envios\pack_enviado_EDDI_.txt
2025-12-21 21:10:23.418 [http-nio-8081-exec-1] INFO  com.dp1.backend.services.DatosEnMemoriaService - Leyendo archivo: data\envios\pack_enviado_EHAM_.txt
2025-12-21 21:10:24.383 [http-nio-8081-exec-1] INFO  com.dp1.backend.services.DatosEnMemoriaService - Leyendo archivo: data\envios\pack_enviado_EKCH_.txt
2025-12-21 21:10:24.862 [http-nio-8081-exec-1] INFO  com.dp1.backend.services.DatosEnMemoriaService - Leyendo archivo: data\envios\pack_enviado_LATI_.txt
2025-12-21 21:10:25.308 [http-nio-8081-exec-1] INFO  com.dp1.backend.services.DatosEnMemoriaService - Leyendo archivo: data\envios\pack_enviado_LBSF_.txt
2025-12-21 21:10:25.647 [http-nio-8081-exec-1] INFO  com.dp1.backend.services.DatosEnMemoriaService - Leyendo archivo: data\envios\pack_enviado_LDZA_.txt
2025-12-21 21:10:25.942 [http-nio-8081-exec-1] INFO  com.dp1.backend.services.DatosEnMemoriaService - Leyendo archivo: data\envios\pack_enviado_LKPR_.txt
2025-12-21 21:10:26.324 [http-nio-8081-exec-1] INFO  com.dp1.backend.services.DatosEnMemoriaService - Leyendo archivo: data\envios\pack_enviado_LOWW_.txt
2025-12-21 21:10:26.662 [http-nio-8081-exec-1] INFO  com.dp1.backend.services.DatosEnMemoriaService - Leyendo archivo: data\envios\pack_enviado_OAKB_.txt
2025-12-21 21:10:26.947 [http-nio-8081-exec-1] INFO  com.dp1.backend.services.DatosEnMemoriaService - Leyendo archivo: data\envios\pack_enviado_OERK_.txt
2025-12-21 21:10:27.313 [http-nio-8081-exec-1] INFO  com.dp1.backend.services.DatosEnMemoriaService - Leyendo archivo: data\envios\pack_enviado_OJAI_.txt
2025-12-21 21:10:27.569 [http-nio-8081-exec-1] INFO  com.dp1.backend.services.DatosEnMemoriaService - Leyendo archivo: data\envios\pack_enviado_OMDB_.txt
2025-12-21 21:10:27.967 [http-nio-8081-exec-1] INFO  com.dp1.backend.services.DatosEnMemoriaService - Leyendo archivo: data\envios\pack_enviado_OOMS_.txt
2025-12-21 21:10:28.270 [http-nio-8081-exec-1] INFO  com.dp1.backend.services.DatosEnMemoriaService - Leyendo archivo: data\envios\pack_enviado_OPKC_.txt
2025-12-21 21:10:28.850 [http-nio-8081-exec-1] INFO  com.dp1.backend.services.DatosEnMemoriaService - Leyendo archivo: data\envios\pack_enviado_OSDI_.txt
2025-12-21 21:10:29.192 [http-nio-8081-exec-1] INFO  com.dp1.backend.services.DatosEnMemoriaService - Leyendo archivo: data\envios\pack_enviado_OYSN_.txt
2025-12-21 21:10:29.555 [http-nio-8081-exec-1] INFO  com.dp1.backend.services.DatosEnMemoriaService - Leyendo archivo: data\envios\pack_enviado_SABE_.txt
2025-12-21 21:10:29.782 [http-nio-8081-exec-1] INFO  com.dp1.backend.services.DatosEnMemoriaService - Leyendo archivo: data\envios\pack_enviado_SBBR_.txt
2025-12-21 21:10:30.091 [http-nio-8081-exec-1] INFO  com.dp1.backend.services.DatosEnMemoriaService - Leyendo archivo: data\envios\pack_enviado_SCEL_.txt
2025-12-21 21:10:30.404 [http-nio-8081-exec-1] INFO  com.dp1.backend.services.DatosEnMemoriaService - Leyendo archivo: data\envios\pack_enviado_SEQM_.txt
2025-12-21 21:10:30.727 [http-nio-8081-exec-1] INFO  com.dp1.backend.services.DatosEnMemoriaService - Leyendo archivo: data\envios\pack_enviado_SGAS_.txt
2025-12-21 21:10:31.020 [http-nio-8081-exec-1] INFO  com.dp1.backend.services.DatosEnMemoriaService - Leyendo archivo: data\envios\pack_enviado_SKBO_.txt
2025-12-21 21:10:31.315 [http-nio-8081-exec-1] INFO  com.dp1.backend.services.DatosEnMemoriaService - Leyendo archivo: data\envios\pack_enviado_SLLP_.txt
2025-12-21 21:10:31.535 [http-nio-8081-exec-1] INFO  com.dp1.backend.services.DatosEnMemoriaService - Leyendo archivo: data\envios\pack_enviado_SUAA_.txt
2025-12-21 21:10:31.844 [http-nio-8081-exec-1] INFO  com.dp1.backend.services.DatosEnMemoriaService - Leyendo archivo: data\envios\pack_enviado_SVMI_.txt
2025-12-21 21:10:32.262 [http-nio-8081-exec-1] INFO  com.dp1.backend.services.DatosEnMemoriaService - Leyendo archivo: data\envios\pack_enviado_UMMS_.txt
2025-12-21 21:10:32.640 [http-nio-8081-exec-1] INFO  com.dp1.backend.services.DatosEnMemoriaService - Leyendo archivo: data\envios\pack_enviado_VIDP_.txt
2025-12-21 21:10:32.929 [http-nio-8081-exec-1] INFO  com.dp1.backend.services.DatosEnMemoriaService - Envios cargados: 48914
2025-12-21 21:10:32.957 [http-nio-8081-exec-1] INFO  com.dp1.backend.services.ACOService - Ejecutando ACO para: 
2025-12-21 21:10:32.958 [http-nio-8081-exec-1] INFO  com.dp1.backend.services.ACOService - Aeropuertos: 30
2025-12-21 21:10:32.959 [http-nio-8081-exec-1] INFO  com.dp1.backend.services.ACOService - Vuelos: 2866
2025-12-21 21:10:32.960 [http-nio-8081-exec-1] INFO  com.dp1.backend.services.ACOService - Envios: 4584
2025-12-21 21:10:32.961 [http-nio-8081-exec-1] INFO  com.dp1.backend.services.ACOService - Paquetes: 9501
2025-12-21 21:11:36.422 [http-nio-8081-exec-1] INFO  com.dp1.backend.services.ACOService - Tiempo de ejecución: 63460 ms
2025-12-21 21:11:37.091 [http-nio-8081-exec-1] INFO  com.dp1.backend.services.ACOService - Paquetes entregados con función André: 9372
2025-12-21 21:11:37.710 [http-nio-8081-exec-1] INFO  com.dp1.backend.handlers.SocketConnectionHandler - Enviando # de vuelos en el aire: inicio1259
2025-12-21 21:11:44.772 [http-nio-8081-exec-9] INFO  com.dp1.backend.handlers.SocketConnectionHandler - Enviando # de vuelos en el aire: 33
2025-12-21 21:11:50.762 [http-nio-8081-exec-5] INFO  com.dp1.backend.handlers.SocketConnectionHandler - Enviando # de vuelos en el aire: 51
2025-12-21 21:11:56.765 [http-nio-8081-exec-8] INFO  com.dp1.backend.handlers.SocketConnectionHandler - Enviando # de vuelos en el aire: 46
2025-12-21 21:12:02.759 [http-nio-8081-exec-6] INFO  com.dp1.backend.handlers.SocketConnectionHandler - Enviando # de vuelos en el aire: 35
2025-12-21 21:12:08.766 [http-nio-8081-exec-1] INFO  com.dp1.backend.handlers.SocketConnectionHandler - Enviando # de vuelos en el aire: 53
2025-12-21 21:12:14.776 [http-nio-8081-exec-9] INFO  com.dp1.backend.handlers.SocketConnectionHandler - Enviando # de vuelos en el aire: 51
2025-12-21 21:12:20.769 [http-nio-8081-exec-5] INFO  com.dp1.backend.handlers.SocketConnectionHandler - Enviando # de vuelos en el aire: 42
2025-12-21 21:12:24.761 [http-nio-8081-exec-9] INFO  com.dp1.backend.services.ACOService - Desde - hasta: 2025-12-21T21:14:22-05:00[America/Lima] - 2025-12-22T00:14:22-05:00[America/Lima]
2025-12-21 21:12:24.784 [http-nio-8081-exec-9] INFO  com.dp1.backend.services.ACOService - Ejecutando ACO para: 
2025-12-21 21:12:24.784 [http-nio-8081-exec-9] INFO  com.dp1.backend.services.ACOService - Aeropuertos: 30
2025-12-21 21:12:24.785 [http-nio-8081-exec-9] INFO  com.dp1.backend.services.ACOService - Vuelos: 2866
2025-12-21 21:12:24.786 [http-nio-8081-exec-9] INFO  com.dp1.backend.services.ACOService - Envios: 544
2025-12-21 21:12:24.786 [http-nio-8081-exec-9] INFO  com.dp1.backend.services.ACOService - Paquetes: 1060
2025-12-21 21:12:31.359 [http-nio-8081-exec-9] INFO  com.dp1.backend.services.ACOService - Tiempo de ejecución: 6572 ms
2025-12-21 21:12:31.392 [http-nio-8081-exec-9] INFO  com.dp1.backend.services.ACOService - Paquetes entregados con función André: 1053
2025-12-21 21:12:31.451 [http-nio-8081-exec-9] INFO  com.dp1.backend.handlers.SocketConnectionHandler - Enviando resultado del algoritmo 'para los vuelos en el aire'
2025-12-21 21:12:31.462 [http-nio-8081-exec-9] INFO  com.dp1.backend.handlers.SocketConnectionHandler - Enviando # de vuelos en el aire: 50
2025-12-21 21:12:32.758 [http-nio-8081-exec-8] INFO  com.dp1.backend.handlers.SocketConnectionHandler - Enviando # de vuelos en el aire: 45
2025-12-21 21:12:38.760 [http-nio-8081-exec-6] INFO  com.dp1.backend.handlers.SocketConnectionHandler - Enviando # de vuelos en el aire: 54
2025-12-21 21:12:44.760 [http-nio-8081-exec-1] INFO  com.dp1.backend.handlers.SocketConnectionHandler - Enviando # de vuelos en el aire: 48
2025-12-21 21:12:50.764 [http-nio-8081-exec-9] INFO  com.dp1.backend.handlers.SocketConnectionHandler - Enviando # de vuelos en el aire: 36
2025-12-21 21:12:56.762 [http-nio-8081-exec-5] INFO  com.dp1.backend.handlers.SocketConnectionHandler - Enviando # de vuelos en el aire: 51
2025-12-21 21:13:02.760 [http-nio-8081-exec-8] INFO  com.dp1.backend.handlers.SocketConnectionHandler - Enviando # de vuelos en el aire: 52
2025-12-21 21:13:06.718 [http-nio-8081-exec-4] INFO  com.dp1.backend.services.ClienteService - Creando cliente con datos: Prueba 06-07 dfghjkl commuconnect.ingesoft@gmail.com 
2025-12-21 21:13:07.020 [http-nio-8081-exec-4] INFO  com.dp1.backend.services.ClienteService - Cliente creado exitosamente con ID: 13
2025-12-21 21:13:07.088 [http-nio-8081-exec-7] INFO  com.dp1.backend.services.ClienteService - Creando cliente con datos: brs ascd fergegr@mp.com 
2025-12-21 21:13:07.196 [http-nio-8081-exec-7] WARN  org.hibernate.engine.jdbc.spi.SqlExceptionHelper - SQL Error: 1062, SQLState: 23000
2025-12-21 21:13:07.198 [http-nio-8081-exec-7] ERROR org.hibernate.engine.jdbc.spi.SqlExceptionHelper - Duplicate entry '12345678' for key 'cliente.UK_hx9w6tpma79yxjbk83xfiw7fo'
2025-12-21 21:13:07.247 [http-nio-8081-exec-7] ERROR com.dp1.backend.services.ClienteService - Error al crear cliente: could not execute statement [Duplicate entry '12345678' for key 'cliente.UK_hx9w6tpma79yxjbk83xfiw7fo'] [insert into cliente (active,apellido,codigo_pais,creation_date,email,nombre,numero_documento,password,segundo_nombre,telefono,tipo_documento,update_date,username) values (?,?,?,?,?,?,?,?,?,?,?,?,?)]; SQL [insert into cliente (active,apellido,codigo_pais,creation_date,email,nombre,numero_documento,password,segundo_nombre,telefono,tipo_documento,update_date,username) values (?,?,?,?,?,?,?,?,?,?,?,?,?)]; constraint [cliente.UK_hx9w6tpma79yxjbk83xfiw7fo]
org.springframework.dao.DataIntegrityViolationException: could not execute statement [Duplicate entry '12345678' for key 'cliente.UK_hx9w6tpma79yxjbk83xfiw7fo'] [insert into cliente (active,apellido,codigo_pais,creation_date,email,nombre,numero_documento,password,segundo_nombre,telefono,tipo_documento,update_date,username) values (?,?,?,?,?,?,?,?,?,?,?,?,?)]; SQL [insert into cliente (active,apellido,codigo_pais,creation_date,email,nombre,numero_documento,password,segundo_nombre,telefono,tipo_documento,update_date,username) values (?,?,?,?,?,?,?,?,?,?,?,?,?)]; constraint [cliente.UK_hx9w6tpma79yxjbk83xfiw7fo]
	at org.springframework.orm.jpa.vendor.HibernateJpaDialect.convertHibernateAccessException(HibernateJpaDialect.java:290) ~[spring-orm-6.1.4.jar:6.1.4]
	at org.springframework.orm.jpa.vendor.HibernateJpaDialect.translateExceptionIfPossible(HibernateJpaDialect.java:241) ~[spring-orm-6.1.4.jar:6.1.4]
	at org.springframework.orm.jpa.AbstractEntityManagerFactoryBean.translateExceptionIfPossible(AbstractEntityManagerFactoryBean.java:550) ~[spring-orm-6.1.4.jar:6.1.4]
	at org.springframework.dao.support.ChainedPersistenceExceptionTranslator.translateExceptionIfPossible(ChainedPersistenceExceptionTranslator.java:61) ~[spring-tx-6.1.4.jar:6.1.4]
	at org.springframework.dao.support.DataAccessUtils.translateIfNecessary(DataAccessUtils.java:335) ~[spring-tx-6.1.4.jar:6.1.4]
	at org.springframework.dao.support.PersistenceExceptionTranslationInterceptor.invoke(PersistenceExceptionTranslationInterceptor.java:152) ~[spring-tx-6.1.4.jar:6.1.4]
	at org.springframework.aop.framework.ReflectiveMethodInvocation.proceed(ReflectiveMethodInvocation.java:184) ~[spring-aop-6.1.4.jar:6.1.4]
	at org.springframework.data.jpa.repository.support.CrudMethodMetadataPostProcessor$CrudMethodMetadataPopulatingMethodInterceptor.invoke(CrudMethodMetadataPostProcessor.java:164) ~[spring-data-jpa-3.2.3.jar:3.2.3]
	at org.springframework.aop.framework.ReflectiveMethodInvocation.proceed(ReflectiveMethodInvocation.java:184) ~[spring-aop-6.1.4.jar:6.1.4]
	at org.springframework.aop.interceptor.ExposeInvocationInterceptor.invoke(ExposeInvocationInterceptor.java:97) ~[spring-aop-6.1.4.jar:6.1.4]
	at org.springframework.aop.framework.ReflectiveMethodInvocation.proceed(ReflectiveMethodInvocation.java:184) ~[spring-aop-6.1.4.jar:6.1.4]
	at org.springframework.aop.framework.JdkDynamicAopProxy.invoke(JdkDynamicAopProxy.java:220) ~[spring-aop-6.1.4.jar:6.1.4]
	at jdk.proxy2/jdk.proxy2.$Proxy165.save(Unknown Source) ~[?:?]
	at com.dp1.backend.services.ClienteService.createCliente(ClienteService.java:34) [classes/:?]
	at com.dp1.backend.controllers.ClienteController.createCliente(ClienteController.java:42) [classes/:?]
	at java.base/jdk.internal.reflect.DirectMethodHandleAccessor.invoke(DirectMethodHandleAccessor.java:104) ~[?:?]
	at java.base/java.lang.reflect.Method.invoke(Method.java:565) ~[?:?]
	at org.springframework.web.method.support.InvocableHandlerMethod.doInvoke(InvocableHandlerMethod.java:259) [spring-web-6.1.4.jar:6.1.4]
	at org.springframework.web.method.support.InvocableHandlerMethod.invokeForRequest(InvocableHandlerMethod.java:192) [spring-web-6.1.4.jar:6.1.4]
	at org.springframework.web.servlet.mvc.method.annotation.ServletInvocableHandlerMethod.invokeAndHandle(ServletInvocableHandlerMethod.java:118) [spring-webmvc-6.1.4.jar:6.1.4]
	at org.springframework.web.servlet.mvc.method.annotation.RequestMappingHandlerAdapter.invokeHandlerMethod(RequestMappingHandlerAdapter.java:920) [spring-webmvc-6.1.4.jar:6.1.4]
	at org.springframework.web.servlet.mvc.method.annotation.RequestMappingHandlerAdapter.handleInternal(RequestMappingHandlerAdapter.java:830) [spring-webmvc-6.1.4.jar:6.1.4]
	at org.springframework.web.servlet.mvc.method.AbstractHandlerMethodAdapter.handle(AbstractHandlerMethodAdapter.java:87) [spring-webmvc-6.1.4.jar:6.1.4]
	at org.springframework.web.servlet.DispatcherServlet.doDispatch(DispatcherServlet.java:1089) [spring-webmvc-6.1.4.jar:6.1.4]
	at org.springframework.web.servlet.DispatcherServlet.doService(DispatcherServlet.java:979) [spring-webmvc-6.1.4.jar:6.1.4]
	at org.springframework.web.servlet.FrameworkServlet.processRequest(FrameworkServlet.java:1014) [spring-webmvc-6.1.4.jar:6.1.4]
	at org.springframework.web.servlet.FrameworkServlet.doPost(FrameworkServlet.java:914) [spring-webmvc-6.1.4.jar:6.1.4]
	at jakarta.servlet.http.HttpServlet.service(HttpServlet.java:590) [tomcat-embed-core-10.1.19.jar:6.0]
	at org.springframework.web.servlet.FrameworkServlet.service(FrameworkServlet.java:885) [spring-webmvc-6.1.4.jar:6.1.4]
	at jakarta.servlet.http.HttpServlet.service(HttpServlet.java:658) [tomcat-embed-core-10.1.19.jar:6.0]
	at org.apache.catalina.core.ApplicationFilterChain.internalDoFilter(ApplicationFilterChain.java:205) [tomcat-embed-core-10.1.19.jar:10.1.19]
	at org.apache.catalina.core.ApplicationFilterChain.doFilter(ApplicationFilterChain.java:149) [tomcat-embed-core-10.1.19.jar:10.1.19]
	at org.apache.tomcat.websocket.server.WsFilter.doFilter(WsFilter.java:51) [tomcat-embed-websocket-10.1.19.jar:10.1.19]
	at org.apache.catalina.core.ApplicationFilterChain.internalDoFilter(ApplicationFilterChain.java:174) [tomcat-embed-core-10.1.19.jar:10.1.19]
	at org.apache.catalina.core.ApplicationFilterChain.doFilter(ApplicationFilterChain.java:149) [tomcat-embed-core-10.1.19.jar:10.1.19]
	at org.springframework.web.filter.RequestContextFilter.doFilterInternal(RequestContextFilter.java:100) [spring-web-6.1.4.jar:6.1.4]
	at org.springframework.web.filter.OncePerRequestFilter.doFilter(OncePerRequestFilter.java:116) [spring-web-6.1.4.jar:6.1.4]
	at org.apache.catalina.core.ApplicationFilterChain.internalDoFilter(ApplicationFilterChain.java:174) [tomcat-embed-core-10.1.19.jar:10.1.19]
	at org.apache.catalina.core.ApplicationFilterChain.doFilter(ApplicationFilterChain.java:149) [tomcat-embed-core-10.1.19.jar:10.1.19]
	at org.springframework.web.filter.FormContentFilter.doFilterInternal(FormContentFilter.java:93) [spring-web-6.1.4.jar:6.1.4]
	at org.springframework.web.filter.OncePerRequestFilter.doFilter(OncePerRequestFilter.java:116) [spring-web-6.1.4.jar:6.1.4]
	at org.apache.catalina.core.ApplicationFilterChain.internalDoFilter(ApplicationFilterChain.java:174) [tomcat-embed-core-10.1.19.jar:10.1.19]
	at org.apache.catalina.core.ApplicationFilterChain.doFilter(ApplicationFilterChain.java:149) [tomcat-embed-core-10.1.19.jar:10.1.19]
	at org.springframework.web.filter.CharacterEncodingFilter.doFilterInternal(CharacterEncodingFilter.java:201) [spring-web-6.1.4.jar:6.1.4]
	at org.springframework.web.filter.OncePerRequestFilter.doFilter(OncePerRequestFilter.java:116) [spring-web-6.1.4.jar:6.1.4]
	at org.apache.catalina.core.ApplicationFilterChain.internalDoFilter(ApplicationFilterChain.java:174) [tomcat-embed-core-10.1.19.jar:10.1.19]
	at org.apache.catalina.core.ApplicationFilterChain.doFilter(ApplicationFilterChain.java:149) [tomcat-embed-core-10.1.19.jar:10.1.19]
	at org.apache.catalina.core.StandardWrapperValve.invoke(StandardWrapperValve.java:167) [tomcat-embed-core-10.1.19.jar:10.1.19]
	at org.apache.catalina.core.StandardContextValve.invoke(StandardContextValve.java:90) [tomcat-embed-core-10.1.19.jar:10.1.19]
	at org.apache.catalina.authenticator.AuthenticatorBase.invoke(AuthenticatorBase.java:482) [tomcat-embed-core-10.1.19.jar:10.1.19]
	at org.apache.catalina.core.StandardHostValve.invoke(StandardHostValve.java:115) [tomcat-embed-core-10.1.19.jar:10.1.19]
	at org.apache.catalina.valves.ErrorReportValve.invoke(ErrorReportValve.java:93) [tomcat-embed-core-10.1.19.jar:10.1.19]
	at org.apache.catalina.core.StandardEngineValve.invoke(StandardEngineValve.java:74) [tomcat-embed-core-10.1.19.jar:10.1.19]
	at org.apache.catalina.connector.CoyoteAdapter.service(CoyoteAdapter.java:344) [tomcat-embed-core-10.1.19.jar:10.1.19]
	at org.apache.coyote.http11.Http11Processor.service(Http11Processor.java:391) [tomcat-embed-core-10.1.19.jar:10.1.19]
	at org.apache.coyote.AbstractProcessorLight.process(AbstractProcessorLight.java:63) [tomcat-embed-core-10.1.19.jar:10.1.19]
	at org.apache.coyote.AbstractProtocol$ConnectionHandler.process(AbstractProtocol.java:896) [tomcat-embed-core-10.1.19.jar:10.1.19]
	at org.apache.tomcat.util.net.NioEndpoint$SocketProcessor.doRun(NioEndpoint.java:1744) [tomcat-embed-core-10.1.19.jar:10.1.19]
	at org.apache.tomcat.util.net.SocketProcessorBase.run(SocketProcessorBase.java:52) [tomcat-embed-core-10.1.19.jar:10.1.19]
	at org.apache.tomcat.util.threads.ThreadPoolExecutor.runWorker(ThreadPoolExecutor.java:1191) [tomcat-embed-core-10.1.19.jar:10.1.19]
	at org.apache.tomcat.util.threads.ThreadPoolExecutor$Worker.run(ThreadPoolExecutor.java:659) [tomcat-embed-core-10.1.19.jar:10.1.19]
	at org.apache.tomcat.util.threads.TaskThread$WrappingRunnable.run(TaskThread.java:63) [tomcat-embed-core-10.1.19.jar:10.1.19]
	at java.base/java.lang.Thread.run(Thread.java:1447) [?:?]
Caused by: org.hibernate.exception.ConstraintViolationException: could not execute statement [Duplicate entry '12345678' for key 'cliente.UK_hx9w6tpma79yxjbk83xfiw7fo'] [insert into cliente (active,apellido,codigo_pais,creation_date,email,nombre,numero_documento,password,segundo_nombre,telefono,tipo_documento,update_date,username) values (?,?,?,?,?,?,?,?,?,?,?,?,?)]
	at org.hibernate.exception.internal.SQLExceptionTypeDelegate.convert(SQLExceptionTypeDelegate.java:62) ~[hibernate-core-6.4.4.Final.jar:6.4.4.Final]
	at org.hibernate.exception.internal.StandardSQLExceptionConverter.convert(StandardSQLExceptionConverter.java:58) ~[hibernate-core-6.4.4.Final.jar:6.4.4.Final]
	at org.hibernate.engine.jdbc.spi.SqlExceptionHelper.convert(SqlExceptionHelper.java:108) ~[hibernate-core-6.4.4.Final.jar:6.4.4.Final]
	at org.hibernate.engine.jdbc.internal.ResultSetReturnImpl.executeUpdate(ResultSetReturnImpl.java:197) ~[hibernate-core-6.4.4.Final.jar:6.4.4.Final]
	at org.hibernate.id.insert.GetGeneratedKeysDelegate.performInsert(GetGeneratedKeysDelegate.java:107) ~[hibernate-core-6.4.4.Final.jar:6.4.4.Final]
	at org.hibernate.engine.jdbc.mutation.internal.MutationExecutorPostInsertSingleTable.execute(MutationExecutorPostInsertSingleTable.java:100) ~[hibernate-core-6.4.4.Final.jar:6.4.4.Final]
	at org.hibernate.persister.entity.mutation.InsertCoordinator.doStaticInserts(InsertCoordinator.java:175) ~[hibernate-core-6.4.4.Final.jar:6.4.4.Final]
	at org.hibernate.persister.entity.mutation.InsertCoordinator.coordinateInsert(InsertCoordinator.java:113) ~[hibernate-core-6.4.4.Final.jar:6.4.4.Final]
	at org.hibernate.persister.entity.AbstractEntityPersister.insert(AbstractEntityPersister.java:2868) ~[hibernate-core-6.4.4.Final.jar:6.4.4.Final]
	at org.hibernate.action.internal.EntityIdentityInsertAction.execute(EntityIdentityInsertAction.java:81) ~[hibernate-core-6.4.4.Final.jar:6.4.4.Final]
	at org.hibernate.engine.spi.ActionQueue.execute(ActionQueue.java:670) ~[hibernate-core-6.4.4.Final.jar:6.4.4.Final]
	at org.hibernate.engine.spi.ActionQueue.addResolvedEntityInsertAction(ActionQueue.java:291) ~[hibernate-core-6.4.4.Final.jar:6.4.4.Final]
	at org.hibernate.engine.spi.ActionQueue.addInsertAction(ActionQueue.java:272) ~[hibernate-core-6.4.4.Final.jar:6.4.4.Final]
	at org.hibernate.engine.spi.ActionQueue.addAction(ActionQueue.java:322) ~[hibernate-core-6.4.4.Final.jar:6.4.4.Final]
	at org.hibernate.event.internal.AbstractSaveEventListener.addInsertAction(AbstractSaveEventListener.java:386) ~[hibernate-core-6.4.4.Final.jar:6.4.4.Final]
	at org.hibernate.event.internal.AbstractSaveEventListener.performSaveOrReplicate(AbstractSaveEventListener.java:300) ~[hibernate-core-6.4.4.Final.jar:6.4.4.Final]
	at org.hibernate.event.internal.AbstractSaveEventListener.performSave(AbstractSaveEventListener.java:219) ~[hibernate-core-6.4.4.Final.jar:6.4.4.Final]
	at org.hibernate.event.internal.AbstractSaveEventListener.saveWithGeneratedId(AbstractSaveEventListener.java:134) ~[hibernate-core-6.4.4.Final.jar:6.4.4.Final]
	at org.hibernate.event.internal.DefaultPersistEventListener.entityIsTransient(DefaultPersistEventListener.java:175) ~[hibernate-core-6.4.4.Final.jar:6.4.4.Final]
	at org.hibernate.event.internal.DefaultPersistEventListener.persist(DefaultPersistEventListener.java:93) ~[hibernate-core-6.4.4.Final.jar:6.4.4.Final]
	at org.hibernate.event.internal.DefaultPersistEventListener.onPersist(DefaultPersistEventListener.java:77) ~[hibernate-core-6.4.4.Final.jar:6.4.4.Final]
	at org.hibernate.event.internal.DefaultPersistEventListener.onPersist(DefaultPersistEventListener.java:54) ~[hibernate-core-6.4.4.Final.jar:6.4.4.Final]
	at org.hibernate.event.service.internal.EventListenerGroupImpl.fireEventOnEachListener(EventListenerGroupImpl.java:127) ~[hibernate-core-6.4.4.Final.jar:6.4.4.Final]
	at org.hibernate.internal.SessionImpl.firePersist(SessionImpl.java:754) ~[hibernate-core-6.4.4.Final.jar:6.4.4.Final]
	at org.hibernate.internal.SessionImpl.persist(SessionImpl.java:738) ~[hibernate-core-6.4.4.Final.jar:6.4.4.Final]
	at java.base/jdk.internal.reflect.DirectMethodHandleAccessor.invoke(DirectMethodHandleAccessor.java:104) ~[?:?]
	at java.base/java.lang.reflect.Method.invoke(Method.java:565) ~[?:?]
	at org.springframework.orm.jpa.ExtendedEntityManagerCreator$ExtendedEntityManagerInvocationHandler.invoke(ExtendedEntityManagerCreator.java:364) ~[spring-orm-6.1.4.jar:6.1.4]
	at jdk.proxy2/jdk.proxy2.$Proxy150.persist(Unknown Source) ~[?:?]
	at java.base/jdk.internal.reflect.DirectMethodHandleAccessor.invoke(DirectMethodHandleAccessor.java:104) ~[?:?]
	at java.base/java.lang.reflect.Method.invoke(Method.java:565) ~[?:?]
	at org.springframework.orm.jpa.SharedEntityManagerCreator$SharedEntityManagerInvocationHandler.invoke(SharedEntityManagerCreator.java:319) ~[spring-orm-6.1.4.jar:6.1.4]
	at jdk.proxy2/jdk.proxy2.$Proxy150.persist(Unknown Source) ~[?:?]
	at org.springframework.data.jpa.repository.support.SimpleJpaRepository.save(SimpleJpaRepository.java:618) ~[spring-data-jpa-3.2.3.jar:3.2.3]
	at java.base/jdk.internal.reflect.DirectMethodHandleAccessor.invoke(DirectMethodHandleAccessor.java:104) ~[?:?]
	at java.base/java.lang.reflect.Method.invoke(Method.java:565) ~[?:?]
	at org.springframework.aop.support.AopUtils.invokeJoinpointUsingReflection(AopUtils.java:351) ~[spring-aop-6.1.4.jar:6.1.4]
	at org.springframework.data.repository.core.support.RepositoryMethodInvoker$RepositoryFragmentMethodInvoker.lambda$new$0(RepositoryMethodInvoker.java:277) ~[spring-data-commons-3.2.3.jar:3.2.3]
	at org.springframework.data.repository.core.support.RepositoryMethodInvoker.doInvoke(RepositoryMethodInvoker.java:170) ~[spring-data-commons-3.2.3.jar:3.2.3]
	at org.springframework.data.repository.core.support.RepositoryMethodInvoker.invoke(RepositoryMethodInvoker.java:158) ~[spring-data-commons-3.2.3.jar:3.2.3]
	at org.springframework.data.repository.core.support.RepositoryComposition$RepositoryFragments.invoke(RepositoryComposition.java:516) ~[spring-data-commons-3.2.3.jar:3.2.3]
	at org.springframework.data.repository.core.support.RepositoryComposition.invoke(RepositoryComposition.java:285) ~[spring-data-commons-3.2.3.jar:3.2.3]
	at org.springframework.data.repository.core.support.RepositoryFactorySupport$ImplementationMethodExecutionInterceptor.invoke(RepositoryFactorySupport.java:628) ~[spring-data-commons-3.2.3.jar:3.2.3]
	at org.springframework.aop.framework.ReflectiveMethodInvocation.proceed(ReflectiveMethodInvocation.java:184) ~[spring-aop-6.1.4.jar:6.1.4]
	at org.springframework.data.repository.core.support.QueryExecutorMethodInterceptor.doInvoke(QueryExecutorMethodInterceptor.java:168) ~[spring-data-commons-3.2.3.jar:3.2.3]
	at org.springframework.data.repository.core.support.QueryExecutorMethodInterceptor.invoke(QueryExecutorMethodInterceptor.java:143) ~[spring-data-commons-3.2.3.jar:3.2.3]
	at org.springframework.aop.framework.ReflectiveMethodInvocation.proceed(ReflectiveMethodInvocation.java:184) ~[spring-aop-6.1.4.jar:6.1.4]
	at org.springframework.data.projection.DefaultMethodInvokingMethodInterceptor.invoke(DefaultMethodInvokingMethodInterceptor.java:70) ~[spring-data-commons-3.2.3.jar:3.2.3]
	at org.springframework.aop.framework.ReflectiveMethodInvocation.proceed(ReflectiveMethodInvocation.java:184) ~[spring-aop-6.1.4.jar:6.1.4]
	at org.springframework.transaction.interceptor.TransactionInterceptor$1.proceedWithInvocation(TransactionInterceptor.java:123) ~[spring-tx-6.1.4.jar:6.1.4]
	at org.springframework.transaction.interceptor.TransactionAspectSupport.invokeWithinTransaction(TransactionAspectSupport.java:385) ~[spring-tx-6.1.4.jar:6.1.4]
	at org.springframework.transaction.interceptor.TransactionInterceptor.invoke(TransactionInterceptor.java:119) ~[spring-tx-6.1.4.jar:6.1.4]
	at org.springframework.aop.framework.ReflectiveMethodInvocation.proceed(ReflectiveMethodInvocation.java:184) ~[spring-aop-6.1.4.jar:6.1.4]
	at org.springframework.dao.support.PersistenceExceptionTranslationInterceptor.invoke(PersistenceExceptionTranslationInterceptor.java:137) ~[spring-tx-6.1.4.jar:6.1.4]
	... 57 more
Caused by: java.sql.SQLIntegrityConstraintViolationException: Duplicate entry '12345678' for key 'cliente.UK_hx9w6tpma79yxjbk83xfiw7fo'
	at com.mysql.cj.jdbc.exceptions.SQLError.createSQLException(SQLError.java:118) ~[mysql-connector-j-8.3.0.jar:8.3.0]
	at com.mysql.cj.jdbc.exceptions.SQLExceptionsMapping.translateException(SQLExceptionsMapping.java:122) ~[mysql-connector-j-8.3.0.jar:8.3.0]
	at com.mysql.cj.jdbc.ClientPreparedStatement.executeInternal(ClientPreparedStatement.java:912) ~[mysql-connector-j-8.3.0.jar:8.3.0]
	at com.mysql.cj.jdbc.ClientPreparedStatement.executeUpdateInternal(ClientPreparedStatement.java:1054) ~[mysql-connector-j-8.3.0.jar:8.3.0]
	at com.mysql.cj.jdbc.ClientPreparedStatement.executeUpdateInternal(ClientPreparedStatement.java:1003) ~[mysql-connector-j-8.3.0.jar:8.3.0]
	at com.mysql.cj.jdbc.ClientPreparedStatement.executeLargeUpdate(ClientPreparedStatement.java:1312) ~[mysql-connector-j-8.3.0.jar:8.3.0]
	at com.mysql.cj.jdbc.ClientPreparedStatement.executeUpdate(ClientPreparedStatement.java:988) ~[mysql-connector-j-8.3.0.jar:8.3.0]
	at com.zaxxer.hikari.pool.ProxyPreparedStatement.executeUpdate(ProxyPreparedStatement.java:61) ~[HikariCP-5.0.1.jar:?]
	at com.zaxxer.hikari.pool.HikariProxyPreparedStatement.executeUpdate(HikariProxyPreparedStatement.java) ~[HikariCP-5.0.1.jar:?]
	at org.hibernate.engine.jdbc.internal.ResultSetReturnImpl.executeUpdate(ResultSetReturnImpl.java:194) ~[hibernate-core-6.4.4.Final.jar:6.4.4.Final]
	at org.hibernate.id.insert.GetGeneratedKeysDelegate.performInsert(GetGeneratedKeysDelegate.java:107) ~[hibernate-core-6.4.4.Final.jar:6.4.4.Final]
	at org.hibernate.engine.jdbc.mutation.internal.MutationExecutorPostInsertSingleTable.execute(MutationExecutorPostInsertSingleTable.java:100) ~[hibernate-core-6.4.4.Final.jar:6.4.4.Final]
	at org.hibernate.persister.entity.mutation.InsertCoordinator.doStaticInserts(InsertCoordinator.java:175) ~[hibernate-core-6.4.4.Final.jar:6.4.4.Final]
	at org.hibernate.persister.entity.mutation.InsertCoordinator.coordinateInsert(InsertCoordinator.java:113) ~[hibernate-core-6.4.4.Final.jar:6.4.4.Final]
	at org.hibernate.persister.entity.AbstractEntityPersister.insert(AbstractEntityPersister.java:2868) ~[hibernate-core-6.4.4.Final.jar:6.4.4.Final]
	at org.hibernate.action.internal.EntityIdentityInsertAction.execute(EntityIdentityInsertAction.java:81) ~[hibernate-core-6.4.4.Final.jar:6.4.4.Final]
	at org.hibernate.engine.spi.ActionQueue.execute(ActionQueue.java:670) ~[hibernate-core-6.4.4.Final.jar:6.4.4.Final]
	at org.hibernate.engine.spi.ActionQueue.addResolvedEntityInsertAction(ActionQueue.java:291) ~[hibernate-core-6.4.4.Final.jar:6.4.4.Final]
	at org.hibernate.engine.spi.ActionQueue.addInsertAction(ActionQueue.java:272) ~[hibernate-core-6.4.4.Final.jar:6.4.4.Final]
	at org.hibernate.engine.spi.ActionQueue.addAction(ActionQueue.java:322) ~[hibernate-core-6.4.4.Final.jar:6.4.4.Final]
	at org.hibernate.event.internal.AbstractSaveEventListener.addInsertAction(AbstractSaveEventListener.java:386) ~[hibernate-core-6.4.4.Final.jar:6.4.4.Final]
	at org.hibernate.event.internal.AbstractSaveEventListener.performSaveOrReplicate(AbstractSaveEventListener.java:300) ~[hibernate-core-6.4.4.Final.jar:6.4.4.Final]
	at org.hibernate.event.internal.AbstractSaveEventListener.performSave(AbstractSaveEventListener.java:219) ~[hibernate-core-6.4.4.Final.jar:6.4.4.Final]
	at org.hibernate.event.internal.AbstractSaveEventListener.saveWithGeneratedId(AbstractSaveEventListener.java:134) ~[hibernate-core-6.4.4.Final.jar:6.4.4.Final]
	at org.hibernate.event.internal.DefaultPersistEventListener.entityIsTransient(DefaultPersistEventListener.java:175) ~[hibernate-core-6.4.4.Final.jar:6.4.4.Final]
	at org.hibernate.event.internal.DefaultPersistEventListener.persist(DefaultPersistEventListener.java:93) ~[hibernate-core-6.4.4.Final.jar:6.4.4.Final]
	at org.hibernate.event.internal.DefaultPersistEventListener.onPersist(DefaultPersistEventListener.java:77) ~[hibernate-core-6.4.4.Final.jar:6.4.4.Final]
	at org.hibernate.event.internal.DefaultPersistEventListener.onPersist(DefaultPersistEventListener.java:54) ~[hibernate-core-6.4.4.Final.jar:6.4.4.Final]
	at org.hibernate.event.service.internal.EventListenerGroupImpl.fireEventOnEachListener(EventListenerGroupImpl.java:127) ~[hibernate-core-6.4.4.Final.jar:6.4.4.Final]
	at org.hibernate.internal.SessionImpl.firePersist(SessionImpl.java:754) ~[hibernate-core-6.4.4.Final.jar:6.4.4.Final]
	at org.hibernate.internal.SessionImpl.persist(SessionImpl.java:738) ~[hibernate-core-6.4.4.Final.jar:6.4.4.Final]
	at java.base/jdk.internal.reflect.DirectMethodHandleAccessor.invoke(DirectMethodHandleAccessor.java:104) ~[?:?]
	at java.base/java.lang.reflect.Method.invoke(Method.java:565) ~[?:?]
	at org.springframework.orm.jpa.ExtendedEntityManagerCreator$ExtendedEntityManagerInvocationHandler.invoke(ExtendedEntityManagerCreator.java:364) ~[spring-orm-6.1.4.jar:6.1.4]
	at jdk.proxy2/jdk.proxy2.$Proxy150.persist(Unknown Source) ~[?:?]
	at java.base/jdk.internal.reflect.DirectMethodHandleAccessor.invoke(DirectMethodHandleAccessor.java:104) ~[?:?]
	at java.base/java.lang.reflect.Method.invoke(Method.java:565) ~[?:?]
	at org.springframework.orm.jpa.SharedEntityManagerCreator$SharedEntityManagerInvocationHandler.invoke(SharedEntityManagerCreator.java:319) ~[spring-orm-6.1.4.jar:6.1.4]
	at jdk.proxy2/jdk.proxy2.$Proxy150.persist(Unknown Source) ~[?:?]
	at org.springframework.data.jpa.repository.support.SimpleJpaRepository.save(SimpleJpaRepository.java:618) ~[spring-data-jpa-3.2.3.jar:3.2.3]
	at java.base/jdk.internal.reflect.DirectMethodHandleAccessor.invoke(DirectMethodHandleAccessor.java:104) ~[?:?]
	at java.base/java.lang.reflect.Method.invoke(Method.java:565) ~[?:?]
	at org.springframework.aop.support.AopUtils.invokeJoinpointUsingReflection(AopUtils.java:351) ~[spring-aop-6.1.4.jar:6.1.4]
	at org.springframework.data.repository.core.support.RepositoryMethodInvoker$RepositoryFragmentMethodInvoker.lambda$new$0(RepositoryMethodInvoker.java:277) ~[spring-data-commons-3.2.3.jar:3.2.3]
	at org.springframework.data.repository.core.support.RepositoryMethodInvoker.doInvoke(RepositoryMethodInvoker.java:170) ~[spring-data-commons-3.2.3.jar:3.2.3]
	at org.springframework.data.repository.core.support.RepositoryMethodInvoker.invoke(RepositoryMethodInvoker.java:158) ~[spring-data-commons-3.2.3.jar:3.2.3]
	at org.springframework.data.repository.core.support.RepositoryComposition$RepositoryFragments.invoke(RepositoryComposition.java:516) ~[spring-data-commons-3.2.3.jar:3.2.3]
	at org.springframework.data.repository.core.support.RepositoryComposition.invoke(RepositoryComposition.java:285) ~[spring-data-commons-3.2.3.jar:3.2.3]
	at org.springframework.data.repository.core.support.RepositoryFactorySupport$ImplementationMethodExecutionInterceptor.invoke(RepositoryFactorySupport.java:628) ~[spring-data-commons-3.2.3.jar:3.2.3]
	at org.springframework.aop.framework.ReflectiveMethodInvocation.proceed(ReflectiveMethodInvocation.java:184) ~[spring-aop-6.1.4.jar:6.1.4]
	at org.springframework.data.repository.core.support.QueryExecutorMethodInterceptor.doInvoke(QueryExecutorMethodInterceptor.java:168) ~[spring-data-commons-3.2.3.jar:3.2.3]
	at org.springframework.data.repository.core.support.QueryExecutorMethodInterceptor.invoke(QueryExecutorMethodInterceptor.java:143) ~[spring-data-commons-3.2.3.jar:3.2.3]
	at org.springframework.aop.framework.ReflectiveMethodInvocation.proceed(ReflectiveMethodInvocation.java:184) ~[spring-aop-6.1.4.jar:6.1.4]
	at org.springframework.data.projection.DefaultMethodInvokingMethodInterceptor.invoke(DefaultMethodInvokingMethodInterceptor.java:70) ~[spring-data-commons-3.2.3.jar:3.2.3]
	at org.springframework.aop.framework.ReflectiveMethodInvocation.proceed(ReflectiveMethodInvocation.java:184) ~[spring-aop-6.1.4.jar:6.1.4]
	at org.springframework.transaction.interceptor.TransactionInterceptor$1.proceedWithInvocation(TransactionInterceptor.java:123) ~[spring-tx-6.1.4.jar:6.1.4]
	at org.springframework.transaction.interceptor.TransactionAspectSupport.invokeWithinTransaction(TransactionAspectSupport.java:385) ~[spring-tx-6.1.4.jar:6.1.4]
	at org.springframework.transaction.interceptor.TransactionInterceptor.invoke(TransactionInterceptor.java:119) ~[spring-tx-6.1.4.jar:6.1.4]
	at org.springframework.aop.framework.ReflectiveMethodInvocation.proceed(ReflectiveMethodInvocation.java:184) ~[spring-aop-6.1.4.jar:6.1.4]
	at org.springframework.dao.support.PersistenceExceptionTranslationInterceptor.invoke(PersistenceExceptionTranslationInterceptor.java:137) ~[spring-tx-6.1.4.jar:6.1.4]
	... 57 more
2025-12-21 21:13:07.329 [http-nio-8081-exec-7] ERROR org.apache.catalina.core.ContainerBase.[Tomcat].[localhost].[/api].[dispatcherServlet] - Servlet.service() for servlet [dispatcherServlet] in context with path [/api] threw exception [Request processing failed: java.lang.RuntimeException: Error al crear cliente: could not execute statement [Duplicate entry '12345678' for key 'cliente.UK_hx9w6tpma79yxjbk83xfiw7fo'] [insert into cliente (active,apellido,codigo_pais,creation_date,email,nombre,numero_documento,password,segundo_nombre,telefono,tipo_documento,update_date,username) values (?,?,?,?,?,?,?,?,?,?,?,?,?)]; SQL [insert into cliente (active,apellido,codigo_pais,creation_date,email,nombre,numero_documento,password,segundo_nombre,telefono,tipo_documento,update_date,username) values (?,?,?,?,?,?,?,?,?,?,?,?,?)]; constraint [cliente.UK_hx9w6tpma79yxjbk83xfiw7fo]] with root cause
java.sql.SQLIntegrityConstraintViolationException: Duplicate entry '12345678' for key 'cliente.UK_hx9w6tpma79yxjbk83xfiw7fo'
	at com.mysql.cj.jdbc.exceptions.SQLError.createSQLException(SQLError.java:118) ~[mysql-connector-j-8.3.0.jar:8.3.0]
	at com.mysql.cj.jdbc.exceptions.SQLExceptionsMapping.translateException(SQLExceptionsMapping.java:122) ~[mysql-connector-j-8.3.0.jar:8.3.0]
	at com.mysql.cj.jdbc.ClientPreparedStatement.executeInternal(ClientPreparedStatement.java:912) ~[mysql-connector-j-8.3.0.jar:8.3.0]
	at com.mysql.cj.jdbc.ClientPreparedStatement.executeUpdateInternal(ClientPreparedStatement.java:1054) ~[mysql-connector-j-8.3.0.jar:8.3.0]
	at com.mysql.cj.jdbc.ClientPreparedStatement.executeUpdateInternal(ClientPreparedStatement.java:1003) ~[mysql-connector-j-8.3.0.jar:8.3.0]
	at com.mysql.cj.jdbc.ClientPreparedStatement.executeLargeUpdate(ClientPreparedStatement.java:1312) ~[mysql-connector-j-8.3.0.jar:8.3.0]
	at com.mysql.cj.jdbc.ClientPreparedStatement.executeUpdate(ClientPreparedStatement.java:988) ~[mysql-connector-j-8.3.0.jar:8.3.0]
	at com.zaxxer.hikari.pool.ProxyPreparedStatement.executeUpdate(ProxyPreparedStatement.java:61) ~[HikariCP-5.0.1.jar:?]
	at com.zaxxer.hikari.pool.HikariProxyPreparedStatement.executeUpdate(HikariProxyPreparedStatement.java) ~[HikariCP-5.0.1.jar:?]
	at org.hibernate.engine.jdbc.internal.ResultSetReturnImpl.executeUpdate(ResultSetReturnImpl.java:194) ~[hibernate-core-6.4.4.Final.jar:6.4.4.Final]
	at org.hibernate.id.insert.GetGeneratedKeysDelegate.performInsert(GetGeneratedKeysDelegate.java:107) ~[hibernate-core-6.4.4.Final.jar:6.4.4.Final]
	at org.hibernate.engine.jdbc.mutation.internal.MutationExecutorPostInsertSingleTable.execute(MutationExecutorPostInsertSingleTable.java:100) ~[hibernate-core-6.4.4.Final.jar:6.4.4.Final]
	at org.hibernate.persister.entity.mutation.InsertCoordinator.doStaticInserts(InsertCoordinator.java:175) ~[hibernate-core-6.4.4.Final.jar:6.4.4.Final]
	at org.hibernate.persister.entity.mutation.InsertCoordinator.coordinateInsert(InsertCoordinator.java:113) ~[hibernate-core-6.4.4.Final.jar:6.4.4.Final]
	at org.hibernate.persister.entity.AbstractEntityPersister.insert(AbstractEntityPersister.java:2868) ~[hibernate-core-6.4.4.Final.jar:6.4.4.Final]
	at org.hibernate.action.internal.EntityIdentityInsertAction.execute(EntityIdentityInsertAction.java:81) ~[hibernate-core-6.4.4.Final.jar:6.4.4.Final]
	at org.hibernate.engine.spi.ActionQueue.execute(ActionQueue.java:670) ~[hibernate-core-6.4.4.Final.jar:6.4.4.Final]
	at org.hibernate.engine.spi.ActionQueue.addResolvedEntityInsertAction(ActionQueue.java:291) ~[hibernate-core-6.4.4.Final.jar:6.4.4.Final]
	at org.hibernate.engine.spi.ActionQueue.addInsertAction(ActionQueue.java:272) ~[hibernate-core-6.4.4.Final.jar:6.4.4.Final]
	at org.hibernate.engine.spi.ActionQueue.addAction(ActionQueue.java:322) ~[hibernate-core-6.4.4.Final.jar:6.4.4.Final]
	at org.hibernate.event.internal.AbstractSaveEventListener.addInsertAction(AbstractSaveEventListener.java:386) ~[hibernate-core-6.4.4.Final.jar:6.4.4.Final]
	at org.hibernate.event.internal.AbstractSaveEventListener.performSaveOrReplicate(AbstractSaveEventListener.java:300) ~[hibernate-core-6.4.4.Final.jar:6.4.4.Final]
	at org.hibernate.event.internal.AbstractSaveEventListener.performSave(AbstractSaveEventListener.java:219) ~[hibernate-core-6.4.4.Final.jar:6.4.4.Final]
	at org.hibernate.event.internal.AbstractSaveEventListener.saveWithGeneratedId(AbstractSaveEventListener.java:134) ~[hibernate-core-6.4.4.Final.jar:6.4.4.Final]
	at org.hibernate.event.internal.DefaultPersistEventListener.entityIsTransient(DefaultPersistEventListener.java:175) ~[hibernate-core-6.4.4.Final.jar:6.4.4.Final]
	at org.hibernate.event.internal.DefaultPersistEventListener.persist(DefaultPersistEventListener.java:93) ~[hibernate-core-6.4.4.Final.jar:6.4.4.Final]
	at org.hibernate.event.internal.DefaultPersistEventListener.onPersist(DefaultPersistEventListener.java:77) ~[hibernate-core-6.4.4.Final.jar:6.4.4.Final]
	at org.hibernate.event.internal.DefaultPersistEventListener.onPersist(DefaultPersistEventListener.java:54) ~[hibernate-core-6.4.4.Final.jar:6.4.4.Final]
	at org.hibernate.event.service.internal.EventListenerGroupImpl.fireEventOnEachListener(EventListenerGroupImpl.java:127) ~[hibernate-core-6.4.4.Final.jar:6.4.4.Final]
	at org.hibernate.internal.SessionImpl.firePersist(SessionImpl.java:754) ~[hibernate-core-6.4.4.Final.jar:6.4.4.Final]
	at org.hibernate.internal.SessionImpl.persist(SessionImpl.java:738) ~[hibernate-core-6.4.4.Final.jar:6.4.4.Final]
	at java.base/jdk.internal.reflect.DirectMethodHandleAccessor.invoke(DirectMethodHandleAccessor.java:104) ~[?:?]
	at java.base/java.lang.reflect.Method.invoke(Method.java:565) ~[?:?]
	at org.springframework.orm.jpa.ExtendedEntityManagerCreator$ExtendedEntityManagerInvocationHandler.invoke(ExtendedEntityManagerCreator.java:364) ~[spring-orm-6.1.4.jar:6.1.4]
	at jdk.proxy2/jdk.proxy2.$Proxy150.persist(Unknown Source) ~[?:?]
	at java.base/jdk.internal.reflect.DirectMethodHandleAccessor.invoke(DirectMethodHandleAccessor.java:104) ~[?:?]
	at java.base/java.lang.reflect.Method.invoke(Method.java:565) ~[?:?]
	at org.springframework.orm.jpa.SharedEntityManagerCreator$SharedEntityManagerInvocationHandler.invoke(SharedEntityManagerCreator.java:319) ~[spring-orm-6.1.4.jar:6.1.4]
	at jdk.proxy2/jdk.proxy2.$Proxy150.persist(Unknown Source) ~[?:?]
	at org.springframework.data.jpa.repository.support.SimpleJpaRepository.save(SimpleJpaRepository.java:618) ~[spring-data-jpa-3.2.3.jar:3.2.3]
	at java.base/jdk.internal.reflect.DirectMethodHandleAccessor.invoke(DirectMethodHandleAccessor.java:104) ~[?:?]
	at java.base/java.lang.reflect.Method.invoke(Method.java:565) ~[?:?]
	at org.springframework.aop.support.AopUtils.invokeJoinpointUsingReflection(AopUtils.java:351) ~[spring-aop-6.1.4.jar:6.1.4]
	at org.springframework.data.repository.core.support.RepositoryMethodInvoker$RepositoryFragmentMethodInvoker.lambda$new$0(RepositoryMethodInvoker.java:277) ~[spring-data-commons-3.2.3.jar:3.2.3]
	at org.springframework.data.repository.core.support.RepositoryMethodInvoker.doInvoke(RepositoryMethodInvoker.java:170) ~[spring-data-commons-3.2.3.jar:3.2.3]
	at org.springframework.data.repository.core.support.RepositoryMethodInvoker.invoke(RepositoryMethodInvoker.java:158) ~[spring-data-commons-3.2.3.jar:3.2.3]
	at org.springframework.data.repository.core.support.RepositoryComposition$RepositoryFragments.invoke(RepositoryComposition.java:516) ~[spring-data-commons-3.2.3.jar:3.2.3]
	at org.springframework.data.repository.core.support.RepositoryComposition.invoke(RepositoryComposition.java:285) ~[spring-data-commons-3.2.3.jar:3.2.3]
	at org.springframework.data.repository.core.support.RepositoryFactorySupport$ImplementationMethodExecutionInterceptor.invoke(RepositoryFactorySupport.java:628) ~[spring-data-commons-3.2.3.jar:3.2.3]
	at org.springframework.aop.framework.ReflectiveMethodInvocation.proceed(ReflectiveMethodInvocation.java:184) ~[spring-aop-6.1.4.jar:6.1.4]
	at org.springframework.data.repository.core.support.QueryExecutorMethodInterceptor.doInvoke(QueryExecutorMethodInterceptor.java:168) ~[spring-data-commons-3.2.3.jar:3.2.3]
	at org.springframework.data.repository.core.support.QueryExecutorMethodInterceptor.invoke(QueryExecutorMethodInterceptor.java:143) ~[spring-data-commons-3.2.3.jar:3.2.3]
	at org.springframework.aop.framework.ReflectiveMethodInvocation.proceed(ReflectiveMethodInvocation.java:184) ~[spring-aop-6.1.4.jar:6.1.4]
	at org.springframework.data.projection.DefaultMethodInvokingMethodInterceptor.invoke(DefaultMethodInvokingMethodInterceptor.java:70) ~[spring-data-commons-3.2.3.jar:3.2.3]
	at org.springframework.aop.framework.ReflectiveMethodInvocation.proceed(ReflectiveMethodInvocation.java:184) ~[spring-aop-6.1.4.jar:6.1.4]
	at org.springframework.transaction.interceptor.TransactionInterceptor$1.proceedWithInvocation(TransactionInterceptor.java:123) ~[spring-tx-6.1.4.jar:6.1.4]
	at org.springframework.transaction.interceptor.TransactionAspectSupport.invokeWithinTransaction(TransactionAspectSupport.java:385) ~[spring-tx-6.1.4.jar:6.1.4]
	at org.springframework.transaction.interceptor.TransactionInterceptor.invoke(TransactionInterceptor.java:119) ~[spring-tx-6.1.4.jar:6.1.4]
	at org.springframework.aop.framework.ReflectiveMethodInvocation.proceed(ReflectiveMethodInvocation.java:184) ~[spring-aop-6.1.4.jar:6.1.4]
	at org.springframework.dao.support.PersistenceExceptionTranslationInterceptor.invoke(PersistenceExceptionTranslationInterceptor.java:137) ~[spring-tx-6.1.4.jar:6.1.4]
	at org.springframework.aop.framework.ReflectiveMethodInvocation.proceed(ReflectiveMethodInvocation.java:184) ~[spring-aop-6.1.4.jar:6.1.4]
	at org.springframework.data.jpa.repository.support.CrudMethodMetadataPostProcessor$CrudMethodMetadataPopulatingMethodInterceptor.invoke(CrudMethodMetadataPostProcessor.java:164) ~[spring-data-jpa-3.2.3.jar:3.2.3]
	at org.springframework.aop.framework.ReflectiveMethodInvocation.proceed(ReflectiveMethodInvocation.java:184) ~[spring-aop-6.1.4.jar:6.1.4]
	at org.springframework.aop.interceptor.ExposeInvocationInterceptor.invoke(ExposeInvocationInterceptor.java:97) ~[spring-aop-6.1.4.jar:6.1.4]
	at org.springframework.aop.framework.ReflectiveMethodInvocation.proceed(ReflectiveMethodInvocation.java:184) ~[spring-aop-6.1.4.jar:6.1.4]
	at org.springframework.aop.framework.JdkDynamicAopProxy.invoke(JdkDynamicAopProxy.java:220) ~[spring-aop-6.1.4.jar:6.1.4]
	at jdk.proxy2/jdk.proxy2.$Proxy165.save(Unknown Source) ~[?:?]
	at com.dp1.backend.services.ClienteService.createCliente(ClienteService.java:34) ~[classes/:?]
	at com.dp1.backend.controllers.ClienteController.createCliente(ClienteController.java:42) ~[classes/:?]
	at java.base/jdk.internal.reflect.DirectMethodHandleAccessor.invoke(DirectMethodHandleAccessor.java:104) ~[?:?]
	at java.base/java.lang.reflect.Method.invoke(Method.java:565) ~[?:?]
	at org.springframework.web.method.support.InvocableHandlerMethod.doInvoke(InvocableHandlerMethod.java:259) ~[spring-web-6.1.4.jar:6.1.4]
	at org.springframework.web.method.support.InvocableHandlerMethod.invokeForRequest(InvocableHandlerMethod.java:192) ~[spring-web-6.1.4.jar:6.1.4]
	at org.springframework.web.servlet.mvc.method.annotation.ServletInvocableHandlerMethod.invokeAndHandle(ServletInvocableHandlerMethod.java:118) ~[spring-webmvc-6.1.4.jar:6.1.4]
	at org.springframework.web.servlet.mvc.method.annotation.RequestMappingHandlerAdapter.invokeHandlerMethod(RequestMappingHandlerAdapter.java:920) ~[spring-webmvc-6.1.4.jar:6.1.4]
	at org.springframework.web.servlet.mvc.method.annotation.RequestMappingHandlerAdapter.handleInternal(RequestMappingHandlerAdapter.java:830) ~[spring-webmvc-6.1.4.jar:6.1.4]
	at org.springframework.web.servlet.mvc.method.AbstractHandlerMethodAdapter.handle(AbstractHandlerMethodAdapter.java:87) ~[spring-webmvc-6.1.4.jar:6.1.4]
	at org.springframework.web.servlet.DispatcherServlet.doDispatch(DispatcherServlet.java:1089) ~[spring-webmvc-6.1.4.jar:6.1.4]
	at org.springframework.web.servlet.DispatcherServlet.doService(DispatcherServlet.java:979) ~[spring-webmvc-6.1.4.jar:6.1.4]
	at org.springframework.web.servlet.FrameworkServlet.processRequest(FrameworkServlet.java:1014) ~[spring-webmvc-6.1.4.jar:6.1.4]
	at org.springframework.web.servlet.FrameworkServlet.doPost(FrameworkServlet.java:914) ~[spring-webmvc-6.1.4.jar:6.1.4]
	at jakarta.servlet.http.HttpServlet.service(HttpServlet.java:590) ~[tomcat-embed-core-10.1.19.jar:6.0]
	at org.springframework.web.servlet.FrameworkServlet.service(FrameworkServlet.java:885) ~[spring-webmvc-6.1.4.jar:6.1.4]
	at jakarta.servlet.http.HttpServlet.service(HttpServlet.java:658) ~[tomcat-embed-core-10.1.19.jar:6.0]
	at org.apache.catalina.core.ApplicationFilterChain.internalDoFilter(ApplicationFilterChain.java:205) ~[tomcat-embed-core-10.1.19.jar:10.1.19]
	at org.apache.catalina.core.ApplicationFilterChain.doFilter(ApplicationFilterChain.java:149) ~[tomcat-embed-core-10.1.19.jar:10.1.19]
	at org.apache.tomcat.websocket.server.WsFilter.doFilter(WsFilter.java:51) ~[tomcat-embed-websocket-10.1.19.jar:10.1.19]
	at org.apache.catalina.core.ApplicationFilterChain.internalDoFilter(ApplicationFilterChain.java:174) ~[tomcat-embed-core-10.1.19.jar:10.1.19]
	at org.apache.catalina.core.ApplicationFilterChain.doFilter(ApplicationFilterChain.java:149) ~[tomcat-embed-core-10.1.19.jar:10.1.19]
	at org.springframework.web.filter.RequestContextFilter.doFilterInternal(RequestContextFilter.java:100) ~[spring-web-6.1.4.jar:6.1.4]
	at org.springframework.web.filter.OncePerRequestFilter.doFilter(OncePerRequestFilter.java:116) ~[spring-web-6.1.4.jar:6.1.4]
	at org.apache.catalina.core.ApplicationFilterChain.internalDoFilter(ApplicationFilterChain.java:174) ~[tomcat-embed-core-10.1.19.jar:10.1.19]
	at org.apache.catalina.core.ApplicationFilterChain.doFilter(ApplicationFilterChain.java:149) ~[tomcat-embed-core-10.1.19.jar:10.1.19]
	at org.springframework.web.filter.FormContentFilter.doFilterInternal(FormContentFilter.java:93) ~[spring-web-6.1.4.jar:6.1.4]
	at org.springframework.web.filter.OncePerRequestFilter.doFilter(OncePerRequestFilter.java:116) ~[spring-web-6.1.4.jar:6.1.4]
	at org.apache.catalina.core.ApplicationFilterChain.internalDoFilter(ApplicationFilterChain.java:174) ~[tomcat-embed-core-10.1.19.jar:10.1.19]
	at org.apache.catalina.core.ApplicationFilterChain.doFilter(ApplicationFilterChain.java:149) ~[tomcat-embed-core-10.1.19.jar:10.1.19]
	at org.springframework.web.filter.CharacterEncodingFilter.doFilterInternal(CharacterEncodingFilter.java:201) ~[spring-web-6.1.4.jar:6.1.4]
	at org.springframework.web.filter.OncePerRequestFilter.doFilter(OncePerRequestFilter.java:116) ~[spring-web-6.1.4.jar:6.1.4]
	at org.apache.catalina.core.ApplicationFilterChain.internalDoFilter(ApplicationFilterChain.java:174) ~[tomcat-embed-core-10.1.19.jar:10.1.19]
	at org.apache.catalina.core.ApplicationFilterChain.doFilter(ApplicationFilterChain.java:149) ~[tomcat-embed-core-10.1.19.jar:10.1.19]
	at org.apache.catalina.core.StandardWrapperValve.invoke(StandardWrapperValve.java:167) [tomcat-embed-core-10.1.19.jar:10.1.19]
	at org.apache.catalina.core.StandardContextValve.invoke(StandardContextValve.java:90) [tomcat-embed-core-10.1.19.jar:10.1.19]
	at org.apache.catalina.authenticator.AuthenticatorBase.invoke(AuthenticatorBase.java:482) [tomcat-embed-core-10.1.19.jar:10.1.19]
	at org.apache.catalina.core.StandardHostValve.invoke(StandardHostValve.java:115) [tomcat-embed-core-10.1.19.jar:10.1.19]
	at org.apache.catalina.valves.ErrorReportValve.invoke(ErrorReportValve.java:93) [tomcat-embed-core-10.1.19.jar:10.1.19]
	at org.apache.catalina.core.StandardEngineValve.invoke(StandardEngineValve.java:74) [tomcat-embed-core-10.1.19.jar:10.1.19]
	at org.apache.catalina.connector.CoyoteAdapter.service(CoyoteAdapter.java:344) [tomcat-embed-core-10.1.19.jar:10.1.19]
	at org.apache.coyote.http11.Http11Processor.service(Http11Processor.java:391) [tomcat-embed-core-10.1.19.jar:10.1.19]
	at org.apache.coyote.AbstractProcessorLight.process(AbstractProcessorLight.java:63) [tomcat-embed-core-10.1.19.jar:10.1.19]
	at org.apache.coyote.AbstractProtocol$ConnectionHandler.process(AbstractProtocol.java:896) [tomcat-embed-core-10.1.19.jar:10.1.19]
	at org.apache.tomcat.util.net.NioEndpoint$SocketProcessor.doRun(NioEndpoint.java:1744) [tomcat-embed-core-10.1.19.jar:10.1.19]
	at org.apache.tomcat.util.net.SocketProcessorBase.run(SocketProcessorBase.java:52) [tomcat-embed-core-10.1.19.jar:10.1.19]
	at org.apache.tomcat.util.threads.ThreadPoolExecutor.runWorker(ThreadPoolExecutor.java:1191) [tomcat-embed-core-10.1.19.jar:10.1.19]
	at org.apache.tomcat.util.threads.ThreadPoolExecutor$Worker.run(ThreadPoolExecutor.java:659) [tomcat-embed-core-10.1.19.jar:10.1.19]
	at org.apache.tomcat.util.threads.TaskThread$WrappingRunnable.run(TaskThread.java:63) [tomcat-embed-core-10.1.19.jar:10.1.19]
	at java.base/java.lang.Thread.run(Thread.java:1447) [?:?]
2025-12-21 21:13:08.774 [http-nio-8081-exec-10] INFO  com.dp1.backend.handlers.SocketConnectionHandler - Enviando # de vuelos en el aire: 39
2025-12-21 21:13:10.767 [http-nio-8081-exec-3] INFO  com.dp1.backend.services.ACOService - Desde - hasta: 2025-12-22T00:18:22-05:00[America/Lima] - 2025-12-22T03:18:22-05:00[America/Lima]
2025-12-21 21:13:10.790 [http-nio-8081-exec-3] INFO  com.dp1.backend.services.ACOService - Ejecutando ACO para: 
2025-12-21 21:13:10.790 [http-nio-8081-exec-3] INFO  com.dp1.backend.services.ACOService - Aeropuertos: 30
2025-12-21 21:13:10.791 [http-nio-8081-exec-3] INFO  com.dp1.backend.services.ACOService - Vuelos: 2866
2025-12-21 21:13:10.792 [http-nio-8081-exec-3] INFO  com.dp1.backend.services.ACOService - Envios: 791
2025-12-21 21:13:10.793 [http-nio-8081-exec-3] INFO  com.dp1.backend.services.ACOService - Paquetes: 1582
2025-12-21 21:13:17.850 [http-nio-8081-exec-3] INFO  com.dp1.backend.services.ACOService - Tiempo de ejecución: 7056 ms
2025-12-21 21:13:17.894 [http-nio-8081-exec-3] INFO  com.dp1.backend.services.ACOService - Paquetes entregados con función André: 1572
2025-12-21 21:13:18.022 [http-nio-8081-exec-3] INFO  com.dp1.backend.handlers.SocketConnectionHandler - Enviando resultado del algoritmo 'para los vuelos en el aire'
2025-12-21 21:13:18.033 [http-nio-8081-exec-3] INFO  com.dp1.backend.handlers.SocketConnectionHandler - Enviando # de vuelos en el aire: 38
2025-12-21 21:13:20.758 [http-nio-8081-exec-5] INFO  com.dp1.backend.handlers.SocketConnectionHandler - Enviando # de vuelos en el aire: 56
2025-12-21 21:13:26.772 [http-nio-8081-exec-8] INFO  com.dp1.backend.handlers.SocketConnectionHandler - Enviando # de vuelos en el aire: 46
2025-12-21 21:13:32.766 [http-nio-8081-exec-4] INFO  com.dp1.backend.handlers.SocketConnectionHandler - Enviando # de vuelos en el aire: 53
2025-12-21 21:13:38.770 [http-nio-8081-exec-1] INFO  com.dp1.backend.handlers.SocketConnectionHandler - Enviando # de vuelos en el aire: 51
2025-12-21 21:13:41.504 [http-nio-8081-exec-6] INFO  com.dp1.backend.services.ClienteService - Cliente ya existe con email: commuconnect.ingesoft@gmail.com - Devolviendo cliente existente con ID: 13
2025-12-21 21:13:41.549 [http-nio-8081-exec-4] INFO  com.dp1.backend.services.ClienteService - Creando cliente con datos: brs ascd fergegr@mp.com 
2025-12-21 21:13:41.555 [http-nio-8081-exec-4] WARN  org.hibernate.engine.jdbc.spi.SqlExceptionHelper - SQL Error: 1062, SQLState: 23000
2025-12-21 21:13:41.556 [http-nio-8081-exec-4] ERROR org.hibernate.engine.jdbc.spi.SqlExceptionHelper - Duplicate entry '12345678' for key 'cliente.UK_hx9w6tpma79yxjbk83xfiw7fo'
2025-12-21 21:13:41.563 [http-nio-8081-exec-4] ERROR com.dp1.backend.services.ClienteService - Error al crear cliente: could not execute statement [Duplicate entry '12345678' for key 'cliente.UK_hx9w6tpma79yxjbk83xfiw7fo'] [insert into cliente (active,apellido,codigo_pais,creation_date,email,nombre,numero_documento,password,segundo_nombre,telefono,tipo_documento,update_date,username) values (?,?,?,?,?,?,?,?,?,?,?,?,?)]; SQL [insert into cliente (active,apellido,codigo_pais,creation_date,email,nombre,numero_documento,password,segundo_nombre,telefono,tipo_documento,update_date,username) values (?,?,?,?,?,?,?,?,?,?,?,?,?)]; constraint [cliente.UK_hx9w6tpma79yxjbk83xfiw7fo]
org.springframework.dao.DataIntegrityViolationException: could not execute statement [Duplicate entry '12345678' for key 'cliente.UK_hx9w6tpma79yxjbk83xfiw7fo'] [insert into cliente (active,apellido,codigo_pais,creation_date,email,nombre,numero_documento,password,segundo_nombre,telefono,tipo_documento,update_date,username) values (?,?,?,?,?,?,?,?,?,?,?,?,?)]; SQL [insert into cliente (active,apellido,codigo_pais,creation_date,email,nombre,numero_documento,password,segundo_nombre,telefono,tipo_documento,update_date,username) values (?,?,?,?,?,?,?,?,?,?,?,?,?)]; constraint [cliente.UK_hx9w6tpma79yxjbk83xfiw7fo]
	at org.springframework.orm.jpa.vendor.HibernateJpaDialect.convertHibernateAccessException(HibernateJpaDialect.java:290) ~[spring-orm-6.1.4.jar:6.1.4]
	at org.springframework.orm.jpa.vendor.HibernateJpaDialect.translateExceptionIfPossible(HibernateJpaDialect.java:241) ~[spring-orm-6.1.4.jar:6.1.4]
	at org.springframework.orm.jpa.AbstractEntityManagerFactoryBean.translateExceptionIfPossible(AbstractEntityManagerFactoryBean.java:550) ~[spring-orm-6.1.4.jar:6.1.4]
	at org.springframework.dao.support.ChainedPersistenceExceptionTranslator.translateExceptionIfPossible(ChainedPersistenceExceptionTranslator.java:61) ~[spring-tx-6.1.4.jar:6.1.4]
	at org.springframework.dao.support.DataAccessUtils.translateIfNecessary(DataAccessUtils.java:335) ~[spring-tx-6.1.4.jar:6.1.4]
	at org.springframework.dao.support.PersistenceExceptionTranslationInterceptor.invoke(PersistenceExceptionTranslationInterceptor.java:152) ~[spring-tx-6.1.4.jar:6.1.4]
	at org.springframework.aop.framework.ReflectiveMethodInvocation.proceed(ReflectiveMethodInvocation.java:184) ~[spring-aop-6.1.4.jar:6.1.4]
	at org.springframework.data.jpa.repository.support.CrudMethodMetadataPostProcessor$CrudMethodMetadataPopulatingMethodInterceptor.invoke(CrudMethodMetadataPostProcessor.java:164) ~[spring-data-jpa-3.2.3.jar:3.2.3]
	at org.springframework.aop.framework.ReflectiveMethodInvocation.proceed(ReflectiveMethodInvocation.java:184) ~[spring-aop-6.1.4.jar:6.1.4]
	at org.springframework.aop.interceptor.ExposeInvocationInterceptor.invoke(ExposeInvocationInterceptor.java:97) ~[spring-aop-6.1.4.jar:6.1.4]
	at org.springframework.aop.framework.ReflectiveMethodInvocation.proceed(ReflectiveMethodInvocation.java:184) ~[spring-aop-6.1.4.jar:6.1.4]
	at org.springframework.aop.framework.JdkDynamicAopProxy.invoke(JdkDynamicAopProxy.java:220) ~[spring-aop-6.1.4.jar:6.1.4]
	at jdk.proxy2/jdk.proxy2.$Proxy165.save(Unknown Source) ~[?:?]
	at com.dp1.backend.services.ClienteService.createCliente(ClienteService.java:34) [classes/:?]
	at com.dp1.backend.controllers.ClienteController.createCliente(ClienteController.java:42) [classes/:?]
	at java.base/jdk.internal.reflect.DirectMethodHandleAccessor.invoke(DirectMethodHandleAccessor.java:104) ~[?:?]
	at java.base/java.lang.reflect.Method.invoke(Method.java:565) ~[?:?]
	at org.springframework.web.method.support.InvocableHandlerMethod.doInvoke(InvocableHandlerMethod.java:259) [spring-web-6.1.4.jar:6.1.4]
	at org.springframework.web.method.support.InvocableHandlerMethod.invokeForRequest(InvocableHandlerMethod.java:192) [spring-web-6.1.4.jar:6.1.4]
	at org.springframework.web.servlet.mvc.method.annotation.ServletInvocableHandlerMethod.invokeAndHandle(ServletInvocableHandlerMethod.java:118) [spring-webmvc-6.1.4.jar:6.1.4]
	at org.springframework.web.servlet.mvc.method.annotation.RequestMappingHandlerAdapter.invokeHandlerMethod(RequestMappingHandlerAdapter.java:920) [spring-webmvc-6.1.4.jar:6.1.4]
	at org.springframework.web.servlet.mvc.method.annotation.RequestMappingHandlerAdapter.handleInternal(RequestMappingHandlerAdapter.java:830) [spring-webmvc-6.1.4.jar:6.1.4]
	at org.springframework.web.servlet.mvc.method.AbstractHandlerMethodAdapter.handle(AbstractHandlerMethodAdapter.java:87) [spring-webmvc-6.1.4.jar:6.1.4]
	at org.springframework.web.servlet.DispatcherServlet.doDispatch(DispatcherServlet.java:1089) [spring-webmvc-6.1.4.jar:6.1.4]
	at org.springframework.web.servlet.DispatcherServlet.doService(DispatcherServlet.java:979) [spring-webmvc-6.1.4.jar:6.1.4]
	at org.springframework.web.servlet.FrameworkServlet.processRequest(FrameworkServlet.java:1014) [spring-webmvc-6.1.4.jar:6.1.4]
	at org.springframework.web.servlet.FrameworkServlet.doPost(FrameworkServlet.java:914) [spring-webmvc-6.1.4.jar:6.1.4]
	at jakarta.servlet.http.HttpServlet.service(HttpServlet.java:590) [tomcat-embed-core-10.1.19.jar:6.0]
	at org.springframework.web.servlet.FrameworkServlet.service(FrameworkServlet.java:885) [spring-webmvc-6.1.4.jar:6.1.4]
	at jakarta.servlet.http.HttpServlet.service(HttpServlet.java:658) [tomcat-embed-core-10.1.19.jar:6.0]
	at org.apache.catalina.core.ApplicationFilterChain.internalDoFilter(ApplicationFilterChain.java:205) [tomcat-embed-core-10.1.19.jar:10.1.19]
	at org.apache.catalina.core.ApplicationFilterChain.doFilter(ApplicationFilterChain.java:149) [tomcat-embed-core-10.1.19.jar:10.1.19]
	at org.apache.tomcat.websocket.server.WsFilter.doFilter(WsFilter.java:51) [tomcat-embed-websocket-10.1.19.jar:10.1.19]
	at org.apache.catalina.core.ApplicationFilterChain.internalDoFilter(ApplicationFilterChain.java:174) [tomcat-embed-core-10.1.19.jar:10.1.19]
	at org.apache.catalina.core.ApplicationFilterChain.doFilter(ApplicationFilterChain.java:149) [tomcat-embed-core-10.1.19.jar:10.1.19]
	at org.springframework.web.filter.RequestContextFilter.doFilterInternal(RequestContextFilter.java:100) [spring-web-6.1.4.jar:6.1.4]
	at org.springframework.web.filter.OncePerRequestFilter.doFilter(OncePerRequestFilter.java:116) [spring-web-6.1.4.jar:6.1.4]
	at org.apache.catalina.core.ApplicationFilterChain.internalDoFilter(ApplicationFilterChain.java:174) [tomcat-embed-core-10.1.19.jar:10.1.19]
	at org.apache.catalina.core.ApplicationFilterChain.doFilter(ApplicationFilterChain.java:149) [tomcat-embed-core-10.1.19.jar:10.1.19]
	at org.springframework.web.filter.FormContentFilter.doFilterInternal(FormContentFilter.java:93) [spring-web-6.1.4.jar:6.1.4]
	at org.springframework.web.filter.OncePerRequestFilter.doFilter(OncePerRequestFilter.java:116) [spring-web-6.1.4.jar:6.1.4]
	at org.apache.catalina.core.ApplicationFilterChain.internalDoFilter(ApplicationFilterChain.java:174) [tomcat-embed-core-10.1.19.jar:10.1.19]
	at org.apache.catalina.core.ApplicationFilterChain.doFilter(ApplicationFilterChain.java:149) [tomcat-embed-core-10.1.19.jar:10.1.19]
	at org.springframework.web.filter.CharacterEncodingFilter.doFilterInternal(CharacterEncodingFilter.java:201) [spring-web-6.1.4.jar:6.1.4]
	at org.springframework.web.filter.OncePerRequestFilter.doFilter(OncePerRequestFilter.java:116) [spring-web-6.1.4.jar:6.1.4]
	at org.apache.catalina.core.ApplicationFilterChain.internalDoFilter(ApplicationFilterChain.java:174) [tomcat-embed-core-10.1.19.jar:10.1.19]
	at org.apache.catalina.core.ApplicationFilterChain.doFilter(ApplicationFilterChain.java:149) [tomcat-embed-core-10.1.19.jar:10.1.19]
	at org.apache.catalina.core.StandardWrapperValve.invoke(StandardWrapperValve.java:167) [tomcat-embed-core-10.1.19.jar:10.1.19]
	at org.apache.catalina.core.StandardContextValve.invoke(StandardContextValve.java:90) [tomcat-embed-core-10.1.19.jar:10.1.19]
	at org.apache.catalina.authenticator.AuthenticatorBase.invoke(AuthenticatorBase.java:482) [tomcat-embed-core-10.1.19.jar:10.1.19]
	at org.apache.catalina.core.StandardHostValve.invoke(StandardHostValve.java:115) [tomcat-embed-core-10.1.19.jar:10.1.19]
	at org.apache.catalina.valves.ErrorReportValve.invoke(ErrorReportValve.java:93) [tomcat-embed-core-10.1.19.jar:10.1.19]
	at org.apache.catalina.core.StandardEngineValve.invoke(StandardEngineValve.java:74) [tomcat-embed-core-10.1.19.jar:10.1.19]
	at org.apache.catalina.connector.CoyoteAdapter.service(CoyoteAdapter.java:344) [tomcat-embed-core-10.1.19.jar:10.1.19]
	at org.apache.coyote.http11.Http11Processor.service(Http11Processor.java:391) [tomcat-embed-core-10.1.19.jar:10.1.19]
	at org.apache.coyote.AbstractProcessorLight.process(AbstractProcessorLight.java:63) [tomcat-embed-core-10.1.19.jar:10.1.19]
	at org.apache.coyote.AbstractProtocol$ConnectionHandler.process(AbstractProtocol.java:896) [tomcat-embed-core-10.1.19.jar:10.1.19]
	at org.apache.tomcat.util.net.NioEndpoint$SocketProcessor.doRun(NioEndpoint.java:1744) [tomcat-embed-core-10.1.19.jar:10.1.19]
	at org.apache.tomcat.util.net.SocketProcessorBase.run(SocketProcessorBase.java:52) [tomcat-embed-core-10.1.19.jar:10.1.19]
	at org.apache.tomcat.util.threads.ThreadPoolExecutor.runWorker(ThreadPoolExecutor.java:1191) [tomcat-embed-core-10.1.19.jar:10.1.19]
	at org.apache.tomcat.util.threads.ThreadPoolExecutor$Worker.run(ThreadPoolExecutor.java:659) [tomcat-embed-core-10.1.19.jar:10.1.19]
	at org.apache.tomcat.util.threads.TaskThread$WrappingRunnable.run(TaskThread.java:63) [tomcat-embed-core-10.1.19.jar:10.1.19]
	at java.base/java.lang.Thread.run(Thread.java:1447) [?:?]
Caused by: org.hibernate.exception.ConstraintViolationException: could not execute statement [Duplicate entry '12345678' for key 'cliente.UK_hx9w6tpma79yxjbk83xfiw7fo'] [insert into cliente (active,apellido,codigo_pais,creation_date,email,nombre,numero_documento,password,segundo_nombre,telefono,tipo_documento,update_date,username) values (?,?,?,?,?,?,?,?,?,?,?,?,?)]
	at org.hibernate.exception.internal.SQLExceptionTypeDelegate.convert(SQLExceptionTypeDelegate.java:62) ~[hibernate-core-6.4.4.Final.jar:6.4.4.Final]
	at org.hibernate.exception.internal.StandardSQLExceptionConverter.convert(StandardSQLExceptionConverter.java:58) ~[hibernate-core-6.4.4.Final.jar:6.4.4.Final]
	at org.hibernate.engine.jdbc.spi.SqlExceptionHelper.convert(SqlExceptionHelper.java:108) ~[hibernate-core-6.4.4.Final.jar:6.4.4.Final]
	at org.hibernate.engine.jdbc.internal.ResultSetReturnImpl.executeUpdate(ResultSetReturnImpl.java:197) ~[hibernate-core-6.4.4.Final.jar:6.4.4.Final]
	at org.hibernate.id.insert.GetGeneratedKeysDelegate.performInsert(GetGeneratedKeysDelegate.java:107) ~[hibernate-core-6.4.4.Final.jar:6.4.4.Final]
	at org.hibernate.engine.jdbc.mutation.internal.MutationExecutorPostInsertSingleTable.execute(MutationExecutorPostInsertSingleTable.java:100) ~[hibernate-core-6.4.4.Final.jar:6.4.4.Final]
	at org.hibernate.persister.entity.mutation.InsertCoordinator.doStaticInserts(InsertCoordinator.java:175) ~[hibernate-core-6.4.4.Final.jar:6.4.4.Final]
	at org.hibernate.persister.entity.mutation.InsertCoordinator.coordinateInsert(InsertCoordinator.java:113) ~[hibernate-core-6.4.4.Final.jar:6.4.4.Final]
	at org.hibernate.persister.entity.AbstractEntityPersister.insert(AbstractEntityPersister.java:2868) ~[hibernate-core-6.4.4.Final.jar:6.4.4.Final]
	at org.hibernate.action.internal.EntityIdentityInsertAction.execute(EntityIdentityInsertAction.java:81) ~[hibernate-core-6.4.4.Final.jar:6.4.4.Final]
	at org.hibernate.engine.spi.ActionQueue.execute(ActionQueue.java:670) ~[hibernate-core-6.4.4.Final.jar:6.4.4.Final]
	at org.hibernate.engine.spi.ActionQueue.addResolvedEntityInsertAction(ActionQueue.java:291) ~[hibernate-core-6.4.4.Final.jar:6.4.4.Final]
	at org.hibernate.engine.spi.ActionQueue.addInsertAction(ActionQueue.java:272) ~[hibernate-core-6.4.4.Final.jar:6.4.4.Final]
	at org.hibernate.engine.spi.ActionQueue.addAction(ActionQueue.java:322) ~[hibernate-core-6.4.4.Final.jar:6.4.4.Final]
	at org.hibernate.event.internal.AbstractSaveEventListener.addInsertAction(AbstractSaveEventListener.java:386) ~[hibernate-core-6.4.4.Final.jar:6.4.4.Final]
	at org.hibernate.event.internal.AbstractSaveEventListener.performSaveOrReplicate(AbstractSaveEventListener.java:300) ~[hibernate-core-6.4.4.Final.jar:6.4.4.Final]
	at org.hibernate.event.internal.AbstractSaveEventListener.performSave(AbstractSaveEventListener.java:219) ~[hibernate-core-6.4.4.Final.jar:6.4.4.Final]
	at org.hibernate.event.internal.AbstractSaveEventListener.saveWithGeneratedId(AbstractSaveEventListener.java:134) ~[hibernate-core-6.4.4.Final.jar:6.4.4.Final]
	at org.hibernate.event.internal.DefaultPersistEventListener.entityIsTransient(DefaultPersistEventListener.java:175) ~[hibernate-core-6.4.4.Final.jar:6.4.4.Final]
	at org.hibernate.event.internal.DefaultPersistEventListener.persist(DefaultPersistEventListener.java:93) ~[hibernate-core-6.4.4.Final.jar:6.4.4.Final]
	at org.hibernate.event.internal.DefaultPersistEventListener.onPersist(DefaultPersistEventListener.java:77) ~[hibernate-core-6.4.4.Final.jar:6.4.4.Final]
	at org.hibernate.event.internal.DefaultPersistEventListener.onPersist(DefaultPersistEventListener.java:54) ~[hibernate-core-6.4.4.Final.jar:6.4.4.Final]
	at org.hibernate.event.service.internal.EventListenerGroupImpl.fireEventOnEachListener(EventListenerGroupImpl.java:127) ~[hibernate-core-6.4.4.Final.jar:6.4.4.Final]
	at org.hibernate.internal.SessionImpl.firePersist(SessionImpl.java:754) ~[hibernate-core-6.4.4.Final.jar:6.4.4.Final]
	at org.hibernate.internal.SessionImpl.persist(SessionImpl.java:738) ~[hibernate-core-6.4.4.Final.jar:6.4.4.Final]
	at java.base/jdk.internal.reflect.DirectMethodHandleAccessor.invoke(DirectMethodHandleAccessor.java:104) ~[?:?]
	at java.base/java.lang.reflect.Method.invoke(Method.java:565) ~[?:?]
	at org.springframework.orm.jpa.ExtendedEntityManagerCreator$ExtendedEntityManagerInvocationHandler.invoke(ExtendedEntityManagerCreator.java:364) ~[spring-orm-6.1.4.jar:6.1.4]
	at jdk.proxy2/jdk.proxy2.$Proxy150.persist(Unknown Source) ~[?:?]
	at java.base/jdk.internal.reflect.DirectMethodHandleAccessor.invoke(DirectMethodHandleAccessor.java:104) ~[?:?]
	at java.base/java.lang.reflect.Method.invoke(Method.java:565) ~[?:?]
	at org.springframework.orm.jpa.SharedEntityManagerCreator$SharedEntityManagerInvocationHandler.invoke(SharedEntityManagerCreator.java:319) ~[spring-orm-6.1.4.jar:6.1.4]
	at jdk.proxy2/jdk.proxy2.$Proxy150.persist(Unknown Source) ~[?:?]
	at org.springframework.data.jpa.repository.support.SimpleJpaRepository.save(SimpleJpaRepository.java:618) ~[spring-data-jpa-3.2.3.jar:3.2.3]
	at java.base/jdk.internal.reflect.DirectMethodHandleAccessor.invoke(DirectMethodHandleAccessor.java:104) ~[?:?]
	at java.base/java.lang.reflect.Method.invoke(Method.java:565) ~[?:?]
	at org.springframework.aop.support.AopUtils.invokeJoinpointUsingReflection(AopUtils.java:351) ~[spring-aop-6.1.4.jar:6.1.4]
	at org.springframework.data.repository.core.support.RepositoryMethodInvoker$RepositoryFragmentMethodInvoker.lambda$new$0(RepositoryMethodInvoker.java:277) ~[spring-data-commons-3.2.3.jar:3.2.3]
	at org.springframework.data.repository.core.support.RepositoryMethodInvoker.doInvoke(RepositoryMethodInvoker.java:170) ~[spring-data-commons-3.2.3.jar:3.2.3]
	at org.springframework.data.repository.core.support.RepositoryMethodInvoker.invoke(RepositoryMethodInvoker.java:158) ~[spring-data-commons-3.2.3.jar:3.2.3]
	at org.springframework.data.repository.core.support.RepositoryComposition$RepositoryFragments.invoke(RepositoryComposition.java:516) ~[spring-data-commons-3.2.3.jar:3.2.3]
	at org.springframework.data.repository.core.support.RepositoryComposition.invoke(RepositoryComposition.java:285) ~[spring-data-commons-3.2.3.jar:3.2.3]
	at org.springframework.data.repository.core.support.RepositoryFactorySupport$ImplementationMethodExecutionInterceptor.invoke(RepositoryFactorySupport.java:628) ~[spring-data-commons-3.2.3.jar:3.2.3]
	at org.springframework.aop.framework.ReflectiveMethodInvocation.proceed(ReflectiveMethodInvocation.java:184) ~[spring-aop-6.1.4.jar:6.1.4]
	at org.springframework.data.repository.core.support.QueryExecutorMethodInterceptor.doInvoke(QueryExecutorMethodInterceptor.java:168) ~[spring-data-commons-3.2.3.jar:3.2.3]
	at org.springframework.data.repository.core.support.QueryExecutorMethodInterceptor.invoke(QueryExecutorMethodInterceptor.java:143) ~[spring-data-commons-3.2.3.jar:3.2.3]
	at org.springframework.aop.framework.ReflectiveMethodInvocation.proceed(ReflectiveMethodInvocation.java:184) ~[spring-aop-6.1.4.jar:6.1.4]
	at org.springframework.data.projection.DefaultMethodInvokingMethodInterceptor.invoke(DefaultMethodInvokingMethodInterceptor.java:70) ~[spring-data-commons-3.2.3.jar:3.2.3]
	at org.springframework.aop.framework.ReflectiveMethodInvocation.proceed(ReflectiveMethodInvocation.java:184) ~[spring-aop-6.1.4.jar:6.1.4]
	at org.springframework.transaction.interceptor.TransactionInterceptor$1.proceedWithInvocation(TransactionInterceptor.java:123) ~[spring-tx-6.1.4.jar:6.1.4]
	at org.springframework.transaction.interceptor.TransactionAspectSupport.invokeWithinTransaction(TransactionAspectSupport.java:385) ~[spring-tx-6.1.4.jar:6.1.4]
	at org.springframework.transaction.interceptor.TransactionInterceptor.invoke(TransactionInterceptor.java:119) ~[spring-tx-6.1.4.jar:6.1.4]
	at org.springframework.aop.framework.ReflectiveMethodInvocation.proceed(ReflectiveMethodInvocation.java:184) ~[spring-aop-6.1.4.jar:6.1.4]
	at org.springframework.dao.support.PersistenceExceptionTranslationInterceptor.invoke(PersistenceExceptionTranslationInterceptor.java:137) ~[spring-tx-6.1.4.jar:6.1.4]
	... 57 more
Caused by: java.sql.SQLIntegrityConstraintViolationException: Duplicate entry '12345678' for key 'cliente.UK_hx9w6tpma79yxjbk83xfiw7fo'
	at com.mysql.cj.jdbc.exceptions.SQLError.createSQLException(SQLError.java:118) ~[mysql-connector-j-8.3.0.jar:8.3.0]
	at com.mysql.cj.jdbc.exceptions.SQLExceptionsMapping.translateException(SQLExceptionsMapping.java:122) ~[mysql-connector-j-8.3.0.jar:8.3.0]
	at com.mysql.cj.jdbc.ClientPreparedStatement.executeInternal(ClientPreparedStatement.java:912) ~[mysql-connector-j-8.3.0.jar:8.3.0]
	at com.mysql.cj.jdbc.ClientPreparedStatement.executeUpdateInternal(ClientPreparedStatement.java:1054) ~[mysql-connector-j-8.3.0.jar:8.3.0]
	at com.mysql.cj.jdbc.ClientPreparedStatement.executeUpdateInternal(ClientPreparedStatement.java:1003) ~[mysql-connector-j-8.3.0.jar:8.3.0]
	at com.mysql.cj.jdbc.ClientPreparedStatement.executeLargeUpdate(ClientPreparedStatement.java:1312) ~[mysql-connector-j-8.3.0.jar:8.3.0]
	at com.mysql.cj.jdbc.ClientPreparedStatement.executeUpdate(ClientPreparedStatement.java:988) ~[mysql-connector-j-8.3.0.jar:8.3.0]
	at com.zaxxer.hikari.pool.ProxyPreparedStatement.executeUpdate(ProxyPreparedStatement.java:61) ~[HikariCP-5.0.1.jar:?]
	at com.zaxxer.hikari.pool.HikariProxyPreparedStatement.executeUpdate(HikariProxyPreparedStatement.java) ~[HikariCP-5.0.1.jar:?]
	at org.hibernate.engine.jdbc.internal.ResultSetReturnImpl.executeUpdate(ResultSetReturnImpl.java:194) ~[hibernate-core-6.4.4.Final.jar:6.4.4.Final]
	at org.hibernate.id.insert.GetGeneratedKeysDelegate.performInsert(GetGeneratedKeysDelegate.java:107) ~[hibernate-core-6.4.4.Final.jar:6.4.4.Final]
	at org.hibernate.engine.jdbc.mutation.internal.MutationExecutorPostInsertSingleTable.execute(MutationExecutorPostInsertSingleTable.java:100) ~[hibernate-core-6.4.4.Final.jar:6.4.4.Final]
	at org.hibernate.persister.entity.mutation.InsertCoordinator.doStaticInserts(InsertCoordinator.java:175) ~[hibernate-core-6.4.4.Final.jar:6.4.4.Final]
	at org.hibernate.persister.entity.mutation.InsertCoordinator.coordinateInsert(InsertCoordinator.java:113) ~[hibernate-core-6.4.4.Final.jar:6.4.4.Final]
	at org.hibernate.persister.entity.AbstractEntityPersister.insert(AbstractEntityPersister.java:2868) ~[hibernate-core-6.4.4.Final.jar:6.4.4.Final]
	at org.hibernate.action.internal.EntityIdentityInsertAction.execute(EntityIdentityInsertAction.java:81) ~[hibernate-core-6.4.4.Final.jar:6.4.4.Final]
	at org.hibernate.engine.spi.ActionQueue.execute(ActionQueue.java:670) ~[hibernate-core-6.4.4.Final.jar:6.4.4.Final]
	at org.hibernate.engine.spi.ActionQueue.addResolvedEntityInsertAction(ActionQueue.java:291) ~[hibernate-core-6.4.4.Final.jar:6.4.4.Final]
	at org.hibernate.engine.spi.ActionQueue.addInsertAction(ActionQueue.java:272) ~[hibernate-core-6.4.4.Final.jar:6.4.4.Final]
	at org.hibernate.engine.spi.ActionQueue.addAction(ActionQueue.java:322) ~[hibernate-core-6.4.4.Final.jar:6.4.4.Final]
	at org.hibernate.event.internal.AbstractSaveEventListener.addInsertAction(AbstractSaveEventListener.java:386) ~[hibernate-core-6.4.4.Final.jar:6.4.4.Final]
	at org.hibernate.event.internal.AbstractSaveEventListener.performSaveOrReplicate(AbstractSaveEventListener.java:300) ~[hibernate-core-6.4.4.Final.jar:6.4.4.Final]
	at org.hibernate.event.internal.AbstractSaveEventListener.performSave(AbstractSaveEventListener.java:219) ~[hibernate-core-6.4.4.Final.jar:6.4.4.Final]
	at org.hibernate.event.internal.AbstractSaveEventListener.saveWithGeneratedId(AbstractSaveEventListener.java:134) ~[hibernate-core-6.4.4.Final.jar:6.4.4.Final]
	at org.hibernate.event.internal.DefaultPersistEventListener.entityIsTransient(DefaultPersistEventListener.java:175) ~[hibernate-core-6.4.4.Final.jar:6.4.4.Final]
	at org.hibernate.event.internal.DefaultPersistEventListener.persist(DefaultPersistEventListener.java:93) ~[hibernate-core-6.4.4.Final.jar:6.4.4.Final]
	at org.hibernate.event.internal.DefaultPersistEventListener.onPersist(DefaultPersistEventListener.java:77) ~[hibernate-core-6.4.4.Final.jar:6.4.4.Final]
	at org.hibernate.event.internal.DefaultPersistEventListener.onPersist(DefaultPersistEventListener.java:54) ~[hibernate-core-6.4.4.Final.jar:6.4.4.Final]
	at org.hibernate.event.service.internal.EventListenerGroupImpl.fireEventOnEachListener(EventListenerGroupImpl.java:127) ~[hibernate-core-6.4.4.Final.jar:6.4.4.Final]
	at org.hibernate.internal.SessionImpl.firePersist(SessionImpl.java:754) ~[hibernate-core-6.4.4.Final.jar:6.4.4.Final]
	at org.hibernate.internal.SessionImpl.persist(SessionImpl.java:738) ~[hibernate-core-6.4.4.Final.jar:6.4.4.Final]
	at java.base/jdk.internal.reflect.DirectMethodHandleAccessor.invoke(DirectMethodHandleAccessor.java:104) ~[?:?]
	at java.base/java.lang.reflect.Method.invoke(Method.java:565) ~[?:?]
	at org.springframework.orm.jpa.ExtendedEntityManagerCreator$ExtendedEntityManagerInvocationHandler.invoke(ExtendedEntityManagerCreator.java:364) ~[spring-orm-6.1.4.jar:6.1.4]
	at jdk.proxy2/jdk.proxy2.$Proxy150.persist(Unknown Source) ~[?:?]
	at java.base/jdk.internal.reflect.DirectMethodHandleAccessor.invoke(DirectMethodHandleAccessor.java:104) ~[?:?]
	at java.base/java.lang.reflect.Method.invoke(Method.java:565) ~[?:?]
	at org.springframework.orm.jpa.SharedEntityManagerCreator$SharedEntityManagerInvocationHandler.invoke(SharedEntityManagerCreator.java:319) ~[spring-orm-6.1.4.jar:6.1.4]
	at jdk.proxy2/jdk.proxy2.$Proxy150.persist(Unknown Source) ~[?:?]
	at org.springframework.data.jpa.repository.support.SimpleJpaRepository.save(SimpleJpaRepository.java:618) ~[spring-data-jpa-3.2.3.jar:3.2.3]
	at java.base/jdk.internal.reflect.DirectMethodHandleAccessor.invoke(DirectMethodHandleAccessor.java:104) ~[?:?]
	at java.base/java.lang.reflect.Method.invoke(Method.java:565) ~[?:?]
	at org.springframework.aop.support.AopUtils.invokeJoinpointUsingReflection(AopUtils.java:351) ~[spring-aop-6.1.4.jar:6.1.4]
	at org.springframework.data.repository.core.support.RepositoryMethodInvoker$RepositoryFragmentMethodInvoker.lambda$new$0(RepositoryMethodInvoker.java:277) ~[spring-data-commons-3.2.3.jar:3.2.3]
	at org.springframework.data.repository.core.support.RepositoryMethodInvoker.doInvoke(RepositoryMethodInvoker.java:170) ~[spring-data-commons-3.2.3.jar:3.2.3]
	at org.springframework.data.repository.core.support.RepositoryMethodInvoker.invoke(RepositoryMethodInvoker.java:158) ~[spring-data-commons-3.2.3.jar:3.2.3]
	at org.springframework.data.repository.core.support.RepositoryComposition$RepositoryFragments.invoke(RepositoryComposition.java:516) ~[spring-data-commons-3.2.3.jar:3.2.3]
	at org.springframework.data.repository.core.support.RepositoryComposition.invoke(RepositoryComposition.java:285) ~[spring-data-commons-3.2.3.jar:3.2.3]
	at org.springframework.data.repository.core.support.RepositoryFactorySupport$ImplementationMethodExecutionInterceptor.invoke(RepositoryFactorySupport.java:628) ~[spring-data-commons-3.2.3.jar:3.2.3]
	at org.springframework.aop.framework.ReflectiveMethodInvocation.proceed(ReflectiveMethodInvocation.java:184) ~[spring-aop-6.1.4.jar:6.1.4]
	at org.springframework.data.repository.core.support.QueryExecutorMethodInterceptor.doInvoke(QueryExecutorMethodInterceptor.java:168) ~[spring-data-commons-3.2.3.jar:3.2.3]
	at org.springframework.data.repository.core.support.QueryExecutorMethodInterceptor.invoke(QueryExecutorMethodInterceptor.java:143) ~[spring-data-commons-3.2.3.jar:3.2.3]
	at org.springframework.aop.framework.ReflectiveMethodInvocation.proceed(ReflectiveMethodInvocation.java:184) ~[spring-aop-6.1.4.jar:6.1.4]
	at org.springframework.data.projection.DefaultMethodInvokingMethodInterceptor.invoke(DefaultMethodInvokingMethodInterceptor.java:70) ~[spring-data-commons-3.2.3.jar:3.2.3]
	at org.springframework.aop.framework.ReflectiveMethodInvocation.proceed(ReflectiveMethodInvocation.java:184) ~[spring-aop-6.1.4.jar:6.1.4]
	at org.springframework.transaction.interceptor.TransactionInterceptor$1.proceedWithInvocation(TransactionInterceptor.java:123) ~[spring-tx-6.1.4.jar:6.1.4]
	at org.springframework.transaction.interceptor.TransactionAspectSupport.invokeWithinTransaction(TransactionAspectSupport.java:385) ~[spring-tx-6.1.4.jar:6.1.4]
	at org.springframework.transaction.interceptor.TransactionInterceptor.invoke(TransactionInterceptor.java:119) ~[spring-tx-6.1.4.jar:6.1.4]
	at org.springframework.aop.framework.ReflectiveMethodInvocation.proceed(ReflectiveMethodInvocation.java:184) ~[spring-aop-6.1.4.jar:6.1.4]
	at org.springframework.dao.support.PersistenceExceptionTranslationInterceptor.invoke(PersistenceExceptionTranslationInterceptor.java:137) ~[spring-tx-6.1.4.jar:6.1.4]
	... 57 more
2025-12-21 21:13:41.576 [http-nio-8081-exec-4] ERROR org.apache.catalina.core.ContainerBase.[Tomcat].[localhost].[/api].[dispatcherServlet] - Servlet.service() for servlet [dispatcherServlet] in context with path [/api] threw exception [Request processing failed: java.lang.RuntimeException: Error al crear cliente: could not execute statement [Duplicate entry '12345678' for key 'cliente.UK_hx9w6tpma79yxjbk83xfiw7fo'] [insert into cliente (active,apellido,codigo_pais,creation_date,email,nombre,numero_documento,password,segundo_nombre,telefono,tipo_documento,update_date,username) values (?,?,?,?,?,?,?,?,?,?,?,?,?)]; SQL [insert into cliente (active,apellido,codigo_pais,creation_date,email,nombre,numero_documento,password,segundo_nombre,telefono,tipo_documento,update_date,username) values (?,?,?,?,?,?,?,?,?,?,?,?,?)]; constraint [cliente.UK_hx9w6tpma79yxjbk83xfiw7fo]] with root cause
java.sql.SQLIntegrityConstraintViolationException: Duplicate entry '12345678' for key 'cliente.UK_hx9w6tpma79yxjbk83xfiw7fo'
	at com.mysql.cj.jdbc.exceptions.SQLError.createSQLException(SQLError.java:118) ~[mysql-connector-j-8.3.0.jar:8.3.0]
	at com.mysql.cj.jdbc.exceptions.SQLExceptionsMapping.translateException(SQLExceptionsMapping.java:122) ~[mysql-connector-j-8.3.0.jar:8.3.0]
	at com.mysql.cj.jdbc.ClientPreparedStatement.executeInternal(ClientPreparedStatement.java:912) ~[mysql-connector-j-8.3.0.jar:8.3.0]
	at com.mysql.cj.jdbc.ClientPreparedStatement.executeUpdateInternal(ClientPreparedStatement.java:1054) ~[mysql-connector-j-8.3.0.jar:8.3.0]
	at com.mysql.cj.jdbc.ClientPreparedStatement.executeUpdateInternal(ClientPreparedStatement.java:1003) ~[mysql-connector-j-8.3.0.jar:8.3.0]
	at com.mysql.cj.jdbc.ClientPreparedStatement.executeLargeUpdate(ClientPreparedStatement.java:1312) ~[mysql-connector-j-8.3.0.jar:8.3.0]
	at com.mysql.cj.jdbc.ClientPreparedStatement.executeUpdate(ClientPreparedStatement.java:988) ~[mysql-connector-j-8.3.0.jar:8.3.0]
	at com.zaxxer.hikari.pool.ProxyPreparedStatement.executeUpdate(ProxyPreparedStatement.java:61) ~[HikariCP-5.0.1.jar:?]
	at com.zaxxer.hikari.pool.HikariProxyPreparedStatement.executeUpdate(HikariProxyPreparedStatement.java) ~[HikariCP-5.0.1.jar:?]
	at org.hibernate.engine.jdbc.internal.ResultSetReturnImpl.executeUpdate(ResultSetReturnImpl.java:194) ~[hibernate-core-6.4.4.Final.jar:6.4.4.Final]
	at org.hibernate.id.insert.GetGeneratedKeysDelegate.performInsert(GetGeneratedKeysDelegate.java:107) ~[hibernate-core-6.4.4.Final.jar:6.4.4.Final]
	at org.hibernate.engine.jdbc.mutation.internal.MutationExecutorPostInsertSingleTable.execute(MutationExecutorPostInsertSingleTable.java:100) ~[hibernate-core-6.4.4.Final.jar:6.4.4.Final]
	at org.hibernate.persister.entity.mutation.InsertCoordinator.doStaticInserts(InsertCoordinator.java:175) ~[hibernate-core-6.4.4.Final.jar:6.4.4.Final]
	at org.hibernate.persister.entity.mutation.InsertCoordinator.coordinateInsert(InsertCoordinator.java:113) ~[hibernate-core-6.4.4.Final.jar:6.4.4.Final]
	at org.hibernate.persister.entity.AbstractEntityPersister.insert(AbstractEntityPersister.java:2868) ~[hibernate-core-6.4.4.Final.jar:6.4.4.Final]
	at org.hibernate.action.internal.EntityIdentityInsertAction.execute(EntityIdentityInsertAction.java:81) ~[hibernate-core-6.4.4.Final.jar:6.4.4.Final]
	at org.hibernate.engine.spi.ActionQueue.execute(ActionQueue.java:670) ~[hibernate-core-6.4.4.Final.jar:6.4.4.Final]
	at org.hibernate.engine.spi.ActionQueue.addResolvedEntityInsertAction(ActionQueue.java:291) ~[hibernate-core-6.4.4.Final.jar:6.4.4.Final]
	at org.hibernate.engine.spi.ActionQueue.addInsertAction(ActionQueue.java:272) ~[hibernate-core-6.4.4.Final.jar:6.4.4.Final]
	at org.hibernate.engine.spi.ActionQueue.addAction(ActionQueue.java:322) ~[hibernate-core-6.4.4.Final.jar:6.4.4.Final]
	at org.hibernate.event.internal.AbstractSaveEventListener.addInsertAction(AbstractSaveEventListener.java:386) ~[hibernate-core-6.4.4.Final.jar:6.4.4.Final]
	at org.hibernate.event.internal.AbstractSaveEventListener.performSaveOrReplicate(AbstractSaveEventListener.java:300) ~[hibernate-core-6.4.4.Final.jar:6.4.4.Final]
	at org.hibernate.event.internal.AbstractSaveEventListener.performSave(AbstractSaveEventListener.java:219) ~[hibernate-core-6.4.4.Final.jar:6.4.4.Final]
	at org.hibernate.event.internal.AbstractSaveEventListener.saveWithGeneratedId(AbstractSaveEventListener.java:134) ~[hibernate-core-6.4.4.Final.jar:6.4.4.Final]
	at org.hibernate.event.internal.DefaultPersistEventListener.entityIsTransient(DefaultPersistEventListener.java:175) ~[hibernate-core-6.4.4.Final.jar:6.4.4.Final]
	at org.hibernate.event.internal.DefaultPersistEventListener.persist(DefaultPersistEventListener.java:93) ~[hibernate-core-6.4.4.Final.jar:6.4.4.Final]
	at org.hibernate.event.internal.DefaultPersistEventListener.onPersist(DefaultPersistEventListener.java:77) ~[hibernate-core-6.4.4.Final.jar:6.4.4.Final]
	at org.hibernate.event.internal.DefaultPersistEventListener.onPersist(DefaultPersistEventListener.java:54) ~[hibernate-core-6.4.4.Final.jar:6.4.4.Final]
	at org.hibernate.event.service.internal.EventListenerGroupImpl.fireEventOnEachListener(EventListenerGroupImpl.java:127) ~[hibernate-core-6.4.4.Final.jar:6.4.4.Final]
	at org.hibernate.internal.SessionImpl.firePersist(SessionImpl.java:754) ~[hibernate-core-6.4.4.Final.jar:6.4.4.Final]
	at org.hibernate.internal.SessionImpl.persist(SessionImpl.java:738) ~[hibernate-core-6.4.4.Final.jar:6.4.4.Final]
	at java.base/jdk.internal.reflect.DirectMethodHandleAccessor.invoke(DirectMethodHandleAccessor.java:104) ~[?:?]
	at java.base/java.lang.reflect.Method.invoke(Method.java:565) ~[?:?]
	at org.springframework.orm.jpa.ExtendedEntityManagerCreator$ExtendedEntityManagerInvocationHandler.invoke(ExtendedEntityManagerCreator.java:364) ~[spring-orm-6.1.4.jar:6.1.4]
	at jdk.proxy2/jdk.proxy2.$Proxy150.persist(Unknown Source) ~[?:?]
	at java.base/jdk.internal.reflect.DirectMethodHandleAccessor.invoke(DirectMethodHandleAccessor.java:104) ~[?:?]
	at java.base/java.lang.reflect.Method.invoke(Method.java:565) ~[?:?]
	at org.springframework.orm.jpa.SharedEntityManagerCreator$SharedEntityManagerInvocationHandler.invoke(SharedEntityManagerCreator.java:319) ~[spring-orm-6.1.4.jar:6.1.4]
	at jdk.proxy2/jdk.proxy2.$Proxy150.persist(Unknown Source) ~[?:?]
	at org.springframework.data.jpa.repository.support.SimpleJpaRepository.save(SimpleJpaRepository.java:618) ~[spring-data-jpa-3.2.3.jar:3.2.3]
	at java.base/jdk.internal.reflect.DirectMethodHandleAccessor.invoke(DirectMethodHandleAccessor.java:104) ~[?:?]
	at java.base/java.lang.reflect.Method.invoke(Method.java:565) ~[?:?]
	at org.springframework.aop.support.AopUtils.invokeJoinpointUsingReflection(AopUtils.java:351) ~[spring-aop-6.1.4.jar:6.1.4]
	at org.springframework.data.repository.core.support.RepositoryMethodInvoker$RepositoryFragmentMethodInvoker.lambda$new$0(RepositoryMethodInvoker.java:277) ~[spring-data-commons-3.2.3.jar:3.2.3]
	at org.springframework.data.repository.core.support.RepositoryMethodInvoker.doInvoke(RepositoryMethodInvoker.java:170) ~[spring-data-commons-3.2.3.jar:3.2.3]
	at org.springframework.data.repository.core.support.RepositoryMethodInvoker.invoke(RepositoryMethodInvoker.java:158) ~[spring-data-commons-3.2.3.jar:3.2.3]
	at org.springframework.data.repository.core.support.RepositoryComposition$RepositoryFragments.invoke(RepositoryComposition.java:516) ~[spring-data-commons-3.2.3.jar:3.2.3]
	at org.springframework.data.repository.core.support.RepositoryComposition.invoke(RepositoryComposition.java:285) ~[spring-data-commons-3.2.3.jar:3.2.3]
	at org.springframework.data.repository.core.support.RepositoryFactorySupport$ImplementationMethodExecutionInterceptor.invoke(RepositoryFactorySupport.java:628) ~[spring-data-commons-3.2.3.jar:3.2.3]
	at org.springframework.aop.framework.ReflectiveMethodInvocation.proceed(ReflectiveMethodInvocation.java:184) ~[spring-aop-6.1.4.jar:6.1.4]
	at org.springframework.data.repository.core.support.QueryExecutorMethodInterceptor.doInvoke(QueryExecutorMethodInterceptor.java:168) ~[spring-data-commons-3.2.3.jar:3.2.3]
	at org.springframework.data.repository.core.support.QueryExecutorMethodInterceptor.invoke(QueryExecutorMethodInterceptor.java:143) ~[spring-data-commons-3.2.3.jar:3.2.3]
	at org.springframework.aop.framework.ReflectiveMethodInvocation.proceed(ReflectiveMethodInvocation.java:184) ~[spring-aop-6.1.4.jar:6.1.4]
	at org.springframework.data.projection.DefaultMethodInvokingMethodInterceptor.invoke(DefaultMethodInvokingMethodInterceptor.java:70) ~[spring-data-commons-3.2.3.jar:3.2.3]
	at org.springframework.aop.framework.ReflectiveMethodInvocation.proceed(ReflectiveMethodInvocation.java:184) ~[spring-aop-6.1.4.jar:6.1.4]
	at org.springframework.transaction.interceptor.TransactionInterceptor$1.proceedWithInvocation(TransactionInterceptor.java:123) ~[spring-tx-6.1.4.jar:6.1.4]
	at org.springframework.transaction.interceptor.TransactionAspectSupport.invokeWithinTransaction(TransactionAspectSupport.java:385) ~[spring-tx-6.1.4.jar:6.1.4]
	at org.springframework.transaction.interceptor.TransactionInterceptor.invoke(TransactionInterceptor.java:119) ~[spring-tx-6.1.4.jar:6.1.4]
	at org.springframework.aop.framework.ReflectiveMethodInvocation.proceed(ReflectiveMethodInvocation.java:184) ~[spring-aop-6.1.4.jar:6.1.4]
	at org.springframework.dao.support.PersistenceExceptionTranslationInterceptor.invoke(PersistenceExceptionTranslationInterceptor.java:137) ~[spring-tx-6.1.4.jar:6.1.4]
	at org.springframework.aop.framework.ReflectiveMethodInvocation.proceed(ReflectiveMethodInvocation.java:184) ~[spring-aop-6.1.4.jar:6.1.4]
	at org.springframework.data.jpa.repository.support.CrudMethodMetadataPostProcessor$CrudMethodMetadataPopulatingMethodInterceptor.invoke(CrudMethodMetadataPostProcessor.java:164) ~[spring-data-jpa-3.2.3.jar:3.2.3]
	at org.springframework.aop.framework.ReflectiveMethodInvocation.proceed(ReflectiveMethodInvocation.java:184) ~[spring-aop-6.1.4.jar:6.1.4]
	at org.springframework.aop.interceptor.ExposeInvocationInterceptor.invoke(ExposeInvocationInterceptor.java:97) ~[spring-aop-6.1.4.jar:6.1.4]
	at org.springframework.aop.framework.ReflectiveMethodInvocation.proceed(ReflectiveMethodInvocation.java:184) ~[spring-aop-6.1.4.jar:6.1.4]
	at org.springframework.aop.framework.JdkDynamicAopProxy.invoke(JdkDynamicAopProxy.java:220) ~[spring-aop-6.1.4.jar:6.1.4]
	at jdk.proxy2/jdk.proxy2.$Proxy165.save(Unknown Source) ~[?:?]
	at com.dp1.backend.services.ClienteService.createCliente(ClienteService.java:34) ~[classes/:?]
	at com.dp1.backend.controllers.ClienteController.createCliente(ClienteController.java:42) ~[classes/:?]
	at java.base/jdk.internal.reflect.DirectMethodHandleAccessor.invoke(DirectMethodHandleAccessor.java:104) ~[?:?]
	at java.base/java.lang.reflect.Method.invoke(Method.java:565) ~[?:?]
	at org.springframework.web.method.support.InvocableHandlerMethod.doInvoke(InvocableHandlerMethod.java:259) ~[spring-web-6.1.4.jar:6.1.4]
	at org.springframework.web.method.support.InvocableHandlerMethod.invokeForRequest(InvocableHandlerMethod.java:192) ~[spring-web-6.1.4.jar:6.1.4]
	at org.springframework.web.servlet.mvc.method.annotation.ServletInvocableHandlerMethod.invokeAndHandle(ServletInvocableHandlerMethod.java:118) ~[spring-webmvc-6.1.4.jar:6.1.4]
	at org.springframework.web.servlet.mvc.method.annotation.RequestMappingHandlerAdapter.invokeHandlerMethod(RequestMappingHandlerAdapter.java:920) ~[spring-webmvc-6.1.4.jar:6.1.4]
	at org.springframework.web.servlet.mvc.method.annotation.RequestMappingHandlerAdapter.handleInternal(RequestMappingHandlerAdapter.java:830) ~[spring-webmvc-6.1.4.jar:6.1.4]
	at org.springframework.web.servlet.mvc.method.AbstractHandlerMethodAdapter.handle(AbstractHandlerMethodAdapter.java:87) ~[spring-webmvc-6.1.4.jar:6.1.4]
	at org.springframework.web.servlet.DispatcherServlet.doDispatch(DispatcherServlet.java:1089) ~[spring-webmvc-6.1.4.jar:6.1.4]
	at org.springframework.web.servlet.DispatcherServlet.doService(DispatcherServlet.java:979) ~[spring-webmvc-6.1.4.jar:6.1.4]
	at org.springframework.web.servlet.FrameworkServlet.processRequest(FrameworkServlet.java:1014) ~[spring-webmvc-6.1.4.jar:6.1.4]
	at org.springframework.web.servlet.FrameworkServlet.doPost(FrameworkServlet.java:914) ~[spring-webmvc-6.1.4.jar:6.1.4]
	at jakarta.servlet.http.HttpServlet.service(HttpServlet.java:590) ~[tomcat-embed-core-10.1.19.jar:6.0]
	at org.springframework.web.servlet.FrameworkServlet.service(FrameworkServlet.java:885) ~[spring-webmvc-6.1.4.jar:6.1.4]
	at jakarta.servlet.http.HttpServlet.service(HttpServlet.java:658) ~[tomcat-embed-core-10.1.19.jar:6.0]
	at org.apache.catalina.core.ApplicationFilterChain.internalDoFilter(ApplicationFilterChain.java:205) ~[tomcat-embed-core-10.1.19.jar:10.1.19]
	at org.apache.catalina.core.ApplicationFilterChain.doFilter(ApplicationFilterChain.java:149) ~[tomcat-embed-core-10.1.19.jar:10.1.19]
	at org.apache.tomcat.websocket.server.WsFilter.doFilter(WsFilter.java:51) ~[tomcat-embed-websocket-10.1.19.jar:10.1.19]
	at org.apache.catalina.core.ApplicationFilterChain.internalDoFilter(ApplicationFilterChain.java:174) ~[tomcat-embed-core-10.1.19.jar:10.1.19]
	at org.apache.catalina.core.ApplicationFilterChain.doFilter(ApplicationFilterChain.java:149) ~[tomcat-embed-core-10.1.19.jar:10.1.19]
	at org.springframework.web.filter.RequestContextFilter.doFilterInternal(RequestContextFilter.java:100) ~[spring-web-6.1.4.jar:6.1.4]
	at org.springframework.web.filter.OncePerRequestFilter.doFilter(OncePerRequestFilter.java:116) ~[spring-web-6.1.4.jar:6.1.4]
	at org.apache.catalina.core.ApplicationFilterChain.internalDoFilter(ApplicationFilterChain.java:174) ~[tomcat-embed-core-10.1.19.jar:10.1.19]
	at org.apache.catalina.core.ApplicationFilterChain.doFilter(ApplicationFilterChain.java:149) ~[tomcat-embed-core-10.1.19.jar:10.1.19]
	at org.springframework.web.filter.FormContentFilter.doFilterInternal(FormContentFilter.java:93) ~[spring-web-6.1.4.jar:6.1.4]
	at org.springframework.web.filter.OncePerRequestFilter.doFilter(OncePerRequestFilter.java:116) ~[spring-web-6.1.4.jar:6.1.4]
	at org.apache.catalina.core.ApplicationFilterChain.internalDoFilter(ApplicationFilterChain.java:174) ~[tomcat-embed-core-10.1.19.jar:10.1.19]
	at org.apache.catalina.core.ApplicationFilterChain.doFilter(ApplicationFilterChain.java:149) ~[tomcat-embed-core-10.1.19.jar:10.1.19]
	at org.springframework.web.filter.CharacterEncodingFilter.doFilterInternal(CharacterEncodingFilter.java:201) ~[spring-web-6.1.4.jar:6.1.4]
	at org.springframework.web.filter.OncePerRequestFilter.doFilter(OncePerRequestFilter.java:116) ~[spring-web-6.1.4.jar:6.1.4]
	at org.apache.catalina.core.ApplicationFilterChain.internalDoFilter(ApplicationFilterChain.java:174) ~[tomcat-embed-core-10.1.19.jar:10.1.19]
	at org.apache.catalina.core.ApplicationFilterChain.doFilter(ApplicationFilterChain.java:149) ~[tomcat-embed-core-10.1.19.jar:10.1.19]
	at org.apache.catalina.core.StandardWrapperValve.invoke(StandardWrapperValve.java:167) [tomcat-embed-core-10.1.19.jar:10.1.19]
	at org.apache.catalina.core.StandardContextValve.invoke(StandardContextValve.java:90) [tomcat-embed-core-10.1.19.jar:10.1.19]
	at org.apache.catalina.authenticator.AuthenticatorBase.invoke(AuthenticatorBase.java:482) [tomcat-embed-core-10.1.19.jar:10.1.19]
	at org.apache.catalina.core.StandardHostValve.invoke(StandardHostValve.java:115) [tomcat-embed-core-10.1.19.jar:10.1.19]
	at org.apache.catalina.valves.ErrorReportValve.invoke(ErrorReportValve.java:93) [tomcat-embed-core-10.1.19.jar:10.1.19]
	at org.apache.catalina.core.StandardEngineValve.invoke(StandardEngineValve.java:74) [tomcat-embed-core-10.1.19.jar:10.1.19]
	at org.apache.catalina.connector.CoyoteAdapter.service(CoyoteAdapter.java:344) [tomcat-embed-core-10.1.19.jar:10.1.19]
	at org.apache.coyote.http11.Http11Processor.service(Http11Processor.java:391) [tomcat-embed-core-10.1.19.jar:10.1.19]
	at org.apache.coyote.AbstractProcessorLight.process(AbstractProcessorLight.java:63) [tomcat-embed-core-10.1.19.jar:10.1.19]
	at org.apache.coyote.AbstractProtocol$ConnectionHandler.process(AbstractProtocol.java:896) [tomcat-embed-core-10.1.19.jar:10.1.19]
	at org.apache.tomcat.util.net.NioEndpoint$SocketProcessor.doRun(NioEndpoint.java:1744) [tomcat-embed-core-10.1.19.jar:10.1.19]
	at org.apache.tomcat.util.net.SocketProcessorBase.run(SocketProcessorBase.java:52) [tomcat-embed-core-10.1.19.jar:10.1.19]
	at org.apache.tomcat.util.threads.ThreadPoolExecutor.runWorker(ThreadPoolExecutor.java:1191) [tomcat-embed-core-10.1.19.jar:10.1.19]
	at org.apache.tomcat.util.threads.ThreadPoolExecutor$Worker.run(ThreadPoolExecutor.java:659) [tomcat-embed-core-10.1.19.jar:10.1.19]
	at org.apache.tomcat.util.threads.TaskThread$WrappingRunnable.run(TaskThread.java:63) [tomcat-embed-core-10.1.19.jar:10.1.19]
	at java.base/java.lang.Thread.run(Thread.java:1447) [?:?]
2025-12-21 21:13:44.768 [http-nio-8081-exec-8] INFO  com.dp1.backend.handlers.SocketConnectionHandler - Enviando # de vuelos en el aire: 70
2025-12-21 21:13:50.767 [http-nio-8081-exec-4] INFO  com.dp1.backend.handlers.SocketConnectionHandler - Enviando # de vuelos en el aire: 48
2025-12-21 21:13:56.761 [http-nio-8081-exec-1] INFO  com.dp1.backend.handlers.SocketConnectionHandler - Enviando # de vuelos en el aire: 43
2025-12-21 21:13:56.762 [http-nio-8081-exec-1] INFO  com.dp1.backend.services.ACOService - Desde - hasta: 2025-12-22T03:22:22-05:00[America/Lima] - 2025-12-22T06:22:22-05:00[America/Lima]
2025-12-21 21:13:56.781 [http-nio-8081-exec-1] INFO  com.dp1.backend.services.ACOService - Ejecutando ACO para: 
2025-12-21 21:13:56.782 [http-nio-8081-exec-1] INFO  com.dp1.backend.services.ACOService - Aeropuertos: 30
2025-12-21 21:13:56.783 [http-nio-8081-exec-1] INFO  com.dp1.backend.services.ACOService - Vuelos: 2866
2025-12-21 21:13:56.784 [http-nio-8081-exec-1] INFO  com.dp1.backend.services.ACOService - Envios: 771
2025-12-21 21:13:56.784 [http-nio-8081-exec-1] INFO  com.dp1.backend.services.ACOService - Paquetes: 1405
2025-12-21 21:14:05.144 [http-nio-8081-exec-1] INFO  com.dp1.backend.services.ACOService - Tiempo de ejecución: 8359 ms
2025-12-21 21:14:05.199 [http-nio-8081-exec-1] INFO  com.dp1.backend.services.ACOService - Paquetes entregados con función André: 1402
2025-12-21 21:14:05.293 [http-nio-8081-exec-1] INFO  com.dp1.backend.handlers.SocketConnectionHandler - Enviando resultado del algoritmo 'para los vuelos en el aire'
2025-12-21 21:14:05.300 [http-nio-8081-exec-1] INFO  com.dp1.backend.handlers.SocketConnectionHandler - Enviando # de vuelos en el aire: 52
2025-12-21 21:14:09.276 [http-nio-8081-exec-9] INFO  com.dp1.backend.handlers.SocketConnectionHandler - Enviando # de vuelos en el aire: 47
2025-12-21 21:14:15.274 [http-nio-8081-exec-4] INFO  com.dp1.backend.handlers.SocketConnectionHandler - Enviando # de vuelos en el aire: 50
2025-12-21 21:14:21.283 [http-nio-8081-exec-5] INFO  com.dp1.backend.handlers.SocketConnectionHandler - Enviando # de vuelos en el aire: 48
2025-12-21 21:14:27.281 [http-nio-8081-exec-3] INFO  com.dp1.backend.handlers.SocketConnectionHandler - Enviando # de vuelos en el aire: 48
2025-12-21 21:14:33.374 [http-nio-8081-exec-8] INFO  com.dp1.backend.handlers.SocketConnectionHandler - Enviando # de vuelos en el aire: 49
2025-12-21 21:14:39.276 [http-nio-8081-exec-9] INFO  com.dp1.backend.handlers.SocketConnectionHandler - Enviando # de vuelos en el aire: 50
2025-12-21 21:14:43.278 [http-nio-8081-exec-5] INFO  com.dp1.backend.services.ACOService - Desde - hasta: 2025-12-22T06:26:22-05:00[America/Lima] - 2025-12-22T09:26:22-05:00[America/Lima]
2025-12-21 21:14:43.310 [http-nio-8081-exec-5] INFO  com.dp1.backend.services.ACOService - Ejecutando ACO para: 
2025-12-21 21:14:43.311 [http-nio-8081-exec-5] INFO  com.dp1.backend.services.ACOService - Aeropuertos: 30
2025-12-21 21:14:43.313 [http-nio-8081-exec-5] INFO  com.dp1.backend.services.ACOService - Vuelos: 2866
2025-12-21 21:14:43.318 [http-nio-8081-exec-5] INFO  com.dp1.backend.services.ACOService - Envios: 760
2025-12-21 21:14:43.321 [http-nio-8081-exec-5] INFO  com.dp1.backend.services.ACOService - Paquetes: 1278
2025-12-21 21:14:50.830 [http-nio-8081-exec-5] INFO  com.dp1.backend.services.ACOService - Tiempo de ejecución: 7509 ms
2025-12-21 21:14:50.862 [http-nio-8081-exec-5] INFO  com.dp1.backend.services.ACOService - Paquetes entregados con función André: 1270
2025-12-21 21:14:50.941 [http-nio-8081-exec-5] INFO  com.dp1.backend.handlers.SocketConnectionHandler - Enviando resultado del algoritmo 'para los vuelos en el aire'
2025-12-21 21:14:50.946 [http-nio-8081-exec-5] INFO  com.dp1.backend.handlers.SocketConnectionHandler - Enviando # de vuelos en el aire: 49
2025-12-21 21:14:50.951 [http-nio-8081-exec-5] INFO  com.dp1.backend.handlers.SocketConnectionHandler - Enviando # de vuelos en el aire: 39
2025-12-21 21:14:56.774 [http-nio-8081-exec-3] INFO  com.dp1.backend.handlers.SocketConnectionHandler - Enviando # de vuelos en el aire: 41
2025-12-21 21:14:58.726 [http-nio-8081-exec-2] INFO  com.dp1.backend.services.ClienteService - Cliente ya existe con email: commuconnect.ingesoft@gmail.com - Devolviendo cliente existente con ID: 13
2025-12-21 21:14:58.812 [http-nio-8081-exec-6] INFO  com.dp1.backend.services.ClienteService - Creando cliente con datos: brs ascd fergegr@mp.com 
2025-12-21 21:14:58.824 [http-nio-8081-exec-6] WARN  org.hibernate.engine.jdbc.spi.SqlExceptionHelper - SQL Error: 1062, SQLState: 23000
2025-12-21 21:14:58.824 [http-nio-8081-exec-6] ERROR org.hibernate.engine.jdbc.spi.SqlExceptionHelper - Duplicate entry '12345678' for key 'cliente.UK_hx9w6tpma79yxjbk83xfiw7fo'
2025-12-21 21:14:58.830 [http-nio-8081-exec-6] ERROR com.dp1.backend.services.ClienteService - Error al crear cliente: could not execute statement [Duplicate entry '12345678' for key 'cliente.UK_hx9w6tpma79yxjbk83xfiw7fo'] [insert into cliente (active,apellido,codigo_pais,creation_date,email,nombre,numero_documento,password,segundo_nombre,telefono,tipo_documento,update_date,username) values (?,?,?,?,?,?,?,?,?,?,?,?,?)]; SQL [insert into cliente (active,apellido,codigo_pais,creation_date,email,nombre,numero_documento,password,segundo_nombre,telefono,tipo_documento,update_date,username) values (?,?,?,?,?,?,?,?,?,?,?,?,?)]; constraint [cliente.UK_hx9w6tpma79yxjbk83xfiw7fo]
org.springframework.dao.DataIntegrityViolationException: could not execute statement [Duplicate entry '12345678' for key 'cliente.UK_hx9w6tpma79yxjbk83xfiw7fo'] [insert into cliente (active,apellido,codigo_pais,creation_date,email,nombre,numero_documento,password,segundo_nombre,telefono,tipo_documento,update_date,username) values (?,?,?,?,?,?,?,?,?,?,?,?,?)]; SQL [insert into cliente (active,apellido,codigo_pais,creation_date,email,nombre,numero_documento,password,segundo_nombre,telefono,tipo_documento,update_date,username) values (?,?,?,?,?,?,?,?,?,?,?,?,?)]; constraint [cliente.UK_hx9w6tpma79yxjbk83xfiw7fo]
	at org.springframework.orm.jpa.vendor.HibernateJpaDialect.convertHibernateAccessException(HibernateJpaDialect.java:290) ~[spring-orm-6.1.4.jar:6.1.4]
	at org.springframework.orm.jpa.vendor.HibernateJpaDialect.translateExceptionIfPossible(HibernateJpaDialect.java:241) ~[spring-orm-6.1.4.jar:6.1.4]
	at org.springframework.orm.jpa.AbstractEntityManagerFactoryBean.translateExceptionIfPossible(AbstractEntityManagerFactoryBean.java:550) ~[spring-orm-6.1.4.jar:6.1.4]
	at org.springframework.dao.support.ChainedPersistenceExceptionTranslator.translateExceptionIfPossible(ChainedPersistenceExceptionTranslator.java:61) ~[spring-tx-6.1.4.jar:6.1.4]
	at org.springframework.dao.support.DataAccessUtils.translateIfNecessary(DataAccessUtils.java:335) ~[spring-tx-6.1.4.jar:6.1.4]
	at org.springframework.dao.support.PersistenceExceptionTranslationInterceptor.invoke(PersistenceExceptionTranslationInterceptor.java:152) ~[spring-tx-6.1.4.jar:6.1.4]
	at org.springframework.aop.framework.ReflectiveMethodInvocation.proceed(ReflectiveMethodInvocation.java:184) ~[spring-aop-6.1.4.jar:6.1.4]
	at org.springframework.data.jpa.repository.support.CrudMethodMetadataPostProcessor$CrudMethodMetadataPopulatingMethodInterceptor.invoke(CrudMethodMetadataPostProcessor.java:164) ~[spring-data-jpa-3.2.3.jar:3.2.3]
	at org.springframework.aop.framework.ReflectiveMethodInvocation.proceed(ReflectiveMethodInvocation.java:184) ~[spring-aop-6.1.4.jar:6.1.4]
	at org.springframework.aop.interceptor.ExposeInvocationInterceptor.invoke(ExposeInvocationInterceptor.java:97) ~[spring-aop-6.1.4.jar:6.1.4]
	at org.springframework.aop.framework.ReflectiveMethodInvocation.proceed(ReflectiveMethodInvocation.java:184) ~[spring-aop-6.1.4.jar:6.1.4]
	at org.springframework.aop.framework.JdkDynamicAopProxy.invoke(JdkDynamicAopProxy.java:220) ~[spring-aop-6.1.4.jar:6.1.4]
	at jdk.proxy2/jdk.proxy2.$Proxy165.save(Unknown Source) ~[?:?]
	at com.dp1.backend.services.ClienteService.createCliente(ClienteService.java:34) [classes/:?]
	at com.dp1.backend.controllers.ClienteController.createCliente(ClienteController.java:42) [classes/:?]
	at java.base/jdk.internal.reflect.DirectMethodHandleAccessor.invoke(DirectMethodHandleAccessor.java:104) ~[?:?]
	at java.base/java.lang.reflect.Method.invoke(Method.java:565) ~[?:?]
	at org.springframework.web.method.support.InvocableHandlerMethod.doInvoke(InvocableHandlerMethod.java:259) [spring-web-6.1.4.jar:6.1.4]
	at org.springframework.web.method.support.InvocableHandlerMethod.invokeForRequest(InvocableHandlerMethod.java:192) [spring-web-6.1.4.jar:6.1.4]
	at org.springframework.web.servlet.mvc.method.annotation.ServletInvocableHandlerMethod.invokeAndHandle(ServletInvocableHandlerMethod.java:118) [spring-webmvc-6.1.4.jar:6.1.4]
	at org.springframework.web.servlet.mvc.method.annotation.RequestMappingHandlerAdapter.invokeHandlerMethod(RequestMappingHandlerAdapter.java:920) [spring-webmvc-6.1.4.jar:6.1.4]
	at org.springframework.web.servlet.mvc.method.annotation.RequestMappingHandlerAdapter.handleInternal(RequestMappingHandlerAdapter.java:830) [spring-webmvc-6.1.4.jar:6.1.4]
	at org.springframework.web.servlet.mvc.method.AbstractHandlerMethodAdapter.handle(AbstractHandlerMethodAdapter.java:87) [spring-webmvc-6.1.4.jar:6.1.4]
	at org.springframework.web.servlet.DispatcherServlet.doDispatch(DispatcherServlet.java:1089) [spring-webmvc-6.1.4.jar:6.1.4]
	at org.springframework.web.servlet.DispatcherServlet.doService(DispatcherServlet.java:979) [spring-webmvc-6.1.4.jar:6.1.4]
	at org.springframework.web.servlet.FrameworkServlet.processRequest(FrameworkServlet.java:1014) [spring-webmvc-6.1.4.jar:6.1.4]
	at org.springframework.web.servlet.FrameworkServlet.doPost(FrameworkServlet.java:914) [spring-webmvc-6.1.4.jar:6.1.4]
	at jakarta.servlet.http.HttpServlet.service(HttpServlet.java:590) [tomcat-embed-core-10.1.19.jar:6.0]
	at org.springframework.web.servlet.FrameworkServlet.service(FrameworkServlet.java:885) [spring-webmvc-6.1.4.jar:6.1.4]
	at jakarta.servlet.http.HttpServlet.service(HttpServlet.java:658) [tomcat-embed-core-10.1.19.jar:6.0]
	at org.apache.catalina.core.ApplicationFilterChain.internalDoFilter(ApplicationFilterChain.java:205) [tomcat-embed-core-10.1.19.jar:10.1.19]
	at org.apache.catalina.core.ApplicationFilterChain.doFilter(ApplicationFilterChain.java:149) [tomcat-embed-core-10.1.19.jar:10.1.19]
	at org.apache.tomcat.websocket.server.WsFilter.doFilter(WsFilter.java:51) [tomcat-embed-websocket-10.1.19.jar:10.1.19]
	at org.apache.catalina.core.ApplicationFilterChain.internalDoFilter(ApplicationFilterChain.java:174) [tomcat-embed-core-10.1.19.jar:10.1.19]
	at org.apache.catalina.core.ApplicationFilterChain.doFilter(ApplicationFilterChain.java:149) [tomcat-embed-core-10.1.19.jar:10.1.19]
	at org.springframework.web.filter.RequestContextFilter.doFilterInternal(RequestContextFilter.java:100) [spring-web-6.1.4.jar:6.1.4]
	at org.springframework.web.filter.OncePerRequestFilter.doFilter(OncePerRequestFilter.java:116) [spring-web-6.1.4.jar:6.1.4]
	at org.apache.catalina.core.ApplicationFilterChain.internalDoFilter(ApplicationFilterChain.java:174) [tomcat-embed-core-10.1.19.jar:10.1.19]
	at org.apache.catalina.core.ApplicationFilterChain.doFilter(ApplicationFilterChain.java:149) [tomcat-embed-core-10.1.19.jar:10.1.19]
	at org.springframework.web.filter.FormContentFilter.doFilterInternal(FormContentFilter.java:93) [spring-web-6.1.4.jar:6.1.4]
	at org.springframework.web.filter.OncePerRequestFilter.doFilter(OncePerRequestFilter.java:116) [spring-web-6.1.4.jar:6.1.4]
	at org.apache.catalina.core.ApplicationFilterChain.internalDoFilter(ApplicationFilterChain.java:174) [tomcat-embed-core-10.1.19.jar:10.1.19]
	at org.apache.catalina.core.ApplicationFilterChain.doFilter(ApplicationFilterChain.java:149) [tomcat-embed-core-10.1.19.jar:10.1.19]
	at org.springframework.web.filter.CharacterEncodingFilter.doFilterInternal(CharacterEncodingFilter.java:201) [spring-web-6.1.4.jar:6.1.4]
	at org.springframework.web.filter.OncePerRequestFilter.doFilter(OncePerRequestFilter.java:116) [spring-web-6.1.4.jar:6.1.4]
	at org.apache.catalina.core.ApplicationFilterChain.internalDoFilter(ApplicationFilterChain.java:174) [tomcat-embed-core-10.1.19.jar:10.1.19]
	at org.apache.catalina.core.ApplicationFilterChain.doFilter(ApplicationFilterChain.java:149) [tomcat-embed-core-10.1.19.jar:10.1.19]
	at org.apache.catalina.core.StandardWrapperValve.invoke(StandardWrapperValve.java:167) [tomcat-embed-core-10.1.19.jar:10.1.19]
	at org.apache.catalina.core.StandardContextValve.invoke(StandardContextValve.java:90) [tomcat-embed-core-10.1.19.jar:10.1.19]
	at org.apache.catalina.authenticator.AuthenticatorBase.invoke(AuthenticatorBase.java:482) [tomcat-embed-core-10.1.19.jar:10.1.19]
	at org.apache.catalina.core.StandardHostValve.invoke(StandardHostValve.java:115) [tomcat-embed-core-10.1.19.jar:10.1.19]
	at org.apache.catalina.valves.ErrorReportValve.invoke(ErrorReportValve.java:93) [tomcat-embed-core-10.1.19.jar:10.1.19]
	at org.apache.catalina.core.StandardEngineValve.invoke(StandardEngineValve.java:74) [tomcat-embed-core-10.1.19.jar:10.1.19]
	at org.apache.catalina.connector.CoyoteAdapter.service(CoyoteAdapter.java:344) [tomcat-embed-core-10.1.19.jar:10.1.19]
	at org.apache.coyote.http11.Http11Processor.service(Http11Processor.java:391) [tomcat-embed-core-10.1.19.jar:10.1.19]
	at org.apache.coyote.AbstractProcessorLight.process(AbstractProcessorLight.java:63) [tomcat-embed-core-10.1.19.jar:10.1.19]
	at org.apache.coyote.AbstractProtocol$ConnectionHandler.process(AbstractProtocol.java:896) [tomcat-embed-core-10.1.19.jar:10.1.19]
	at org.apache.tomcat.util.net.NioEndpoint$SocketProcessor.doRun(NioEndpoint.java:1744) [tomcat-embed-core-10.1.19.jar:10.1.19]
	at org.apache.tomcat.util.net.SocketProcessorBase.run(SocketProcessorBase.java:52) [tomcat-embed-core-10.1.19.jar:10.1.19]
	at org.apache.tomcat.util.threads.ThreadPoolExecutor.runWorker(ThreadPoolExecutor.java:1191) [tomcat-embed-core-10.1.19.jar:10.1.19]
	at org.apache.tomcat.util.threads.ThreadPoolExecutor$Worker.run(ThreadPoolExecutor.java:659) [tomcat-embed-core-10.1.19.jar:10.1.19]
	at org.apache.tomcat.util.threads.TaskThread$WrappingRunnable.run(TaskThread.java:63) [tomcat-embed-core-10.1.19.jar:10.1.19]
	at java.base/java.lang.Thread.run(Thread.java:1447) [?:?]
Caused by: org.hibernate.exception.ConstraintViolationException: could not execute statement [Duplicate entry '12345678' for key 'cliente.UK_hx9w6tpma79yxjbk83xfiw7fo'] [insert into cliente (active,apellido,codigo_pais,creation_date,email,nombre,numero_documento,password,segundo_nombre,telefono,tipo_documento,update_date,username) values (?,?,?,?,?,?,?,?,?,?,?,?,?)]
	at org.hibernate.exception.internal.SQLExceptionTypeDelegate.convert(SQLExceptionTypeDelegate.java:62) ~[hibernate-core-6.4.4.Final.jar:6.4.4.Final]
	at org.hibernate.exception.internal.StandardSQLExceptionConverter.convert(StandardSQLExceptionConverter.java:58) ~[hibernate-core-6.4.4.Final.jar:6.4.4.Final]
	at org.hibernate.engine.jdbc.spi.SqlExceptionHelper.convert(SqlExceptionHelper.java:108) ~[hibernate-core-6.4.4.Final.jar:6.4.4.Final]
	at org.hibernate.engine.jdbc.internal.ResultSetReturnImpl.executeUpdate(ResultSetReturnImpl.java:197) ~[hibernate-core-6.4.4.Final.jar:6.4.4.Final]
	at org.hibernate.id.insert.GetGeneratedKeysDelegate.performInsert(GetGeneratedKeysDelegate.java:107) ~[hibernate-core-6.4.4.Final.jar:6.4.4.Final]
	at org.hibernate.engine.jdbc.mutation.internal.MutationExecutorPostInsertSingleTable.execute(MutationExecutorPostInsertSingleTable.java:100) ~[hibernate-core-6.4.4.Final.jar:6.4.4.Final]
	at org.hibernate.persister.entity.mutation.InsertCoordinator.doStaticInserts(InsertCoordinator.java:175) ~[hibernate-core-6.4.4.Final.jar:6.4.4.Final]
	at org.hibernate.persister.entity.mutation.InsertCoordinator.coordinateInsert(InsertCoordinator.java:113) ~[hibernate-core-6.4.4.Final.jar:6.4.4.Final]
	at org.hibernate.persister.entity.AbstractEntityPersister.insert(AbstractEntityPersister.java:2868) ~[hibernate-core-6.4.4.Final.jar:6.4.4.Final]
	at org.hibernate.action.internal.EntityIdentityInsertAction.execute(EntityIdentityInsertAction.java:81) ~[hibernate-core-6.4.4.Final.jar:6.4.4.Final]
	at org.hibernate.engine.spi.ActionQueue.execute(ActionQueue.java:670) ~[hibernate-core-6.4.4.Final.jar:6.4.4.Final]
	at org.hibernate.engine.spi.ActionQueue.addResolvedEntityInsertAction(ActionQueue.java:291) ~[hibernate-core-6.4.4.Final.jar:6.4.4.Final]
	at org.hibernate.engine.spi.ActionQueue.addInsertAction(ActionQueue.java:272) ~[hibernate-core-6.4.4.Final.jar:6.4.4.Final]
	at org.hibernate.engine.spi.ActionQueue.addAction(ActionQueue.java:322) ~[hibernate-core-6.4.4.Final.jar:6.4.4.Final]
	at org.hibernate.event.internal.AbstractSaveEventListener.addInsertAction(AbstractSaveEventListener.java:386) ~[hibernate-core-6.4.4.Final.jar:6.4.4.Final]
	at org.hibernate.event.internal.AbstractSaveEventListener.performSaveOrReplicate(AbstractSaveEventListener.java:300) ~[hibernate-core-6.4.4.Final.jar:6.4.4.Final]
	at org.hibernate.event.internal.AbstractSaveEventListener.performSave(AbstractSaveEventListener.java:219) ~[hibernate-core-6.4.4.Final.jar:6.4.4.Final]
	at org.hibernate.event.internal.AbstractSaveEventListener.saveWithGeneratedId(AbstractSaveEventListener.java:134) ~[hibernate-core-6.4.4.Final.jar:6.4.4.Final]
	at org.hibernate.event.internal.DefaultPersistEventListener.entityIsTransient(DefaultPersistEventListener.java:175) ~[hibernate-core-6.4.4.Final.jar:6.4.4.Final]
	at org.hibernate.event.internal.DefaultPersistEventListener.persist(DefaultPersistEventListener.java:93) ~[hibernate-core-6.4.4.Final.jar:6.4.4.Final]
	at org.hibernate.event.internal.DefaultPersistEventListener.onPersist(DefaultPersistEventListener.java:77) ~[hibernate-core-6.4.4.Final.jar:6.4.4.Final]
	at org.hibernate.event.internal.DefaultPersistEventListener.onPersist(DefaultPersistEventListener.java:54) ~[hibernate-core-6.4.4.Final.jar:6.4.4.Final]
	at org.hibernate.event.service.internal.EventListenerGroupImpl.fireEventOnEachListener(EventListenerGroupImpl.java:127) ~[hibernate-core-6.4.4.Final.jar:6.4.4.Final]
	at org.hibernate.internal.SessionImpl.firePersist(SessionImpl.java:754) ~[hibernate-core-6.4.4.Final.jar:6.4.4.Final]
	at org.hibernate.internal.SessionImpl.persist(SessionImpl.java:738) ~[hibernate-core-6.4.4.Final.jar:6.4.4.Final]
	at java.base/jdk.internal.reflect.DirectMethodHandleAccessor.invoke(DirectMethodHandleAccessor.java:104) ~[?:?]
	at java.base/java.lang.reflect.Method.invoke(Method.java:565) ~[?:?]
	at org.springframework.orm.jpa.ExtendedEntityManagerCreator$ExtendedEntityManagerInvocationHandler.invoke(ExtendedEntityManagerCreator.java:364) ~[spring-orm-6.1.4.jar:6.1.4]
	at jdk.proxy2/jdk.proxy2.$Proxy150.persist(Unknown Source) ~[?:?]
	at java.base/jdk.internal.reflect.DirectMethodHandleAccessor.invoke(DirectMethodHandleAccessor.java:104) ~[?:?]
	at java.base/java.lang.reflect.Method.invoke(Method.java:565) ~[?:?]
	at org.springframework.orm.jpa.SharedEntityManagerCreator$SharedEntityManagerInvocationHandler.invoke(SharedEntityManagerCreator.java:319) ~[spring-orm-6.1.4.jar:6.1.4]
	at jdk.proxy2/jdk.proxy2.$Proxy150.persist(Unknown Source) ~[?:?]
	at org.springframework.data.jpa.repository.support.SimpleJpaRepository.save(SimpleJpaRepository.java:618) ~[spring-data-jpa-3.2.3.jar:3.2.3]
	at java.base/jdk.internal.reflect.DirectMethodHandleAccessor.invoke(DirectMethodHandleAccessor.java:104) ~[?:?]
	at java.base/java.lang.reflect.Method.invoke(Method.java:565) ~[?:?]
	at org.springframework.aop.support.AopUtils.invokeJoinpointUsingReflection(AopUtils.java:351) ~[spring-aop-6.1.4.jar:6.1.4]
	at org.springframework.data.repository.core.support.RepositoryMethodInvoker$RepositoryFragmentMethodInvoker.lambda$new$0(RepositoryMethodInvoker.java:277) ~[spring-data-commons-3.2.3.jar:3.2.3]
	at org.springframework.data.repository.core.support.RepositoryMethodInvoker.doInvoke(RepositoryMethodInvoker.java:170) ~[spring-data-commons-3.2.3.jar:3.2.3]
	at org.springframework.data.repository.core.support.RepositoryMethodInvoker.invoke(RepositoryMethodInvoker.java:158) ~[spring-data-commons-3.2.3.jar:3.2.3]
	at org.springframework.data.repository.core.support.RepositoryComposition$RepositoryFragments.invoke(RepositoryComposition.java:516) ~[spring-data-commons-3.2.3.jar:3.2.3]
	at org.springframework.data.repository.core.support.RepositoryComposition.invoke(RepositoryComposition.java:285) ~[spring-data-commons-3.2.3.jar:3.2.3]
	at org.springframework.data.repository.core.support.RepositoryFactorySupport$ImplementationMethodExecutionInterceptor.invoke(RepositoryFactorySupport.java:628) ~[spring-data-commons-3.2.3.jar:3.2.3]
	at org.springframework.aop.framework.ReflectiveMethodInvocation.proceed(ReflectiveMethodInvocation.java:184) ~[spring-aop-6.1.4.jar:6.1.4]
	at org.springframework.data.repository.core.support.QueryExecutorMethodInterceptor.doInvoke(QueryExecutorMethodInterceptor.java:168) ~[spring-data-commons-3.2.3.jar:3.2.3]
	at org.springframework.data.repository.core.support.QueryExecutorMethodInterceptor.invoke(QueryExecutorMethodInterceptor.java:143) ~[spring-data-commons-3.2.3.jar:3.2.3]
	at org.springframework.aop.framework.ReflectiveMethodInvocation.proceed(ReflectiveMethodInvocation.java:184) ~[spring-aop-6.1.4.jar:6.1.4]
	at org.springframework.data.projection.DefaultMethodInvokingMethodInterceptor.invoke(DefaultMethodInvokingMethodInterceptor.java:70) ~[spring-data-commons-3.2.3.jar:3.2.3]
	at org.springframework.aop.framework.ReflectiveMethodInvocation.proceed(ReflectiveMethodInvocation.java:184) ~[spring-aop-6.1.4.jar:6.1.4]
	at org.springframework.transaction.interceptor.TransactionInterceptor$1.proceedWithInvocation(TransactionInterceptor.java:123) ~[spring-tx-6.1.4.jar:6.1.4]
	at org.springframework.transaction.interceptor.TransactionAspectSupport.invokeWithinTransaction(TransactionAspectSupport.java:385) ~[spring-tx-6.1.4.jar:6.1.4]
	at org.springframework.transaction.interceptor.TransactionInterceptor.invoke(TransactionInterceptor.java:119) ~[spring-tx-6.1.4.jar:6.1.4]
	at org.springframework.aop.framework.ReflectiveMethodInvocation.proceed(ReflectiveMethodInvocation.java:184) ~[spring-aop-6.1.4.jar:6.1.4]
	at org.springframework.dao.support.PersistenceExceptionTranslationInterceptor.invoke(PersistenceExceptionTranslationInterceptor.java:137) ~[spring-tx-6.1.4.jar:6.1.4]
	... 57 more
Caused by: java.sql.SQLIntegrityConstraintViolationException: Duplicate entry '12345678' for key 'cliente.UK_hx9w6tpma79yxjbk83xfiw7fo'
	at com.mysql.cj.jdbc.exceptions.SQLError.createSQLException(SQLError.java:118) ~[mysql-connector-j-8.3.0.jar:8.3.0]
	at com.mysql.cj.jdbc.exceptions.SQLExceptionsMapping.translateException(SQLExceptionsMapping.java:122) ~[mysql-connector-j-8.3.0.jar:8.3.0]
	at com.mysql.cj.jdbc.ClientPreparedStatement.executeInternal(ClientPreparedStatement.java:912) ~[mysql-connector-j-8.3.0.jar:8.3.0]
	at com.mysql.cj.jdbc.ClientPreparedStatement.executeUpdateInternal(ClientPreparedStatement.java:1054) ~[mysql-connector-j-8.3.0.jar:8.3.0]
	at com.mysql.cj.jdbc.ClientPreparedStatement.executeUpdateInternal(ClientPreparedStatement.java:1003) ~[mysql-connector-j-8.3.0.jar:8.3.0]
	at com.mysql.cj.jdbc.ClientPreparedStatement.executeLargeUpdate(ClientPreparedStatement.java:1312) ~[mysql-connector-j-8.3.0.jar:8.3.0]
	at com.mysql.cj.jdbc.ClientPreparedStatement.executeUpdate(ClientPreparedStatement.java:988) ~[mysql-connector-j-8.3.0.jar:8.3.0]
	at com.zaxxer.hikari.pool.ProxyPreparedStatement.executeUpdate(ProxyPreparedStatement.java:61) ~[HikariCP-5.0.1.jar:?]
	at com.zaxxer.hikari.pool.HikariProxyPreparedStatement.executeUpdate(HikariProxyPreparedStatement.java) ~[HikariCP-5.0.1.jar:?]
	at org.hibernate.engine.jdbc.internal.ResultSetReturnImpl.executeUpdate(ResultSetReturnImpl.java:194) ~[hibernate-core-6.4.4.Final.jar:6.4.4.Final]
	at org.hibernate.id.insert.GetGeneratedKeysDelegate.performInsert(GetGeneratedKeysDelegate.java:107) ~[hibernate-core-6.4.4.Final.jar:6.4.4.Final]
	at org.hibernate.engine.jdbc.mutation.internal.MutationExecutorPostInsertSingleTable.execute(MutationExecutorPostInsertSingleTable.java:100) ~[hibernate-core-6.4.4.Final.jar:6.4.4.Final]
	at org.hibernate.persister.entity.mutation.InsertCoordinator.doStaticInserts(InsertCoordinator.java:175) ~[hibernate-core-6.4.4.Final.jar:6.4.4.Final]
	at org.hibernate.persister.entity.mutation.InsertCoordinator.coordinateInsert(InsertCoordinator.java:113) ~[hibernate-core-6.4.4.Final.jar:6.4.4.Final]
	at org.hibernate.persister.entity.AbstractEntityPersister.insert(AbstractEntityPersister.java:2868) ~[hibernate-core-6.4.4.Final.jar:6.4.4.Final]
	at org.hibernate.action.internal.EntityIdentityInsertAction.execute(EntityIdentityInsertAction.java:81) ~[hibernate-core-6.4.4.Final.jar:6.4.4.Final]
	at org.hibernate.engine.spi.ActionQueue.execute(ActionQueue.java:670) ~[hibernate-core-6.4.4.Final.jar:6.4.4.Final]
	at org.hibernate.engine.spi.ActionQueue.addResolvedEntityInsertAction(ActionQueue.java:291) ~[hibernate-core-6.4.4.Final.jar:6.4.4.Final]
	at org.hibernate.engine.spi.ActionQueue.addInsertAction(ActionQueue.java:272) ~[hibernate-core-6.4.4.Final.jar:6.4.4.Final]
	at org.hibernate.engine.spi.ActionQueue.addAction(ActionQueue.java:322) ~[hibernate-core-6.4.4.Final.jar:6.4.4.Final]
	at org.hibernate.event.internal.AbstractSaveEventListener.addInsertAction(AbstractSaveEventListener.java:386) ~[hibernate-core-6.4.4.Final.jar:6.4.4.Final]
	at org.hibernate.event.internal.AbstractSaveEventListener.performSaveOrReplicate(AbstractSaveEventListener.java:300) ~[hibernate-core-6.4.4.Final.jar:6.4.4.Final]
	at org.hibernate.event.internal.AbstractSaveEventListener.performSave(AbstractSaveEventListener.java:219) ~[hibernate-core-6.4.4.Final.jar:6.4.4.Final]
	at org.hibernate.event.internal.AbstractSaveEventListener.saveWithGeneratedId(AbstractSaveEventListener.java:134) ~[hibernate-core-6.4.4.Final.jar:6.4.4.Final]
	at org.hibernate.event.internal.DefaultPersistEventListener.entityIsTransient(DefaultPersistEventListener.java:175) ~[hibernate-core-6.4.4.Final.jar:6.4.4.Final]
	at org.hibernate.event.internal.DefaultPersistEventListener.persist(DefaultPersistEventListener.java:93) ~[hibernate-core-6.4.4.Final.jar:6.4.4.Final]
	at org.hibernate.event.internal.DefaultPersistEventListener.onPersist(DefaultPersistEventListener.java:77) ~[hibernate-core-6.4.4.Final.jar:6.4.4.Final]
	at org.hibernate.event.internal.DefaultPersistEventListener.onPersist(DefaultPersistEventListener.java:54) ~[hibernate-core-6.4.4.Final.jar:6.4.4.Final]
	at org.hibernate.event.service.internal.EventListenerGroupImpl.fireEventOnEachListener(EventListenerGroupImpl.java:127) ~[hibernate-core-6.4.4.Final.jar:6.4.4.Final]
	at org.hibernate.internal.SessionImpl.firePersist(SessionImpl.java:754) ~[hibernate-core-6.4.4.Final.jar:6.4.4.Final]
	at org.hibernate.internal.SessionImpl.persist(SessionImpl.java:738) ~[hibernate-core-6.4.4.Final.jar:6.4.4.Final]
	at java.base/jdk.internal.reflect.DirectMethodHandleAccessor.invoke(DirectMethodHandleAccessor.java:104) ~[?:?]
	at java.base/java.lang.reflect.Method.invoke(Method.java:565) ~[?:?]
	at org.springframework.orm.jpa.ExtendedEntityManagerCreator$ExtendedEntityManagerInvocationHandler.invoke(ExtendedEntityManagerCreator.java:364) ~[spring-orm-6.1.4.jar:6.1.4]
	at jdk.proxy2/jdk.proxy2.$Proxy150.persist(Unknown Source) ~[?:?]
	at java.base/jdk.internal.reflect.DirectMethodHandleAccessor.invoke(DirectMethodHandleAccessor.java:104) ~[?:?]
	at java.base/java.lang.reflect.Method.invoke(Method.java:565) ~[?:?]
	at org.springframework.orm.jpa.SharedEntityManagerCreator$SharedEntityManagerInvocationHandler.invoke(SharedEntityManagerCreator.java:319) ~[spring-orm-6.1.4.jar:6.1.4]
	at jdk.proxy2/jdk.proxy2.$Proxy150.persist(Unknown Source) ~[?:?]
	at org.springframework.data.jpa.repository.support.SimpleJpaRepository.save(SimpleJpaRepository.java:618) ~[spring-data-jpa-3.2.3.jar:3.2.3]
	at java.base/jdk.internal.reflect.DirectMethodHandleAccessor.invoke(DirectMethodHandleAccessor.java:104) ~[?:?]
	at java.base/java.lang.reflect.Method.invoke(Method.java:565) ~[?:?]
	at org.springframework.aop.support.AopUtils.invokeJoinpointUsingReflection(AopUtils.java:351) ~[spring-aop-6.1.4.jar:6.1.4]
	at org.springframework.data.repository.core.support.RepositoryMethodInvoker$RepositoryFragmentMethodInvoker.lambda$new$0(RepositoryMethodInvoker.java:277) ~[spring-data-commons-3.2.3.jar:3.2.3]
	at org.springframework.data.repository.core.support.RepositoryMethodInvoker.doInvoke(RepositoryMethodInvoker.java:170) ~[spring-data-commons-3.2.3.jar:3.2.3]
	at org.springframework.data.repository.core.support.RepositoryMethodInvoker.invoke(RepositoryMethodInvoker.java:158) ~[spring-data-commons-3.2.3.jar:3.2.3]
	at org.springframework.data.repository.core.support.RepositoryComposition$RepositoryFragments.invoke(RepositoryComposition.java:516) ~[spring-data-commons-3.2.3.jar:3.2.3]
	at org.springframework.data.repository.core.support.RepositoryComposition.invoke(RepositoryComposition.java:285) ~[spring-data-commons-3.2.3.jar:3.2.3]
	at org.springframework.data.repository.core.support.RepositoryFactorySupport$ImplementationMethodExecutionInterceptor.invoke(RepositoryFactorySupport.java:628) ~[spring-data-commons-3.2.3.jar:3.2.3]
	at org.springframework.aop.framework.ReflectiveMethodInvocation.proceed(ReflectiveMethodInvocation.java:184) ~[spring-aop-6.1.4.jar:6.1.4]
	at org.springframework.data.repository.core.support.QueryExecutorMethodInterceptor.doInvoke(QueryExecutorMethodInterceptor.java:168) ~[spring-data-commons-3.2.3.jar:3.2.3]
	at org.springframework.data.repository.core.support.QueryExecutorMethodInterceptor.invoke(QueryExecutorMethodInterceptor.java:143) ~[spring-data-commons-3.2.3.jar:3.2.3]
	at org.springframework.aop.framework.ReflectiveMethodInvocation.proceed(ReflectiveMethodInvocation.java:184) ~[spring-aop-6.1.4.jar:6.1.4]
	at org.springframework.data.projection.DefaultMethodInvokingMethodInterceptor.invoke(DefaultMethodInvokingMethodInterceptor.java:70) ~[spring-data-commons-3.2.3.jar:3.2.3]
	at org.springframework.aop.framework.ReflectiveMethodInvocation.proceed(ReflectiveMethodInvocation.java:184) ~[spring-aop-6.1.4.jar:6.1.4]
	at org.springframework.transaction.interceptor.TransactionInterceptor$1.proceedWithInvocation(TransactionInterceptor.java:123) ~[spring-tx-6.1.4.jar:6.1.4]
	at org.springframework.transaction.interceptor.TransactionAspectSupport.invokeWithinTransaction(TransactionAspectSupport.java:385) ~[spring-tx-6.1.4.jar:6.1.4]
	at org.springframework.transaction.interceptor.TransactionInterceptor.invoke(TransactionInterceptor.java:119) ~[spring-tx-6.1.4.jar:6.1.4]
	at org.springframework.aop.framework.ReflectiveMethodInvocation.proceed(ReflectiveMethodInvocation.java:184) ~[spring-aop-6.1.4.jar:6.1.4]
	at org.springframework.dao.support.PersistenceExceptionTranslationInterceptor.invoke(PersistenceExceptionTranslationInterceptor.java:137) ~[spring-tx-6.1.4.jar:6.1.4]
	... 57 more
2025-12-21 21:14:58.852 [http-nio-8081-exec-6] ERROR org.apache.catalina.core.ContainerBase.[Tomcat].[localhost].[/api].[dispatcherServlet] - Servlet.service() for servlet [dispatcherServlet] in context with path [/api] threw exception [Request processing failed: java.lang.RuntimeException: Error al crear cliente: could not execute statement [Duplicate entry '12345678' for key 'cliente.UK_hx9w6tpma79yxjbk83xfiw7fo'] [insert into cliente (active,apellido,codigo_pais,creation_date,email,nombre,numero_documento,password,segundo_nombre,telefono,tipo_documento,update_date,username) values (?,?,?,?,?,?,?,?,?,?,?,?,?)]; SQL [insert into cliente (active,apellido,codigo_pais,creation_date,email,nombre,numero_documento,password,segundo_nombre,telefono,tipo_documento,update_date,username) values (?,?,?,?,?,?,?,?,?,?,?,?,?)]; constraint [cliente.UK_hx9w6tpma79yxjbk83xfiw7fo]] with root cause
java.sql.SQLIntegrityConstraintViolationException: Duplicate entry '12345678' for key 'cliente.UK_hx9w6tpma79yxjbk83xfiw7fo'
	at com.mysql.cj.jdbc.exceptions.SQLError.createSQLException(SQLError.java:118) ~[mysql-connector-j-8.3.0.jar:8.3.0]
	at com.mysql.cj.jdbc.exceptions.SQLExceptionsMapping.translateException(SQLExceptionsMapping.java:122) ~[mysql-connector-j-8.3.0.jar:8.3.0]
	at com.mysql.cj.jdbc.ClientPreparedStatement.executeInternal(ClientPreparedStatement.java:912) ~[mysql-connector-j-8.3.0.jar:8.3.0]
	at com.mysql.cj.jdbc.ClientPreparedStatement.executeUpdateInternal(ClientPreparedStatement.java:1054) ~[mysql-connector-j-8.3.0.jar:8.3.0]
	at com.mysql.cj.jdbc.ClientPreparedStatement.executeUpdateInternal(ClientPreparedStatement.java:1003) ~[mysql-connector-j-8.3.0.jar:8.3.0]
	at com.mysql.cj.jdbc.ClientPreparedStatement.executeLargeUpdate(ClientPreparedStatement.java:1312) ~[mysql-connector-j-8.3.0.jar:8.3.0]
	at com.mysql.cj.jdbc.ClientPreparedStatement.executeUpdate(ClientPreparedStatement.java:988) ~[mysql-connector-j-8.3.0.jar:8.3.0]
	at com.zaxxer.hikari.pool.ProxyPreparedStatement.executeUpdate(ProxyPreparedStatement.java:61) ~[HikariCP-5.0.1.jar:?]
	at com.zaxxer.hikari.pool.HikariProxyPreparedStatement.executeUpdate(HikariProxyPreparedStatement.java) ~[HikariCP-5.0.1.jar:?]
	at org.hibernate.engine.jdbc.internal.ResultSetReturnImpl.executeUpdate(ResultSetReturnImpl.java:194) ~[hibernate-core-6.4.4.Final.jar:6.4.4.Final]
	at org.hibernate.id.insert.GetGeneratedKeysDelegate.performInsert(GetGeneratedKeysDelegate.java:107) ~[hibernate-core-6.4.4.Final.jar:6.4.4.Final]
	at org.hibernate.engine.jdbc.mutation.internal.MutationExecutorPostInsertSingleTable.execute(MutationExecutorPostInsertSingleTable.java:100) ~[hibernate-core-6.4.4.Final.jar:6.4.4.Final]
	at org.hibernate.persister.entity.mutation.InsertCoordinator.doStaticInserts(InsertCoordinator.java:175) ~[hibernate-core-6.4.4.Final.jar:6.4.4.Final]
	at org.hibernate.persister.entity.mutation.InsertCoordinator.coordinateInsert(InsertCoordinator.java:113) ~[hibernate-core-6.4.4.Final.jar:6.4.4.Final]
	at org.hibernate.persister.entity.AbstractEntityPersister.insert(AbstractEntityPersister.java:2868) ~[hibernate-core-6.4.4.Final.jar:6.4.4.Final]
	at org.hibernate.action.internal.EntityIdentityInsertAction.execute(EntityIdentityInsertAction.java:81) ~[hibernate-core-6.4.4.Final.jar:6.4.4.Final]
	at org.hibernate.engine.spi.ActionQueue.execute(ActionQueue.java:670) ~[hibernate-core-6.4.4.Final.jar:6.4.4.Final]
	at org.hibernate.engine.spi.ActionQueue.addResolvedEntityInsertAction(ActionQueue.java:291) ~[hibernate-core-6.4.4.Final.jar:6.4.4.Final]
	at org.hibernate.engine.spi.ActionQueue.addInsertAction(ActionQueue.java:272) ~[hibernate-core-6.4.4.Final.jar:6.4.4.Final]
	at org.hibernate.engine.spi.ActionQueue.addAction(ActionQueue.java:322) ~[hibernate-core-6.4.4.Final.jar:6.4.4.Final]
	at org.hibernate.event.internal.AbstractSaveEventListener.addInsertAction(AbstractSaveEventListener.java:386) ~[hibernate-core-6.4.4.Final.jar:6.4.4.Final]
	at org.hibernate.event.internal.AbstractSaveEventListener.performSaveOrReplicate(AbstractSaveEventListener.java:300) ~[hibernate-core-6.4.4.Final.jar:6.4.4.Final]
	at org.hibernate.event.internal.AbstractSaveEventListener.performSave(AbstractSaveEventListener.java:219) ~[hibernate-core-6.4.4.Final.jar:6.4.4.Final]
	at org.hibernate.event.internal.AbstractSaveEventListener.saveWithGeneratedId(AbstractSaveEventListener.java:134) ~[hibernate-core-6.4.4.Final.jar:6.4.4.Final]
	at org.hibernate.event.internal.DefaultPersistEventListener.entityIsTransient(DefaultPersistEventListener.java:175) ~[hibernate-core-6.4.4.Final.jar:6.4.4.Final]
	at org.hibernate.event.internal.DefaultPersistEventListener.persist(DefaultPersistEventListener.java:93) ~[hibernate-core-6.4.4.Final.jar:6.4.4.Final]
	at org.hibernate.event.internal.DefaultPersistEventListener.onPersist(DefaultPersistEventListener.java:77) ~[hibernate-core-6.4.4.Final.jar:6.4.4.Final]
	at org.hibernate.event.internal.DefaultPersistEventListener.onPersist(DefaultPersistEventListener.java:54) ~[hibernate-core-6.4.4.Final.jar:6.4.4.Final]
	at org.hibernate.event.service.internal.EventListenerGroupImpl.fireEventOnEachListener(EventListenerGroupImpl.java:127) ~[hibernate-core-6.4.4.Final.jar:6.4.4.Final]
	at org.hibernate.internal.SessionImpl.firePersist(SessionImpl.java:754) ~[hibernate-core-6.4.4.Final.jar:6.4.4.Final]
	at org.hibernate.internal.SessionImpl.persist(SessionImpl.java:738) ~[hibernate-core-6.4.4.Final.jar:6.4.4.Final]
	at java.base/jdk.internal.reflect.DirectMethodHandleAccessor.invoke(DirectMethodHandleAccessor.java:104) ~[?:?]
	at java.base/java.lang.reflect.Method.invoke(Method.java:565) ~[?:?]
	at org.springframework.orm.jpa.ExtendedEntityManagerCreator$ExtendedEntityManagerInvocationHandler.invoke(ExtendedEntityManagerCreator.java:364) ~[spring-orm-6.1.4.jar:6.1.4]
	at jdk.proxy2/jdk.proxy2.$Proxy150.persist(Unknown Source) ~[?:?]
	at java.base/jdk.internal.reflect.DirectMethodHandleAccessor.invoke(DirectMethodHandleAccessor.java:104) ~[?:?]
	at java.base/java.lang.reflect.Method.invoke(Method.java:565) ~[?:?]
	at org.springframework.orm.jpa.SharedEntityManagerCreator$SharedEntityManagerInvocationHandler.invoke(SharedEntityManagerCreator.java:319) ~[spring-orm-6.1.4.jar:6.1.4]
	at jdk.proxy2/jdk.proxy2.$Proxy150.persist(Unknown Source) ~[?:?]
	at org.springframework.data.jpa.repository.support.SimpleJpaRepository.save(SimpleJpaRepository.java:618) ~[spring-data-jpa-3.2.3.jar:3.2.3]
	at java.base/jdk.internal.reflect.DirectMethodHandleAccessor.invoke(DirectMethodHandleAccessor.java:104) ~[?:?]
	at java.base/java.lang.reflect.Method.invoke(Method.java:565) ~[?:?]
	at org.springframework.aop.support.AopUtils.invokeJoinpointUsingReflection(AopUtils.java:351) ~[spring-aop-6.1.4.jar:6.1.4]
	at org.springframework.data.repository.core.support.RepositoryMethodInvoker$RepositoryFragmentMethodInvoker.lambda$new$0(RepositoryMethodInvoker.java:277) ~[spring-data-commons-3.2.3.jar:3.2.3]
	at org.springframework.data.repository.core.support.RepositoryMethodInvoker.doInvoke(RepositoryMethodInvoker.java:170) ~[spring-data-commons-3.2.3.jar:3.2.3]
	at org.springframework.data.repository.core.support.RepositoryMethodInvoker.invoke(RepositoryMethodInvoker.java:158) ~[spring-data-commons-3.2.3.jar:3.2.3]
	at org.springframework.data.repository.core.support.RepositoryComposition$RepositoryFragments.invoke(RepositoryComposition.java:516) ~[spring-data-commons-3.2.3.jar:3.2.3]
	at org.springframework.data.repository.core.support.RepositoryComposition.invoke(RepositoryComposition.java:285) ~[spring-data-commons-3.2.3.jar:3.2.3]
	at org.springframework.data.repository.core.support.RepositoryFactorySupport$ImplementationMethodExecutionInterceptor.invoke(RepositoryFactorySupport.java:628) ~[spring-data-commons-3.2.3.jar:3.2.3]
	at org.springframework.aop.framework.ReflectiveMethodInvocation.proceed(ReflectiveMethodInvocation.java:184) ~[spring-aop-6.1.4.jar:6.1.4]
	at org.springframework.data.repository.core.support.QueryExecutorMethodInterceptor.doInvoke(QueryExecutorMethodInterceptor.java:168) ~[spring-data-commons-3.2.3.jar:3.2.3]
	at org.springframework.data.repository.core.support.QueryExecutorMethodInterceptor.invoke(QueryExecutorMethodInterceptor.java:143) ~[spring-data-commons-3.2.3.jar:3.2.3]
	at org.springframework.aop.framework.ReflectiveMethodInvocation.proceed(ReflectiveMethodInvocation.java:184) ~[spring-aop-6.1.4.jar:6.1.4]
	at org.springframework.data.projection.DefaultMethodInvokingMethodInterceptor.invoke(DefaultMethodInvokingMethodInterceptor.java:70) ~[spring-data-commons-3.2.3.jar:3.2.3]
	at org.springframework.aop.framework.ReflectiveMethodInvocation.proceed(ReflectiveMethodInvocation.java:184) ~[spring-aop-6.1.4.jar:6.1.4]
	at org.springframework.transaction.interceptor.TransactionInterceptor$1.proceedWithInvocation(TransactionInterceptor.java:123) ~[spring-tx-6.1.4.jar:6.1.4]
	at org.springframework.transaction.interceptor.TransactionAspectSupport.invokeWithinTransaction(TransactionAspectSupport.java:385) ~[spring-tx-6.1.4.jar:6.1.4]
	at org.springframework.transaction.interceptor.TransactionInterceptor.invoke(TransactionInterceptor.java:119) ~[spring-tx-6.1.4.jar:6.1.4]
	at org.springframework.aop.framework.ReflectiveMethodInvocation.proceed(ReflectiveMethodInvocation.java:184) ~[spring-aop-6.1.4.jar:6.1.4]
	at org.springframework.dao.support.PersistenceExceptionTranslationInterceptor.invoke(PersistenceExceptionTranslationInterceptor.java:137) ~[spring-tx-6.1.4.jar:6.1.4]
	at org.springframework.aop.framework.ReflectiveMethodInvocation.proceed(ReflectiveMethodInvocation.java:184) ~[spring-aop-6.1.4.jar:6.1.4]
	at org.springframework.data.jpa.repository.support.CrudMethodMetadataPostProcessor$CrudMethodMetadataPopulatingMethodInterceptor.invoke(CrudMethodMetadataPostProcessor.java:164) ~[spring-data-jpa-3.2.3.jar:3.2.3]
	at org.springframework.aop.framework.ReflectiveMethodInvocation.proceed(ReflectiveMethodInvocation.java:184) ~[spring-aop-6.1.4.jar:6.1.4]
	at org.springframework.aop.interceptor.ExposeInvocationInterceptor.invoke(ExposeInvocationInterceptor.java:97) ~[spring-aop-6.1.4.jar:6.1.4]
	at org.springframework.aop.framework.ReflectiveMethodInvocation.proceed(ReflectiveMethodInvocation.java:184) ~[spring-aop-6.1.4.jar:6.1.4]
	at org.springframework.aop.framework.JdkDynamicAopProxy.invoke(JdkDynamicAopProxy.java:220) ~[spring-aop-6.1.4.jar:6.1.4]
	at jdk.proxy2/jdk.proxy2.$Proxy165.save(Unknown Source) ~[?:?]
	at com.dp1.backend.services.ClienteService.createCliente(ClienteService.java:34) ~[classes/:?]
	at com.dp1.backend.controllers.ClienteController.createCliente(ClienteController.java:42) ~[classes/:?]
	at java.base/jdk.internal.reflect.DirectMethodHandleAccessor.invoke(DirectMethodHandleAccessor.java:104) ~[?:?]
	at java.base/java.lang.reflect.Method.invoke(Method.java:565) ~[?:?]
	at org.springframework.web.method.support.InvocableHandlerMethod.doInvoke(InvocableHandlerMethod.java:259) ~[spring-web-6.1.4.jar:6.1.4]
	at org.springframework.web.method.support.InvocableHandlerMethod.invokeForRequest(InvocableHandlerMethod.java:192) ~[spring-web-6.1.4.jar:6.1.4]
	at org.springframework.web.servlet.mvc.method.annotation.ServletInvocableHandlerMethod.invokeAndHandle(ServletInvocableHandlerMethod.java:118) ~[spring-webmvc-6.1.4.jar:6.1.4]
	at org.springframework.web.servlet.mvc.method.annotation.RequestMappingHandlerAdapter.invokeHandlerMethod(RequestMappingHandlerAdapter.java:920) ~[spring-webmvc-6.1.4.jar:6.1.4]
	at org.springframework.web.servlet.mvc.method.annotation.RequestMappingHandlerAdapter.handleInternal(RequestMappingHandlerAdapter.java:830) ~[spring-webmvc-6.1.4.jar:6.1.4]
	at org.springframework.web.servlet.mvc.method.AbstractHandlerMethodAdapter.handle(AbstractHandlerMethodAdapter.java:87) ~[spring-webmvc-6.1.4.jar:6.1.4]
	at org.springframework.web.servlet.DispatcherServlet.doDispatch(DispatcherServlet.java:1089) ~[spring-webmvc-6.1.4.jar:6.1.4]
	at org.springframework.web.servlet.DispatcherServlet.doService(DispatcherServlet.java:979) ~[spring-webmvc-6.1.4.jar:6.1.4]
	at org.springframework.web.servlet.FrameworkServlet.processRequest(FrameworkServlet.java:1014) ~[spring-webmvc-6.1.4.jar:6.1.4]
	at org.springframework.web.servlet.FrameworkServlet.doPost(FrameworkServlet.java:914) ~[spring-webmvc-6.1.4.jar:6.1.4]
	at jakarta.servlet.http.HttpServlet.service(HttpServlet.java:590) ~[tomcat-embed-core-10.1.19.jar:6.0]
	at org.springframework.web.servlet.FrameworkServlet.service(FrameworkServlet.java:885) ~[spring-webmvc-6.1.4.jar:6.1.4]
	at jakarta.servlet.http.HttpServlet.service(HttpServlet.java:658) ~[tomcat-embed-core-10.1.19.jar:6.0]
	at org.apache.catalina.core.ApplicationFilterChain.internalDoFilter(ApplicationFilterChain.java:205) ~[tomcat-embed-core-10.1.19.jar:10.1.19]
	at org.apache.catalina.core.ApplicationFilterChain.doFilter(ApplicationFilterChain.java:149) ~[tomcat-embed-core-10.1.19.jar:10.1.19]
	at org.apache.tomcat.websocket.server.WsFilter.doFilter(WsFilter.java:51) ~[tomcat-embed-websocket-10.1.19.jar:10.1.19]
	at org.apache.catalina.core.ApplicationFilterChain.internalDoFilter(ApplicationFilterChain.java:174) ~[tomcat-embed-core-10.1.19.jar:10.1.19]
	at org.apache.catalina.core.ApplicationFilterChain.doFilter(ApplicationFilterChain.java:149) ~[tomcat-embed-core-10.1.19.jar:10.1.19]
	at org.springframework.web.filter.RequestContextFilter.doFilterInternal(RequestContextFilter.java:100) ~[spring-web-6.1.4.jar:6.1.4]
	at org.springframework.web.filter.OncePerRequestFilter.doFilter(OncePerRequestFilter.java:116) ~[spring-web-6.1.4.jar:6.1.4]
	at org.apache.catalina.core.ApplicationFilterChain.internalDoFilter(ApplicationFilterChain.java:174) ~[tomcat-embed-core-10.1.19.jar:10.1.19]
	at org.apache.catalina.core.ApplicationFilterChain.doFilter(ApplicationFilterChain.java:149) ~[tomcat-embed-core-10.1.19.jar:10.1.19]
	at org.springframework.web.filter.FormContentFilter.doFilterInternal(FormContentFilter.java:93) ~[spring-web-6.1.4.jar:6.1.4]
	at org.springframework.web.filter.OncePerRequestFilter.doFilter(OncePerRequestFilter.java:116) ~[spring-web-6.1.4.jar:6.1.4]
	at org.apache.catalina.core.ApplicationFilterChain.internalDoFilter(ApplicationFilterChain.java:174) ~[tomcat-embed-core-10.1.19.jar:10.1.19]
	at org.apache.catalina.core.ApplicationFilterChain.doFilter(ApplicationFilterChain.java:149) ~[tomcat-embed-core-10.1.19.jar:10.1.19]
	at org.springframework.web.filter.CharacterEncodingFilter.doFilterInternal(CharacterEncodingFilter.java:201) ~[spring-web-6.1.4.jar:6.1.4]
	at org.springframework.web.filter.OncePerRequestFilter.doFilter(OncePerRequestFilter.java:116) ~[spring-web-6.1.4.jar:6.1.4]
	at org.apache.catalina.core.ApplicationFilterChain.internalDoFilter(ApplicationFilterChain.java:174) ~[tomcat-embed-core-10.1.19.jar:10.1.19]
	at org.apache.catalina.core.ApplicationFilterChain.doFilter(ApplicationFilterChain.java:149) ~[tomcat-embed-core-10.1.19.jar:10.1.19]
	at org.apache.catalina.core.StandardWrapperValve.invoke(StandardWrapperValve.java:167) [tomcat-embed-core-10.1.19.jar:10.1.19]
	at org.apache.catalina.core.StandardContextValve.invoke(StandardContextValve.java:90) [tomcat-embed-core-10.1.19.jar:10.1.19]
	at org.apache.catalina.authenticator.AuthenticatorBase.invoke(AuthenticatorBase.java:482) [tomcat-embed-core-10.1.19.jar:10.1.19]
	at org.apache.catalina.core.StandardHostValve.invoke(StandardHostValve.java:115) [tomcat-embed-core-10.1.19.jar:10.1.19]
	at org.apache.catalina.valves.ErrorReportValve.invoke(ErrorReportValve.java:93) [tomcat-embed-core-10.1.19.jar:10.1.19]
	at org.apache.catalina.core.StandardEngineValve.invoke(StandardEngineValve.java:74) [tomcat-embed-core-10.1.19.jar:10.1.19]
	at org.apache.catalina.connector.CoyoteAdapter.service(CoyoteAdapter.java:344) [tomcat-embed-core-10.1.19.jar:10.1.19]
	at org.apache.coyote.http11.Http11Processor.service(Http11Processor.java:391) [tomcat-embed-core-10.1.19.jar:10.1.19]
	at org.apache.coyote.AbstractProcessorLight.process(AbstractProcessorLight.java:63) [tomcat-embed-core-10.1.19.jar:10.1.19]
	at org.apache.coyote.AbstractProtocol$ConnectionHandler.process(AbstractProtocol.java:896) [tomcat-embed-core-10.1.19.jar:10.1.19]
	at org.apache.tomcat.util.net.NioEndpoint$SocketProcessor.doRun(NioEndpoint.java:1744) [tomcat-embed-core-10.1.19.jar:10.1.19]
	at org.apache.tomcat.util.net.SocketProcessorBase.run(SocketProcessorBase.java:52) [tomcat-embed-core-10.1.19.jar:10.1.19]
	at org.apache.tomcat.util.threads.ThreadPoolExecutor.runWorker(ThreadPoolExecutor.java:1191) [tomcat-embed-core-10.1.19.jar:10.1.19]
	at org.apache.tomcat.util.threads.ThreadPoolExecutor$Worker.run(ThreadPoolExecutor.java:659) [tomcat-embed-core-10.1.19.jar:10.1.19]
	at org.apache.tomcat.util.threads.TaskThread$WrappingRunnable.run(TaskThread.java:63) [tomcat-embed-core-10.1.19.jar:10.1.19]
	at java.base/java.lang.Thread.run(Thread.java:1447) [?:?]
2025-12-21 21:15:02.767 [http-nio-8081-exec-10] INFO  com.dp1.backend.handlers.SocketConnectionHandler - Enviando # de vuelos en el aire: 44
2025-12-21 21:15:08.772 [http-nio-8081-exec-6] INFO  com.dp1.backend.handlers.SocketConnectionHandler - Enviando # de vuelos en el aire: 46
2025-12-21 21:15:14.761 [http-nio-8081-exec-3] INFO  com.dp1.backend.handlers.SocketConnectionHandler - Enviando # de vuelos en el aire: 49
2025-12-21 21:15:20.772 [http-nio-8081-exec-7] INFO  com.dp1.backend.handlers.SocketConnectionHandler - Enviando # de vuelos en el aire: 60
2025-12-21 21:15:26.762 [http-nio-8081-exec-2] INFO  com.dp1.backend.handlers.SocketConnectionHandler - Enviando # de vuelos en el aire: 52
2025-12-21 21:15:28.763 [http-nio-8081-exec-6] INFO  com.dp1.backend.services.ACOService - Desde - hasta: 2025-12-22T09:30:22-05:00[America/Lima] - 2025-12-22T12:30:22-05:00[America/Lima]
2025-12-21 21:15:28.781 [http-nio-8081-exec-6] INFO  com.dp1.backend.services.ACOService - Ejecutando ACO para: 
2025-12-21 21:15:28.782 [http-nio-8081-exec-6] INFO  com.dp1.backend.services.ACOService - Aeropuertos: 30
2025-12-21 21:15:28.782 [http-nio-8081-exec-6] INFO  com.dp1.backend.services.ACOService - Vuelos: 2866
2025-12-21 21:15:28.782 [http-nio-8081-exec-6] INFO  com.dp1.backend.services.ACOService - Envios: 743
2025-12-21 21:15:28.782 [http-nio-8081-exec-6] INFO  com.dp1.backend.services.ACOService - Paquetes: 1198
2025-12-21 21:15:34.374 [http-nio-8081-exec-6] INFO  com.dp1.backend.services.ACOService - Tiempo de ejecución: 5591 ms
2025-12-21 21:15:34.408 [http-nio-8081-exec-6] INFO  com.dp1.backend.services.ACOService - Paquetes entregados con función André: 1191
2025-12-21 21:15:34.478 [http-nio-8081-exec-6] INFO  com.dp1.backend.handlers.SocketConnectionHandler - Enviando resultado del algoritmo 'para los vuelos en el aire'
2025-12-21 21:15:34.485 [http-nio-8081-exec-6] INFO  com.dp1.backend.handlers.SocketConnectionHandler - Enviando # de vuelos en el aire: 51
2025-12-21 21:15:38.760 [http-nio-8081-exec-8] INFO  com.dp1.backend.handlers.SocketConnectionHandler - Enviando # de vuelos en el aire: 42
2025-12-21 21:15:44.760 [http-nio-8081-exec-4] INFO  com.dp1.backend.handlers.SocketConnectionHandler - Enviando # de vuelos en el aire: 43
2025-12-21 21:15:50.767 [http-nio-8081-exec-2] INFO  com.dp1.backend.handlers.SocketConnectionHandler - Enviando # de vuelos en el aire: 46
2025-12-21 21:15:56.767 [http-nio-8081-exec-3] INFO  com.dp1.backend.handlers.SocketConnectionHandler - Enviando # de vuelos en el aire: 45
2025-12-21 21:16:03.276 [http-nio-8081-exec-1] INFO  com.dp1.backend.handlers.SocketConnectionHandler - Enviando # de vuelos en el aire: 47
2025-12-21 21:16:09.285 [http-nio-8081-exec-1] INFO  com.dp1.backend.handlers.SocketConnectionHandler - Enviando # de vuelos en el aire: 49
2025-12-21 21:16:15.278 [http-nio-8081-exec-10] INFO  com.dp1.backend.handlers.SocketConnectionHandler - Enviando # de vuelos en el aire: 47
2025-12-21 21:16:15.279 [http-nio-8081-exec-10] INFO  com.dp1.backend.services.ACOService - Desde - hasta: 2025-12-22T12:34:22-05:00[America/Lima] - 2025-12-22T15:34:22-05:00[America/Lima]
2025-12-21 21:16:15.304 [http-nio-8081-exec-10] INFO  com.dp1.backend.services.ACOService - Ejecutando ACO para: 
2025-12-21 21:16:15.304 [http-nio-8081-exec-10] INFO  com.dp1.backend.services.ACOService - Aeropuertos: 30
2025-12-21 21:16:15.305 [http-nio-8081-exec-10] INFO  com.dp1.backend.services.ACOService - Vuelos: 2866
2025-12-21 21:16:15.306 [http-nio-8081-exec-10] INFO  com.dp1.backend.services.ACOService - Envios: 407
2025-12-21 21:16:15.307 [http-nio-8081-exec-10] INFO  com.dp1.backend.services.ACOService - Paquetes: 646
2025-12-21 21:16:18.547 [http-nio-8081-exec-10] INFO  com.dp1.backend.services.ACOService - Tiempo de ejecución: 3240 ms
2025-12-21 21:16:18.565 [http-nio-8081-exec-10] INFO  com.dp1.backend.services.ACOService - Paquetes entregados con función André: 640
2025-12-21 21:16:18.627 [http-nio-8081-exec-10] INFO  com.dp1.backend.handlers.SocketConnectionHandler - Enviando resultado del algoritmo 'para los vuelos en el aire'
2025-12-21 21:16:21.280 [http-nio-8081-exec-1] INFO  com.dp1.backend.handlers.SocketConnectionHandler - Enviando # de vuelos en el aire: 52
2025-12-21 21:16:27.281 [http-nio-8081-exec-3] INFO  com.dp1.backend.handlers.SocketConnectionHandler - Enviando # de vuelos en el aire: 46
2025-12-21 21:16:33.280 [http-nio-8081-exec-10] INFO  com.dp1.backend.handlers.SocketConnectionHandler - Enviando # de vuelos en el aire: 57
2025-12-21 21:16:39.283 [http-nio-8081-exec-7] INFO  com.dp1.backend.handlers.SocketConnectionHandler - Enviando # de vuelos en el aire: 56
2025-12-21 21:16:45.281 [http-nio-8081-exec-6] INFO  com.dp1.backend.handlers.SocketConnectionHandler - Enviando # de vuelos en el aire: 53
2025-12-21 21:16:51.283 [http-nio-8081-exec-1] INFO  com.dp1.backend.handlers.SocketConnectionHandler - Enviando # de vuelos en el aire: 45
2025-12-21 21:17:16.286 [http-nio-8081-exec-8] INFO  com.dp1.backend.handlers.SocketConnectionHandler - Enviando # de vuelos en el aire: 51
2025-12-21 21:17:35.731 [http-nio-8081-exec-2] INFO  com.dp1.backend.services.ClienteService - Cliente ya existe con email: commuconnect.ingesoft@gmail.com - Devolviendo cliente existente con ID: 13
2025-12-21 21:17:35.826 [http-nio-8081-exec-6] INFO  com.dp1.backend.services.ClienteService - Creando cliente con datos: brs ascd fergegr@mp.com 
2025-12-21 21:17:35.834 [http-nio-8081-exec-6] WARN  org.hibernate.engine.jdbc.spi.SqlExceptionHelper - SQL Error: 1062, SQLState: 23000
2025-12-21 21:17:35.835 [http-nio-8081-exec-6] ERROR org.hibernate.engine.jdbc.spi.SqlExceptionHelper - Duplicate entry '12345678' for key 'cliente.UK_hx9w6tpma79yxjbk83xfiw7fo'
2025-12-21 21:17:35.841 [http-nio-8081-exec-6] ERROR com.dp1.backend.services.ClienteService - Error al crear cliente: could not execute statement [Duplicate entry '12345678' for key 'cliente.UK_hx9w6tpma79yxjbk83xfiw7fo'] [insert into cliente (active,apellido,codigo_pais,creation_date,email,nombre,numero_documento,password,segundo_nombre,telefono,tipo_documento,update_date,username) values (?,?,?,?,?,?,?,?,?,?,?,?,?)]; SQL [insert into cliente (active,apellido,codigo_pais,creation_date,email,nombre,numero_documento,password,segundo_nombre,telefono,tipo_documento,update_date,username) values (?,?,?,?,?,?,?,?,?,?,?,?,?)]; constraint [cliente.UK_hx9w6tpma79yxjbk83xfiw7fo]
org.springframework.dao.DataIntegrityViolationException: could not execute statement [Duplicate entry '12345678' for key 'cliente.UK_hx9w6tpma79yxjbk83xfiw7fo'] [insert into cliente (active,apellido,codigo_pais,creation_date,email,nombre,numero_documento,password,segundo_nombre,telefono,tipo_documento,update_date,username) values (?,?,?,?,?,?,?,?,?,?,?,?,?)]; SQL [insert into cliente (active,apellido,codigo_pais,creation_date,email,nombre,numero_documento,password,segundo_nombre,telefono,tipo_documento,update_date,username) values (?,?,?,?,?,?,?,?,?,?,?,?,?)]; constraint [cliente.UK_hx9w6tpma79yxjbk83xfiw7fo]
	at org.springframework.orm.jpa.vendor.HibernateJpaDialect.convertHibernateAccessException(HibernateJpaDialect.java:290) ~[spring-orm-6.1.4.jar:6.1.4]
	at org.springframework.orm.jpa.vendor.HibernateJpaDialect.translateExceptionIfPossible(HibernateJpaDialect.java:241) ~[spring-orm-6.1.4.jar:6.1.4]
	at org.springframework.orm.jpa.AbstractEntityManagerFactoryBean.translateExceptionIfPossible(AbstractEntityManagerFactoryBean.java:550) ~[spring-orm-6.1.4.jar:6.1.4]
	at org.springframework.dao.support.ChainedPersistenceExceptionTranslator.translateExceptionIfPossible(ChainedPersistenceExceptionTranslator.java:61) ~[spring-tx-6.1.4.jar:6.1.4]
	at org.springframework.dao.support.DataAccessUtils.translateIfNecessary(DataAccessUtils.java:335) ~[spring-tx-6.1.4.jar:6.1.4]
	at org.springframework.dao.support.PersistenceExceptionTranslationInterceptor.invoke(PersistenceExceptionTranslationInterceptor.java:152) ~[spring-tx-6.1.4.jar:6.1.4]
	at org.springframework.aop.framework.ReflectiveMethodInvocation.proceed(ReflectiveMethodInvocation.java:184) ~[spring-aop-6.1.4.jar:6.1.4]
	at org.springframework.data.jpa.repository.support.CrudMethodMetadataPostProcessor$CrudMethodMetadataPopulatingMethodInterceptor.invoke(CrudMethodMetadataPostProcessor.java:164) ~[spring-data-jpa-3.2.3.jar:3.2.3]
	at org.springframework.aop.framework.ReflectiveMethodInvocation.proceed(ReflectiveMethodInvocation.java:184) ~[spring-aop-6.1.4.jar:6.1.4]
	at org.springframework.aop.interceptor.ExposeInvocationInterceptor.invoke(ExposeInvocationInterceptor.java:97) ~[spring-aop-6.1.4.jar:6.1.4]
	at org.springframework.aop.framework.ReflectiveMethodInvocation.proceed(ReflectiveMethodInvocation.java:184) ~[spring-aop-6.1.4.jar:6.1.4]
	at org.springframework.aop.framework.JdkDynamicAopProxy.invoke(JdkDynamicAopProxy.java:220) ~[spring-aop-6.1.4.jar:6.1.4]
	at jdk.proxy2/jdk.proxy2.$Proxy165.save(Unknown Source) ~[?:?]
	at com.dp1.backend.services.ClienteService.createCliente(ClienteService.java:34) [classes/:?]
	at com.dp1.backend.controllers.ClienteController.createCliente(ClienteController.java:42) [classes/:?]
	at java.base/jdk.internal.reflect.DirectMethodHandleAccessor.invoke(DirectMethodHandleAccessor.java:104) ~[?:?]
	at java.base/java.lang.reflect.Method.invoke(Method.java:565) ~[?:?]
	at org.springframework.web.method.support.InvocableHandlerMethod.doInvoke(InvocableHandlerMethod.java:259) [spring-web-6.1.4.jar:6.1.4]
	at org.springframework.web.method.support.InvocableHandlerMethod.invokeForRequest(InvocableHandlerMethod.java:192) [spring-web-6.1.4.jar:6.1.4]
	at org.springframework.web.servlet.mvc.method.annotation.ServletInvocableHandlerMethod.invokeAndHandle(ServletInvocableHandlerMethod.java:118) [spring-webmvc-6.1.4.jar:6.1.4]
	at org.springframework.web.servlet.mvc.method.annotation.RequestMappingHandlerAdapter.invokeHandlerMethod(RequestMappingHandlerAdapter.java:920) [spring-webmvc-6.1.4.jar:6.1.4]
	at org.springframework.web.servlet.mvc.method.annotation.RequestMappingHandlerAdapter.handleInternal(RequestMappingHandlerAdapter.java:830) [spring-webmvc-6.1.4.jar:6.1.4]
	at org.springframework.web.servlet.mvc.method.AbstractHandlerMethodAdapter.handle(AbstractHandlerMethodAdapter.java:87) [spring-webmvc-6.1.4.jar:6.1.4]
	at org.springframework.web.servlet.DispatcherServlet.doDispatch(DispatcherServlet.java:1089) [spring-webmvc-6.1.4.jar:6.1.4]
	at org.springframework.web.servlet.DispatcherServlet.doService(DispatcherServlet.java:979) [spring-webmvc-6.1.4.jar:6.1.4]
	at org.springframework.web.servlet.FrameworkServlet.processRequest(FrameworkServlet.java:1014) [spring-webmvc-6.1.4.jar:6.1.4]
	at org.springframework.web.servlet.FrameworkServlet.doPost(FrameworkServlet.java:914) [spring-webmvc-6.1.4.jar:6.1.4]
	at jakarta.servlet.http.HttpServlet.service(HttpServlet.java:590) [tomcat-embed-core-10.1.19.jar:6.0]
	at org.springframework.web.servlet.FrameworkServlet.service(FrameworkServlet.java:885) [spring-webmvc-6.1.4.jar:6.1.4]
	at jakarta.servlet.http.HttpServlet.service(HttpServlet.java:658) [tomcat-embed-core-10.1.19.jar:6.0]
	at org.apache.catalina.core.ApplicationFilterChain.internalDoFilter(ApplicationFilterChain.java:205) [tomcat-embed-core-10.1.19.jar:10.1.19]
	at org.apache.catalina.core.ApplicationFilterChain.doFilter(ApplicationFilterChain.java:149) [tomcat-embed-core-10.1.19.jar:10.1.19]
	at org.apache.tomcat.websocket.server.WsFilter.doFilter(WsFilter.java:51) [tomcat-embed-websocket-10.1.19.jar:10.1.19]
	at org.apache.catalina.core.ApplicationFilterChain.internalDoFilter(ApplicationFilterChain.java:174) [tomcat-embed-core-10.1.19.jar:10.1.19]
	at org.apache.catalina.core.ApplicationFilterChain.doFilter(ApplicationFilterChain.java:149) [tomcat-embed-core-10.1.19.jar:10.1.19]
	at org.springframework.web.filter.RequestContextFilter.doFilterInternal(RequestContextFilter.java:100) [spring-web-6.1.4.jar:6.1.4]
	at org.springframework.web.filter.OncePerRequestFilter.doFilter(OncePerRequestFilter.java:116) [spring-web-6.1.4.jar:6.1.4]
	at org.apache.catalina.core.ApplicationFilterChain.internalDoFilter(ApplicationFilterChain.java:174) [tomcat-embed-core-10.1.19.jar:10.1.19]
	at org.apache.catalina.core.ApplicationFilterChain.doFilter(ApplicationFilterChain.java:149) [tomcat-embed-core-10.1.19.jar:10.1.19]
	at org.springframework.web.filter.FormContentFilter.doFilterInternal(FormContentFilter.java:93) [spring-web-6.1.4.jar:6.1.4]
	at org.springframework.web.filter.OncePerRequestFilter.doFilter(OncePerRequestFilter.java:116) [spring-web-6.1.4.jar:6.1.4]
	at org.apache.catalina.core.ApplicationFilterChain.internalDoFilter(ApplicationFilterChain.java:174) [tomcat-embed-core-10.1.19.jar:10.1.19]
	at org.apache.catalina.core.ApplicationFilterChain.doFilter(ApplicationFilterChain.java:149) [tomcat-embed-core-10.1.19.jar:10.1.19]
	at org.springframework.web.filter.CharacterEncodingFilter.doFilterInternal(CharacterEncodingFilter.java:201) [spring-web-6.1.4.jar:6.1.4]
	at org.springframework.web.filter.OncePerRequestFilter.doFilter(OncePerRequestFilter.java:116) [spring-web-6.1.4.jar:6.1.4]
	at org.apache.catalina.core.ApplicationFilterChain.internalDoFilter(ApplicationFilterChain.java:174) [tomcat-embed-core-10.1.19.jar:10.1.19]
	at org.apache.catalina.core.ApplicationFilterChain.doFilter(ApplicationFilterChain.java:149) [tomcat-embed-core-10.1.19.jar:10.1.19]
	at org.apache.catalina.core.StandardWrapperValve.invoke(StandardWrapperValve.java:167) [tomcat-embed-core-10.1.19.jar:10.1.19]
	at org.apache.catalina.core.StandardContextValve.invoke(StandardContextValve.java:90) [tomcat-embed-core-10.1.19.jar:10.1.19]
	at org.apache.catalina.authenticator.AuthenticatorBase.invoke(AuthenticatorBase.java:482) [tomcat-embed-core-10.1.19.jar:10.1.19]
	at org.apache.catalina.core.StandardHostValve.invoke(StandardHostValve.java:115) [tomcat-embed-core-10.1.19.jar:10.1.19]
	at org.apache.catalina.valves.ErrorReportValve.invoke(ErrorReportValve.java:93) [tomcat-embed-core-10.1.19.jar:10.1.19]
	at org.apache.catalina.core.StandardEngineValve.invoke(StandardEngineValve.java:74) [tomcat-embed-core-10.1.19.jar:10.1.19]
	at org.apache.catalina.connector.CoyoteAdapter.service(CoyoteAdapter.java:344) [tomcat-embed-core-10.1.19.jar:10.1.19]
	at org.apache.coyote.http11.Http11Processor.service(Http11Processor.java:391) [tomcat-embed-core-10.1.19.jar:10.1.19]
	at org.apache.coyote.AbstractProcessorLight.process(AbstractProcessorLight.java:63) [tomcat-embed-core-10.1.19.jar:10.1.19]
	at org.apache.coyote.AbstractProtocol$ConnectionHandler.process(AbstractProtocol.java:896) [tomcat-embed-core-10.1.19.jar:10.1.19]
	at org.apache.tomcat.util.net.NioEndpoint$SocketProcessor.doRun(NioEndpoint.java:1744) [tomcat-embed-core-10.1.19.jar:10.1.19]
	at org.apache.tomcat.util.net.SocketProcessorBase.run(SocketProcessorBase.java:52) [tomcat-embed-core-10.1.19.jar:10.1.19]
	at org.apache.tomcat.util.threads.ThreadPoolExecutor.runWorker(ThreadPoolExecutor.java:1191) [tomcat-embed-core-10.1.19.jar:10.1.19]
	at org.apache.tomcat.util.threads.ThreadPoolExecutor$Worker.run(ThreadPoolExecutor.java:659) [tomcat-embed-core-10.1.19.jar:10.1.19]
	at org.apache.tomcat.util.threads.TaskThread$WrappingRunnable.run(TaskThread.java:63) [tomcat-embed-core-10.1.19.jar:10.1.19]
	at java.base/java.lang.Thread.run(Thread.java:1447) [?:?]
Caused by: org.hibernate.exception.ConstraintViolationException: could not execute statement [Duplicate entry '12345678' for key 'cliente.UK_hx9w6tpma79yxjbk83xfiw7fo'] [insert into cliente (active,apellido,codigo_pais,creation_date,email,nombre,numero_documento,password,segundo_nombre,telefono,tipo_documento,update_date,username) values (?,?,?,?,?,?,?,?,?,?,?,?,?)]
	at org.hibernate.exception.internal.SQLExceptionTypeDelegate.convert(SQLExceptionTypeDelegate.java:62) ~[hibernate-core-6.4.4.Final.jar:6.4.4.Final]
	at org.hibernate.exception.internal.StandardSQLExceptionConverter.convert(StandardSQLExceptionConverter.java:58) ~[hibernate-core-6.4.4.Final.jar:6.4.4.Final]
	at org.hibernate.engine.jdbc.spi.SqlExceptionHelper.convert(SqlExceptionHelper.java:108) ~[hibernate-core-6.4.4.Final.jar:6.4.4.Final]
	at org.hibernate.engine.jdbc.internal.ResultSetReturnImpl.executeUpdate(ResultSetReturnImpl.java:197) ~[hibernate-core-6.4.4.Final.jar:6.4.4.Final]
	at org.hibernate.id.insert.GetGeneratedKeysDelegate.performInsert(GetGeneratedKeysDelegate.java:107) ~[hibernate-core-6.4.4.Final.jar:6.4.4.Final]
	at org.hibernate.engine.jdbc.mutation.internal.MutationExecutorPostInsertSingleTable.execute(MutationExecutorPostInsertSingleTable.java:100) ~[hibernate-core-6.4.4.Final.jar:6.4.4.Final]
	at org.hibernate.persister.entity.mutation.InsertCoordinator.doStaticInserts(InsertCoordinator.java:175) ~[hibernate-core-6.4.4.Final.jar:6.4.4.Final]
	at org.hibernate.persister.entity.mutation.InsertCoordinator.coordinateInsert(InsertCoordinator.java:113) ~[hibernate-core-6.4.4.Final.jar:6.4.4.Final]
	at org.hibernate.persister.entity.AbstractEntityPersister.insert(AbstractEntityPersister.java:2868) ~[hibernate-core-6.4.4.Final.jar:6.4.4.Final]
	at org.hibernate.action.internal.EntityIdentityInsertAction.execute(EntityIdentityInsertAction.java:81) ~[hibernate-core-6.4.4.Final.jar:6.4.4.Final]
	at org.hibernate.engine.spi.ActionQueue.execute(ActionQueue.java:670) ~[hibernate-core-6.4.4.Final.jar:6.4.4.Final]
	at org.hibernate.engine.spi.ActionQueue.addResolvedEntityInsertAction(ActionQueue.java:291) ~[hibernate-core-6.4.4.Final.jar:6.4.4.Final]
	at org.hibernate.engine.spi.ActionQueue.addInsertAction(ActionQueue.java:272) ~[hibernate-core-6.4.4.Final.jar:6.4.4.Final]
	at org.hibernate.engine.spi.ActionQueue.addAction(ActionQueue.java:322) ~[hibernate-core-6.4.4.Final.jar:6.4.4.Final]
	at org.hibernate.event.internal.AbstractSaveEventListener.addInsertAction(AbstractSaveEventListener.java:386) ~[hibernate-core-6.4.4.Final.jar:6.4.4.Final]
	at org.hibernate.event.internal.AbstractSaveEventListener.performSaveOrReplicate(AbstractSaveEventListener.java:300) ~[hibernate-core-6.4.4.Final.jar:6.4.4.Final]
	at org.hibernate.event.internal.AbstractSaveEventListener.performSave(AbstractSaveEventListener.java:219) ~[hibernate-core-6.4.4.Final.jar:6.4.4.Final]
	at org.hibernate.event.internal.AbstractSaveEventListener.saveWithGeneratedId(AbstractSaveEventListener.java:134) ~[hibernate-core-6.4.4.Final.jar:6.4.4.Final]
	at org.hibernate.event.internal.DefaultPersistEventListener.entityIsTransient(DefaultPersistEventListener.java:175) ~[hibernate-core-6.4.4.Final.jar:6.4.4.Final]
	at org.hibernate.event.internal.DefaultPersistEventListener.persist(DefaultPersistEventListener.java:93) ~[hibernate-core-6.4.4.Final.jar:6.4.4.Final]
	at org.hibernate.event.internal.DefaultPersistEventListener.onPersist(DefaultPersistEventListener.java:77) ~[hibernate-core-6.4.4.Final.jar:6.4.4.Final]
	at org.hibernate.event.internal.DefaultPersistEventListener.onPersist(DefaultPersistEventListener.java:54) ~[hibernate-core-6.4.4.Final.jar:6.4.4.Final]
	at org.hibernate.event.service.internal.EventListenerGroupImpl.fireEventOnEachListener(EventListenerGroupImpl.java:127) ~[hibernate-core-6.4.4.Final.jar:6.4.4.Final]
	at org.hibernate.internal.SessionImpl.firePersist(SessionImpl.java:754) ~[hibernate-core-6.4.4.Final.jar:6.4.4.Final]
	at org.hibernate.internal.SessionImpl.persist(SessionImpl.java:738) ~[hibernate-core-6.4.4.Final.jar:6.4.4.Final]
	at java.base/jdk.internal.reflect.DirectMethodHandleAccessor.invoke(DirectMethodHandleAccessor.java:104) ~[?:?]
	at java.base/java.lang.reflect.Method.invoke(Method.java:565) ~[?:?]
	at org.springframework.orm.jpa.ExtendedEntityManagerCreator$ExtendedEntityManagerInvocationHandler.invoke(ExtendedEntityManagerCreator.java:364) ~[spring-orm-6.1.4.jar:6.1.4]
	at jdk.proxy2/jdk.proxy2.$Proxy150.persist(Unknown Source) ~[?:?]
	at java.base/jdk.internal.reflect.DirectMethodHandleAccessor.invoke(DirectMethodHandleAccessor.java:104) ~[?:?]
	at java.base/java.lang.reflect.Method.invoke(Method.java:565) ~[?:?]
	at org.springframework.orm.jpa.SharedEntityManagerCreator$SharedEntityManagerInvocationHandler.invoke(SharedEntityManagerCreator.java:319) ~[spring-orm-6.1.4.jar:6.1.4]
	at jdk.proxy2/jdk.proxy2.$Proxy150.persist(Unknown Source) ~[?:?]
	at org.springframework.data.jpa.repository.support.SimpleJpaRepository.save(SimpleJpaRepository.java:618) ~[spring-data-jpa-3.2.3.jar:3.2.3]
	at java.base/jdk.internal.reflect.DirectMethodHandleAccessor.invoke(DirectMethodHandleAccessor.java:104) ~[?:?]
	at java.base/java.lang.reflect.Method.invoke(Method.java:565) ~[?:?]
	at org.springframework.aop.support.AopUtils.invokeJoinpointUsingReflection(AopUtils.java:351) ~[spring-aop-6.1.4.jar:6.1.4]
	at org.springframework.data.repository.core.support.RepositoryMethodInvoker$RepositoryFragmentMethodInvoker.lambda$new$0(RepositoryMethodInvoker.java:277) ~[spring-data-commons-3.2.3.jar:3.2.3]
	at org.springframework.data.repository.core.support.RepositoryMethodInvoker.doInvoke(RepositoryMethodInvoker.java:170) ~[spring-data-commons-3.2.3.jar:3.2.3]
	at org.springframework.data.repository.core.support.RepositoryMethodInvoker.invoke(RepositoryMethodInvoker.java:158) ~[spring-data-commons-3.2.3.jar:3.2.3]
	at org.springframework.data.repository.core.support.RepositoryComposition$RepositoryFragments.invoke(RepositoryComposition.java:516) ~[spring-data-commons-3.2.3.jar:3.2.3]
	at org.springframework.data.repository.core.support.RepositoryComposition.invoke(RepositoryComposition.java:285) ~[spring-data-commons-3.2.3.jar:3.2.3]
	at org.springframework.data.repository.core.support.RepositoryFactorySupport$ImplementationMethodExecutionInterceptor.invoke(RepositoryFactorySupport.java:628) ~[spring-data-commons-3.2.3.jar:3.2.3]
	at org.springframework.aop.framework.ReflectiveMethodInvocation.proceed(ReflectiveMethodInvocation.java:184) ~[spring-aop-6.1.4.jar:6.1.4]
	at org.springframework.data.repository.core.support.QueryExecutorMethodInterceptor.doInvoke(QueryExecutorMethodInterceptor.java:168) ~[spring-data-commons-3.2.3.jar:3.2.3]
	at org.springframework.data.repository.core.support.QueryExecutorMethodInterceptor.invoke(QueryExecutorMethodInterceptor.java:143) ~[spring-data-commons-3.2.3.jar:3.2.3]
	at org.springframework.aop.framework.ReflectiveMethodInvocation.proceed(ReflectiveMethodInvocation.java:184) ~[spring-aop-6.1.4.jar:6.1.4]
	at org.springframework.data.projection.DefaultMethodInvokingMethodInterceptor.invoke(DefaultMethodInvokingMethodInterceptor.java:70) ~[spring-data-commons-3.2.3.jar:3.2.3]
	at org.springframework.aop.framework.ReflectiveMethodInvocation.proceed(ReflectiveMethodInvocation.java:184) ~[spring-aop-6.1.4.jar:6.1.4]
	at org.springframework.transaction.interceptor.TransactionInterceptor$1.proceedWithInvocation(TransactionInterceptor.java:123) ~[spring-tx-6.1.4.jar:6.1.4]
	at org.springframework.transaction.interceptor.TransactionAspectSupport.invokeWithinTransaction(TransactionAspectSupport.java:385) ~[spring-tx-6.1.4.jar:6.1.4]
	at org.springframework.transaction.interceptor.TransactionInterceptor.invoke(TransactionInterceptor.java:119) ~[spring-tx-6.1.4.jar:6.1.4]
	at org.springframework.aop.framework.ReflectiveMethodInvocation.proceed(ReflectiveMethodInvocation.java:184) ~[spring-aop-6.1.4.jar:6.1.4]
	at org.springframework.dao.support.PersistenceExceptionTranslationInterceptor.invoke(PersistenceExceptionTranslationInterceptor.java:137) ~[spring-tx-6.1.4.jar:6.1.4]
	... 57 more
Caused by: java.sql.SQLIntegrityConstraintViolationException: Duplicate entry '12345678' for key 'cliente.UK_hx9w6tpma79yxjbk83xfiw7fo'
	at com.mysql.cj.jdbc.exceptions.SQLError.createSQLException(SQLError.java:118) ~[mysql-connector-j-8.3.0.jar:8.3.0]
	at com.mysql.cj.jdbc.exceptions.SQLExceptionsMapping.translateException(SQLExceptionsMapping.java:122) ~[mysql-connector-j-8.3.0.jar:8.3.0]
	at com.mysql.cj.jdbc.ClientPreparedStatement.executeInternal(ClientPreparedStatement.java:912) ~[mysql-connector-j-8.3.0.jar:8.3.0]
	at com.mysql.cj.jdbc.ClientPreparedStatement.executeUpdateInternal(ClientPreparedStatement.java:1054) ~[mysql-connector-j-8.3.0.jar:8.3.0]
	at com.mysql.cj.jdbc.ClientPreparedStatement.executeUpdateInternal(ClientPreparedStatement.java:1003) ~[mysql-connector-j-8.3.0.jar:8.3.0]
	at com.mysql.cj.jdbc.ClientPreparedStatement.executeLargeUpdate(ClientPreparedStatement.java:1312) ~[mysql-connector-j-8.3.0.jar:8.3.0]
	at com.mysql.cj.jdbc.ClientPreparedStatement.executeUpdate(ClientPreparedStatement.java:988) ~[mysql-connector-j-8.3.0.jar:8.3.0]
	at com.zaxxer.hikari.pool.ProxyPreparedStatement.executeUpdate(ProxyPreparedStatement.java:61) ~[HikariCP-5.0.1.jar:?]
	at com.zaxxer.hikari.pool.HikariProxyPreparedStatement.executeUpdate(HikariProxyPreparedStatement.java) ~[HikariCP-5.0.1.jar:?]
	at org.hibernate.engine.jdbc.internal.ResultSetReturnImpl.executeUpdate(ResultSetReturnImpl.java:194) ~[hibernate-core-6.4.4.Final.jar:6.4.4.Final]
	at org.hibernate.id.insert.GetGeneratedKeysDelegate.performInsert(GetGeneratedKeysDelegate.java:107) ~[hibernate-core-6.4.4.Final.jar:6.4.4.Final]
	at org.hibernate.engine.jdbc.mutation.internal.MutationExecutorPostInsertSingleTable.execute(MutationExecutorPostInsertSingleTable.java:100) ~[hibernate-core-6.4.4.Final.jar:6.4.4.Final]
	at org.hibernate.persister.entity.mutation.InsertCoordinator.doStaticInserts(InsertCoordinator.java:175) ~[hibernate-core-6.4.4.Final.jar:6.4.4.Final]
	at org.hibernate.persister.entity.mutation.InsertCoordinator.coordinateInsert(InsertCoordinator.java:113) ~[hibernate-core-6.4.4.Final.jar:6.4.4.Final]
	at org.hibernate.persister.entity.AbstractEntityPersister.insert(AbstractEntityPersister.java:2868) ~[hibernate-core-6.4.4.Final.jar:6.4.4.Final]
	at org.hibernate.action.internal.EntityIdentityInsertAction.execute(EntityIdentityInsertAction.java:81) ~[hibernate-core-6.4.4.Final.jar:6.4.4.Final]
	at org.hibernate.engine.spi.ActionQueue.execute(ActionQueue.java:670) ~[hibernate-core-6.4.4.Final.jar:6.4.4.Final]
	at org.hibernate.engine.spi.ActionQueue.addResolvedEntityInsertAction(ActionQueue.java:291) ~[hibernate-core-6.4.4.Final.jar:6.4.4.Final]
	at org.hibernate.engine.spi.ActionQueue.addInsertAction(ActionQueue.java:272) ~[hibernate-core-6.4.4.Final.jar:6.4.4.Final]
	at org.hibernate.engine.spi.ActionQueue.addAction(ActionQueue.java:322) ~[hibernate-core-6.4.4.Final.jar:6.4.4.Final]
	at org.hibernate.event.internal.AbstractSaveEventListener.addInsertAction(AbstractSaveEventListener.java:386) ~[hibernate-core-6.4.4.Final.jar:6.4.4.Final]
	at org.hibernate.event.internal.AbstractSaveEventListener.performSaveOrReplicate(AbstractSaveEventListener.java:300) ~[hibernate-core-6.4.4.Final.jar:6.4.4.Final]
	at org.hibernate.event.internal.AbstractSaveEventListener.performSave(AbstractSaveEventListener.java:219) ~[hibernate-core-6.4.4.Final.jar:6.4.4.Final]
	at org.hibernate.event.internal.AbstractSaveEventListener.saveWithGeneratedId(AbstractSaveEventListener.java:134) ~[hibernate-core-6.4.4.Final.jar:6.4.4.Final]
	at org.hibernate.event.internal.DefaultPersistEventListener.entityIsTransient(DefaultPersistEventListener.java:175) ~[hibernate-core-6.4.4.Final.jar:6.4.4.Final]
	at org.hibernate.event.internal.DefaultPersistEventListener.persist(DefaultPersistEventListener.java:93) ~[hibernate-core-6.4.4.Final.jar:6.4.4.Final]
	at org.hibernate.event.internal.DefaultPersistEventListener.onPersist(DefaultPersistEventListener.java:77) ~[hibernate-core-6.4.4.Final.jar:6.4.4.Final]
	at org.hibernate.event.internal.DefaultPersistEventListener.onPersist(DefaultPersistEventListener.java:54) ~[hibernate-core-6.4.4.Final.jar:6.4.4.Final]
	at org.hibernate.event.service.internal.EventListenerGroupImpl.fireEventOnEachListener(EventListenerGroupImpl.java:127) ~[hibernate-core-6.4.4.Final.jar:6.4.4.Final]
	at org.hibernate.internal.SessionImpl.firePersist(SessionImpl.java:754) ~[hibernate-core-6.4.4.Final.jar:6.4.4.Final]
	at org.hibernate.internal.SessionImpl.persist(SessionImpl.java:738) ~[hibernate-core-6.4.4.Final.jar:6.4.4.Final]
	at java.base/jdk.internal.reflect.DirectMethodHandleAccessor.invoke(DirectMethodHandleAccessor.java:104) ~[?:?]
	at java.base/java.lang.reflect.Method.invoke(Method.java:565) ~[?:?]
	at org.springframework.orm.jpa.ExtendedEntityManagerCreator$ExtendedEntityManagerInvocationHandler.invoke(ExtendedEntityManagerCreator.java:364) ~[spring-orm-6.1.4.jar:6.1.4]
	at jdk.proxy2/jdk.proxy2.$Proxy150.persist(Unknown Source) ~[?:?]
	at java.base/jdk.internal.reflect.DirectMethodHandleAccessor.invoke(DirectMethodHandleAccessor.java:104) ~[?:?]
	at java.base/java.lang.reflect.Method.invoke(Method.java:565) ~[?:?]
	at org.springframework.orm.jpa.SharedEntityManagerCreator$SharedEntityManagerInvocationHandler.invoke(SharedEntityManagerCreator.java:319) ~[spring-orm-6.1.4.jar:6.1.4]
	at jdk.proxy2/jdk.proxy2.$Proxy150.persist(Unknown Source) ~[?:?]
	at org.springframework.data.jpa.repository.support.SimpleJpaRepository.save(SimpleJpaRepository.java:618) ~[spring-data-jpa-3.2.3.jar:3.2.3]
	at java.base/jdk.internal.reflect.DirectMethodHandleAccessor.invoke(DirectMethodHandleAccessor.java:104) ~[?:?]
	at java.base/java.lang.reflect.Method.invoke(Method.java:565) ~[?:?]
	at org.springframework.aop.support.AopUtils.invokeJoinpointUsingReflection(AopUtils.java:351) ~[spring-aop-6.1.4.jar:6.1.4]
	at org.springframework.data.repository.core.support.RepositoryMethodInvoker$RepositoryFragmentMethodInvoker.lambda$new$0(RepositoryMethodInvoker.java:277) ~[spring-data-commons-3.2.3.jar:3.2.3]
	at org.springframework.data.repository.core.support.RepositoryMethodInvoker.doInvoke(RepositoryMethodInvoker.java:170) ~[spring-data-commons-3.2.3.jar:3.2.3]
	at org.springframework.data.repository.core.support.RepositoryMethodInvoker.invoke(RepositoryMethodInvoker.java:158) ~[spring-data-commons-3.2.3.jar:3.2.3]
	at org.springframework.data.repository.core.support.RepositoryComposition$RepositoryFragments.invoke(RepositoryComposition.java:516) ~[spring-data-commons-3.2.3.jar:3.2.3]
	at org.springframework.data.repository.core.support.RepositoryComposition.invoke(RepositoryComposition.java:285) ~[spring-data-commons-3.2.3.jar:3.2.3]
	at org.springframework.data.repository.core.support.RepositoryFactorySupport$ImplementationMethodExecutionInterceptor.invoke(RepositoryFactorySupport.java:628) ~[spring-data-commons-3.2.3.jar:3.2.3]
	at org.springframework.aop.framework.ReflectiveMethodInvocation.proceed(ReflectiveMethodInvocation.java:184) ~[spring-aop-6.1.4.jar:6.1.4]
	at org.springframework.data.repository.core.support.QueryExecutorMethodInterceptor.doInvoke(QueryExecutorMethodInterceptor.java:168) ~[spring-data-commons-3.2.3.jar:3.2.3]
	at org.springframework.data.repository.core.support.QueryExecutorMethodInterceptor.invoke(QueryExecutorMethodInterceptor.java:143) ~[spring-data-commons-3.2.3.jar:3.2.3]
	at org.springframework.aop.framework.ReflectiveMethodInvocation.proceed(ReflectiveMethodInvocation.java:184) ~[spring-aop-6.1.4.jar:6.1.4]
	at org.springframework.data.projection.DefaultMethodInvokingMethodInterceptor.invoke(DefaultMethodInvokingMethodInterceptor.java:70) ~[spring-data-commons-3.2.3.jar:3.2.3]
	at org.springframework.aop.framework.ReflectiveMethodInvocation.proceed(ReflectiveMethodInvocation.java:184) ~[spring-aop-6.1.4.jar:6.1.4]
	at org.springframework.transaction.interceptor.TransactionInterceptor$1.proceedWithInvocation(TransactionInterceptor.java:123) ~[spring-tx-6.1.4.jar:6.1.4]
	at org.springframework.transaction.interceptor.TransactionAspectSupport.invokeWithinTransaction(TransactionAspectSupport.java:385) ~[spring-tx-6.1.4.jar:6.1.4]
	at org.springframework.transaction.interceptor.TransactionInterceptor.invoke(TransactionInterceptor.java:119) ~[spring-tx-6.1.4.jar:6.1.4]
	at org.springframework.aop.framework.ReflectiveMethodInvocation.proceed(ReflectiveMethodInvocation.java:184) ~[spring-aop-6.1.4.jar:6.1.4]
	at org.springframework.dao.support.PersistenceExceptionTranslationInterceptor.invoke(PersistenceExceptionTranslationInterceptor.java:137) ~[spring-tx-6.1.4.jar:6.1.4]
	... 57 more
2025-12-21 21:17:35.853 [http-nio-8081-exec-6] ERROR org.apache.catalina.core.ContainerBase.[Tomcat].[localhost].[/api].[dispatcherServlet] - Servlet.service() for servlet [dispatcherServlet] in context with path [/api] threw exception [Request processing failed: java.lang.RuntimeException: Error al crear cliente: could not execute statement [Duplicate entry '12345678' for key 'cliente.UK_hx9w6tpma79yxjbk83xfiw7fo'] [insert into cliente (active,apellido,codigo_pais,creation_date,email,nombre,numero_documento,password,segundo_nombre,telefono,tipo_documento,update_date,username) values (?,?,?,?,?,?,?,?,?,?,?,?,?)]; SQL [insert into cliente (active,apellido,codigo_pais,creation_date,email,nombre,numero_documento,password,segundo_nombre,telefono,tipo_documento,update_date,username) values (?,?,?,?,?,?,?,?,?,?,?,?,?)]; constraint [cliente.UK_hx9w6tpma79yxjbk83xfiw7fo]] with root cause
java.sql.SQLIntegrityConstraintViolationException: Duplicate entry '12345678' for key 'cliente.UK_hx9w6tpma79yxjbk83xfiw7fo'
	at com.mysql.cj.jdbc.exceptions.SQLError.createSQLException(SQLError.java:118) ~[mysql-connector-j-8.3.0.jar:8.3.0]
	at com.mysql.cj.jdbc.exceptions.SQLExceptionsMapping.translateException(SQLExceptionsMapping.java:122) ~[mysql-connector-j-8.3.0.jar:8.3.0]
	at com.mysql.cj.jdbc.ClientPreparedStatement.executeInternal(ClientPreparedStatement.java:912) ~[mysql-connector-j-8.3.0.jar:8.3.0]
	at com.mysql.cj.jdbc.ClientPreparedStatement.executeUpdateInternal(ClientPreparedStatement.java:1054) ~[mysql-connector-j-8.3.0.jar:8.3.0]
	at com.mysql.cj.jdbc.ClientPreparedStatement.executeUpdateInternal(ClientPreparedStatement.java:1003) ~[mysql-connector-j-8.3.0.jar:8.3.0]
	at com.mysql.cj.jdbc.ClientPreparedStatement.executeLargeUpdate(ClientPreparedStatement.java:1312) ~[mysql-connector-j-8.3.0.jar:8.3.0]
	at com.mysql.cj.jdbc.ClientPreparedStatement.executeUpdate(ClientPreparedStatement.java:988) ~[mysql-connector-j-8.3.0.jar:8.3.0]
	at com.zaxxer.hikari.pool.ProxyPreparedStatement.executeUpdate(ProxyPreparedStatement.java:61) ~[HikariCP-5.0.1.jar:?]
	at com.zaxxer.hikari.pool.HikariProxyPreparedStatement.executeUpdate(HikariProxyPreparedStatement.java) ~[HikariCP-5.0.1.jar:?]
	at org.hibernate.engine.jdbc.internal.ResultSetReturnImpl.executeUpdate(ResultSetReturnImpl.java:194) ~[hibernate-core-6.4.4.Final.jar:6.4.4.Final]
	at org.hibernate.id.insert.GetGeneratedKeysDelegate.performInsert(GetGeneratedKeysDelegate.java:107) ~[hibernate-core-6.4.4.Final.jar:6.4.4.Final]
	at org.hibernate.engine.jdbc.mutation.internal.MutationExecutorPostInsertSingleTable.execute(MutationExecutorPostInsertSingleTable.java:100) ~[hibernate-core-6.4.4.Final.jar:6.4.4.Final]
	at org.hibernate.persister.entity.mutation.InsertCoordinator.doStaticInserts(InsertCoordinator.java:175) ~[hibernate-core-6.4.4.Final.jar:6.4.4.Final]
	at org.hibernate.persister.entity.mutation.InsertCoordinator.coordinateInsert(InsertCoordinator.java:113) ~[hibernate-core-6.4.4.Final.jar:6.4.4.Final]
	at org.hibernate.persister.entity.AbstractEntityPersister.insert(AbstractEntityPersister.java:2868) ~[hibernate-core-6.4.4.Final.jar:6.4.4.Final]
	at org.hibernate.action.internal.EntityIdentityInsertAction.execute(EntityIdentityInsertAction.java:81) ~[hibernate-core-6.4.4.Final.jar:6.4.4.Final]
	at org.hibernate.engine.spi.ActionQueue.execute(ActionQueue.java:670) ~[hibernate-core-6.4.4.Final.jar:6.4.4.Final]
	at org.hibernate.engine.spi.ActionQueue.addResolvedEntityInsertAction(ActionQueue.java:291) ~[hibernate-core-6.4.4.Final.jar:6.4.4.Final]
	at org.hibernate.engine.spi.ActionQueue.addInsertAction(ActionQueue.java:272) ~[hibernate-core-6.4.4.Final.jar:6.4.4.Final]
	at org.hibernate.engine.spi.ActionQueue.addAction(ActionQueue.java:322) ~[hibernate-core-6.4.4.Final.jar:6.4.4.Final]
	at org.hibernate.event.internal.AbstractSaveEventListener.addInsertAction(AbstractSaveEventListener.java:386) ~[hibernate-core-6.4.4.Final.jar:6.4.4.Final]
	at org.hibernate.event.internal.AbstractSaveEventListener.performSaveOrReplicate(AbstractSaveEventListener.java:300) ~[hibernate-core-6.4.4.Final.jar:6.4.4.Final]
	at org.hibernate.event.internal.AbstractSaveEventListener.performSave(AbstractSaveEventListener.java:219) ~[hibernate-core-6.4.4.Final.jar:6.4.4.Final]
	at org.hibernate.event.internal.AbstractSaveEventListener.saveWithGeneratedId(AbstractSaveEventListener.java:134) ~[hibernate-core-6.4.4.Final.jar:6.4.4.Final]
	at org.hibernate.event.internal.DefaultPersistEventListener.entityIsTransient(DefaultPersistEventListener.java:175) ~[hibernate-core-6.4.4.Final.jar:6.4.4.Final]
	at org.hibernate.event.internal.DefaultPersistEventListener.persist(DefaultPersistEventListener.java:93) ~[hibernate-core-6.4.4.Final.jar:6.4.4.Final]
	at org.hibernate.event.internal.DefaultPersistEventListener.onPersist(DefaultPersistEventListener.java:77) ~[hibernate-core-6.4.4.Final.jar:6.4.4.Final]
	at org.hibernate.event.internal.DefaultPersistEventListener.onPersist(DefaultPersistEventListener.java:54) ~[hibernate-core-6.4.4.Final.jar:6.4.4.Final]
	at org.hibernate.event.service.internal.EventListenerGroupImpl.fireEventOnEachListener(EventListenerGroupImpl.java:127) ~[hibernate-core-6.4.4.Final.jar:6.4.4.Final]
	at org.hibernate.internal.SessionImpl.firePersist(SessionImpl.java:754) ~[hibernate-core-6.4.4.Final.jar:6.4.4.Final]
	at org.hibernate.internal.SessionImpl.persist(SessionImpl.java:738) ~[hibernate-core-6.4.4.Final.jar:6.4.4.Final]
	at java.base/jdk.internal.reflect.DirectMethodHandleAccessor.invoke(DirectMethodHandleAccessor.java:104) ~[?:?]
	at java.base/java.lang.reflect.Method.invoke(Method.java:565) ~[?:?]
	at org.springframework.orm.jpa.ExtendedEntityManagerCreator$ExtendedEntityManagerInvocationHandler.invoke(ExtendedEntityManagerCreator.java:364) ~[spring-orm-6.1.4.jar:6.1.4]
	at jdk.proxy2/jdk.proxy2.$Proxy150.persist(Unknown Source) ~[?:?]
	at java.base/jdk.internal.reflect.DirectMethodHandleAccessor.invoke(DirectMethodHandleAccessor.java:104) ~[?:?]
	at java.base/java.lang.reflect.Method.invoke(Method.java:565) ~[?:?]
	at org.springframework.orm.jpa.SharedEntityManagerCreator$SharedEntityManagerInvocationHandler.invoke(SharedEntityManagerCreator.java:319) ~[spring-orm-6.1.4.jar:6.1.4]
	at jdk.proxy2/jdk.proxy2.$Proxy150.persist(Unknown Source) ~[?:?]
	at org.springframework.data.jpa.repository.support.SimpleJpaRepository.save(SimpleJpaRepository.java:618) ~[spring-data-jpa-3.2.3.jar:3.2.3]
	at java.base/jdk.internal.reflect.DirectMethodHandleAccessor.invoke(DirectMethodHandleAccessor.java:104) ~[?:?]
	at java.base/java.lang.reflect.Method.invoke(Method.java:565) ~[?:?]
	at org.springframework.aop.support.AopUtils.invokeJoinpointUsingReflection(AopUtils.java:351) ~[spring-aop-6.1.4.jar:6.1.4]
	at org.springframework.data.repository.core.support.RepositoryMethodInvoker$RepositoryFragmentMethodInvoker.lambda$new$0(RepositoryMethodInvoker.java:277) ~[spring-data-commons-3.2.3.jar:3.2.3]
	at org.springframework.data.repository.core.support.RepositoryMethodInvoker.doInvoke(RepositoryMethodInvoker.java:170) ~[spring-data-commons-3.2.3.jar:3.2.3]
	at org.springframework.data.repository.core.support.RepositoryMethodInvoker.invoke(RepositoryMethodInvoker.java:158) ~[spring-data-commons-3.2.3.jar:3.2.3]
	at org.springframework.data.repository.core.support.RepositoryComposition$RepositoryFragments.invoke(RepositoryComposition.java:516) ~[spring-data-commons-3.2.3.jar:3.2.3]
	at org.springframework.data.repository.core.support.RepositoryComposition.invoke(RepositoryComposition.java:285) ~[spring-data-commons-3.2.3.jar:3.2.3]
	at org.springframework.data.repository.core.support.RepositoryFactorySupport$ImplementationMethodExecutionInterceptor.invoke(RepositoryFactorySupport.java:628) ~[spring-data-commons-3.2.3.jar:3.2.3]
	at org.springframework.aop.framework.ReflectiveMethodInvocation.proceed(ReflectiveMethodInvocation.java:184) ~[spring-aop-6.1.4.jar:6.1.4]
	at org.springframework.data.repository.core.support.QueryExecutorMethodInterceptor.doInvoke(QueryExecutorMethodInterceptor.java:168) ~[spring-data-commons-3.2.3.jar:3.2.3]
	at org.springframework.data.repository.core.support.QueryExecutorMethodInterceptor.invoke(QueryExecutorMethodInterceptor.java:143) ~[spring-data-commons-3.2.3.jar:3.2.3]
	at org.springframework.aop.framework.ReflectiveMethodInvocation.proceed(ReflectiveMethodInvocation.java:184) ~[spring-aop-6.1.4.jar:6.1.4]
	at org.springframework.data.projection.DefaultMethodInvokingMethodInterceptor.invoke(DefaultMethodInvokingMethodInterceptor.java:70) ~[spring-data-commons-3.2.3.jar:3.2.3]
	at org.springframework.aop.framework.ReflectiveMethodInvocation.proceed(ReflectiveMethodInvocation.java:184) ~[spring-aop-6.1.4.jar:6.1.4]
	at org.springframework.transaction.interceptor.TransactionInterceptor$1.proceedWithInvocation(TransactionInterceptor.java:123) ~[spring-tx-6.1.4.jar:6.1.4]
	at org.springframework.transaction.interceptor.TransactionAspectSupport.invokeWithinTransaction(TransactionAspectSupport.java:385) ~[spring-tx-6.1.4.jar:6.1.4]
	at org.springframework.transaction.interceptor.TransactionInterceptor.invoke(TransactionInterceptor.java:119) ~[spring-tx-6.1.4.jar:6.1.4]
	at org.springframework.aop.framework.ReflectiveMethodInvocation.proceed(ReflectiveMethodInvocation.java:184) ~[spring-aop-6.1.4.jar:6.1.4]
	at org.springframework.dao.support.PersistenceExceptionTranslationInterceptor.invoke(PersistenceExceptionTranslationInterceptor.java:137) ~[spring-tx-6.1.4.jar:6.1.4]
	at org.springframework.aop.framework.ReflectiveMethodInvocation.proceed(ReflectiveMethodInvocation.java:184) ~[spring-aop-6.1.4.jar:6.1.4]
	at org.springframework.data.jpa.repository.support.CrudMethodMetadataPostProcessor$CrudMethodMetadataPopulatingMethodInterceptor.invoke(CrudMethodMetadataPostProcessor.java:164) ~[spring-data-jpa-3.2.3.jar:3.2.3]
	at org.springframework.aop.framework.ReflectiveMethodInvocation.proceed(ReflectiveMethodInvocation.java:184) ~[spring-aop-6.1.4.jar:6.1.4]
	at org.springframework.aop.interceptor.ExposeInvocationInterceptor.invoke(ExposeInvocationInterceptor.java:97) ~[spring-aop-6.1.4.jar:6.1.4]
	at org.springframework.aop.framework.ReflectiveMethodInvocation.proceed(ReflectiveMethodInvocation.java:184) ~[spring-aop-6.1.4.jar:6.1.4]
	at org.springframework.aop.framework.JdkDynamicAopProxy.invoke(JdkDynamicAopProxy.java:220) ~[spring-aop-6.1.4.jar:6.1.4]
	at jdk.proxy2/jdk.proxy2.$Proxy165.save(Unknown Source) ~[?:?]
	at com.dp1.backend.services.ClienteService.createCliente(ClienteService.java:34) ~[classes/:?]
	at com.dp1.backend.controllers.ClienteController.createCliente(ClienteController.java:42) ~[classes/:?]
	at java.base/jdk.internal.reflect.DirectMethodHandleAccessor.invoke(DirectMethodHandleAccessor.java:104) ~[?:?]
	at java.base/java.lang.reflect.Method.invoke(Method.java:565) ~[?:?]
	at org.springframework.web.method.support.InvocableHandlerMethod.doInvoke(InvocableHandlerMethod.java:259) ~[spring-web-6.1.4.jar:6.1.4]
	at org.springframework.web.method.support.InvocableHandlerMethod.invokeForRequest(InvocableHandlerMethod.java:192) ~[spring-web-6.1.4.jar:6.1.4]
	at org.springframework.web.servlet.mvc.method.annotation.ServletInvocableHandlerMethod.invokeAndHandle(ServletInvocableHandlerMethod.java:118) ~[spring-webmvc-6.1.4.jar:6.1.4]
	at org.springframework.web.servlet.mvc.method.annotation.RequestMappingHandlerAdapter.invokeHandlerMethod(RequestMappingHandlerAdapter.java:920) ~[spring-webmvc-6.1.4.jar:6.1.4]
	at org.springframework.web.servlet.mvc.method.annotation.RequestMappingHandlerAdapter.handleInternal(RequestMappingHandlerAdapter.java:830) ~[spring-webmvc-6.1.4.jar:6.1.4]
	at org.springframework.web.servlet.mvc.method.AbstractHandlerMethodAdapter.handle(AbstractHandlerMethodAdapter.java:87) ~[spring-webmvc-6.1.4.jar:6.1.4]
	at org.springframework.web.servlet.DispatcherServlet.doDispatch(DispatcherServlet.java:1089) ~[spring-webmvc-6.1.4.jar:6.1.4]
	at org.springframework.web.servlet.DispatcherServlet.doService(DispatcherServlet.java:979) ~[spring-webmvc-6.1.4.jar:6.1.4]
	at org.springframework.web.servlet.FrameworkServlet.processRequest(FrameworkServlet.java:1014) ~[spring-webmvc-6.1.4.jar:6.1.4]
	at org.springframework.web.servlet.FrameworkServlet.doPost(FrameworkServlet.java:914) ~[spring-webmvc-6.1.4.jar:6.1.4]
	at jakarta.servlet.http.HttpServlet.service(HttpServlet.java:590) ~[tomcat-embed-core-10.1.19.jar:6.0]
	at org.springframework.web.servlet.FrameworkServlet.service(FrameworkServlet.java:885) ~[spring-webmvc-6.1.4.jar:6.1.4]
	at jakarta.servlet.http.HttpServlet.service(HttpServlet.java:658) ~[tomcat-embed-core-10.1.19.jar:6.0]
	at org.apache.catalina.core.ApplicationFilterChain.internalDoFilter(ApplicationFilterChain.java:205) ~[tomcat-embed-core-10.1.19.jar:10.1.19]
	at org.apache.catalina.core.ApplicationFilterChain.doFilter(ApplicationFilterChain.java:149) ~[tomcat-embed-core-10.1.19.jar:10.1.19]
	at org.apache.tomcat.websocket.server.WsFilter.doFilter(WsFilter.java:51) ~[tomcat-embed-websocket-10.1.19.jar:10.1.19]
	at org.apache.catalina.core.ApplicationFilterChain.internalDoFilter(ApplicationFilterChain.java:174) ~[tomcat-embed-core-10.1.19.jar:10.1.19]
	at org.apache.catalina.core.ApplicationFilterChain.doFilter(ApplicationFilterChain.java:149) ~[tomcat-embed-core-10.1.19.jar:10.1.19]
	at org.springframework.web.filter.RequestContextFilter.doFilterInternal(RequestContextFilter.java:100) ~[spring-web-6.1.4.jar:6.1.4]
	at org.springframework.web.filter.OncePerRequestFilter.doFilter(OncePerRequestFilter.java:116) ~[spring-web-6.1.4.jar:6.1.4]
	at org.apache.catalina.core.ApplicationFilterChain.internalDoFilter(ApplicationFilterChain.java:174) ~[tomcat-embed-core-10.1.19.jar:10.1.19]
	at org.apache.catalina.core.ApplicationFilterChain.doFilter(ApplicationFilterChain.java:149) ~[tomcat-embed-core-10.1.19.jar:10.1.19]
	at org.springframework.web.filter.FormContentFilter.doFilterInternal(FormContentFilter.java:93) ~[spring-web-6.1.4.jar:6.1.4]
	at org.springframework.web.filter.OncePerRequestFilter.doFilter(OncePerRequestFilter.java:116) ~[spring-web-6.1.4.jar:6.1.4]
	at org.apache.catalina.core.ApplicationFilterChain.internalDoFilter(ApplicationFilterChain.java:174) ~[tomcat-embed-core-10.1.19.jar:10.1.19]
	at org.apache.catalina.core.ApplicationFilterChain.doFilter(ApplicationFilterChain.java:149) ~[tomcat-embed-core-10.1.19.jar:10.1.19]
	at org.springframework.web.filter.CharacterEncodingFilter.doFilterInternal(CharacterEncodingFilter.java:201) ~[spring-web-6.1.4.jar:6.1.4]
	at org.springframework.web.filter.OncePerRequestFilter.doFilter(OncePerRequestFilter.java:116) ~[spring-web-6.1.4.jar:6.1.4]
	at org.apache.catalina.core.ApplicationFilterChain.internalDoFilter(ApplicationFilterChain.java:174) ~[tomcat-embed-core-10.1.19.jar:10.1.19]
	at org.apache.catalina.core.ApplicationFilterChain.doFilter(ApplicationFilterChain.java:149) ~[tomcat-embed-core-10.1.19.jar:10.1.19]
	at org.apache.catalina.core.StandardWrapperValve.invoke(StandardWrapperValve.java:167) [tomcat-embed-core-10.1.19.jar:10.1.19]
	at org.apache.catalina.core.StandardContextValve.invoke(StandardContextValve.java:90) [tomcat-embed-core-10.1.19.jar:10.1.19]
	at org.apache.catalina.authenticator.AuthenticatorBase.invoke(AuthenticatorBase.java:482) [tomcat-embed-core-10.1.19.jar:10.1.19]
	at org.apache.catalina.core.StandardHostValve.invoke(StandardHostValve.java:115) [tomcat-embed-core-10.1.19.jar:10.1.19]
	at org.apache.catalina.valves.ErrorReportValve.invoke(ErrorReportValve.java:93) [tomcat-embed-core-10.1.19.jar:10.1.19]
	at org.apache.catalina.core.StandardEngineValve.invoke(StandardEngineValve.java:74) [tomcat-embed-core-10.1.19.jar:10.1.19]
	at org.apache.catalina.connector.CoyoteAdapter.service(CoyoteAdapter.java:344) [tomcat-embed-core-10.1.19.jar:10.1.19]
	at org.apache.coyote.http11.Http11Processor.service(Http11Processor.java:391) [tomcat-embed-core-10.1.19.jar:10.1.19]
	at org.apache.coyote.AbstractProcessorLight.process(AbstractProcessorLight.java:63) [tomcat-embed-core-10.1.19.jar:10.1.19]
	at org.apache.coyote.AbstractProtocol$ConnectionHandler.process(AbstractProtocol.java:896) [tomcat-embed-core-10.1.19.jar:10.1.19]
	at org.apache.tomcat.util.net.NioEndpoint$SocketProcessor.doRun(NioEndpoint.java:1744) [tomcat-embed-core-10.1.19.jar:10.1.19]
	at org.apache.tomcat.util.net.SocketProcessorBase.run(SocketProcessorBase.java:52) [tomcat-embed-core-10.1.19.jar:10.1.19]
	at org.apache.tomcat.util.threads.ThreadPoolExecutor.runWorker(ThreadPoolExecutor.java:1191) [tomcat-embed-core-10.1.19.jar:10.1.19]
	at org.apache.tomcat.util.threads.ThreadPoolExecutor$Worker.run(ThreadPoolExecutor.java:659) [tomcat-embed-core-10.1.19.jar:10.1.19]
	at org.apache.tomcat.util.threads.TaskThread$WrappingRunnable.run(TaskThread.java:63) [tomcat-embed-core-10.1.19.jar:10.1.19]
	at java.base/java.lang.Thread.run(Thread.java:1447) [?:?]
2025-12-21 21:17:36.763 [http-nio-8081-exec-4] INFO  com.dp1.backend.services.ACOService - Desde - hasta: 2025-12-22T15:38:22-05:00[America/Lima] - 2025-12-22T18:38:22-05:00[America/Lima]
2025-12-21 21:17:36.787 [http-nio-8081-exec-4] INFO  com.dp1.backend.services.ACOService - Ejecutando ACO para: 
2025-12-21 21:17:36.788 [http-nio-8081-exec-4] INFO  com.dp1.backend.services.ACOService - Aeropuertos: 30
2025-12-21 21:17:36.788 [http-nio-8081-exec-4] INFO  com.dp1.backend.services.ACOService - Vuelos: 2866
2025-12-21 21:17:36.788 [http-nio-8081-exec-4] INFO  com.dp1.backend.services.ACOService - Envios: 507
2025-12-21 21:17:36.789 [http-nio-8081-exec-4] INFO  com.dp1.backend.services.ACOService - Paquetes: 1004
2025-12-21 21:17:43.343 [http-nio-8081-exec-4] INFO  com.dp1.backend.services.ACOService - Tiempo de ejecución: 6554 ms
2025-12-21 21:17:43.374 [http-nio-8081-exec-4] INFO  com.dp1.backend.services.ACOService - Paquetes entregados con función André: 998
2025-12-21 21:17:43.434 [http-nio-8081-exec-4] INFO  com.dp1.backend.handlers.SocketConnectionHandler - Enviando resultado del algoritmo 'para los vuelos en el aire'
2025-12-21 21:17:43.443 [http-nio-8081-exec-4] INFO  com.dp1.backend.handlers.SocketConnectionHandler - Enviando # de vuelos en el aire: 44
2025-12-21 21:17:45.275 [http-nio-8081-exec-9] INFO  com.dp1.backend.handlers.SocketConnectionHandler - Enviando # de vuelos en el aire: 48
2025-12-21 21:17:51.283 [http-nio-8081-exec-4] INFO  com.dp1.backend.handlers.SocketConnectionHandler - Enviando # de vuelos en el aire: 45
2025-12-21 21:17:57.278 [http-nio-8081-exec-5] INFO  com.dp1.backend.handlers.SocketConnectionHandler - Enviando # de vuelos en el aire: 41
2025-12-21 21:17:59.449 [http-nio-8081-exec-9] INFO  com.dp1.backend.services.ClienteService - Creando cliente con datos: Prueba 06-07 dfghjkl commuconnect.ingesoft@gmail.com 
2025-12-21 21:17:59.510 [http-nio-8081-exec-9] INFO  com.dp1.backend.services.ClienteService - Cliente creado exitosamente con ID: 18
2025-12-21 21:17:59.546 [http-nio-8081-exec-10] INFO  com.dp1.backend.services.ClienteService - Creando cliente con datos: brs ascd fergegr@mp.com 
2025-12-21 21:17:59.552 [http-nio-8081-exec-10] WARN  org.hibernate.engine.jdbc.spi.SqlExceptionHelper - SQL Error: 1062, SQLState: 23000
2025-12-21 21:17:59.552 [http-nio-8081-exec-10] ERROR org.hibernate.engine.jdbc.spi.SqlExceptionHelper - Duplicate entry '12345678' for key 'cliente.UK_hx9w6tpma79yxjbk83xfiw7fo'
2025-12-21 21:17:59.619 [http-nio-8081-exec-10] ERROR com.dp1.backend.services.ClienteService - Error al crear cliente: could not execute statement [Duplicate entry '12345678' for key 'cliente.UK_hx9w6tpma79yxjbk83xfiw7fo'] [insert into cliente (active,apellido,codigo_pais,creation_date,email,nombre,numero_documento,password,segundo_nombre,telefono,tipo_documento,update_date,username) values (?,?,?,?,?,?,?,?,?,?,?,?,?)]; SQL [insert into cliente (active,apellido,codigo_pais,creation_date,email,nombre,numero_documento,password,segundo_nombre,telefono,tipo_documento,update_date,username) values (?,?,?,?,?,?,?,?,?,?,?,?,?)]; constraint [cliente.UK_hx9w6tpma79yxjbk83xfiw7fo]
org.springframework.dao.DataIntegrityViolationException: could not execute statement [Duplicate entry '12345678' for key 'cliente.UK_hx9w6tpma79yxjbk83xfiw7fo'] [insert into cliente (active,apellido,codigo_pais,creation_date,email,nombre,numero_documento,password,segundo_nombre,telefono,tipo_documento,update_date,username) values (?,?,?,?,?,?,?,?,?,?,?,?,?)]; SQL [insert into cliente (active,apellido,codigo_pais,creation_date,email,nombre,numero_documento,password,segundo_nombre,telefono,tipo_documento,update_date,username) values (?,?,?,?,?,?,?,?,?,?,?,?,?)]; constraint [cliente.UK_hx9w6tpma79yxjbk83xfiw7fo]
	at org.springframework.orm.jpa.vendor.HibernateJpaDialect.convertHibernateAccessException(HibernateJpaDialect.java:290) ~[spring-orm-6.1.4.jar:6.1.4]
	at org.springframework.orm.jpa.vendor.HibernateJpaDialect.translateExceptionIfPossible(HibernateJpaDialect.java:241) ~[spring-orm-6.1.4.jar:6.1.4]
	at org.springframework.orm.jpa.AbstractEntityManagerFactoryBean.translateExceptionIfPossible(AbstractEntityManagerFactoryBean.java:550) ~[spring-orm-6.1.4.jar:6.1.4]
	at org.springframework.dao.support.ChainedPersistenceExceptionTranslator.translateExceptionIfPossible(ChainedPersistenceExceptionTranslator.java:61) ~[spring-tx-6.1.4.jar:6.1.4]
	at org.springframework.dao.support.DataAccessUtils.translateIfNecessary(DataAccessUtils.java:335) ~[spring-tx-6.1.4.jar:6.1.4]
	at org.springframework.dao.support.PersistenceExceptionTranslationInterceptor.invoke(PersistenceExceptionTranslationInterceptor.java:152) ~[spring-tx-6.1.4.jar:6.1.4]
	at org.springframework.aop.framework.ReflectiveMethodInvocation.proceed(ReflectiveMethodInvocation.java:184) ~[spring-aop-6.1.4.jar:6.1.4]
	at org.springframework.data.jpa.repository.support.CrudMethodMetadataPostProcessor$CrudMethodMetadataPopulatingMethodInterceptor.invoke(CrudMethodMetadataPostProcessor.java:164) ~[spring-data-jpa-3.2.3.jar:3.2.3]
	at org.springframework.aop.framework.ReflectiveMethodInvocation.proceed(ReflectiveMethodInvocation.java:184) ~[spring-aop-6.1.4.jar:6.1.4]
	at org.springframework.aop.interceptor.ExposeInvocationInterceptor.invoke(ExposeInvocationInterceptor.java:97) ~[spring-aop-6.1.4.jar:6.1.4]
	at org.springframework.aop.framework.ReflectiveMethodInvocation.proceed(ReflectiveMethodInvocation.java:184) ~[spring-aop-6.1.4.jar:6.1.4]
	at org.springframework.aop.framework.JdkDynamicAopProxy.invoke(JdkDynamicAopProxy.java:220) ~[spring-aop-6.1.4.jar:6.1.4]
	at jdk.proxy2/jdk.proxy2.$Proxy165.save(Unknown Source) ~[?:?]
	at com.dp1.backend.services.ClienteService.createCliente(ClienteService.java:34) [classes/:?]
	at com.dp1.backend.controllers.ClienteController.createCliente(ClienteController.java:42) [classes/:?]
	at java.base/jdk.internal.reflect.DirectMethodHandleAccessor.invoke(DirectMethodHandleAccessor.java:104) ~[?:?]
	at java.base/java.lang.reflect.Method.invoke(Method.java:565) ~[?:?]
	at org.springframework.web.method.support.InvocableHandlerMethod.doInvoke(InvocableHandlerMethod.java:259) [spring-web-6.1.4.jar:6.1.4]
	at org.springframework.web.method.support.InvocableHandlerMethod.invokeForRequest(InvocableHandlerMethod.java:192) [spring-web-6.1.4.jar:6.1.4]
	at org.springframework.web.servlet.mvc.method.annotation.ServletInvocableHandlerMethod.invokeAndHandle(ServletInvocableHandlerMethod.java:118) [spring-webmvc-6.1.4.jar:6.1.4]
	at org.springframework.web.servlet.mvc.method.annotation.RequestMappingHandlerAdapter.invokeHandlerMethod(RequestMappingHandlerAdapter.java:920) [spring-webmvc-6.1.4.jar:6.1.4]
	at org.springframework.web.servlet.mvc.method.annotation.RequestMappingHandlerAdapter.handleInternal(RequestMappingHandlerAdapter.java:830) [spring-webmvc-6.1.4.jar:6.1.4]
	at org.springframework.web.servlet.mvc.method.AbstractHandlerMethodAdapter.handle(AbstractHandlerMethodAdapter.java:87) [spring-webmvc-6.1.4.jar:6.1.4]
	at org.springframework.web.servlet.DispatcherServlet.doDispatch(DispatcherServlet.java:1089) [spring-webmvc-6.1.4.jar:6.1.4]
	at org.springframework.web.servlet.DispatcherServlet.doService(DispatcherServlet.java:979) [spring-webmvc-6.1.4.jar:6.1.4]
	at org.springframework.web.servlet.FrameworkServlet.processRequest(FrameworkServlet.java:1014) [spring-webmvc-6.1.4.jar:6.1.4]
	at org.springframework.web.servlet.FrameworkServlet.doPost(FrameworkServlet.java:914) [spring-webmvc-6.1.4.jar:6.1.4]
	at jakarta.servlet.http.HttpServlet.service(HttpServlet.java:590) [tomcat-embed-core-10.1.19.jar:6.0]
	at org.springframework.web.servlet.FrameworkServlet.service(FrameworkServlet.java:885) [spring-webmvc-6.1.4.jar:6.1.4]
	at jakarta.servlet.http.HttpServlet.service(HttpServlet.java:658) [tomcat-embed-core-10.1.19.jar:6.0]
	at org.apache.catalina.core.ApplicationFilterChain.internalDoFilter(ApplicationFilterChain.java:205) [tomcat-embed-core-10.1.19.jar:10.1.19]
	at org.apache.catalina.core.ApplicationFilterChain.doFilter(ApplicationFilterChain.java:149) [tomcat-embed-core-10.1.19.jar:10.1.19]
	at org.apache.tomcat.websocket.server.WsFilter.doFilter(WsFilter.java:51) [tomcat-embed-websocket-10.1.19.jar:10.1.19]
	at org.apache.catalina.core.ApplicationFilterChain.internalDoFilter(ApplicationFilterChain.java:174) [tomcat-embed-core-10.1.19.jar:10.1.19]
	at org.apache.catalina.core.ApplicationFilterChain.doFilter(ApplicationFilterChain.java:149) [tomcat-embed-core-10.1.19.jar:10.1.19]
	at org.springframework.web.filter.RequestContextFilter.doFilterInternal(RequestContextFilter.java:100) [spring-web-6.1.4.jar:6.1.4]
	at org.springframework.web.filter.OncePerRequestFilter.doFilter(OncePerRequestFilter.java:116) [spring-web-6.1.4.jar:6.1.4]
	at org.apache.catalina.core.ApplicationFilterChain.internalDoFilter(ApplicationFilterChain.java:174) [tomcat-embed-core-10.1.19.jar:10.1.19]
	at org.apache.catalina.core.ApplicationFilterChain.doFilter(ApplicationFilterChain.java:149) [tomcat-embed-core-10.1.19.jar:10.1.19]
	at org.springframework.web.filter.FormContentFilter.doFilterInternal(FormContentFilter.java:93) [spring-web-6.1.4.jar:6.1.4]
	at org.springframework.web.filter.OncePerRequestFilter.doFilter(OncePerRequestFilter.java:116) [spring-web-6.1.4.jar:6.1.4]
	at org.apache.catalina.core.ApplicationFilterChain.internalDoFilter(ApplicationFilterChain.java:174) [tomcat-embed-core-10.1.19.jar:10.1.19]
	at org.apache.catalina.core.ApplicationFilterChain.doFilter(ApplicationFilterChain.java:149) [tomcat-embed-core-10.1.19.jar:10.1.19]
	at org.springframework.web.filter.CharacterEncodingFilter.doFilterInternal(CharacterEncodingFilter.java:201) [spring-web-6.1.4.jar:6.1.4]
	at org.springframework.web.filter.OncePerRequestFilter.doFilter(OncePerRequestFilter.java:116) [spring-web-6.1.4.jar:6.1.4]
	at org.apache.catalina.core.ApplicationFilterChain.internalDoFilter(ApplicationFilterChain.java:174) [tomcat-embed-core-10.1.19.jar:10.1.19]
	at org.apache.catalina.core.ApplicationFilterChain.doFilter(ApplicationFilterChain.java:149) [tomcat-embed-core-10.1.19.jar:10.1.19]
	at org.apache.catalina.core.StandardWrapperValve.invoke(StandardWrapperValve.java:167) [tomcat-embed-core-10.1.19.jar:10.1.19]
	at org.apache.catalina.core.StandardContextValve.invoke(StandardContextValve.java:90) [tomcat-embed-core-10.1.19.jar:10.1.19]
	at org.apache.catalina.authenticator.AuthenticatorBase.invoke(AuthenticatorBase.java:482) [tomcat-embed-core-10.1.19.jar:10.1.19]
	at org.apache.catalina.core.StandardHostValve.invoke(StandardHostValve.java:115) [tomcat-embed-core-10.1.19.jar:10.1.19]
	at org.apache.catalina.valves.ErrorReportValve.invoke(ErrorReportValve.java:93) [tomcat-embed-core-10.1.19.jar:10.1.19]
	at org.apache.catalina.core.StandardEngineValve.invoke(StandardEngineValve.java:74) [tomcat-embed-core-10.1.19.jar:10.1.19]
	at org.apache.catalina.connector.CoyoteAdapter.service(CoyoteAdapter.java:344) [tomcat-embed-core-10.1.19.jar:10.1.19]
	at org.apache.coyote.http11.Http11Processor.service(Http11Processor.java:391) [tomcat-embed-core-10.1.19.jar:10.1.19]
	at org.apache.coyote.AbstractProcessorLight.process(AbstractProcessorLight.java:63) [tomcat-embed-core-10.1.19.jar:10.1.19]
	at org.apache.coyote.AbstractProtocol$ConnectionHandler.process(AbstractProtocol.java:896) [tomcat-embed-core-10.1.19.jar:10.1.19]
	at org.apache.tomcat.util.net.NioEndpoint$SocketProcessor.doRun(NioEndpoint.java:1744) [tomcat-embed-core-10.1.19.jar:10.1.19]
	at org.apache.tomcat.util.net.SocketProcessorBase.run(SocketProcessorBase.java:52) [tomcat-embed-core-10.1.19.jar:10.1.19]
	at org.apache.tomcat.util.threads.ThreadPoolExecutor.runWorker(ThreadPoolExecutor.java:1191) [tomcat-embed-core-10.1.19.jar:10.1.19]
	at org.apache.tomcat.util.threads.ThreadPoolExecutor$Worker.run(ThreadPoolExecutor.java:659) [tomcat-embed-core-10.1.19.jar:10.1.19]
	at org.apache.tomcat.util.threads.TaskThread$WrappingRunnable.run(TaskThread.java:63) [tomcat-embed-core-10.1.19.jar:10.1.19]
	at java.base/java.lang.Thread.run(Thread.java:1447) [?:?]
Caused by: org.hibernate.exception.ConstraintViolationException: could not execute statement [Duplicate entry '12345678' for key 'cliente.UK_hx9w6tpma79yxjbk83xfiw7fo'] [insert into cliente (active,apellido,codigo_pais,creation_date,email,nombre,numero_documento,password,segundo_nombre,telefono,tipo_documento,update_date,username) values (?,?,?,?,?,?,?,?,?,?,?,?,?)]
	at org.hibernate.exception.internal.SQLExceptionTypeDelegate.convert(SQLExceptionTypeDelegate.java:62) ~[hibernate-core-6.4.4.Final.jar:6.4.4.Final]
	at org.hibernate.exception.internal.StandardSQLExceptionConverter.convert(StandardSQLExceptionConverter.java:58) ~[hibernate-core-6.4.4.Final.jar:6.4.4.Final]
	at org.hibernate.engine.jdbc.spi.SqlExceptionHelper.convert(SqlExceptionHelper.java:108) ~[hibernate-core-6.4.4.Final.jar:6.4.4.Final]
	at org.hibernate.engine.jdbc.internal.ResultSetReturnImpl.executeUpdate(ResultSetReturnImpl.java:197) ~[hibernate-core-6.4.4.Final.jar:6.4.4.Final]
	at org.hibernate.id.insert.GetGeneratedKeysDelegate.performInsert(GetGeneratedKeysDelegate.java:107) ~[hibernate-core-6.4.4.Final.jar:6.4.4.Final]
	at org.hibernate.engine.jdbc.mutation.internal.MutationExecutorPostInsertSingleTable.execute(MutationExecutorPostInsertSingleTable.java:100) ~[hibernate-core-6.4.4.Final.jar:6.4.4.Final]
	at org.hibernate.persister.entity.mutation.InsertCoordinator.doStaticInserts(InsertCoordinator.java:175) ~[hibernate-core-6.4.4.Final.jar:6.4.4.Final]
	at org.hibernate.persister.entity.mutation.InsertCoordinator.coordinateInsert(InsertCoordinator.java:113) ~[hibernate-core-6.4.4.Final.jar:6.4.4.Final]
	at org.hibernate.persister.entity.AbstractEntityPersister.insert(AbstractEntityPersister.java:2868) ~[hibernate-core-6.4.4.Final.jar:6.4.4.Final]
	at org.hibernate.action.internal.EntityIdentityInsertAction.execute(EntityIdentityInsertAction.java:81) ~[hibernate-core-6.4.4.Final.jar:6.4.4.Final]
	at org.hibernate.engine.spi.ActionQueue.execute(ActionQueue.java:670) ~[hibernate-core-6.4.4.Final.jar:6.4.4.Final]
	at org.hibernate.engine.spi.ActionQueue.addResolvedEntityInsertAction(ActionQueue.java:291) ~[hibernate-core-6.4.4.Final.jar:6.4.4.Final]
	at org.hibernate.engine.spi.ActionQueue.addInsertAction(ActionQueue.java:272) ~[hibernate-core-6.4.4.Final.jar:6.4.4.Final]
	at org.hibernate.engine.spi.ActionQueue.addAction(ActionQueue.java:322) ~[hibernate-core-6.4.4.Final.jar:6.4.4.Final]
	at org.hibernate.event.internal.AbstractSaveEventListener.addInsertAction(AbstractSaveEventListener.java:386) ~[hibernate-core-6.4.4.Final.jar:6.4.4.Final]
	at org.hibernate.event.internal.AbstractSaveEventListener.performSaveOrReplicate(AbstractSaveEventListener.java:300) ~[hibernate-core-6.4.4.Final.jar:6.4.4.Final]
	at org.hibernate.event.internal.AbstractSaveEventListener.performSave(AbstractSaveEventListener.java:219) ~[hibernate-core-6.4.4.Final.jar:6.4.4.Final]
	at org.hibernate.event.internal.AbstractSaveEventListener.saveWithGeneratedId(AbstractSaveEventListener.java:134) ~[hibernate-core-6.4.4.Final.jar:6.4.4.Final]
	at org.hibernate.event.internal.DefaultPersistEventListener.entityIsTransient(DefaultPersistEventListener.java:175) ~[hibernate-core-6.4.4.Final.jar:6.4.4.Final]
	at org.hibernate.event.internal.DefaultPersistEventListener.persist(DefaultPersistEventListener.java:93) ~[hibernate-core-6.4.4.Final.jar:6.4.4.Final]
	at org.hibernate.event.internal.DefaultPersistEventListener.onPersist(DefaultPersistEventListener.java:77) ~[hibernate-core-6.4.4.Final.jar:6.4.4.Final]
	at org.hibernate.event.internal.DefaultPersistEventListener.onPersist(DefaultPersistEventListener.java:54) ~[hibernate-core-6.4.4.Final.jar:6.4.4.Final]
	at org.hibernate.event.service.internal.EventListenerGroupImpl.fireEventOnEachListener(EventListenerGroupImpl.java:127) ~[hibernate-core-6.4.4.Final.jar:6.4.4.Final]
	at org.hibernate.internal.SessionImpl.firePersist(SessionImpl.java:754) ~[hibernate-core-6.4.4.Final.jar:6.4.4.Final]
	at org.hibernate.internal.SessionImpl.persist(SessionImpl.java:738) ~[hibernate-core-6.4.4.Final.jar:6.4.4.Final]
	at java.base/jdk.internal.reflect.DirectMethodHandleAccessor.invoke(DirectMethodHandleAccessor.java:104) ~[?:?]
	at java.base/java.lang.reflect.Method.invoke(Method.java:565) ~[?:?]
	at org.springframework.orm.jpa.ExtendedEntityManagerCreator$ExtendedEntityManagerInvocationHandler.invoke(ExtendedEntityManagerCreator.java:364) ~[spring-orm-6.1.4.jar:6.1.4]
	at jdk.proxy2/jdk.proxy2.$Proxy150.persist(Unknown Source) ~[?:?]
	at java.base/jdk.internal.reflect.DirectMethodHandleAccessor.invoke(DirectMethodHandleAccessor.java:104) ~[?:?]
	at java.base/java.lang.reflect.Method.invoke(Method.java:565) ~[?:?]
	at org.springframework.orm.jpa.SharedEntityManagerCreator$SharedEntityManagerInvocationHandler.invoke(SharedEntityManagerCreator.java:319) ~[spring-orm-6.1.4.jar:6.1.4]
	at jdk.proxy2/jdk.proxy2.$Proxy150.persist(Unknown Source) ~[?:?]
	at org.springframework.data.jpa.repository.support.SimpleJpaRepository.save(SimpleJpaRepository.java:618) ~[spring-data-jpa-3.2.3.jar:3.2.3]
	at java.base/jdk.internal.reflect.DirectMethodHandleAccessor.invoke(DirectMethodHandleAccessor.java:104) ~[?:?]
	at java.base/java.lang.reflect.Method.invoke(Method.java:565) ~[?:?]
	at org.springframework.aop.support.AopUtils.invokeJoinpointUsingReflection(AopUtils.java:351) ~[spring-aop-6.1.4.jar:6.1.4]
	at org.springframework.data.repository.core.support.RepositoryMethodInvoker$RepositoryFragmentMethodInvoker.lambda$new$0(RepositoryMethodInvoker.java:277) ~[spring-data-commons-3.2.3.jar:3.2.3]
	at org.springframework.data.repository.core.support.RepositoryMethodInvoker.doInvoke(RepositoryMethodInvoker.java:170) ~[spring-data-commons-3.2.3.jar:3.2.3]
	at org.springframework.data.repository.core.support.RepositoryMethodInvoker.invoke(RepositoryMethodInvoker.java:158) ~[spring-data-commons-3.2.3.jar:3.2.3]
	at org.springframework.data.repository.core.support.RepositoryComposition$RepositoryFragments.invoke(RepositoryComposition.java:516) ~[spring-data-commons-3.2.3.jar:3.2.3]
	at org.springframework.data.repository.core.support.RepositoryComposition.invoke(RepositoryComposition.java:285) ~[spring-data-commons-3.2.3.jar:3.2.3]
	at org.springframework.data.repository.core.support.RepositoryFactorySupport$ImplementationMethodExecutionInterceptor.invoke(RepositoryFactorySupport.java:628) ~[spring-data-commons-3.2.3.jar:3.2.3]
	at org.springframework.aop.framework.ReflectiveMethodInvocation.proceed(ReflectiveMethodInvocation.java:184) ~[spring-aop-6.1.4.jar:6.1.4]
	at org.springframework.data.repository.core.support.QueryExecutorMethodInterceptor.doInvoke(QueryExecutorMethodInterceptor.java:168) ~[spring-data-commons-3.2.3.jar:3.2.3]
	at org.springframework.data.repository.core.support.QueryExecutorMethodInterceptor.invoke(QueryExecutorMethodInterceptor.java:143) ~[spring-data-commons-3.2.3.jar:3.2.3]
	at org.springframework.aop.framework.ReflectiveMethodInvocation.proceed(ReflectiveMethodInvocation.java:184) ~[spring-aop-6.1.4.jar:6.1.4]
	at org.springframework.data.projection.DefaultMethodInvokingMethodInterceptor.invoke(DefaultMethodInvokingMethodInterceptor.java:70) ~[spring-data-commons-3.2.3.jar:3.2.3]
	at org.springframework.aop.framework.ReflectiveMethodInvocation.proceed(ReflectiveMethodInvocation.java:184) ~[spring-aop-6.1.4.jar:6.1.4]
	at org.springframework.transaction.interceptor.TransactionInterceptor$1.proceedWithInvocation(TransactionInterceptor.java:123) ~[spring-tx-6.1.4.jar:6.1.4]
	at org.springframework.transaction.interceptor.TransactionAspectSupport.invokeWithinTransaction(TransactionAspectSupport.java:385) ~[spring-tx-6.1.4.jar:6.1.4]
	at org.springframework.transaction.interceptor.TransactionInterceptor.invoke(TransactionInterceptor.java:119) ~[spring-tx-6.1.4.jar:6.1.4]
	at org.springframework.aop.framework.ReflectiveMethodInvocation.proceed(ReflectiveMethodInvocation.java:184) ~[spring-aop-6.1.4.jar:6.1.4]
	at org.springframework.dao.support.PersistenceExceptionTranslationInterceptor.invoke(PersistenceExceptionTranslationInterceptor.java:137) ~[spring-tx-6.1.4.jar:6.1.4]
	... 57 more
Caused by: java.sql.SQLIntegrityConstraintViolationException: Duplicate entry '12345678' for key 'cliente.UK_hx9w6tpma79yxjbk83xfiw7fo'
	at com.mysql.cj.jdbc.exceptions.SQLError.createSQLException(SQLError.java:118) ~[mysql-connector-j-8.3.0.jar:8.3.0]
	at com.mysql.cj.jdbc.exceptions.SQLExceptionsMapping.translateException(SQLExceptionsMapping.java:122) ~[mysql-connector-j-8.3.0.jar:8.3.0]
	at com.mysql.cj.jdbc.ClientPreparedStatement.executeInternal(ClientPreparedStatement.java:912) ~[mysql-connector-j-8.3.0.jar:8.3.0]
	at com.mysql.cj.jdbc.ClientPreparedStatement.executeUpdateInternal(ClientPreparedStatement.java:1054) ~[mysql-connector-j-8.3.0.jar:8.3.0]
	at com.mysql.cj.jdbc.ClientPreparedStatement.executeUpdateInternal(ClientPreparedStatement.java:1003) ~[mysql-connector-j-8.3.0.jar:8.3.0]
	at com.mysql.cj.jdbc.ClientPreparedStatement.executeLargeUpdate(ClientPreparedStatement.java:1312) ~[mysql-connector-j-8.3.0.jar:8.3.0]
	at com.mysql.cj.jdbc.ClientPreparedStatement.executeUpdate(ClientPreparedStatement.java:988) ~[mysql-connector-j-8.3.0.jar:8.3.0]
	at com.zaxxer.hikari.pool.ProxyPreparedStatement.executeUpdate(ProxyPreparedStatement.java:61) ~[HikariCP-5.0.1.jar:?]
	at com.zaxxer.hikari.pool.HikariProxyPreparedStatement.executeUpdate(HikariProxyPreparedStatement.java) ~[HikariCP-5.0.1.jar:?]
	at org.hibernate.engine.jdbc.internal.ResultSetReturnImpl.executeUpdate(ResultSetReturnImpl.java:194) ~[hibernate-core-6.4.4.Final.jar:6.4.4.Final]
	at org.hibernate.id.insert.GetGeneratedKeysDelegate.performInsert(GetGeneratedKeysDelegate.java:107) ~[hibernate-core-6.4.4.Final.jar:6.4.4.Final]
	at org.hibernate.engine.jdbc.mutation.internal.MutationExecutorPostInsertSingleTable.execute(MutationExecutorPostInsertSingleTable.java:100) ~[hibernate-core-6.4.4.Final.jar:6.4.4.Final]
	at org.hibernate.persister.entity.mutation.InsertCoordinator.doStaticInserts(InsertCoordinator.java:175) ~[hibernate-core-6.4.4.Final.jar:6.4.4.Final]
	at org.hibernate.persister.entity.mutation.InsertCoordinator.coordinateInsert(InsertCoordinator.java:113) ~[hibernate-core-6.4.4.Final.jar:6.4.4.Final]
	at org.hibernate.persister.entity.AbstractEntityPersister.insert(AbstractEntityPersister.java:2868) ~[hibernate-core-6.4.4.Final.jar:6.4.4.Final]
	at org.hibernate.action.internal.EntityIdentityInsertAction.execute(EntityIdentityInsertAction.java:81) ~[hibernate-core-6.4.4.Final.jar:6.4.4.Final]
	at org.hibernate.engine.spi.ActionQueue.execute(ActionQueue.java:670) ~[hibernate-core-6.4.4.Final.jar:6.4.4.Final]
	at org.hibernate.engine.spi.ActionQueue.addResolvedEntityInsertAction(ActionQueue.java:291) ~[hibernate-core-6.4.4.Final.jar:6.4.4.Final]
	at org.hibernate.engine.spi.ActionQueue.addInsertAction(ActionQueue.java:272) ~[hibernate-core-6.4.4.Final.jar:6.4.4.Final]
	at org.hibernate.engine.spi.ActionQueue.addAction(ActionQueue.java:322) ~[hibernate-core-6.4.4.Final.jar:6.4.4.Final]
	at org.hibernate.event.internal.AbstractSaveEventListener.addInsertAction(AbstractSaveEventListener.java:386) ~[hibernate-core-6.4.4.Final.jar:6.4.4.Final]
	at org.hibernate.event.internal.AbstractSaveEventListener.performSaveOrReplicate(AbstractSaveEventListener.java:300) ~[hibernate-core-6.4.4.Final.jar:6.4.4.Final]
	at org.hibernate.event.internal.AbstractSaveEventListener.performSave(AbstractSaveEventListener.java:219) ~[hibernate-core-6.4.4.Final.jar:6.4.4.Final]
	at org.hibernate.event.internal.AbstractSaveEventListener.saveWithGeneratedId(AbstractSaveEventListener.java:134) ~[hibernate-core-6.4.4.Final.jar:6.4.4.Final]
	at org.hibernate.event.internal.DefaultPersistEventListener.entityIsTransient(DefaultPersistEventListener.java:175) ~[hibernate-core-6.4.4.Final.jar:6.4.4.Final]
	at org.hibernate.event.internal.DefaultPersistEventListener.persist(DefaultPersistEventListener.java:93) ~[hibernate-core-6.4.4.Final.jar:6.4.4.Final]
	at org.hibernate.event.internal.DefaultPersistEventListener.onPersist(DefaultPersistEventListener.java:77) ~[hibernate-core-6.4.4.Final.jar:6.4.4.Final]
	at org.hibernate.event.internal.DefaultPersistEventListener.onPersist(DefaultPersistEventListener.java:54) ~[hibernate-core-6.4.4.Final.jar:6.4.4.Final]
	at org.hibernate.event.service.internal.EventListenerGroupImpl.fireEventOnEachListener(EventListenerGroupImpl.java:127) ~[hibernate-core-6.4.4.Final.jar:6.4.4.Final]
	at org.hibernate.internal.SessionImpl.firePersist(SessionImpl.java:754) ~[hibernate-core-6.4.4.Final.jar:6.4.4.Final]
	at org.hibernate.internal.SessionImpl.persist(SessionImpl.java:738) ~[hibernate-core-6.4.4.Final.jar:6.4.4.Final]
	at java.base/jdk.internal.reflect.DirectMethodHandleAccessor.invoke(DirectMethodHandleAccessor.java:104) ~[?:?]
	at java.base/java.lang.reflect.Method.invoke(Method.java:565) ~[?:?]
	at org.springframework.orm.jpa.ExtendedEntityManagerCreator$ExtendedEntityManagerInvocationHandler.invoke(ExtendedEntityManagerCreator.java:364) ~[spring-orm-6.1.4.jar:6.1.4]
	at jdk.proxy2/jdk.proxy2.$Proxy150.persist(Unknown Source) ~[?:?]
	at java.base/jdk.internal.reflect.DirectMethodHandleAccessor.invoke(DirectMethodHandleAccessor.java:104) ~[?:?]
	at java.base/java.lang.reflect.Method.invoke(Method.java:565) ~[?:?]
	at org.springframework.orm.jpa.SharedEntityManagerCreator$SharedEntityManagerInvocationHandler.invoke(SharedEntityManagerCreator.java:319) ~[spring-orm-6.1.4.jar:6.1.4]
	at jdk.proxy2/jdk.proxy2.$Proxy150.persist(Unknown Source) ~[?:?]
	at org.springframework.data.jpa.repository.support.SimpleJpaRepository.save(SimpleJpaRepository.java:618) ~[spring-data-jpa-3.2.3.jar:3.2.3]
	at java.base/jdk.internal.reflect.DirectMethodHandleAccessor.invoke(DirectMethodHandleAccessor.java:104) ~[?:?]
	at java.base/java.lang.reflect.Method.invoke(Method.java:565) ~[?:?]
	at org.springframework.aop.support.AopUtils.invokeJoinpointUsingReflection(AopUtils.java:351) ~[spring-aop-6.1.4.jar:6.1.4]
	at org.springframework.data.repository.core.support.RepositoryMethodInvoker$RepositoryFragmentMethodInvoker.lambda$new$0(RepositoryMethodInvoker.java:277) ~[spring-data-commons-3.2.3.jar:3.2.3]
	at org.springframework.data.repository.core.support.RepositoryMethodInvoker.doInvoke(RepositoryMethodInvoker.java:170) ~[spring-data-commons-3.2.3.jar:3.2.3]
	at org.springframework.data.repository.core.support.RepositoryMethodInvoker.invoke(RepositoryMethodInvoker.java:158) ~[spring-data-commons-3.2.3.jar:3.2.3]
	at org.springframework.data.repository.core.support.RepositoryComposition$RepositoryFragments.invoke(RepositoryComposition.java:516) ~[spring-data-commons-3.2.3.jar:3.2.3]
	at org.springframework.data.repository.core.support.RepositoryComposition.invoke(RepositoryComposition.java:285) ~[spring-data-commons-3.2.3.jar:3.2.3]
	at org.springframework.data.repository.core.support.RepositoryFactorySupport$ImplementationMethodExecutionInterceptor.invoke(RepositoryFactorySupport.java:628) ~[spring-data-commons-3.2.3.jar:3.2.3]
	at org.springframework.aop.framework.ReflectiveMethodInvocation.proceed(ReflectiveMethodInvocation.java:184) ~[spring-aop-6.1.4.jar:6.1.4]
	at org.springframework.data.repository.core.support.QueryExecutorMethodInterceptor.doInvoke(QueryExecutorMethodInterceptor.java:168) ~[spring-data-commons-3.2.3.jar:3.2.3]
	at org.springframework.data.repository.core.support.QueryExecutorMethodInterceptor.invoke(QueryExecutorMethodInterceptor.java:143) ~[spring-data-commons-3.2.3.jar:3.2.3]
	at org.springframework.aop.framework.ReflectiveMethodInvocation.proceed(ReflectiveMethodInvocation.java:184) ~[spring-aop-6.1.4.jar:6.1.4]
	at org.springframework.data.projection.DefaultMethodInvokingMethodInterceptor.invoke(DefaultMethodInvokingMethodInterceptor.java:70) ~[spring-data-commons-3.2.3.jar:3.2.3]
	at org.springframework.aop.framework.ReflectiveMethodInvocation.proceed(ReflectiveMethodInvocation.java:184) ~[spring-aop-6.1.4.jar:6.1.4]
	at org.springframework.transaction.interceptor.TransactionInterceptor$1.proceedWithInvocation(TransactionInterceptor.java:123) ~[spring-tx-6.1.4.jar:6.1.4]
	at org.springframework.transaction.interceptor.TransactionAspectSupport.invokeWithinTransaction(TransactionAspectSupport.java:385) ~[spring-tx-6.1.4.jar:6.1.4]
	at org.springframework.transaction.interceptor.TransactionInterceptor.invoke(TransactionInterceptor.java:119) ~[spring-tx-6.1.4.jar:6.1.4]
	at org.springframework.aop.framework.ReflectiveMethodInvocation.proceed(ReflectiveMethodInvocation.java:184) ~[spring-aop-6.1.4.jar:6.1.4]
	at org.springframework.dao.support.PersistenceExceptionTranslationInterceptor.invoke(PersistenceExceptionTranslationInterceptor.java:137) ~[spring-tx-6.1.4.jar:6.1.4]
	... 57 more
2025-12-21 21:17:59.628 [http-nio-8081-exec-10] ERROR org.apache.catalina.core.ContainerBase.[Tomcat].[localhost].[/api].[dispatcherServlet] - Servlet.service() for servlet [dispatcherServlet] in context with path [/api] threw exception [Request processing failed: java.lang.RuntimeException: Error al crear cliente: could not execute statement [Duplicate entry '12345678' for key 'cliente.UK_hx9w6tpma79yxjbk83xfiw7fo'] [insert into cliente (active,apellido,codigo_pais,creation_date,email,nombre,numero_documento,password,segundo_nombre,telefono,tipo_documento,update_date,username) values (?,?,?,?,?,?,?,?,?,?,?,?,?)]; SQL [insert into cliente (active,apellido,codigo_pais,creation_date,email,nombre,numero_documento,password,segundo_nombre,telefono,tipo_documento,update_date,username) values (?,?,?,?,?,?,?,?,?,?,?,?,?)]; constraint [cliente.UK_hx9w6tpma79yxjbk83xfiw7fo]] with root cause
java.sql.SQLIntegrityConstraintViolationException: Duplicate entry '12345678' for key 'cliente.UK_hx9w6tpma79yxjbk83xfiw7fo'
	at com.mysql.cj.jdbc.exceptions.SQLError.createSQLException(SQLError.java:118) ~[mysql-connector-j-8.3.0.jar:8.3.0]
	at com.mysql.cj.jdbc.exceptions.SQLExceptionsMapping.translateException(SQLExceptionsMapping.java:122) ~[mysql-connector-j-8.3.0.jar:8.3.0]
	at com.mysql.cj.jdbc.ClientPreparedStatement.executeInternal(ClientPreparedStatement.java:912) ~[mysql-connector-j-8.3.0.jar:8.3.0]
	at com.mysql.cj.jdbc.ClientPreparedStatement.executeUpdateInternal(ClientPreparedStatement.java:1054) ~[mysql-connector-j-8.3.0.jar:8.3.0]
	at com.mysql.cj.jdbc.ClientPreparedStatement.executeUpdateInternal(ClientPreparedStatement.java:1003) ~[mysql-connector-j-8.3.0.jar:8.3.0]
	at com.mysql.cj.jdbc.ClientPreparedStatement.executeLargeUpdate(ClientPreparedStatement.java:1312) ~[mysql-connector-j-8.3.0.jar:8.3.0]
	at com.mysql.cj.jdbc.ClientPreparedStatement.executeUpdate(ClientPreparedStatement.java:988) ~[mysql-connector-j-8.3.0.jar:8.3.0]
	at com.zaxxer.hikari.pool.ProxyPreparedStatement.executeUpdate(ProxyPreparedStatement.java:61) ~[HikariCP-5.0.1.jar:?]
	at com.zaxxer.hikari.pool.HikariProxyPreparedStatement.executeUpdate(HikariProxyPreparedStatement.java) ~[HikariCP-5.0.1.jar:?]
	at org.hibernate.engine.jdbc.internal.ResultSetReturnImpl.executeUpdate(ResultSetReturnImpl.java:194) ~[hibernate-core-6.4.4.Final.jar:6.4.4.Final]
	at org.hibernate.id.insert.GetGeneratedKeysDelegate.performInsert(GetGeneratedKeysDelegate.java:107) ~[hibernate-core-6.4.4.Final.jar:6.4.4.Final]
	at org.hibernate.engine.jdbc.mutation.internal.MutationExecutorPostInsertSingleTable.execute(MutationExecutorPostInsertSingleTable.java:100) ~[hibernate-core-6.4.4.Final.jar:6.4.4.Final]
	at org.hibernate.persister.entity.mutation.InsertCoordinator.doStaticInserts(InsertCoordinator.java:175) ~[hibernate-core-6.4.4.Final.jar:6.4.4.Final]
	at org.hibernate.persister.entity.mutation.InsertCoordinator.coordinateInsert(InsertCoordinator.java:113) ~[hibernate-core-6.4.4.Final.jar:6.4.4.Final]
	at org.hibernate.persister.entity.AbstractEntityPersister.insert(AbstractEntityPersister.java:2868) ~[hibernate-core-6.4.4.Final.jar:6.4.4.Final]
	at org.hibernate.action.internal.EntityIdentityInsertAction.execute(EntityIdentityInsertAction.java:81) ~[hibernate-core-6.4.4.Final.jar:6.4.4.Final]
	at org.hibernate.engine.spi.ActionQueue.execute(ActionQueue.java:670) ~[hibernate-core-6.4.4.Final.jar:6.4.4.Final]
	at org.hibernate.engine.spi.ActionQueue.addResolvedEntityInsertAction(ActionQueue.java:291) ~[hibernate-core-6.4.4.Final.jar:6.4.4.Final]
	at org.hibernate.engine.spi.ActionQueue.addInsertAction(ActionQueue.java:272) ~[hibernate-core-6.4.4.Final.jar:6.4.4.Final]
	at org.hibernate.engine.spi.ActionQueue.addAction(ActionQueue.java:322) ~[hibernate-core-6.4.4.Final.jar:6.4.4.Final]
	at org.hibernate.event.internal.AbstractSaveEventListener.addInsertAction(AbstractSaveEventListener.java:386) ~[hibernate-core-6.4.4.Final.jar:6.4.4.Final]
	at org.hibernate.event.internal.AbstractSaveEventListener.performSaveOrReplicate(AbstractSaveEventListener.java:300) ~[hibernate-core-6.4.4.Final.jar:6.4.4.Final]
	at org.hibernate.event.internal.AbstractSaveEventListener.performSave(AbstractSaveEventListener.java:219) ~[hibernate-core-6.4.4.Final.jar:6.4.4.Final]
	at org.hibernate.event.internal.AbstractSaveEventListener.saveWithGeneratedId(AbstractSaveEventListener.java:134) ~[hibernate-core-6.4.4.Final.jar:6.4.4.Final]
	at org.hibernate.event.internal.DefaultPersistEventListener.entityIsTransient(DefaultPersistEventListener.java:175) ~[hibernate-core-6.4.4.Final.jar:6.4.4.Final]
	at org.hibernate.event.internal.DefaultPersistEventListener.persist(DefaultPersistEventListener.java:93) ~[hibernate-core-6.4.4.Final.jar:6.4.4.Final]
	at org.hibernate.event.internal.DefaultPersistEventListener.onPersist(DefaultPersistEventListener.java:77) ~[hibernate-core-6.4.4.Final.jar:6.4.4.Final]
	at org.hibernate.event.internal.DefaultPersistEventListener.onPersist(DefaultPersistEventListener.java:54) ~[hibernate-core-6.4.4.Final.jar:6.4.4.Final]
	at org.hibernate.event.service.internal.EventListenerGroupImpl.fireEventOnEachListener(EventListenerGroupImpl.java:127) ~[hibernate-core-6.4.4.Final.jar:6.4.4.Final]
	at org.hibernate.internal.SessionImpl.firePersist(SessionImpl.java:754) ~[hibernate-core-6.4.4.Final.jar:6.4.4.Final]
	at org.hibernate.internal.SessionImpl.persist(SessionImpl.java:738) ~[hibernate-core-6.4.4.Final.jar:6.4.4.Final]
	at java.base/jdk.internal.reflect.DirectMethodHandleAccessor.invoke(DirectMethodHandleAccessor.java:104) ~[?:?]
	at java.base/java.lang.reflect.Method.invoke(Method.java:565) ~[?:?]
	at org.springframework.orm.jpa.ExtendedEntityManagerCreator$ExtendedEntityManagerInvocationHandler.invoke(ExtendedEntityManagerCreator.java:364) ~[spring-orm-6.1.4.jar:6.1.4]
	at jdk.proxy2/jdk.proxy2.$Proxy150.persist(Unknown Source) ~[?:?]
	at java.base/jdk.internal.reflect.DirectMethodHandleAccessor.invoke(DirectMethodHandleAccessor.java:104) ~[?:?]
	at java.base/java.lang.reflect.Method.invoke(Method.java:565) ~[?:?]
	at org.springframework.orm.jpa.SharedEntityManagerCreator$SharedEntityManagerInvocationHandler.invoke(SharedEntityManagerCreator.java:319) ~[spring-orm-6.1.4.jar:6.1.4]
	at jdk.proxy2/jdk.proxy2.$Proxy150.persist(Unknown Source) ~[?:?]
	at org.springframework.data.jpa.repository.support.SimpleJpaRepository.save(SimpleJpaRepository.java:618) ~[spring-data-jpa-3.2.3.jar:3.2.3]
	at java.base/jdk.internal.reflect.DirectMethodHandleAccessor.invoke(DirectMethodHandleAccessor.java:104) ~[?:?]
	at java.base/java.lang.reflect.Method.invoke(Method.java:565) ~[?:?]
	at org.springframework.aop.support.AopUtils.invokeJoinpointUsingReflection(AopUtils.java:351) ~[spring-aop-6.1.4.jar:6.1.4]
	at org.springframework.data.repository.core.support.RepositoryMethodInvoker$RepositoryFragmentMethodInvoker.lambda$new$0(RepositoryMethodInvoker.java:277) ~[spring-data-commons-3.2.3.jar:3.2.3]
	at org.springframework.data.repository.core.support.RepositoryMethodInvoker.doInvoke(RepositoryMethodInvoker.java:170) ~[spring-data-commons-3.2.3.jar:3.2.3]
	at org.springframework.data.repository.core.support.RepositoryMethodInvoker.invoke(RepositoryMethodInvoker.java:158) ~[spring-data-commons-3.2.3.jar:3.2.3]
	at org.springframework.data.repository.core.support.RepositoryComposition$RepositoryFragments.invoke(RepositoryComposition.java:516) ~[spring-data-commons-3.2.3.jar:3.2.3]
	at org.springframework.data.repository.core.support.RepositoryComposition.invoke(RepositoryComposition.java:285) ~[spring-data-commons-3.2.3.jar:3.2.3]
	at org.springframework.data.repository.core.support.RepositoryFactorySupport$ImplementationMethodExecutionInterceptor.invoke(RepositoryFactorySupport.java:628) ~[spring-data-commons-3.2.3.jar:3.2.3]
	at org.springframework.aop.framework.ReflectiveMethodInvocation.proceed(ReflectiveMethodInvocation.java:184) ~[spring-aop-6.1.4.jar:6.1.4]
	at org.springframework.data.repository.core.support.QueryExecutorMethodInterceptor.doInvoke(QueryExecutorMethodInterceptor.java:168) ~[spring-data-commons-3.2.3.jar:3.2.3]
	at org.springframework.data.repository.core.support.QueryExecutorMethodInterceptor.invoke(QueryExecutorMethodInterceptor.java:143) ~[spring-data-commons-3.2.3.jar:3.2.3]
	at org.springframework.aop.framework.ReflectiveMethodInvocation.proceed(ReflectiveMethodInvocation.java:184) ~[spring-aop-6.1.4.jar:6.1.4]
	at org.springframework.data.projection.DefaultMethodInvokingMethodInterceptor.invoke(DefaultMethodInvokingMethodInterceptor.java:70) ~[spring-data-commons-3.2.3.jar:3.2.3]
	at org.springframework.aop.framework.ReflectiveMethodInvocation.proceed(ReflectiveMethodInvocation.java:184) ~[spring-aop-6.1.4.jar:6.1.4]
	at org.springframework.transaction.interceptor.TransactionInterceptor$1.proceedWithInvocation(TransactionInterceptor.java:123) ~[spring-tx-6.1.4.jar:6.1.4]
	at org.springframework.transaction.interceptor.TransactionAspectSupport.invokeWithinTransaction(TransactionAspectSupport.java:385) ~[spring-tx-6.1.4.jar:6.1.4]
	at org.springframework.transaction.interceptor.TransactionInterceptor.invoke(TransactionInterceptor.java:119) ~[spring-tx-6.1.4.jar:6.1.4]
	at org.springframework.aop.framework.ReflectiveMethodInvocation.proceed(ReflectiveMethodInvocation.java:184) ~[spring-aop-6.1.4.jar:6.1.4]
	at org.springframework.dao.support.PersistenceExceptionTranslationInterceptor.invoke(PersistenceExceptionTranslationInterceptor.java:137) ~[spring-tx-6.1.4.jar:6.1.4]
	at org.springframework.aop.framework.ReflectiveMethodInvocation.proceed(ReflectiveMethodInvocation.java:184) ~[spring-aop-6.1.4.jar:6.1.4]
	at org.springframework.data.jpa.repository.support.CrudMethodMetadataPostProcessor$CrudMethodMetadataPopulatingMethodInterceptor.invoke(CrudMethodMetadataPostProcessor.java:164) ~[spring-data-jpa-3.2.3.jar:3.2.3]
	at org.springframework.aop.framework.ReflectiveMethodInvocation.proceed(ReflectiveMethodInvocation.java:184) ~[spring-aop-6.1.4.jar:6.1.4]
	at org.springframework.aop.interceptor.ExposeInvocationInterceptor.invoke(ExposeInvocationInterceptor.java:97) ~[spring-aop-6.1.4.jar:6.1.4]
	at org.springframework.aop.framework.ReflectiveMethodInvocation.proceed(ReflectiveMethodInvocation.java:184) ~[spring-aop-6.1.4.jar:6.1.4]
	at org.springframework.aop.framework.JdkDynamicAopProxy.invoke(JdkDynamicAopProxy.java:220) ~[spring-aop-6.1.4.jar:6.1.4]
	at jdk.proxy2/jdk.proxy2.$Proxy165.save(Unknown Source) ~[?:?]
	at com.dp1.backend.services.ClienteService.createCliente(ClienteService.java:34) ~[classes/:?]
	at com.dp1.backend.controllers.ClienteController.createCliente(ClienteController.java:42) ~[classes/:?]
	at java.base/jdk.internal.reflect.DirectMethodHandleAccessor.invoke(DirectMethodHandleAccessor.java:104) ~[?:?]
	at java.base/java.lang.reflect.Method.invoke(Method.java:565) ~[?:?]
	at org.springframework.web.method.support.InvocableHandlerMethod.doInvoke(InvocableHandlerMethod.java:259) ~[spring-web-6.1.4.jar:6.1.4]
	at org.springframework.web.method.support.InvocableHandlerMethod.invokeForRequest(InvocableHandlerMethod.java:192) ~[spring-web-6.1.4.jar:6.1.4]
	at org.springframework.web.servlet.mvc.method.annotation.ServletInvocableHandlerMethod.invokeAndHandle(ServletInvocableHandlerMethod.java:118) ~[spring-webmvc-6.1.4.jar:6.1.4]
	at org.springframework.web.servlet.mvc.method.annotation.RequestMappingHandlerAdapter.invokeHandlerMethod(RequestMappingHandlerAdapter.java:920) ~[spring-webmvc-6.1.4.jar:6.1.4]
	at org.springframework.web.servlet.mvc.method.annotation.RequestMappingHandlerAdapter.handleInternal(RequestMappingHandlerAdapter.java:830) ~[spring-webmvc-6.1.4.jar:6.1.4]
	at org.springframework.web.servlet.mvc.method.AbstractHandlerMethodAdapter.handle(AbstractHandlerMethodAdapter.java:87) ~[spring-webmvc-6.1.4.jar:6.1.4]
	at org.springframework.web.servlet.DispatcherServlet.doDispatch(DispatcherServlet.java:1089) ~[spring-webmvc-6.1.4.jar:6.1.4]
	at org.springframework.web.servlet.DispatcherServlet.doService(DispatcherServlet.java:979) ~[spring-webmvc-6.1.4.jar:6.1.4]
	at org.springframework.web.servlet.FrameworkServlet.processRequest(FrameworkServlet.java:1014) ~[spring-webmvc-6.1.4.jar:6.1.4]
	at org.springframework.web.servlet.FrameworkServlet.doPost(FrameworkServlet.java:914) ~[spring-webmvc-6.1.4.jar:6.1.4]
	at jakarta.servlet.http.HttpServlet.service(HttpServlet.java:590) ~[tomcat-embed-core-10.1.19.jar:6.0]
	at org.springframework.web.servlet.FrameworkServlet.service(FrameworkServlet.java:885) ~[spring-webmvc-6.1.4.jar:6.1.4]
	at jakarta.servlet.http.HttpServlet.service(HttpServlet.java:658) ~[tomcat-embed-core-10.1.19.jar:6.0]
	at org.apache.catalina.core.ApplicationFilterChain.internalDoFilter(ApplicationFilterChain.java:205) ~[tomcat-embed-core-10.1.19.jar:10.1.19]
	at org.apache.catalina.core.ApplicationFilterChain.doFilter(ApplicationFilterChain.java:149) ~[tomcat-embed-core-10.1.19.jar:10.1.19]
	at org.apache.tomcat.websocket.server.WsFilter.doFilter(WsFilter.java:51) ~[tomcat-embed-websocket-10.1.19.jar:10.1.19]
	at org.apache.catalina.core.ApplicationFilterChain.internalDoFilter(ApplicationFilterChain.java:174) ~[tomcat-embed-core-10.1.19.jar:10.1.19]
	at org.apache.catalina.core.ApplicationFilterChain.doFilter(ApplicationFilterChain.java:149) ~[tomcat-embed-core-10.1.19.jar:10.1.19]
	at org.springframework.web.filter.RequestContextFilter.doFilterInternal(RequestContextFilter.java:100) ~[spring-web-6.1.4.jar:6.1.4]
	at org.springframework.web.filter.OncePerRequestFilter.doFilter(OncePerRequestFilter.java:116) ~[spring-web-6.1.4.jar:6.1.4]
	at org.apache.catalina.core.ApplicationFilterChain.internalDoFilter(ApplicationFilterChain.java:174) ~[tomcat-embed-core-10.1.19.jar:10.1.19]
	at org.apache.catalina.core.ApplicationFilterChain.doFilter(ApplicationFilterChain.java:149) ~[tomcat-embed-core-10.1.19.jar:10.1.19]
	at org.springframework.web.filter.FormContentFilter.doFilterInternal(FormContentFilter.java:93) ~[spring-web-6.1.4.jar:6.1.4]
	at org.springframework.web.filter.OncePerRequestFilter.doFilter(OncePerRequestFilter.java:116) ~[spring-web-6.1.4.jar:6.1.4]
	at org.apache.catalina.core.ApplicationFilterChain.internalDoFilter(ApplicationFilterChain.java:174) ~[tomcat-embed-core-10.1.19.jar:10.1.19]
	at org.apache.catalina.core.ApplicationFilterChain.doFilter(ApplicationFilterChain.java:149) ~[tomcat-embed-core-10.1.19.jar:10.1.19]
	at org.springframework.web.filter.CharacterEncodingFilter.doFilterInternal(CharacterEncodingFilter.java:201) ~[spring-web-6.1.4.jar:6.1.4]
	at org.springframework.web.filter.OncePerRequestFilter.doFilter(OncePerRequestFilter.java:116) ~[spring-web-6.1.4.jar:6.1.4]
	at org.apache.catalina.core.ApplicationFilterChain.internalDoFilter(ApplicationFilterChain.java:174) ~[tomcat-embed-core-10.1.19.jar:10.1.19]
	at org.apache.catalina.core.ApplicationFilterChain.doFilter(ApplicationFilterChain.java:149) ~[tomcat-embed-core-10.1.19.jar:10.1.19]
	at org.apache.catalina.core.StandardWrapperValve.invoke(StandardWrapperValve.java:167) [tomcat-embed-core-10.1.19.jar:10.1.19]
	at org.apache.catalina.core.StandardContextValve.invoke(StandardContextValve.java:90) [tomcat-embed-core-10.1.19.jar:10.1.19]
	at org.apache.catalina.authenticator.AuthenticatorBase.invoke(AuthenticatorBase.java:482) [tomcat-embed-core-10.1.19.jar:10.1.19]
	at org.apache.catalina.core.StandardHostValve.invoke(StandardHostValve.java:115) [tomcat-embed-core-10.1.19.jar:10.1.19]
	at org.apache.catalina.valves.ErrorReportValve.invoke(ErrorReportValve.java:93) [tomcat-embed-core-10.1.19.jar:10.1.19]
	at org.apache.catalina.core.StandardEngineValve.invoke(StandardEngineValve.java:74) [tomcat-embed-core-10.1.19.jar:10.1.19]
	at org.apache.catalina.connector.CoyoteAdapter.service(CoyoteAdapter.java:344) [tomcat-embed-core-10.1.19.jar:10.1.19]
	at org.apache.coyote.http11.Http11Processor.service(Http11Processor.java:391) [tomcat-embed-core-10.1.19.jar:10.1.19]
	at org.apache.coyote.AbstractProcessorLight.process(AbstractProcessorLight.java:63) [tomcat-embed-core-10.1.19.jar:10.1.19]
	at org.apache.coyote.AbstractProtocol$ConnectionHandler.process(AbstractProtocol.java:896) [tomcat-embed-core-10.1.19.jar:10.1.19]
	at org.apache.tomcat.util.net.NioEndpoint$SocketProcessor.doRun(NioEndpoint.java:1744) [tomcat-embed-core-10.1.19.jar:10.1.19]
	at org.apache.tomcat.util.net.SocketProcessorBase.run(SocketProcessorBase.java:52) [tomcat-embed-core-10.1.19.jar:10.1.19]
	at org.apache.tomcat.util.threads.ThreadPoolExecutor.runWorker(ThreadPoolExecutor.java:1191) [tomcat-embed-core-10.1.19.jar:10.1.19]
	at org.apache.tomcat.util.threads.ThreadPoolExecutor$Worker.run(ThreadPoolExecutor.java:659) [tomcat-embed-core-10.1.19.jar:10.1.19]
	at org.apache.tomcat.util.threads.TaskThread$WrappingRunnable.run(TaskThread.java:63) [tomcat-embed-core-10.1.19.jar:10.1.19]
	at java.base/java.lang.Thread.run(Thread.java:1447) [?:?]
2025-12-21 21:18:02.769 [http-nio-8081-exec-5] INFO  com.dp1.backend.handlers.SocketConnectionHandler - Enviando # de vuelos en el aire: 50
2025-12-21 21:18:08.778 [http-nio-8081-exec-1] INFO  com.dp1.backend.handlers.SocketConnectionHandler - Enviando # de vuelos en el aire: 46
2025-12-21 21:18:14.765 [http-nio-8081-exec-8] INFO  com.dp1.backend.handlers.SocketConnectionHandler - Enviando # de vuelos en el aire: 47
2025-12-21 21:18:20.766 [http-nio-8081-exec-4] INFO  com.dp1.backend.handlers.SocketConnectionHandler - Enviando # de vuelos en el aire: 33
2025-12-21 21:18:22.758 [http-nio-8081-exec-9] INFO  com.dp1.backend.services.ACOService - Desde - hasta: 2025-12-22T18:42:22-05:00[America/Lima] - 2025-12-22T21:42:22-05:00[America/Lima]
2025-12-21 21:18:22.777 [http-nio-8081-exec-9] INFO  com.dp1.backend.services.ACOService - Ejecutando ACO para: 
2025-12-21 21:18:22.777 [http-nio-8081-exec-9] INFO  com.dp1.backend.services.ACOService - Aeropuertos: 30
2025-12-21 21:18:22.778 [http-nio-8081-exec-9] INFO  com.dp1.backend.services.ACOService - Vuelos: 2866
2025-12-21 21:18:22.778 [http-nio-8081-exec-9] INFO  com.dp1.backend.services.ACOService - Envios: 703
2025-12-21 21:18:22.778 [http-nio-8081-exec-9] INFO  com.dp1.backend.services.ACOService - Paquetes: 1419
2025-12-21 21:18:31.056 [http-nio-8081-exec-9] INFO  com.dp1.backend.services.ACOService - Tiempo de ejecución: 8276 ms
2025-12-21 21:18:31.095 [http-nio-8081-exec-9] INFO  com.dp1.backend.services.ACOService - Paquetes entregados con función André: 1413
2025-12-21 21:18:31.181 [http-nio-8081-exec-9] INFO  com.dp1.backend.handlers.SocketConnectionHandler - Enviando resultado del algoritmo 'para los vuelos en el aire'
2025-12-21 21:18:31.195 [http-nio-8081-exec-9] INFO  com.dp1.backend.handlers.SocketConnectionHandler - Enviando # de vuelos en el aire: 51
2025-12-21 21:18:32.772 [http-nio-8081-exec-8] INFO  com.dp1.backend.handlers.SocketConnectionHandler - Enviando # de vuelos en el aire: 46
2025-12-21 21:18:39.284 [http-nio-8081-exec-9] INFO  com.dp1.backend.handlers.SocketConnectionHandler - Enviando # de vuelos en el aire: 35
2025-12-21 21:18:45.276 [http-nio-8081-exec-4] INFO  com.dp1.backend.handlers.SocketConnectionHandler - Enviando # de vuelos en el aire: 53
2025-12-21 21:18:51.279 [http-nio-8081-exec-4] INFO  com.dp1.backend.handlers.SocketConnectionHandler - Enviando # de vuelos en el aire: 51
2025-12-21 21:18:57.285 [http-nio-8081-exec-4] INFO  com.dp1.backend.handlers.SocketConnectionHandler - Enviando # de vuelos en el aire: 42
2025-12-21 21:18:58.384 [SpringApplicationShutdownHook] INFO  org.springframework.orm.jpa.LocalContainerEntityManagerFactoryBean - Closing JPA EntityManagerFactory for persistence unit 'default'
2025-12-21 21:18:58.401 [SpringApplicationShutdownHook] INFO  com.zaxxer.hikari.HikariDataSource - HikariPool-1 - Shutdown initiated...
2025-12-21 21:18:58.416 [SpringApplicationShutdownHook] INFO  com.zaxxer.hikari.HikariDataSource - HikariPool-1 - Shutdown completed.
2025-12-21 21:18:58.437 [SpringApplicationShutdownHook] INFO  com.dp1.backend.handlers.SocketConnectionHandler - 53c54b9b-20b5-a72c-da26-045a845269e1  desconectado del socket
2025-12-21 21:28:37.711 [main] INFO  com.dp1.backend.BackendApplication - Starting BackendApplication using Java 24.0.1 with PID 6968 (C:\Users\Joseph\Documents\PUCP\25-2\Dp1\Nuevo\Back\MoraPack_Backend\target\classes started by Joseph in C:\Users\Joseph\Documents\PUCP\25-2\Dp1\Nuevo\Back\MoraPack_Backend)
2025-12-21 21:28:37.744 [main] INFO  com.dp1.backend.BackendApplication - No active profile set, falling back to 1 default profile: "default"
2025-12-21 21:28:40.040 [main] INFO  org.springframework.data.repository.config.RepositoryConfigurationDelegate - Bootstrapping Spring Data JPA repositories in DEFAULT mode.
2025-12-21 21:28:40.295 [main] INFO  org.springframework.data.repository.config.RepositoryConfigurationDelegate - Finished Spring Data repository scanning in 226 ms. Found 10 JPA repository interfaces.
2025-12-21 21:28:41.862 [main] INFO  org.springframework.boot.web.embedded.tomcat.TomcatWebServer - Tomcat initialized with port 8081 (http)
2025-12-21 21:28:41.893 [main] INFO  org.apache.coyote.http11.Http11NioProtocol - Initializing ProtocolHandler ["http-nio-8081"]
2025-12-21 21:28:41.903 [main] INFO  org.apache.catalina.core.StandardService - Starting service [Tomcat]
2025-12-21 21:28:41.904 [main] INFO  org.apache.catalina.core.StandardEngine - Starting Servlet engine: [Apache Tomcat/10.1.19]
2025-12-21 21:28:42.075 [main] INFO  org.apache.catalina.core.ContainerBase.[Tomcat].[localhost].[/api] - Initializing Spring embedded WebApplicationContext
2025-12-21 21:28:42.078 [main] INFO  org.springframework.boot.web.servlet.context.ServletWebServerApplicationContext - Root WebApplicationContext: initialization completed in 4197 ms
2025-12-21 21:28:42.573 [main] INFO  org.hibernate.jpa.internal.util.LogHelper - HHH000204: Processing PersistenceUnitInfo [name: default]
2025-12-21 21:28:42.785 [main] INFO  org.hibernate.Version - HHH000412: Hibernate ORM core version 6.4.4.Final
2025-12-21 21:28:42.909 [main] INFO  org.hibernate.cache.internal.RegionFactoryInitiator - HHH000026: Second-level cache disabled
2025-12-21 21:28:43.538 [main] INFO  org.springframework.orm.jpa.persistenceunit.SpringPersistenceUnitInfo - No LoadTimeWeaver setup: ignoring JPA class transformer
2025-12-21 21:28:43.627 [main] WARN  com.zaxxer.hikari.HikariConfig - HikariPool-1 - idleTimeout has been set but has no effect because the pool is operating as a fixed size pool.
2025-12-21 21:28:43.627 [main] INFO  com.zaxxer.hikari.HikariDataSource - HikariPool-1 - Starting...
2025-12-21 21:28:44.087 [main] INFO  com.zaxxer.hikari.pool.HikariPool - HikariPool-1 - Added connection com.mysql.cj.jdbc.ConnectionImpl@1c792107
2025-12-21 21:28:44.092 [main] INFO  com.zaxxer.hikari.HikariDataSource - HikariPool-1 - Start completed.
2025-12-21 21:28:47.536 [main] INFO  org.hibernate.engine.transaction.jta.platform.internal.JtaPlatformInitiator - HHH000489: No JTA platform available (set 'hibernate.transaction.jta.platform' to enable JTA platform integration)
2025-12-21 21:28:47.879 [main] INFO  org.springframework.orm.jpa.LocalContainerEntityManagerFactoryBean - Initialized JPA EntityManagerFactory for persistence unit 'default'
2025-12-21 21:28:47.917 [main] INFO  com.dp1.backend.services.DatosEnMemoriaService - Inicializando DatosEnMemoriaService con working directory: C:\Users\Joseph\Documents\PUCP\25-2\Dp1\Nuevo\Back\MoraPack_Backend
2025-12-21 21:28:47.936 [main] INFO  com.dp1.backend.services.DatosEnMemoriaService - Aeropuertos cargados: 30
2025-12-21 21:28:48.018 [main] INFO  com.dp1.backend.services.DatosEnMemoriaService - Vuelos cargados: 2866
2025-12-21 21:28:48.560 [main] INFO  com.dp1.backend.services.DatosEnMemoriaService - Leyendo rutas posibles
2025-12-21 21:28:48.933 [main] INFO  com.dp1.backend.services.DatosEnMemoriaService - Colecciones rutas: 0
2025-12-21 21:28:48.934 [main] INFO  com.dp1.backend.services.DatosEnMemoriaService - Rutas posibles set: 0
2025-12-21 21:28:49.301 [main] INFO  org.springframework.data.jpa.repository.query.QueryEnhancerFactory - Hibernate is in classpath; If applicable, HQL parser will be used.
2025-12-21 21:28:50.843 [main] WARN  org.springframework.boot.autoconfigure.orm.jpa.JpaBaseConfiguration$JpaWebConfiguration - spring.jpa.open-in-view is enabled by default. Therefore, database queries may be performed during view rendering. Explicitly configure spring.jpa.open-in-view to disable this warning
2025-12-21 21:28:51.789 [main] INFO  org.apache.coyote.http11.Http11NioProtocol - Starting ProtocolHandler ["http-nio-8081"]
2025-12-21 21:28:51.857 [main] INFO  org.springframework.boot.web.embedded.tomcat.TomcatWebServer - Tomcat started on port 8081 (http) with context path '/api'
2025-12-21 21:28:51.882 [main] INFO  com.dp1.backend.BackendApplication - Started BackendApplication in 18.026 seconds (process running for 24.097)
2025-12-21 21:30:12.563 [http-nio-8081-exec-1] INFO  org.apache.catalina.core.ContainerBase.[Tomcat].[localhost].[/api] - Initializing Spring DispatcherServlet 'dispatcherServlet'
2025-12-21 21:30:12.564 [http-nio-8081-exec-1] INFO  org.springframework.web.servlet.DispatcherServlet - Initializing Servlet 'dispatcherServlet'
2025-12-21 21:30:12.567 [http-nio-8081-exec-1] INFO  org.springframework.web.servlet.DispatcherServlet - Completed initialization in 3 ms
2025-12-21 21:30:12.802 [http-nio-8081-exec-2] INFO  com.dp1.backend.handlers.SocketConnectionHandler - fad43084-9d57-b845-9b4e-56aa399063a5  conectado al socket
2025-12-21 21:30:12.842 [http-nio-8081-exec-2] INFO  com.dp1.backend.services.DatosEnMemoriaService - Leyendo archivo: data\envios\pack_enviado_EDDI_.txt
2025-12-21 21:30:13.277 [http-nio-8081-exec-2] INFO  com.dp1.backend.services.DatosEnMemoriaService - Leyendo archivo: data\envios\pack_enviado_EHAM_.txt
2025-12-21 21:30:13.685 [http-nio-8081-exec-2] INFO  com.dp1.backend.services.DatosEnMemoriaService - Leyendo archivo: data\envios\pack_enviado_EKCH_.txt
2025-12-21 21:30:14.143 [http-nio-8081-exec-2] INFO  com.dp1.backend.services.DatosEnMemoriaService - Leyendo archivo: data\envios\pack_enviado_LATI_.txt
2025-12-21 21:30:14.578 [http-nio-8081-exec-2] INFO  com.dp1.backend.services.DatosEnMemoriaService - Leyendo archivo: data\envios\pack_enviado_LBSF_.txt
2025-12-21 21:30:15.054 [http-nio-8081-exec-2] INFO  com.dp1.backend.services.DatosEnMemoriaService - Leyendo archivo: data\envios\pack_enviado_LDZA_.txt
2025-12-21 21:30:15.423 [http-nio-8081-exec-2] INFO  com.dp1.backend.services.DatosEnMemoriaService - Leyendo archivo: data\envios\pack_enviado_LKPR_.txt
2025-12-21 21:30:15.825 [http-nio-8081-exec-2] INFO  com.dp1.backend.services.DatosEnMemoriaService - Leyendo archivo: data\envios\pack_enviado_LOWW_.txt
2025-12-21 21:30:16.316 [http-nio-8081-exec-2] INFO  com.dp1.backend.services.DatosEnMemoriaService - Leyendo archivo: data\envios\pack_enviado_OAKB_.txt
2025-12-21 21:30:16.977 [http-nio-8081-exec-2] INFO  com.dp1.backend.services.DatosEnMemoriaService - Leyendo archivo: data\envios\pack_enviado_OERK_.txt
2025-12-21 21:30:17.409 [http-nio-8081-exec-2] INFO  com.dp1.backend.services.DatosEnMemoriaService - Leyendo archivo: data\envios\pack_enviado_OJAI_.txt
2025-12-21 21:30:17.770 [http-nio-8081-exec-2] INFO  com.dp1.backend.services.DatosEnMemoriaService - Leyendo archivo: data\envios\pack_enviado_OMDB_.txt
2025-12-21 21:30:18.074 [http-nio-8081-exec-2] INFO  com.dp1.backend.services.DatosEnMemoriaService - Leyendo archivo: data\envios\pack_enviado_OOMS_.txt
2025-12-21 21:30:18.357 [http-nio-8081-exec-2] INFO  com.dp1.backend.services.DatosEnMemoriaService - Leyendo archivo: data\envios\pack_enviado_OPKC_.txt
2025-12-21 21:30:18.789 [http-nio-8081-exec-2] INFO  com.dp1.backend.services.DatosEnMemoriaService - Leyendo archivo: data\envios\pack_enviado_OSDI_.txt
2025-12-21 21:30:19.133 [http-nio-8081-exec-2] INFO  com.dp1.backend.services.DatosEnMemoriaService - Leyendo archivo: data\envios\pack_enviado_OYSN_.txt
2025-12-21 21:30:19.497 [http-nio-8081-exec-2] INFO  com.dp1.backend.services.DatosEnMemoriaService - Leyendo archivo: data\envios\pack_enviado_SABE_.txt
2025-12-21 21:30:19.758 [http-nio-8081-exec-2] INFO  com.dp1.backend.services.DatosEnMemoriaService - Leyendo archivo: data\envios\pack_enviado_SBBR_.txt
2025-12-21 21:30:20.204 [http-nio-8081-exec-2] INFO  com.dp1.backend.services.DatosEnMemoriaService - Leyendo archivo: data\envios\pack_enviado_SCEL_.txt
2025-12-21 21:30:20.603 [http-nio-8081-exec-2] INFO  com.dp1.backend.services.DatosEnMemoriaService - Leyendo archivo: data\envios\pack_enviado_SEQM_.txt
2025-12-21 21:30:20.985 [http-nio-8081-exec-2] INFO  com.dp1.backend.services.DatosEnMemoriaService - Leyendo archivo: data\envios\pack_enviado_SGAS_.txt
2025-12-21 21:30:21.454 [http-nio-8081-exec-2] INFO  com.dp1.backend.services.DatosEnMemoriaService - Leyendo archivo: data\envios\pack_enviado_SKBO_.txt
2025-12-21 21:30:21.868 [http-nio-8081-exec-2] INFO  com.dp1.backend.services.DatosEnMemoriaService - Leyendo archivo: data\envios\pack_enviado_SLLP_.txt
2025-12-21 21:30:22.163 [http-nio-8081-exec-2] INFO  com.dp1.backend.services.DatosEnMemoriaService - Leyendo archivo: data\envios\pack_enviado_SUAA_.txt
2025-12-21 21:30:22.679 [http-nio-8081-exec-2] INFO  com.dp1.backend.services.DatosEnMemoriaService - Leyendo archivo: data\envios\pack_enviado_SVMI_.txt
2025-12-21 21:30:23.265 [http-nio-8081-exec-2] INFO  com.dp1.backend.services.DatosEnMemoriaService - Leyendo archivo: data\envios\pack_enviado_UMMS_.txt
2025-12-21 21:30:23.650 [http-nio-8081-exec-2] INFO  com.dp1.backend.services.DatosEnMemoriaService - Leyendo archivo: data\envios\pack_enviado_VIDP_.txt
2025-12-21 21:30:23.935 [http-nio-8081-exec-2] INFO  com.dp1.backend.services.DatosEnMemoriaService - Envios cargados: 48871
2025-12-21 21:30:23.978 [http-nio-8081-exec-2] INFO  com.dp1.backend.services.ACOService - Ejecutando ACO para: 
2025-12-21 21:30:23.978 [http-nio-8081-exec-2] INFO  com.dp1.backend.services.ACOService - Aeropuertos: 30
2025-12-21 21:30:23.980 [http-nio-8081-exec-2] INFO  com.dp1.backend.services.ACOService - Vuelos: 2866
2025-12-21 21:30:23.981 [http-nio-8081-exec-2] INFO  com.dp1.backend.services.ACOService - Envios: 4593
2025-12-21 21:30:23.982 [http-nio-8081-exec-2] INFO  com.dp1.backend.services.ACOService - Paquetes: 9507
2025-12-21 21:31:52.239 [http-nio-8081-exec-2] INFO  com.dp1.backend.services.ACOService - Tiempo de ejecución: 88257 ms
2025-12-21 21:31:53.024 [http-nio-8081-exec-2] INFO  com.dp1.backend.services.ACOService - Paquetes entregados con función André: 9304
2025-12-21 21:31:53.685 [http-nio-8081-exec-2] INFO  com.dp1.backend.handlers.SocketConnectionHandler - Enviando # de vuelos en el aire: inicio1245
2025-12-21 21:32:00.722 [http-nio-8081-exec-9] INFO  com.dp1.backend.handlers.SocketConnectionHandler - Enviando # de vuelos en el aire: 43
2025-12-21 21:32:27.730 [http-nio-8081-exec-5] INFO  com.dp1.backend.handlers.SocketConnectionHandler - Enviando # de vuelos en el aire: 49
2025-12-21 21:32:33.725 [http-nio-8081-exec-1] INFO  com.dp1.backend.handlers.SocketConnectionHandler - Enviando # de vuelos en el aire: 38
2025-12-21 21:32:39.726 [http-nio-8081-exec-7] INFO  com.dp1.backend.handlers.SocketConnectionHandler - Enviando # de vuelos en el aire: 45
2025-12-21 21:32:45.786 [http-nio-8081-exec-2] INFO  com.dp1.backend.handlers.SocketConnectionHandler - Enviando # de vuelos en el aire: 58
2025-12-21 21:32:51.728 [http-nio-8081-exec-9] INFO  com.dp1.backend.handlers.SocketConnectionHandler - Enviando # de vuelos en el aire: 44
2025-12-21 21:32:57.723 [http-nio-8081-exec-5] INFO  com.dp1.backend.handlers.SocketConnectionHandler - Enviando # de vuelos en el aire: 49
2025-12-21 21:33:01.716 [http-nio-8081-exec-10] INFO  com.dp1.backend.services.ACOService - Desde - hasta: 2025-12-21T21:34:12-05:00[America/Lima] - 2025-12-22T00:34:12-05:00[America/Lima]
2025-12-21 21:33:01.741 [http-nio-8081-exec-10] INFO  com.dp1.backend.services.ACOService - Ejecutando ACO para: 
2025-12-21 21:33:01.742 [http-nio-8081-exec-10] INFO  com.dp1.backend.services.ACOService - Aeropuertos: 30
2025-12-21 21:33:01.742 [http-nio-8081-exec-10] INFO  com.dp1.backend.services.ACOService - Vuelos: 2866
2025-12-21 21:33:01.743 [http-nio-8081-exec-10] INFO  com.dp1.backend.services.ACOService - Envios: 569
2025-12-21 21:33:01.744 [http-nio-8081-exec-10] INFO  com.dp1.backend.services.ACOService - Paquetes: 1120
2025-12-21 21:33:09.204 [http-nio-8081-exec-10] INFO  com.dp1.backend.services.ACOService - Tiempo de ejecución: 7459 ms
2025-12-21 21:33:09.240 [http-nio-8081-exec-10] INFO  com.dp1.backend.services.ACOService - Paquetes entregados con función André: 1110
2025-12-21 21:33:09.309 [http-nio-8081-exec-10] INFO  com.dp1.backend.handlers.SocketConnectionHandler - Enviando resultado del algoritmo 'para los vuelos en el aire'
2025-12-21 21:33:09.320 [http-nio-8081-exec-10] INFO  com.dp1.backend.handlers.SocketConnectionHandler - Enviando # de vuelos en el aire: 47
2025-12-21 21:33:09.724 [http-nio-8081-exec-1] INFO  com.dp1.backend.handlers.SocketConnectionHandler - Enviando # de vuelos en el aire: 47
2025-12-21 21:33:15.722 [http-nio-8081-exec-7] INFO  com.dp1.backend.handlers.SocketConnectionHandler - Enviando # de vuelos en el aire: 51
2025-12-21 21:33:21.716 [http-nio-8081-exec-2] INFO  com.dp1.backend.handlers.SocketConnectionHandler - Enviando # de vuelos en el aire: 41
2025-12-21 21:33:27.721 [http-nio-8081-exec-9] INFO  com.dp1.backend.handlers.SocketConnectionHandler - Enviando # de vuelos en el aire: 47
2025-12-21 21:33:34.298 [http-nio-8081-exec-5] INFO  com.dp1.backend.handlers.SocketConnectionHandler - Enviando # de vuelos en el aire: 53
2025-12-21 21:33:40.718 [http-nio-8081-exec-1] INFO  com.dp1.backend.handlers.SocketConnectionHandler - Enviando # de vuelos en el aire: 41
2025-12-21 21:33:43.702 [http-nio-8081-exec-4] INFO  com.dp1.backend.services.ClienteService - Creando cliente con datos: fbsdf affsd cc@mm.com 
2025-12-21 21:33:43.896 [http-nio-8081-exec-4] INFO  com.dp1.backend.services.ClienteService - Cliente creado exitosamente con ID: 20
2025-12-21 21:33:43.958 [http-nio-8081-exec-6] INFO  com.dp1.backend.services.ClienteService - Creando cliente con datos: poiugf wvr aa@cc.com 
2025-12-21 21:33:43.987 [http-nio-8081-exec-6] INFO  com.dp1.backend.services.ClienteService - Cliente creado exitosamente con ID: 21
2025-12-21 21:33:44.045 [http-nio-8081-exec-8] INFO  com.dp1.backend.services.EnvioService - Envío llegando con fecha de salida desde frontend: null
2025-12-21 21:33:44.045 [http-nio-8081-exec-8] INFO  com.dp1.backend.services.EnvioService - Fecha de salida final: 2025-12-22T04:33:44.045949900+02:00
2025-12-21 21:33:44.099 [http-nio-8081-exec-8] INFO  com.dp1.backend.services.EnvioService - Todo bien hasta primer guardado
2025-12-21 21:33:44.168 [http-nio-8081-exec-8] INFO  com.dp1.backend.services.EnvioService - Todo bien hasta segundo guardado
2025-12-21 21:33:44.591 [http-nio-8081-exec-8] INFO  com.dp1.backend.services.EnvioService - Todo bien hasta guardado de paquetes
2025-12-21 21:33:46.718 [http-nio-8081-exec-1] INFO  com.dp1.backend.handlers.SocketConnectionHandler - Enviando # de vuelos en el aire: 35
2025-12-21 21:33:48.722 [http-nio-8081-exec-2] INFO  com.dp1.backend.services.ACOService - Desde - hasta: 2025-12-22T00:38:12-05:00[America/Lima] - 2025-12-22T03:38:12-05:00[America/Lima]
2025-12-21 21:33:48.744 [http-nio-8081-exec-2] INFO  com.dp1.backend.services.ACOService - Ejecutando ACO para: 
2025-12-21 21:33:48.745 [http-nio-8081-exec-2] INFO  com.dp1.backend.services.ACOService - Aeropuertos: 30
2025-12-21 21:33:48.745 [http-nio-8081-exec-2] INFO  com.dp1.backend.services.ACOService - Vuelos: 2866
2025-12-21 21:33:48.746 [http-nio-8081-exec-2] INFO  com.dp1.backend.services.ACOService - Envios: 776
2025-12-21 21:33:48.746 [http-nio-8081-exec-2] INFO  com.dp1.backend.services.ACOService - Paquetes: 1508
2025-12-21 21:33:59.380 [http-nio-8081-exec-2] INFO  com.dp1.backend.services.ACOService - Tiempo de ejecución: 10634 ms
2025-12-21 21:33:59.432 [http-nio-8081-exec-2] INFO  com.dp1.backend.services.ACOService - Paquetes entregados con función André: 1494
2025-12-21 21:33:59.523 [http-nio-8081-exec-2] INFO  com.dp1.backend.handlers.SocketConnectionHandler - Enviando resultado del algoritmo 'para los vuelos en el aire'
2025-12-21 21:33:59.533 [http-nio-8081-exec-2] INFO  com.dp1.backend.handlers.SocketConnectionHandler - Enviando # de vuelos en el aire: 56
2025-12-21 21:33:59.540 [http-nio-8081-exec-2] INFO  com.dp1.backend.handlers.SocketConnectionHandler - Enviando # de vuelos en el aire: 49
2025-12-21 21:34:04.719 [http-nio-8081-exec-9] INFO  com.dp1.backend.handlers.SocketConnectionHandler - Enviando # de vuelos en el aire: 50
2025-12-21 21:34:10.735 [http-nio-8081-exec-4] INFO  com.dp1.backend.handlers.SocketConnectionHandler - Enviando # de vuelos en el aire: 51
2025-12-21 21:34:16.733 [http-nio-8081-exec-1] INFO  com.dp1.backend.handlers.SocketConnectionHandler - Enviando # de vuelos en el aire: 70
2025-12-21 21:34:22.730 [http-nio-8081-exec-8] INFO  com.dp1.backend.handlers.SocketConnectionHandler - Enviando # de vuelos en el aire: 48
2025-12-21 21:34:28.718 [http-nio-8081-exec-5] INFO  com.dp1.backend.handlers.SocketConnectionHandler - Enviando # de vuelos en el aire: 44
2025-12-21 21:34:34.721 [http-nio-8081-exec-10] INFO  com.dp1.backend.handlers.SocketConnectionHandler - Enviando # de vuelos en el aire: 53
2025-12-21 21:34:34.723 [http-nio-8081-exec-10] INFO  com.dp1.backend.services.ACOService - Desde - hasta: 2025-12-22T03:42:12-05:00[America/Lima] - 2025-12-22T06:42:12-05:00[America/Lima]
2025-12-21 21:34:34.747 [http-nio-8081-exec-10] INFO  com.dp1.backend.services.ACOService - Ejecutando ACO para: 
2025-12-21 21:34:34.748 [http-nio-8081-exec-10] INFO  com.dp1.backend.services.ACOService - Aeropuertos: 30
2025-12-21 21:34:34.748 [http-nio-8081-exec-10] INFO  com.dp1.backend.services.ACOService - Vuelos: 2866
2025-12-21 21:34:34.749 [http-nio-8081-exec-10] INFO  com.dp1.backend.services.ACOService - Envios: 765
2025-12-21 21:34:34.749 [http-nio-8081-exec-10] INFO  com.dp1.backend.services.ACOService - Paquetes: 1401
2025-12-21 21:34:44.894 [http-nio-8081-exec-10] INFO  com.dp1.backend.services.ACOService - Tiempo de ejecución: 10143 ms
2025-12-21 21:34:44.933 [http-nio-8081-exec-10] INFO  com.dp1.backend.services.ACOService - Paquetes entregados con función André: 1398
2025-12-21 21:34:45.020 [http-nio-8081-exec-10] INFO  com.dp1.backend.handlers.SocketConnectionHandler - Enviando resultado del algoritmo 'para los vuelos en el aire'
2025-12-21 21:34:45.030 [http-nio-8081-exec-10] INFO  com.dp1.backend.handlers.SocketConnectionHandler - Enviando # de vuelos en el aire: 47
2025-12-21 21:34:46.723 [http-nio-8081-exec-3] INFO  com.dp1.backend.handlers.SocketConnectionHandler - Enviando # de vuelos en el aire: 52
2025-12-21 21:34:52.722 [http-nio-8081-exec-9] INFO  com.dp1.backend.handlers.SocketConnectionHandler - Enviando # de vuelos en el aire: 41
2025-12-21 21:34:58.728 [http-nio-8081-exec-4] INFO  com.dp1.backend.handlers.SocketConnectionHandler - Enviando # de vuelos en el aire: 49
2025-12-21 21:35:04.722 [http-nio-8081-exec-2] INFO  com.dp1.backend.handlers.SocketConnectionHandler - Enviando # de vuelos en el aire: 50
2025-12-21 21:35:10.719 [http-nio-8081-exec-9] INFO  com.dp1.backend.handlers.SocketConnectionHandler - Enviando # de vuelos en el aire: 51
2025-12-21 21:35:16.721 [http-nio-8081-exec-6] INFO  com.dp1.backend.handlers.SocketConnectionHandler - Enviando # de vuelos en el aire: 49
2025-12-21 21:35:20.713 [http-nio-8081-exec-10] INFO  com.dp1.backend.services.ACOService - Desde - hasta: 2025-12-22T06:46:12-05:00[America/Lima] - 2025-12-22T09:46:12-05:00[America/Lima]
2025-12-21 21:35:20.731 [http-nio-8081-exec-10] INFO  com.dp1.backend.services.ACOService - Ejecutando ACO para: 
2025-12-21 21:35:20.732 [http-nio-8081-exec-10] INFO  com.dp1.backend.services.ACOService - Aeropuertos: 30
2025-12-21 21:35:20.732 [http-nio-8081-exec-10] INFO  com.dp1.backend.services.ACOService - Vuelos: 2866
2025-12-21 21:35:20.734 [http-nio-8081-exec-10] INFO  com.dp1.backend.services.ACOService - Envios: 768
2025-12-21 21:35:20.734 [http-nio-8081-exec-10] INFO  com.dp1.backend.services.ACOService - Paquetes: 1273
2025-12-21 21:35:27.816 [http-nio-8081-exec-10] INFO  com.dp1.backend.services.ACOService - Tiempo de ejecución: 7081 ms
2025-12-21 21:35:27.849 [http-nio-8081-exec-10] INFO  com.dp1.backend.services.ACOService - Paquetes entregados con función André: 1266
2025-12-21 21:35:27.904 [http-nio-8081-exec-10] INFO  com.dp1.backend.handlers.SocketConnectionHandler - fad43084-9d57-b845-9b4e-56aa399063a5  desconectado del socket
2025-12-21 21:35:27.905 [http-nio-8081-exec-10] ERROR com.dp1.backend.handlers.SocketConnectionHandler - Error en ejecución del algoritmo: The current thread was interrupted while waiting for a blocking send to complete
2025-12-21 21:35:27.914 [SpringApplicationShutdownHook] INFO  org.springframework.orm.jpa.LocalContainerEntityManagerFactoryBean - Closing JPA EntityManagerFactory for persistence unit 'default'
2025-12-21 21:35:27.919 [SpringApplicationShutdownHook] INFO  com.zaxxer.hikari.HikariDataSource - HikariPool-1 - Shutdown initiated...
2025-12-21 21:35:27.949 [SpringApplicationShutdownHook] INFO  com.zaxxer.hikari.HikariDataSource - HikariPool-1 - Shutdown completed.
2025-12-21 22:08:51.156 [main] INFO  com.dp1.backend.BackendApplication - Starting BackendApplication using Java 24.0.1 with PID 10768 (C:\Users\Joseph\Documents\PUCP\25-2\Dp1\Nuevo\Back\MoraPack_Backend\target\classes started by Joseph in C:\Users\Joseph\Documents\PUCP\25-2\Dp1\Nuevo\Back\MoraPack_Backend)
2025-12-21 22:08:51.182 [main] INFO  com.dp1.backend.BackendApplication - No active profile set, falling back to 1 default profile: "default"
2025-12-21 22:08:52.827 [main] INFO  org.springframework.data.repository.config.RepositoryConfigurationDelegate - Bootstrapping Spring Data JPA repositories in DEFAULT mode.
2025-12-21 22:08:53.011 [main] INFO  org.springframework.data.repository.config.RepositoryConfigurationDelegate - Finished Spring Data repository scanning in 162 ms. Found 10 JPA repository interfaces.
2025-12-21 22:08:54.137 [main] INFO  org.springframework.boot.web.embedded.tomcat.TomcatWebServer - Tomcat initialized with port 8081 (http)
2025-12-21 22:08:54.164 [main] INFO  org.apache.coyote.http11.Http11NioProtocol - Initializing ProtocolHandler ["http-nio-8081"]
2025-12-21 22:08:54.173 [main] INFO  org.apache.catalina.core.StandardService - Starting service [Tomcat]
2025-12-21 22:08:54.174 [main] INFO  org.apache.catalina.core.StandardEngine - Starting Servlet engine: [Apache Tomcat/10.1.19]
2025-12-21 22:08:54.295 [main] INFO  org.apache.catalina.core.ContainerBase.[Tomcat].[localhost].[/api] - Initializing Spring embedded WebApplicationContext
2025-12-21 22:08:54.296 [main] INFO  org.springframework.boot.web.servlet.context.ServletWebServerApplicationContext - Root WebApplicationContext: initialization completed in 2977 ms
2025-12-21 22:08:54.651 [main] INFO  org.hibernate.jpa.internal.util.LogHelper - HHH000204: Processing PersistenceUnitInfo [name: default]
2025-12-21 22:08:54.806 [main] INFO  org.hibernate.Version - HHH000412: Hibernate ORM core version 6.4.4.Final
2025-12-21 22:08:54.895 [main] INFO  org.hibernate.cache.internal.RegionFactoryInitiator - HHH000026: Second-level cache disabled
2025-12-21 22:08:55.420 [main] INFO  org.springframework.orm.jpa.persistenceunit.SpringPersistenceUnitInfo - No LoadTimeWeaver setup: ignoring JPA class transformer
2025-12-21 22:08:55.488 [main] WARN  com.zaxxer.hikari.HikariConfig - HikariPool-1 - idleTimeout has been set but has no effect because the pool is operating as a fixed size pool.
2025-12-21 22:08:55.489 [main] INFO  com.zaxxer.hikari.HikariDataSource - HikariPool-1 - Starting...
2025-12-21 22:08:55.905 [main] INFO  com.zaxxer.hikari.pool.HikariPool - HikariPool-1 - Added connection com.mysql.cj.jdbc.ConnectionImpl@56b66a26
2025-12-21 22:08:55.910 [main] INFO  com.zaxxer.hikari.HikariDataSource - HikariPool-1 - Start completed.
2025-12-21 22:08:58.257 [main] INFO  org.hibernate.engine.transaction.jta.platform.internal.JtaPlatformInitiator - HHH000489: No JTA platform available (set 'hibernate.transaction.jta.platform' to enable JTA platform integration)
2025-12-21 22:08:58.563 [main] INFO  org.springframework.orm.jpa.LocalContainerEntityManagerFactoryBean - Initialized JPA EntityManagerFactory for persistence unit 'default'
2025-12-21 22:08:58.588 [main] INFO  com.dp1.backend.services.DatosEnMemoriaService - Inicializando DatosEnMemoriaService con working directory: C:\Users\Joseph\Documents\PUCP\25-2\Dp1\Nuevo\Back\MoraPack_Backend
2025-12-21 22:08:58.600 [main] INFO  com.dp1.backend.services.DatosEnMemoriaService - Aeropuertos cargados: 30
2025-12-21 22:08:58.670 [main] INFO  com.dp1.backend.services.DatosEnMemoriaService - Vuelos cargados: 2866
2025-12-21 22:08:59.194 [main] INFO  com.dp1.backend.services.DatosEnMemoriaService - Leyendo rutas posibles
2025-12-21 22:08:59.573 [main] INFO  com.dp1.backend.services.DatosEnMemoriaService - Colecciones rutas: 0
2025-12-21 22:08:59.573 [main] INFO  com.dp1.backend.services.DatosEnMemoriaService - Rutas posibles set: 0
2025-12-21 22:08:59.879 [main] INFO  org.springframework.data.jpa.repository.query.QueryEnhancerFactory - Hibernate is in classpath; If applicable, HQL parser will be used.
2025-12-21 22:09:01.202 [main] WARN  org.springframework.boot.autoconfigure.orm.jpa.JpaBaseConfiguration$JpaWebConfiguration - spring.jpa.open-in-view is enabled by default. Therefore, database queries may be performed during view rendering. Explicitly configure spring.jpa.open-in-view to disable this warning
2025-12-21 22:09:01.999 [main] INFO  org.apache.coyote.http11.Http11NioProtocol - Starting ProtocolHandler ["http-nio-8081"]
2025-12-21 22:09:02.048 [main] INFO  org.springframework.boot.web.embedded.tomcat.TomcatWebServer - Tomcat started on port 8081 (http) with context path '/api'
2025-12-21 22:09:02.062 [main] INFO  com.dp1.backend.BackendApplication - Started BackendApplication in 11.858 seconds (process running for 14.002)
2025-12-21 22:10:23.620 [http-nio-8081-exec-2] INFO  org.apache.catalina.core.ContainerBase.[Tomcat].[localhost].[/api] - Initializing Spring DispatcherServlet 'dispatcherServlet'
2025-12-21 22:10:23.622 [http-nio-8081-exec-2] INFO  org.springframework.web.servlet.DispatcherServlet - Initializing Servlet 'dispatcherServlet'
2025-12-21 22:10:23.624 [http-nio-8081-exec-2] INFO  org.springframework.web.servlet.DispatcherServlet - Completed initialization in 1 ms
2025-12-21 22:10:23.821 [http-nio-8081-exec-1] INFO  com.dp1.backend.handlers.SocketConnectionHandler - 65e9c8af-ca3d-d4d5-0948-a54f70f51559  conectado al socket
2025-12-21 22:10:23.861 [http-nio-8081-exec-1] INFO  com.dp1.backend.services.DatosEnMemoriaService - Leyendo archivo: data\envios\pack_enviado_EDDI_.txt
2025-12-21 22:10:24.184 [http-nio-8081-exec-1] INFO  com.dp1.backend.services.DatosEnMemoriaService - Leyendo archivo: data\envios\pack_enviado_EHAM_.txt
2025-12-21 22:10:24.566 [http-nio-8081-exec-1] INFO  com.dp1.backend.services.DatosEnMemoriaService - Leyendo archivo: data\envios\pack_enviado_EKCH_.txt
2025-12-21 22:10:25.045 [http-nio-8081-exec-1] INFO  com.dp1.backend.services.DatosEnMemoriaService - Leyendo archivo: data\envios\pack_enviado_LATI_.txt
2025-12-21 22:10:25.423 [http-nio-8081-exec-1] INFO  com.dp1.backend.services.DatosEnMemoriaService - Leyendo archivo: data\envios\pack_enviado_LBSF_.txt
2025-12-21 22:10:26.299 [http-nio-8081-exec-1] INFO  com.dp1.backend.services.DatosEnMemoriaService - Leyendo archivo: data\envios\pack_enviado_LDZA_.txt
2025-12-21 22:10:26.675 [http-nio-8081-exec-1] INFO  com.dp1.backend.services.DatosEnMemoriaService - Leyendo archivo: data\envios\pack_enviado_LKPR_.txt
2025-12-21 22:10:27.020 [http-nio-8081-exec-1] INFO  com.dp1.backend.services.DatosEnMemoriaService - Leyendo archivo: data\envios\pack_enviado_LOWW_.txt
2025-12-21 22:10:27.422 [http-nio-8081-exec-1] INFO  com.dp1.backend.services.DatosEnMemoriaService - Leyendo archivo: data\envios\pack_enviado_OAKB_.txt
2025-12-21 22:10:27.727 [http-nio-8081-exec-1] INFO  com.dp1.backend.services.DatosEnMemoriaService - Leyendo archivo: data\envios\pack_enviado_OERK_.txt
2025-12-21 22:10:28.315 [http-nio-8081-exec-1] INFO  com.dp1.backend.services.DatosEnMemoriaService - Leyendo archivo: data\envios\pack_enviado_OJAI_.txt
2025-12-21 22:10:28.655 [http-nio-8081-exec-1] INFO  com.dp1.backend.services.DatosEnMemoriaService - Leyendo archivo: data\envios\pack_enviado_OMDB_.txt
2025-12-21 22:10:29.085 [http-nio-8081-exec-1] INFO  com.dp1.backend.services.DatosEnMemoriaService - Leyendo archivo: data\envios\pack_enviado_OOMS_.txt
2025-12-21 22:10:29.434 [http-nio-8081-exec-1] INFO  com.dp1.backend.services.DatosEnMemoriaService - Leyendo archivo: data\envios\pack_enviado_OPKC_.txt
2025-12-21 22:10:29.837 [http-nio-8081-exec-1] INFO  com.dp1.backend.services.DatosEnMemoriaService - Leyendo archivo: data\envios\pack_enviado_OSDI_.txt
2025-12-21 22:10:30.210 [http-nio-8081-exec-1] INFO  com.dp1.backend.services.DatosEnMemoriaService - Leyendo archivo: data\envios\pack_enviado_OYSN_.txt
2025-12-21 22:10:30.584 [http-nio-8081-exec-1] INFO  com.dp1.backend.services.DatosEnMemoriaService - Leyendo archivo: data\envios\pack_enviado_SABE_.txt
2025-12-21 22:10:30.891 [http-nio-8081-exec-1] INFO  com.dp1.backend.services.DatosEnMemoriaService - Leyendo archivo: data\envios\pack_enviado_SBBR_.txt
2025-12-21 22:10:31.243 [http-nio-8081-exec-1] INFO  com.dp1.backend.services.DatosEnMemoriaService - Leyendo archivo: data\envios\pack_enviado_SCEL_.txt
2025-12-21 22:10:31.800 [http-nio-8081-exec-1] INFO  com.dp1.backend.services.DatosEnMemoriaService - Leyendo archivo: data\envios\pack_enviado_SEQM_.txt
2025-12-21 22:10:32.165 [http-nio-8081-exec-1] INFO  com.dp1.backend.services.DatosEnMemoriaService - Leyendo archivo: data\envios\pack_enviado_SGAS_.txt
2025-12-21 22:10:32.518 [http-nio-8081-exec-1] INFO  com.dp1.backend.services.DatosEnMemoriaService - Leyendo archivo: data\envios\pack_enviado_SKBO_.txt
2025-12-21 22:10:32.917 [http-nio-8081-exec-1] INFO  com.dp1.backend.services.DatosEnMemoriaService - Leyendo archivo: data\envios\pack_enviado_SLLP_.txt
2025-12-21 22:10:33.205 [http-nio-8081-exec-1] INFO  com.dp1.backend.services.DatosEnMemoriaService - Leyendo archivo: data\envios\pack_enviado_SUAA_.txt
2025-12-21 22:10:33.632 [http-nio-8081-exec-1] INFO  com.dp1.backend.services.DatosEnMemoriaService - Leyendo archivo: data\envios\pack_enviado_SVMI_.txt
2025-12-21 22:10:34.051 [http-nio-8081-exec-1] INFO  com.dp1.backend.services.DatosEnMemoriaService - Leyendo archivo: data\envios\pack_enviado_UMMS_.txt
2025-12-21 22:10:34.431 [http-nio-8081-exec-1] INFO  com.dp1.backend.services.DatosEnMemoriaService - Leyendo archivo: data\envios\pack_enviado_VIDP_.txt
2025-12-21 22:10:34.919 [http-nio-8081-exec-1] INFO  com.dp1.backend.services.DatosEnMemoriaService - Envios cargados: 48783
2025-12-21 22:10:34.959 [http-nio-8081-exec-1] INFO  com.dp1.backend.services.ACOService - Ejecutando ACO para: 
2025-12-21 22:10:34.961 [http-nio-8081-exec-1] INFO  com.dp1.backend.services.ACOService - Aeropuertos: 30
2025-12-21 22:10:34.962 [http-nio-8081-exec-1] INFO  com.dp1.backend.services.ACOService - Vuelos: 2866
2025-12-21 22:10:34.963 [http-nio-8081-exec-1] INFO  com.dp1.backend.services.ACOService - Envios: 4598
2025-12-21 22:10:34.963 [http-nio-8081-exec-1] INFO  com.dp1.backend.services.ACOService - Paquetes: 9472
2025-12-21 22:11:46.745 [http-nio-8081-exec-1] INFO  com.dp1.backend.services.ACOService - Tiempo de ejecución: 71780 ms
2025-12-21 22:11:47.462 [http-nio-8081-exec-1] INFO  com.dp1.backend.services.ACOService - Paquetes entregados con función André: 9279
2025-12-21 22:11:48.227 [http-nio-8081-exec-1] INFO  com.dp1.backend.handlers.SocketConnectionHandler - Enviando # de vuelos en el aire: inicio1224
2025-12-21 22:11:55.206 [http-nio-8081-exec-9] INFO  com.dp1.backend.handlers.SocketConnectionHandler - Enviando # de vuelos en el aire: 48
2025-12-21 22:12:01.204 [http-nio-8081-exec-5] INFO  com.dp1.backend.handlers.SocketConnectionHandler - Enviando # de vuelos en el aire: 38
2025-12-21 22:12:07.205 [http-nio-8081-exec-2] INFO  com.dp1.backend.handlers.SocketConnectionHandler - Enviando # de vuelos en el aire: 53
2025-12-21 22:12:13.213 [http-nio-8081-exec-7] INFO  com.dp1.backend.handlers.SocketConnectionHandler - Enviando # de vuelos en el aire: 46
2025-12-21 22:12:19.201 [http-nio-8081-exec-1] INFO  com.dp1.backend.handlers.SocketConnectionHandler - Enviando # de vuelos en el aire: 48
2025-12-21 22:12:25.205 [http-nio-8081-exec-9] INFO  com.dp1.backend.handlers.SocketConnectionHandler - Enviando # de vuelos en el aire: 44
2025-12-21 22:12:31.203 [http-nio-8081-exec-5] INFO  com.dp1.backend.handlers.SocketConnectionHandler - Enviando # de vuelos en el aire: 44
2025-12-21 22:12:35.197 [http-nio-8081-exec-9] INFO  com.dp1.backend.services.ACOService - Desde - hasta: 2025-12-21T22:14:23-05:00[America/Lima] - 2025-12-22T01:14:23-05:00[America/Lima]
2025-12-21 22:12:35.221 [http-nio-8081-exec-9] INFO  com.dp1.backend.services.ACOService - Ejecutando ACO para: 
2025-12-21 22:12:35.223 [http-nio-8081-exec-9] INFO  com.dp1.backend.services.ACOService - Aeropuertos: 30
2025-12-21 22:12:35.225 [http-nio-8081-exec-9] INFO  com.dp1.backend.services.ACOService - Vuelos: 2866
2025-12-21 22:12:35.226 [http-nio-8081-exec-9] INFO  com.dp1.backend.services.ACOService - Envios: 653
2025-12-21 22:12:35.228 [http-nio-8081-exec-9] INFO  com.dp1.backend.services.ACOService - Paquetes: 1324
2025-12-21 22:12:43.033 [http-nio-8081-exec-9] INFO  com.dp1.backend.services.ACOService - Tiempo de ejecución: 7803 ms
2025-12-21 22:12:43.073 [http-nio-8081-exec-9] INFO  com.dp1.backend.services.ACOService - Paquetes entregados con función André: 1313
2025-12-21 22:12:43.146 [http-nio-8081-exec-9] INFO  com.dp1.backend.handlers.SocketConnectionHandler - Enviando resultado del algoritmo 'para los vuelos en el aire'
2025-12-21 22:12:43.157 [http-nio-8081-exec-9] INFO  com.dp1.backend.handlers.SocketConnectionHandler - Enviando # de vuelos en el aire: 60
2025-12-21 22:12:43.372 [http-nio-8081-exec-10] INFO  com.dp1.backend.handlers.SocketConnectionHandler - Enviando # de vuelos en el aire: 43
2025-12-21 22:12:49.204 [http-nio-8081-exec-6] INFO  com.dp1.backend.handlers.SocketConnectionHandler - Enviando # de vuelos en el aire: 45
2025-12-21 22:12:49.823 [http-nio-8081-exec-8] INFO  com.dp1.backend.services.ClienteService - Creando cliente con datos: ola ola mr@cc.com 
2025-12-21 22:12:49.977 [http-nio-8081-exec-8] INFO  com.dp1.backend.services.ClienteService - Cliente creado exitosamente con ID: 22
2025-12-21 22:12:50.022 [http-nio-8081-exec-9] INFO  com.dp1.backend.services.ClienteService - Creando cliente con datos: zzz zzz fergegr@mp.com 
2025-12-21 22:12:50.037 [http-nio-8081-exec-9] INFO  com.dp1.backend.services.ClienteService - Cliente creado exitosamente con ID: 23
2025-12-21 22:12:50.098 [http-nio-8081-exec-2] INFO  com.dp1.backend.services.EnvioService - Envío llegando con fecha de salida desde frontend: null
2025-12-21 22:12:50.099 [http-nio-8081-exec-2] INFO  com.dp1.backend.services.EnvioService - Fecha de salida final: 2025-12-21T22:12:50.098129600-05:00
2025-12-21 22:12:50.127 [http-nio-8081-exec-2] INFO  com.dp1.backend.services.EnvioService - Todo bien hasta primer guardado
2025-12-21 22:12:50.198 [http-nio-8081-exec-2] INFO  com.dp1.backend.services.EnvioService - Todo bien hasta segundo guardado
2025-12-21 22:12:50.435 [http-nio-8081-exec-2] INFO  com.dp1.backend.services.EnvioService - Todo bien hasta guardado de paquetes
2025-12-21 22:12:50.476 [http-nio-8081-exec-4] INFO  com.dp1.backend.services.DatosEnMemoriaService - Cadena insertada en memoria (estilo archivo): SPIM-202512212212-20251221-22:12:00-EDDI:10
2025-12-21 22:12:55.201 [http-nio-8081-exec-9] INFO  com.dp1.backend.handlers.SocketConnectionHandler - Enviando # de vuelos en el aire: 44
2025-12-21 22:13:01.212 [http-nio-8081-exec-5] INFO  com.dp1.backend.handlers.SocketConnectionHandler - Enviando # de vuelos en el aire: 52
2025-12-21 22:13:07.209 [http-nio-8081-exec-3] INFO  com.dp1.backend.handlers.SocketConnectionHandler - Enviando # de vuelos en el aire: 33
2025-12-21 22:13:13.199 [http-nio-8081-exec-7] INFO  com.dp1.backend.handlers.SocketConnectionHandler - Enviando # de vuelos en el aire: 53
2025-12-21 22:13:19.201 [http-nio-8081-exec-1] INFO  com.dp1.backend.handlers.SocketConnectionHandler - Enviando # de vuelos en el aire: 48
2025-12-21 22:13:21.199 [http-nio-8081-exec-5] INFO  com.dp1.backend.services.ACOService - Desde - hasta: 2025-12-22T01:18:23-05:00[America/Lima] - 2025-12-22T04:18:23-05:00[America/Lima]
2025-12-21 22:13:21.224 [http-nio-8081-exec-5] INFO  com.dp1.backend.services.ACOService - Ejecutando ACO para: 
2025-12-21 22:13:21.225 [http-nio-8081-exec-5] INFO  com.dp1.backend.services.ACOService - Aeropuertos: 30
2025-12-21 22:13:21.226 [http-nio-8081-exec-5] INFO  com.dp1.backend.services.ACOService - Vuelos: 2866
2025-12-21 22:13:21.227 [http-nio-8081-exec-5] INFO  com.dp1.backend.services.ACOService - Envios: 758
2025-12-21 22:13:21.228 [http-nio-8081-exec-5] INFO  com.dp1.backend.services.ACOService - Paquetes: 1438
2025-12-21 22:13:27.913 [http-nio-8081-exec-5] INFO  com.dp1.backend.services.ACOService - Tiempo de ejecución: 6683 ms
2025-12-21 22:13:27.946 [http-nio-8081-exec-5] INFO  com.dp1.backend.services.ACOService - Paquetes entregados con función André: 1431
2025-12-21 22:13:28.033 [http-nio-8081-exec-5] INFO  com.dp1.backend.handlers.SocketConnectionHandler - Enviando resultado del algoritmo 'para los vuelos en el aire'
2025-12-21 22:13:28.043 [http-nio-8081-exec-5] INFO  com.dp1.backend.handlers.SocketConnectionHandler - Enviando # de vuelos en el aire: 54
2025-12-21 22:13:31.201 [http-nio-8081-exec-9] INFO  com.dp1.backend.handlers.SocketConnectionHandler - Enviando # de vuelos en el aire: 51
2025-12-21 22:13:37.206 [http-nio-8081-exec-5] INFO  com.dp1.backend.handlers.SocketConnectionHandler - Enviando # de vuelos en el aire: 62
2025-12-21 22:13:43.218 [http-nio-8081-exec-3] INFO  com.dp1.backend.handlers.SocketConnectionHandler - Enviando # de vuelos en el aire: 56
2025-12-21 22:13:49.201 [http-nio-8081-exec-7] INFO  com.dp1.backend.handlers.SocketConnectionHandler - Enviando # de vuelos en el aire: 43
2025-12-21 22:13:55.204 [http-nio-8081-exec-1] INFO  com.dp1.backend.handlers.SocketConnectionHandler - Enviando # de vuelos en el aire: 53
2025-12-21 22:14:01.208 [http-nio-8081-exec-3] INFO  com.dp1.backend.handlers.SocketConnectionHandler - Enviando # de vuelos en el aire: 46
2025-12-21 22:14:07.208 [http-nio-8081-exec-7] INFO  com.dp1.backend.handlers.SocketConnectionHandler - Enviando # de vuelos en el aire: 48
2025-12-21 22:14:07.209 [http-nio-8081-exec-7] INFO  com.dp1.backend.services.ACOService - Desde - hasta: 2025-12-22T04:22:23-05:00[America/Lima] - 2025-12-22T07:22:23-05:00[America/Lima]
2025-12-21 22:14:07.240 [http-nio-8081-exec-7] INFO  com.dp1.backend.services.ACOService - Ejecutando ACO para: 
2025-12-21 22:14:07.241 [http-nio-8081-exec-7] INFO  com.dp1.backend.services.ACOService - Aeropuertos: 30
2025-12-21 22:14:07.241 [http-nio-8081-exec-7] INFO  com.dp1.backend.services.ACOService - Vuelos: 2866
2025-12-21 22:14:07.242 [http-nio-8081-exec-7] INFO  com.dp1.backend.services.ACOService - Envios: 766
2025-12-21 22:14:07.242 [http-nio-8081-exec-7] INFO  com.dp1.backend.services.ACOService - Paquetes: 1370
2025-12-21 22:14:14.488 [http-nio-8081-exec-7] INFO  com.dp1.backend.services.ACOService - Tiempo de ejecución: 7245 ms
2025-12-21 22:14:14.526 [http-nio-8081-exec-7] INFO  com.dp1.backend.services.ACOService - Paquetes entregados con función André: 1361
2025-12-21 22:14:14.615 [http-nio-8081-exec-7] INFO  com.dp1.backend.handlers.SocketConnectionHandler - Enviando resultado del algoritmo 'para los vuelos en el aire'
2025-12-21 22:14:14.625 [http-nio-8081-exec-7] INFO  com.dp1.backend.handlers.SocketConnectionHandler - Enviando # de vuelos en el aire: 46
2025-12-21 22:14:19.208 [http-nio-8081-exec-2] INFO  com.dp1.backend.handlers.SocketConnectionHandler - Enviando # de vuelos en el aire: 49
2025-12-21 22:14:26.510 [http-nio-8081-exec-8] INFO  com.dp1.backend.handlers.SocketConnectionHandler - Enviando # de vuelos en el aire: 48
2025-12-21 22:14:33.467 [http-nio-8081-exec-4] INFO  com.dp1.backend.handlers.SocketConnectionHandler - Enviando # de vuelos en el aire: 46
2025-12-21 22:14:41.113 [http-nio-8081-exec-10] INFO  com.dp1.backend.handlers.SocketConnectionHandler - Enviando # de vuelos en el aire: 52
2025-12-21 22:14:47.650 [http-nio-8081-exec-7] INFO  com.dp1.backend.handlers.SocketConnectionHandler - Enviando # de vuelos en el aire: 52
2025-12-21 22:14:54.722 [http-nio-8081-exec-1] INFO  com.dp1.backend.handlers.SocketConnectionHandler - Enviando # de vuelos en el aire: 38
2025-12-21 22:14:58.720 [http-nio-8081-exec-7] INFO  com.dp1.backend.services.ACOService - Desde - hasta: 2025-12-22T07:26:23-05:00[America/Lima] - 2025-12-22T10:26:23-05:00[America/Lima]
2025-12-21 22:14:58.747 [http-nio-8081-exec-7] INFO  com.dp1.backend.services.ACOService - Ejecutando ACO para: 
2025-12-21 22:14:58.749 [http-nio-8081-exec-7] INFO  com.dp1.backend.services.ACOService - Aeropuertos: 30
2025-12-21 22:14:58.751 [http-nio-8081-exec-7] INFO  com.dp1.backend.services.ACOService - Vuelos: 2866
2025-12-21 22:14:58.751 [http-nio-8081-exec-7] INFO  com.dp1.backend.services.ACOService - Envios: 785
2025-12-21 22:14:58.752 [http-nio-8081-exec-7] INFO  com.dp1.backend.services.ACOService - Paquetes: 1275
2025-12-21 22:15:05.900 [http-nio-8081-exec-7] INFO  com.dp1.backend.services.ACOService - Tiempo de ejecución: 7148 ms
2025-12-21 22:15:05.937 [http-nio-8081-exec-7] INFO  com.dp1.backend.services.ACOService - Paquetes entregados con función André: 1268
2025-12-21 22:15:06.021 [http-nio-8081-exec-7] INFO  com.dp1.backend.handlers.SocketConnectionHandler - Enviando resultado del algoritmo 'para los vuelos en el aire'
2025-12-21 22:15:06.029 [http-nio-8081-exec-7] INFO  com.dp1.backend.handlers.SocketConnectionHandler - Enviando # de vuelos en el aire: 42
2025-12-21 22:15:07.581 [http-nio-8081-exec-9] INFO  com.dp1.backend.handlers.SocketConnectionHandler - Enviando # de vuelos en el aire: 41
2025-12-21 22:15:14.891 [http-nio-8081-exec-6] INFO  com.dp1.backend.handlers.SocketConnectionHandler - Enviando # de vuelos en el aire: 48
2025-12-21 22:15:21.196 [http-nio-8081-exec-2] INFO  com.dp1.backend.handlers.SocketConnectionHandler - Enviando # de vuelos en el aire: 51
2025-12-21 22:15:28.471 [http-nio-8081-exec-8] INFO  com.dp1.backend.handlers.SocketConnectionHandler - Enviando # de vuelos en el aire: 50
2025-12-21 22:15:37.200 [http-nio-8081-exec-4] INFO  com.dp1.backend.handlers.SocketConnectionHandler - Enviando # de vuelos en el aire: 61
2025-12-21 22:15:43.207 [http-nio-8081-exec-10] INFO  com.dp1.backend.handlers.SocketConnectionHandler - Enviando # de vuelos en el aire: 46
2025-12-21 22:15:53.376 [http-nio-8081-exec-6] INFO  com.dp1.backend.handlers.SocketConnectionHandler - Enviando # de vuelos en el aire: 47
2025-12-21 22:15:58.383 [http-nio-8081-exec-8] INFO  com.dp1.backend.services.ACOService - Desde - hasta: 2025-12-22T10:30:23-05:00[America/Lima] - 2025-12-22T13:30:23-05:00[America/Lima]
2025-12-21 22:15:58.404 [http-nio-8081-exec-8] INFO  com.dp1.backend.services.ACOService - Ejecutando ACO para: 
2025-12-21 22:15:58.405 [http-nio-8081-exec-8] INFO  com.dp1.backend.services.ACOService - Aeropuertos: 30
2025-12-21 22:15:58.405 [http-nio-8081-exec-8] INFO  com.dp1.backend.services.ACOService - Vuelos: 2866
2025-12-21 22:15:58.405 [http-nio-8081-exec-8] INFO  com.dp1.backend.services.ACOService - Envios: 624
2025-12-21 22:15:58.406 [http-nio-8081-exec-8] INFO  com.dp1.backend.services.ACOService - Paquetes: 1016
2025-12-21 22:16:04.802 [http-nio-8081-exec-8] INFO  com.dp1.backend.services.ACOService - Tiempo de ejecución: 6396 ms
2025-12-21 22:16:04.839 [http-nio-8081-exec-8] INFO  com.dp1.backend.services.ACOService - Paquetes entregados con función André: 1003
2025-12-21 22:16:04.901 [http-nio-8081-exec-8] INFO  com.dp1.backend.handlers.SocketConnectionHandler - Enviando resultado del algoritmo 'para los vuelos en el aire'
2025-12-21 22:16:05.660 [http-nio-8081-exec-9] INFO  com.dp1.backend.handlers.SocketConnectionHandler - Enviando # de vuelos en el aire: 35
2025-12-21 22:16:13.913 [http-nio-8081-exec-6] INFO  com.dp1.backend.handlers.SocketConnectionHandler - Enviando # de vuelos en el aire: 50
2025-12-21 22:16:24.982 [http-nio-8081-exec-2] INFO  com.dp1.backend.handlers.SocketConnectionHandler - Enviando # de vuelos en el aire: 48
2025-12-21 22:16:31.382 [http-nio-8081-exec-8] INFO  com.dp1.backend.handlers.SocketConnectionHandler - Enviando # de vuelos en el aire: 43
2025-12-21 22:16:37.738 [http-nio-8081-exec-4] INFO  com.dp1.backend.handlers.SocketConnectionHandler - Enviando # de vuelos en el aire: 52
2025-12-21 22:16:46.202 [http-nio-8081-exec-10] INFO  com.dp1.backend.handlers.SocketConnectionHandler - Enviando # de vuelos en el aire: 54
2025-12-21 22:16:52.206 [http-nio-8081-exec-7] INFO  com.dp1.backend.handlers.SocketConnectionHandler - Enviando # de vuelos en el aire: 41
2025-12-21 22:16:53.224 [SpringApplicationShutdownHook] INFO  org.springframework.orm.jpa.LocalContainerEntityManagerFactoryBean - Closing JPA EntityManagerFactory for persistence unit 'default'
2025-12-21 22:16:53.235 [SpringApplicationShutdownHook] INFO  com.zaxxer.hikari.HikariDataSource - HikariPool-1 - Shutdown initiated...
2025-12-21 22:16:53.287 [SpringApplicationShutdownHook] INFO  com.zaxxer.hikari.HikariDataSource - HikariPool-1 - Shutdown completed.
2025-12-21 22:16:53.309 [SpringApplicationShutdownHook] INFO  com.dp1.backend.handlers.SocketConnectionHandler - 65e9c8af-ca3d-d4d5-0948-a54f70f51559  desconectado del socket
2025-12-21 22:20:55.262 [main] INFO  com.dp1.backend.BackendApplication - Starting BackendApplication using Java 24.0.1 with PID 8256 (C:\Users\Joseph\Documents\PUCP\25-2\Dp1\Nuevo\Back\MoraPack_Backend\target\classes started by Joseph in C:\Users\Joseph\Documents\PUCP\25-2\Dp1\Nuevo\Back\MoraPack_Backend)
2025-12-21 22:20:55.308 [main] INFO  com.dp1.backend.BackendApplication - No active profile set, falling back to 1 default profile: "default"
2025-12-21 22:20:58.186 [main] INFO  org.springframework.data.repository.config.RepositoryConfigurationDelegate - Bootstrapping Spring Data JPA repositories in DEFAULT mode.
2025-12-21 22:20:58.499 [main] INFO  org.springframework.data.repository.config.RepositoryConfigurationDelegate - Finished Spring Data repository scanning in 273 ms. Found 10 JPA repository interfaces.
2025-12-21 22:21:01.648 [main] INFO  org.springframework.boot.web.embedded.tomcat.TomcatWebServer - Tomcat initialized with port 8081 (http)
2025-12-21 22:21:01.700 [main] INFO  org.apache.coyote.http11.Http11NioProtocol - Initializing ProtocolHandler ["http-nio-8081"]
2025-12-21 22:21:01.711 [main] INFO  org.apache.catalina.core.StandardService - Starting service [Tomcat]
2025-12-21 22:21:01.713 [main] INFO  org.apache.catalina.core.StandardEngine - Starting Servlet engine: [Apache Tomcat/10.1.19]
2025-12-21 22:21:01.934 [main] INFO  org.apache.catalina.core.ContainerBase.[Tomcat].[localhost].[/api] - Initializing Spring embedded WebApplicationContext
2025-12-21 22:21:01.936 [main] INFO  org.springframework.boot.web.servlet.context.ServletWebServerApplicationContext - Root WebApplicationContext: initialization completed in 6450 ms
2025-12-21 22:21:02.602 [main] INFO  org.hibernate.jpa.internal.util.LogHelper - HHH000204: Processing PersistenceUnitInfo [name: default]
2025-12-21 22:21:02.971 [main] INFO  org.hibernate.Version - HHH000412: Hibernate ORM core version 6.4.4.Final
2025-12-21 22:21:03.130 [main] INFO  org.hibernate.cache.internal.RegionFactoryInitiator - HHH000026: Second-level cache disabled
2025-12-21 22:21:04.279 [main] INFO  org.springframework.orm.jpa.persistenceunit.SpringPersistenceUnitInfo - No LoadTimeWeaver setup: ignoring JPA class transformer
2025-12-21 22:21:04.431 [main] WARN  com.zaxxer.hikari.HikariConfig - HikariPool-1 - idleTimeout has been set but has no effect because the pool is operating as a fixed size pool.
2025-12-21 22:21:04.434 [main] INFO  com.zaxxer.hikari.HikariDataSource - HikariPool-1 - Starting...
2025-12-21 22:21:05.151 [main] INFO  com.zaxxer.hikari.pool.HikariPool - HikariPool-1 - Added connection com.mysql.cj.jdbc.ConnectionImpl@2248d140
2025-12-21 22:21:05.157 [main] INFO  com.zaxxer.hikari.HikariDataSource - HikariPool-1 - Start completed.
2025-12-21 22:21:08.985 [main] INFO  org.hibernate.engine.transaction.jta.platform.internal.JtaPlatformInitiator - HHH000489: No JTA platform available (set 'hibernate.transaction.jta.platform' to enable JTA platform integration)
2025-12-21 22:21:09.338 [main] INFO  org.springframework.orm.jpa.LocalContainerEntityManagerFactoryBean - Initialized JPA EntityManagerFactory for persistence unit 'default'
2025-12-21 22:21:09.379 [main] INFO  com.dp1.backend.services.DatosEnMemoriaService - Inicializando DatosEnMemoriaService con working directory: C:\Users\Joseph\Documents\PUCP\25-2\Dp1\Nuevo\Back\MoraPack_Backend
2025-12-21 22:21:09.396 [main] INFO  com.dp1.backend.services.DatosEnMemoriaService - Aeropuertos cargados: 30
2025-12-21 22:21:09.490 [main] INFO  com.dp1.backend.services.DatosEnMemoriaService - Vuelos cargados: 2866
2025-12-21 22:21:10.072 [main] INFO  com.dp1.backend.services.DatosEnMemoriaService - Leyendo rutas posibles
2025-12-21 22:21:10.461 [main] INFO  com.dp1.backend.services.DatosEnMemoriaService - Colecciones rutas: 0
2025-12-21 22:21:10.463 [main] INFO  com.dp1.backend.services.DatosEnMemoriaService - Rutas posibles set: 0
2025-12-21 22:21:10.821 [main] INFO  org.springframework.data.jpa.repository.query.QueryEnhancerFactory - Hibernate is in classpath; If applicable, HQL parser will be used.
2025-12-21 22:21:12.182 [main] WARN  org.springframework.boot.autoconfigure.orm.jpa.JpaBaseConfiguration$JpaWebConfiguration - spring.jpa.open-in-view is enabled by default. Therefore, database queries may be performed during view rendering. Explicitly configure spring.jpa.open-in-view to disable this warning
2025-12-21 22:21:13.167 [main] INFO  org.apache.coyote.http11.Http11NioProtocol - Starting ProtocolHandler ["http-nio-8081"]
2025-12-21 22:21:13.222 [main] INFO  org.springframework.boot.web.embedded.tomcat.TomcatWebServer - Tomcat started on port 8081 (http) with context path '/api'
2025-12-21 22:21:13.239 [main] INFO  com.dp1.backend.BackendApplication - Started BackendApplication in 19.725 seconds (process running for 22.998)
2025-12-21 22:22:32.040 [http-nio-8081-exec-2] INFO  org.apache.catalina.core.ContainerBase.[Tomcat].[localhost].[/api] - Initializing Spring DispatcherServlet 'dispatcherServlet'
2025-12-21 22:22:32.041 [http-nio-8081-exec-2] INFO  org.springframework.web.servlet.DispatcherServlet - Initializing Servlet 'dispatcherServlet'
2025-12-21 22:22:32.044 [http-nio-8081-exec-2] INFO  org.springframework.web.servlet.DispatcherServlet - Completed initialization in 3 ms
2025-12-21 22:22:32.238 [http-nio-8081-exec-2] INFO  com.dp1.backend.handlers.SocketConnectionHandler - c39d59e3-502a-922e-a9af-f03735adf8e9  conectado al socket
2025-12-21 22:22:32.271 [http-nio-8081-exec-2] INFO  com.dp1.backend.services.DatosEnMemoriaService - Leyendo archivo: data\envios\pack_enviado_EDDI_.txt
2025-12-21 22:22:32.630 [http-nio-8081-exec-2] INFO  com.dp1.backend.services.DatosEnMemoriaService - Leyendo archivo: data\envios\pack_enviado_EHAM_.txt
2025-12-21 22:22:33.035 [http-nio-8081-exec-2] INFO  com.dp1.backend.services.DatosEnMemoriaService - Leyendo archivo: data\envios\pack_enviado_EKCH_.txt
2025-12-21 22:22:33.520 [http-nio-8081-exec-2] INFO  com.dp1.backend.services.DatosEnMemoriaService - Leyendo archivo: data\envios\pack_enviado_LATI_.txt
2025-12-21 22:22:33.912 [http-nio-8081-exec-2] INFO  com.dp1.backend.services.DatosEnMemoriaService - Leyendo archivo: data\envios\pack_enviado_LBSF_.txt
2025-12-21 22:22:34.323 [http-nio-8081-exec-2] INFO  com.dp1.backend.services.DatosEnMemoriaService - Leyendo archivo: data\envios\pack_enviado_LDZA_.txt
2025-12-21 22:22:34.642 [http-nio-8081-exec-2] INFO  com.dp1.backend.services.DatosEnMemoriaService - Leyendo archivo: data\envios\pack_enviado_LKPR_.txt
2025-12-21 22:22:35.023 [http-nio-8081-exec-2] INFO  com.dp1.backend.services.DatosEnMemoriaService - Leyendo archivo: data\envios\pack_enviado_LOWW_.txt
2025-12-21 22:22:35.444 [http-nio-8081-exec-2] INFO  com.dp1.backend.services.DatosEnMemoriaService - Leyendo archivo: data\envios\pack_enviado_OAKB_.txt
2025-12-21 22:22:35.821 [http-nio-8081-exec-2] INFO  com.dp1.backend.services.DatosEnMemoriaService - Leyendo archivo: data\envios\pack_enviado_OERK_.txt
2025-12-21 22:22:36.249 [http-nio-8081-exec-2] INFO  com.dp1.backend.services.DatosEnMemoriaService - Leyendo archivo: data\envios\pack_enviado_OJAI_.txt
2025-12-21 22:22:36.513 [http-nio-8081-exec-2] INFO  com.dp1.backend.services.DatosEnMemoriaService - Leyendo archivo: data\envios\pack_enviado_OMDB_.txt
2025-12-21 22:22:36.829 [http-nio-8081-exec-2] INFO  com.dp1.backend.services.DatosEnMemoriaService - Leyendo archivo: data\envios\pack_enviado_OOMS_.txt
2025-12-21 22:22:37.082 [http-nio-8081-exec-2] INFO  com.dp1.backend.services.DatosEnMemoriaService - Leyendo archivo: data\envios\pack_enviado_OPKC_.txt
2025-12-21 22:22:37.468 [http-nio-8081-exec-2] INFO  com.dp1.backend.services.DatosEnMemoriaService - Leyendo archivo: data\envios\pack_enviado_OSDI_.txt
2025-12-21 22:22:37.832 [http-nio-8081-exec-2] INFO  com.dp1.backend.services.DatosEnMemoriaService - Leyendo archivo: data\envios\pack_enviado_OYSN_.txt
2025-12-21 22:22:38.198 [http-nio-8081-exec-2] INFO  com.dp1.backend.services.DatosEnMemoriaService - Leyendo archivo: data\envios\pack_enviado_SABE_.txt
2025-12-21 22:22:38.453 [http-nio-8081-exec-2] INFO  com.dp1.backend.services.DatosEnMemoriaService - Leyendo archivo: data\envios\pack_enviado_SBBR_.txt
2025-12-21 22:22:38.727 [http-nio-8081-exec-2] INFO  com.dp1.backend.services.DatosEnMemoriaService - Leyendo archivo: data\envios\pack_enviado_SCEL_.txt
2025-12-21 22:22:39.093 [http-nio-8081-exec-2] INFO  com.dp1.backend.services.DatosEnMemoriaService - Leyendo archivo: data\envios\pack_enviado_SEQM_.txt
2025-12-21 22:22:39.479 [http-nio-8081-exec-2] INFO  com.dp1.backend.services.DatosEnMemoriaService - Leyendo archivo: data\envios\pack_enviado_SGAS_.txt
2025-12-21 22:22:39.849 [http-nio-8081-exec-2] INFO  com.dp1.backend.services.DatosEnMemoriaService - Leyendo archivo: data\envios\pack_enviado_SKBO_.txt
2025-12-21 22:22:40.163 [http-nio-8081-exec-2] INFO  com.dp1.backend.services.DatosEnMemoriaService - Leyendo archivo: data\envios\pack_enviado_SLLP_.txt
2025-12-21 22:22:40.404 [http-nio-8081-exec-2] INFO  com.dp1.backend.services.DatosEnMemoriaService - Leyendo archivo: data\envios\pack_enviado_SUAA_.txt
2025-12-21 22:22:40.719 [http-nio-8081-exec-2] INFO  com.dp1.backend.services.DatosEnMemoriaService - Leyendo archivo: data\envios\pack_enviado_SVMI_.txt
2025-12-21 22:22:41.043 [http-nio-8081-exec-2] INFO  com.dp1.backend.services.DatosEnMemoriaService - Leyendo archivo: data\envios\pack_enviado_UMMS_.txt
2025-12-21 22:22:41.325 [http-nio-8081-exec-2] INFO  com.dp1.backend.services.DatosEnMemoriaService - Leyendo archivo: data\envios\pack_enviado_VIDP_.txt
2025-12-21 22:22:41.572 [http-nio-8081-exec-2] INFO  com.dp1.backend.services.DatosEnMemoriaService - Envios cargados: 48745
2025-12-21 22:22:41.627 [http-nio-8081-exec-2] INFO  com.dp1.backend.services.ACOService - Ejecutando ACO para: 
2025-12-21 22:22:41.628 [http-nio-8081-exec-2] INFO  com.dp1.backend.services.ACOService - Aeropuertos: 30
2025-12-21 22:22:41.629 [http-nio-8081-exec-2] INFO  com.dp1.backend.services.ACOService - Vuelos: 2866
2025-12-21 22:22:41.631 [http-nio-8081-exec-2] INFO  com.dp1.backend.services.ACOService - Envios: 4599
2025-12-21 22:22:41.634 [http-nio-8081-exec-2] INFO  com.dp1.backend.services.ACOService - Paquetes: 9456
2025-12-21 22:23:53.244 [http-nio-8081-exec-2] INFO  com.dp1.backend.services.ACOService - Tiempo de ejecución: 71608 ms
2025-12-21 22:23:54.024 [http-nio-8081-exec-2] INFO  com.dp1.backend.services.ACOService - Paquetes entregados con función André: 9276
2025-12-21 22:23:54.918 [http-nio-8081-exec-2] INFO  com.dp1.backend.handlers.SocketConnectionHandler - Enviando # de vuelos en el aire: inicio1227
2025-12-21 22:24:02.601 [http-nio-8081-exec-9] INFO  com.dp1.backend.handlers.SocketConnectionHandler - Enviando # de vuelos en el aire: 35
2025-12-21 22:24:08.592 [http-nio-8081-exec-5] INFO  com.dp1.backend.handlers.SocketConnectionHandler - Enviando # de vuelos en el aire: 53
2025-12-21 22:24:14.623 [http-nio-8081-exec-1] INFO  com.dp1.backend.handlers.SocketConnectionHandler - Enviando # de vuelos en el aire: 51
2025-12-21 22:24:20.587 [http-nio-8081-exec-7] INFO  com.dp1.backend.handlers.SocketConnectionHandler - Enviando # de vuelos en el aire: 42
2025-12-21 22:24:26.586 [http-nio-8081-exec-2] INFO  com.dp1.backend.handlers.SocketConnectionHandler - Enviando # de vuelos en el aire: 50
2025-12-21 22:24:32.593 [http-nio-8081-exec-9] INFO  com.dp1.backend.handlers.SocketConnectionHandler - Enviando # de vuelos en el aire: 45
2025-12-21 22:24:38.593 [http-nio-8081-exec-5] INFO  com.dp1.backend.handlers.SocketConnectionHandler - Enviando # de vuelos en el aire: 54
2025-12-21 22:24:42.582 [http-nio-8081-exec-9] INFO  com.dp1.backend.services.ACOService - Desde - hasta: 2025-12-21T22:26:31-05:00[America/Lima] - 2025-12-22T01:26:31-05:00[America/Lima]
2025-12-21 22:24:42.607 [http-nio-8081-exec-9] INFO  com.dp1.backend.services.ACOService - Ejecutando ACO para: 
2025-12-21 22:24:42.608 [http-nio-8081-exec-9] INFO  com.dp1.backend.services.ACOService - Aeropuertos: 30
2025-12-21 22:24:42.609 [http-nio-8081-exec-9] INFO  com.dp1.backend.services.ACOService - Vuelos: 2866
2025-12-21 22:24:42.610 [http-nio-8081-exec-9] INFO  com.dp1.backend.services.ACOService - Envios: 659
2025-12-21 22:24:42.611 [http-nio-8081-exec-9] INFO  com.dp1.backend.services.ACOService - Paquetes: 1339
2025-12-21 22:24:50.536 [http-nio-8081-exec-9] INFO  com.dp1.backend.services.ACOService - Tiempo de ejecución: 7924 ms
2025-12-21 22:24:50.569 [http-nio-8081-exec-9] INFO  com.dp1.backend.services.ACOService - Paquetes entregados con función André: 1332
2025-12-21 22:24:50.661 [http-nio-8081-exec-9] INFO  com.dp1.backend.handlers.SocketConnectionHandler - Enviando resultado del algoritmo 'para los vuelos en el aire'
2025-12-21 22:24:50.677 [http-nio-8081-exec-9] INFO  com.dp1.backend.handlers.SocketConnectionHandler - Enviando # de vuelos en el aire: 48
2025-12-21 22:24:50.701 [http-nio-8081-exec-9] INFO  com.dp1.backend.handlers.SocketConnectionHandler - Enviando # de vuelos en el aire: 36
2025-12-21 22:24:56.588 [http-nio-8081-exec-5] INFO  com.dp1.backend.handlers.SocketConnectionHandler - Enviando # de vuelos en el aire: 51
2025-12-21 22:25:02.587 [http-nio-8081-exec-1] INFO  com.dp1.backend.handlers.SocketConnectionHandler - Enviando # de vuelos en el aire: 52
2025-12-21 22:25:07.609 [http-nio-8081-exec-6] INFO  com.dp1.backend.services.ClienteService - Creando cliente con datos: oa oal commuconnect.ingesoft@gmail.com 
2025-12-21 22:25:07.807 [http-nio-8081-exec-6] INFO  com.dp1.backend.services.ClienteService - Cliente creado exitosamente con ID: 24
2025-12-21 22:25:07.858 [http-nio-8081-exec-8] INFO  com.dp1.backend.services.ClienteService - Creando cliente con datos: zzz lkjh fergegr@mp.com 
2025-12-21 22:25:07.874 [http-nio-8081-exec-8] INFO  com.dp1.backend.services.ClienteService - Cliente creado exitosamente con ID: 25
2025-12-21 22:25:07.919 [http-nio-8081-exec-9] INFO  com.dp1.backend.services.EnvioService - Envío llegando con fecha de salida desde frontend: null
2025-12-21 22:25:07.919 [http-nio-8081-exec-9] INFO  com.dp1.backend.services.EnvioService - Fecha de salida final: 2025-12-21T22:25:07.918282600-05:00
2025-12-21 22:25:07.945 [http-nio-8081-exec-9] INFO  com.dp1.backend.services.EnvioService - Todo bien hasta primer guardado
2025-12-21 22:25:08.021 [http-nio-8081-exec-9] INFO  com.dp1.backend.services.EnvioService - Todo bien hasta segundo guardado
2025-12-21 22:25:08.348 [http-nio-8081-exec-9] INFO  com.dp1.backend.services.EnvioService - Todo bien hasta guardado de paquetes
2025-12-21 22:25:08.399 [http-nio-8081-exec-10] INFO  com.dp1.backend.services.DatosEnMemoriaService - Cadena insertada en memoria (estilo archivo): SPIM-202512212225-20251221-22:25:00-LATI:15, idEnvio asignado: 0
2025-12-21 22:25:08.429 [http-nio-8081-exec-10] INFO  com.dp1.backend.services.DatosEnMemoriaService - Envios en memoria: 855350, 2305535, 993710, 2305534, 27023, 855354, 1474508, 1996841, 27024, 27021, 993719, 855355, 993716, 1474500, 1849694, 1850672, 2560846, 1849695, 2560847, 1850671, 1849699, 1850674, 2561008, 2560849, 2561007, 2561005, 1850678, 1996845, 1850679, 1849690, 2560843, 2561001, 1849692, 1996849, 2305537, 855361, 993702, 27015, 993700, 27017, 2305523, 2305520, 1474519, 2305521, 1474518, 27013, 1474517, 993708, 1474513, 993705, 1849683, 1850660, 1849689, 1850663, 2561019, 1850664, 2561017, 1996834, 1850668, 1996833, 2305529, 2305526, 1849682, 993735, 2305513, 855371, 2305514, 993733, 2305512, 855376, 855375, 27047, 855374, 1474529, 27046, 1474526, 1474525, 855377, 1474523, 1474522, 1850694, 1996829, 2560868, 2560869, 2560866, 1850693, 1850699, 1850696, 1850697, 1996820, 2560861, 1996825, 2305517, 2560864, 2305518, 2305515, 2560862, 1996826, 27038, 855383, 993724, 855381, 993722, 855380, 855387, 855386, 855385, 1474539, 993728, 1996818, 2560857, 1850682, 2560856, 1850685, 1850686, 2305509, 855390, 2560853, 1996813, 2560854, 2560852, 2305577, 855391, 2305578, 855398, 2305575, 2305576, 855396, 2305573, 3187626, 2305574, 2305571, 3187622, 855399, 3187623, 27061, 27060, 2560888, 740792, 1996808, 740798, 2560880, 2560881, 1996803, 2560887, 1996805, 2560884, 27059, 993745, 27056, 27055, 27058, 2305563, 3187632, 3187634, 993747, 993779, 3187607, 3187608, 3187602, 2305554, 993773, 2305552, 2305550, 27083, 1587804, 740771, 1587806, 1587808, 993781, 740779, 993780, 740778, 1587800, 1587803, 993767, 3187618, 993766, 993764, 27077, 3187614, 993762, 2305540, 27074, 27075, 27071, 1587816, 740782, 740788, 740787, 993771, 993770, 2560891, 740789, 2560892, 2305548, 2560895, 1849603, 3187666, 1849607, 3187660, 2416432, 1850392, 740750, 25999, 2416424, 25998, 595450, 1850393, 2416425, 3188069, 1850396, 740754, 1849611, 1850398, 740752, 1849613, 1850397, 595459, 3188064, 25992, 740758, 595458, 25996, 25995, 1850390, 3188066, 993787, 993786, 993783, 27096, 1849399, 1850388, 27092, 2416440, 1849395, 2416441, 2416442, 3187674, 740762, 2416433, 1850380, 1850383, 1850382, 595444, 740764, 1849601, 595443, 1850386, 595448, 993793, 740769, 993790, 3188050, 3188056, 2305599, 2305598, 3474197, 2305595, 3187648, 3188091, 2305596, 1849388, 1850377, 2305594, 1849628, 1850379, 2305592, 3187645, 595480, 1849385, 1849629, 2416451, 2416452, 1849383, 1849382, 596699, 1849391, 595471, 1849630, 1850372, 2416446, 595472, 1850371, 2416448, 595478, 740732, 1850611, 2416449, 740731, 595476, 1849635, 1850375, 1850614, 3188086, 595479, 740735, 1850612, 740734, 3474199, 1850618, 1850617, 2305589, 3187657, 2305587, 3188080, 1849379, 1850367, 3187653, 1849377, 1849615, 2305583, 3187654, 1849376, 1850369, 2305580, 2416460, 1849375, 1850368, 2305581, 1849374, 2416463, 3187651, 2416465, 595462, 1849380, 595460, 1850361, 595461, 2416458, 1849621, 1850363, 1850600, 1849623, 1850365, 740741, 3188075, 1850601, 3188073, 1850607, 3188079, 1850608, 1850605, 1850606, 1849369, 1849367, 1849647, 1849648, 2416470, 1849365, 1849649, 2416472, 2416473, 2416474, 2416475, 1849370, 2416467, 1850350, 2416468, 1849654, 740710, 1849655, 1850351, 1849656, 1850354, 595416, 740714, 1850637, 595413, 1850634, 1850635, 740718, 1849359, 1849357, 1849355, 1850344, 2416481, 2416483, 1849641, 2416479, 1850621, 1849644, 740720, 1849645, 1850343, 1850342, 1850620, 3188096, 3188095, 740723, 595408, 740728, 1850628, 138708, 2416490, 138705, 2416493, 1850338, 3187682, 138701, 1850337, 2416497, 1849672, 2416488, 1849673, 1850651, 595433, 1849676, 1849677, 595431, 1849678, 1850332, 1850652, 1850331, 1850653, 1850656, 595436, 595439, 1849658, 1850323, 3187697, 1850327, 3187693, 1850326, 1849663, 1849668, 1850642, 1850647, 595427, 595425, 740706, 595429, 1849446, 1849445, 1850433, 3644045, 3644044, 1849442, 2561240, 138722, 2561242, 138723, 138720, 458391, 596633, 138730, 3043847, 3188104, 3043849, 3188109, 458397, 458396, 458399, 3043840, 458398, 3043841, 3188100, 596639, 2561257, 2161234, 2561256, 1849439, 1166706, 1849437, 1849436, 138717, 138718, 1849433, 1849432, 3644057, 1850426, 1850425, 2561255, 138710, 1166701, 1850427, 2161236, 458380, 458382, 3644060, 458384, 596640, 3043833, 458383, 1850420, 458385, 458387, 458389, 1166716, 2561269, 1849425, 138748, 1849420, 3644068, 1850415, 138745, 1166711, 1850417, 2561266, 138751, 3644070, 3188126, 3043827, 3043822, 3188129, 3188123, 596614, 596616, 3188120, 1850408, 1850407, 2561278, 1166727, 1166729, 138739, 138737, 1849411, 1850400, 2561271, 3644078, 1849410, 3644077, 2561273, 1850401, 2561272, 138733, 1850403, 2561277, 1850405, 3043815, 596621, 3644080, 3043817, 3043810, 3188119, 3644084, 3043813, 3188118, 3188117, 596625, 3188110, 596627, 1849408, 2161267, 2561289, 1166737, 1849406, 1849405, 2161265, 3644001, 137466, 2561281, 138769, 1166731, 138767, 3644004, 138764, 3644007, 2161269, 2561287, 137470, 596677, 596676, 138772, 2416502, 3188146, 2416503, 596672, 3043887, 595497, 596675, 3644010, 595498, 2561290, 2161260, 2416509, 3043882, 3188143, 3043881, 1166747, 2161278, 3644019, 1166749, 2161276, 2161275, 2161272, 138759, 596691, 137476, 596693, 2561295, 596692, 3644013, 1166742, 3644016, 1166743, 3644015, 138753, 2561299, 3644018, 1166745, 2561298, 137481, 137480, 596687, 3188136, 2416513, 3188135, 3043877, 137484, 596683, 595486, 596686, 3644021, 137482, 596685, 3188139, 3644020, 2161271, 3043875, 3043874, 3188134, 3043871, 3188132, 3188131, 1166757, 3188170, 2161241, 2161240, 3644023, 3644025, 1166752, 138788, 1166755, 2161248, 2416530, 3644029, 1166756, 138795, 138796, 2416522, 137490, 3188169, 2416525, 3043866, 596650, 137494, 2416527, 138790, 596652, 2416528, 3043867, 3644031, 2416529, 3043862, 3043864, 3043863, 596659, 3188167, 596658, 3188166, 3188164, 1166768, 2161254, 137499, 138779, 1166762, 137497, 1166763, 1166766, 2161259, 2416541, 1166767, 2416532, 596665, 138783, 2416535, 3043854, 3644040, 596664, 2416539, 3188151, 3043853, 3188150, 3043852, 596669, 3188155, 2561085, 137429, 2561082, 1166771, 137422, 137421, 1166773, 137427, 1166775, 137426, 1166776, 137425, 1166777, 1587829, 458312, 1587821, 458314, 2561089, 458316, 1587825, 2561097, 458307, 2561095, 1996792, 2561093, 2561091, 1996796, 2561090, 855402, 1166782, 137433, 855400, 138799, 855406, 1166786, 855405, 1166788, 855403, 1587837, 1587838, 137441, 1166781, 458300, 1587831, 458304, 2561099, 2561098, 2561064, 2561061, 1996783, 137445, 855412, 137443, 137449, 855417, 1166797, 137448, 1166799, 1587848, 1166990, 855418, 1166992, 1166790, 2560903, 458330, 1166792, 1996788, 1166995, 1587841, 1587842, 2561069, 458337, 1587844, 1587846, 458329, 2561074, 855420, 2561070, 855423, 855421, 855428, 855426, 137462, 3043898, 1996776, 458323, 3043896, 3043891, 458325, 2561078, 458328, 1587857, 3043893, 2561042, 2561201, 2305610, 2561204, 2305611, 855431, 1996762, 2561206, 855430, 1996761, 2561205, 2561208, 2561207, 855435, 855433, 1474541, 1474540, 2560924, 2560921, 2560922, 458351, 458350, 2560928, 458354, 2561049, 2561048, 458356, 1587865, 1587867, 1996769, 2560920, 2305615, 2561051, 1996751, 2561216, 855446, 1474559, 1474556, 855449, 855448, 1474554, 2561210, 596600, 458340, 458341, 2560915, 458344, 596607, 1587874, 2305607, 2561059, 458345, 2561058, 1587877, 1996759, 2305605, 2561057, 596603, 2305606, 1587879, 458349, 596605, 2305604, 27005, 137408, 137407, 855453, 1587880, 1996740, 27000, 1587882, 855450, 855457, 137400, 855454, 137402, 2560945, 1474562, 1474561, 458372, 458375, 458374, 458377, 1587884, 2561028, 458376, 2561027, 2561026, 1587887, 1996745, 2561025, 27008, 1996747, 2561022, 2560940, 2561235, 2561237, 2561236, 1587892, 1996730, 137412, 137410, 137416, 2561231, 137415, 2561233, 855469, 2560934, 458361, 2560939, 458364, 458363, 458366, 1996733, 2561039, 1587896, 2561038, 1587897, 458367, 1996734, 2561036, 2560930, 458369, 2560931, 2561034, 3187705, 855233, 2305652, 3187701, 855232, 2305653, 3187702, 1996720, 2305650, 3187703, 3187704, 855237, 855236, 1850551, 1849574, 1849576, 1850550, 1849578, 1850556, 1996721, 1996723, 1996728, 1849572, 2305659, 855240, 2305645, 2305643, 2305644, 855244, 2305641, 855243, 2305642, 3187713, 855242, 3187715, 855245, 3187711, 1849562, 1996718, 1849564, 1849569, 1850543, 1850549, 1996710, 1850546, 1996715, 3187709, 1849560, 1996717, 2305634, 2305635, 2305632, 2305633, 855253, 855252, 1474404, 1850581, 1849595, 1996708, 1850574, 740693, 1850572, 1850577, 1850578, 1996700, 2305636, 855262, 855260, 2305622, 1474419, 855263, 855268, 1474414, 1474410, 1850563, 1849588, 1850567, 1850564, 1850568, 2305626, 855273, 993635, 2305699, 2305696, 2305697, 993630, 2305694, 2305692, 2305693, 855279, 2305691, 3187744, 740681, 3187740, 740673, 1587904, 740672, 1850594, 1850599, 740677, 1587909, 740675, 1587900, 1587901, 2305689, 993624, 855282, 2305688, 855288, 993620, 3187757, 3187758, 2305684, 2305681, 2305682, 855289, 3187755, 740692, 993629, 993628, 3187750, 3187751, 740685, 1850585, 1587916, 1850582, 1587917, 289073, 1850587, 289077, 855291, 1587910, 855290, 289079, 855294, 993657, 3187728, 2305677, 855299, 993654, 3187723, 855298, 2305675, 993652, 2305672, 993651, 3187720, 3187721, 1587925, 740651, 1587926, 1587927, 1587929, 1850299, 740653, 289067, 740659, 3187738, 993645, 993643, 2305663, 3187734, 993642, 2305664, 3187735, 993641, 2305661, 2305662, 3187737, 1850289, 740670, 993648, 740662, 1587937, 740661, 1587938, 1850284, 740660, 1587939, 1850286, 289052, 740666, 1850285, 1850287, 289053, 740668, 1587931, 1587933, 1587934, 1850280, 993679, 993678, 993675, 3187785, 3187786, 3187787, 740630, 595331, 596599, 596596, 1850274, 1850277, 289044, 289045, 595339, 289042, 289048, 289049, 289047, 740639, 993669, 993665, 993664, 993663, 3187795, 1850260, 595320, 3187790, 740645, 1850264, 595324, 740644, 1850263, 595321, 740642, 289033, 289031, 595325, 740647, 993670, 289036, 993698, 3187769, 596583, 1850259, 3187765, 596582, 1849507, 1849508, 595360, 3187761, 596578, 1849510, 1850250, 1850252, 595354, 1850255, 289022, 740616, 289020, 595358, 595359, 289027, 289024, 289017, 3187778, 993685, 993684, 1850245, 3187775, 1850248, 596589, 595342, 596584, 1850241, 595343, 1850244, 595344, 596586, 740620, 740626, 993692, 289010, 740624, 993691, 740629, 289006, 138806, 138804, 138800, 3043917, 1849530, 1849532, 3043926, 1850231, 1850511, 1849534, 1850230, 1850515, 289001, 1850513, 1850514, 289004, 1850518, 1166901, 1850223, 1849518, 1850228, 3043909, 1850229, 3043914, 1849521, 1850220, 740600, 3043912, 1850221, 1850504, 740603, 1850502, 740602, 1850508, 3044104, 1166917, 3044102, 138828, 1849548, 3044108, 1850212, 3044107, 138824, 138821, 1850217, 1850216, 138820, 1850218, 3043905, 3043904, 595312, 1850533, 595313, 595310, 1849557, 1850211, 595316, 1166908, 1166909, 1850538, 1850535, 595315, 1166927, 138816, 3044112, 138814, 138815, 1849538, 138813, 1850205, 1166920, 1166921, 1850207, 1849541, 1849543, 1849544, 1849545, 1166919, 595306, 595308, 1166812, 2561125, 1166813, 2561124, 2561129, 1166817, 3044004, 138847, 3044009, 138845, 3044007, 137387, 3044006, 138844, 2306059, 1850318, 2561123, 1166811, 138851, 137391, 137390, 596513, 137397, 2306063, 137396, 137395, 458276, 1850310, 2306065, 3043967, 3043963, 458279, 2306060, 596515, 596518, 1166824, 2561135, 2561138, 3044010, 3044016, 1166828, 138838, 3044014, 138837, 137399, 1850303, 137398, 1850302, 3044017, 1850305, 2561132, 2561131, 1166822, 138840, 596522, 2306077, 3043957, 596525, 596524, 2306079, 3043953, 596520, 3043950, 458269, 2306072, 596527, 596528, 2561146, 3044022, 2561148, 3044020, 1166838, 3044026, 3044025, 3044024, 2561141, 138868, 138865, 1166831, 2306045, 458291, 458294, 2306047, 458293, 2306046, 3188009, 2306043, 2306042, 3188007, 3188000, 2561158, 1166846, 3044033, 1166847, 3044032, 1166849, 138859, 138857, 2306049, 3043929, 138855, 2306048, 3043928, 2561156, 2561155, 458280, 596500, 458283, 2306058, 138860, 3043937, 458284, 3043931, 458286, 458289, 596509, 3043930, 596505, 596504, 596507, 2561169, 2561168, 1166858, 3044043, 3044048, 3044047, 2561161, 137343, 1166851, 2561162, 138887, 595381, 1166852, 138888, 1166853, 1166854, 137347, 138886, 595374, 3188028, 138895, 596557, 138890, 595376, 137350, 3188029, 3044040, 1166867, 1166868, 3044059, 137357, 2561172, 1166860, 2561171, 2561175, 137359, 2561178, 137358, 138875, 137360, 138881, 596569, 595362, 596568, 595367, 596563, 138880, 137362, 2561181, 137361, 2561180, 3043999, 3188018, 3043993, 3188013, 3043992, 3043991, 3044066, 3044065, 3044069, 137368, 1166870, 2561183, 137367, 2561182, 1166873, 2561187, 2561186, 2561189, 2416410, 595396, 596534, 595397, 596536, 3188048, 596535, 3188047, 137375, 596530, 137374, 596532, 3043989, 3043988, 3043983, 2306080, 2416409, 596538, 3044063, 596537, 3188045, 3044060, 3044078, 1996691, 3044077, 1996696, 1996697, 3044079, 1166883, 2561195, 2561198, 1166886, 1166887, 1996690, 138897, 2561199, 137382, 3188038, 595383, 596546, 137386, 595389, 596541, 2416416, 3043975, 137384, 596543, 2306098, 137383, 595388, 596542, 1166880, 2416419, 3044070, 3188031, 3043971, 2306094, 3043974, 2306093, 3043973, 137308, 137307, 1166892, 137301, 1166893, 1474469, 1166897, 1587948, 1474462, 1587949, 1474460, 1166890, 1587942, 1587943, 3044083, 1996670, 3044099, 1996672, 137318, 1996674, 1996673, 137312, 137311, 137310, 1474479, 1474475, 1474474, 1474472, 1587951, 1587952, 3044090, 1996679, 1587954, 1587955, 1587957, 458219, 1996661, 137329, 1996662, 1996665, 1587960, 137323, 137322, 137321, 137328, 1474489, 137326, 1474486, 1587969, 1474483, 137330, 1474480, 1996667, 458214, 1587963, 1587965, 458218, 1587970, 1587971, 1996653, 855303, 855301, 855306, 137337, 1474499, 137336, 855304, 1474496, 1474495, 1474494, 137342, 1474491, 1474490, 458201, 1996656, 1996655, 1996658, 1996657, 458204, 1996659, 1587978, 1587979, 2305733, 2305734, 1996640, 1587981, 1996642, 855313, 2306019, 855311, 855318, 1474423, 855316, 2306018, 855315, 2306017, 1474420, 2306022, 2306024, 458232, 2306021, 2306020, 1996645, 458233, 1996646, 1587987, 2305738, 1587989, 458239, 2305722, 1996630, 1587992, 1996632, 1587993, 1474438, 855322, 1474435, 2306027, 2306029, 1474431, 2306030, 458220, 458222, 1587995, 1996633, 458225, 458224, 1587997, 1996635, 1996638, 1587999, 1996637, 2305727, 2561102, 2305710, 2561107, 2561106, 855330, 1996621, 1996620, 855334, 855333, 1474447, 1474446, 855339, 1474445, 1474444, 2561101, 2561100, 2306001, 1474441, 2306002, 1996623, 2305719, 1996625, 2305717, 458257, 2305715, 458259, 2305716, 1996628, 2305714, 2561116, 2561115, 2561118, 2561117, 2306009, 855346, 2561110, 2306004, 855349, 1474455, 2306012, 1996619, 2306011, 2306014, 1474450, 458242, 458245, 2305708, 458244, 2305709, 27269, 27268, 993954, 3044002, 993950, 27266, 3044005, 27261, 27263, 27262, 993958, 1849454, 1849455, 1850432, 2561249, 1850438, 595614, 595611, 595612, 2561244, 2561243, 993943, 1849438, 27252, 27251, 993948, 993947, 993945, 3188002, 1849443, 1849444, 1850423, 3188005, 1850424, 3188006, 1849447, 3188003, 1849448, 1850422, 3188004, 595602, 1850428, 595606, 595607, 1850429, 2561253, 2561252, 1587881, 1587883, 993974, 1587885, 27286, 993972, 993971, 993970, 27282, 1850460, 27281, 993979, 1849474, 3188012, 1849475, 1850453, 1849476, 3188010, 595631, 1849478, 3188016, 595632, 3188017, 2561228, 3188014, 595635, 595633, 1850458, 1850459, 595639, 2561222, 1849472, 2561220, 1849473, 993966, 27279, 993965, 1587891, 993964, 1587894, 1587893, 993961, 27278, 1587898, 27277, 27272, 1587899, 27274, 3188020, 993967, 1850441, 3188023, 1849464, 3188024, 3188021, 1850440, 1850446, 1849469, 1850443, 2561239, 595622, 1850447, 1849460, 595626, 1849462, 993999, 2305337, 2305338, 993997, 2305335, 993996, 2305336, 994871, 2305333, 3044046, 993994, 994870, 2305334, 993993, 994873, 2305331, 3044049, 3044042, 3188030, 1850480, 3188034, 1849497, 1850475, 3188039, 1850476, 3188036, 1850477, 2561203, 1849492, 2561200, 993988, 994886, 993987, 2305327, 993986, 2305324, 993985, 994887, 993984, 2305323, 27299, 2305321, 3044054, 3044055, 27295, 3044050, 3188042, 27292, 3044051, 993989, 3188040, 1850463, 1849486, 1850464, 1850461, 1849488, 1850462, 3188044, 1850467, 2561218, 993991, 2561213, 2561212, 2561211, 1849482, 2305328, 1849484, 2305315, 2305316, 2305314, 994893, 2305310, 3044027, 3188052, 1850494, 1850495, 3188055, 1850498, 1850499, 3044039, 2305305, 3044035, 2305301, 3044036, 3044037, 3044031, 3188060, 3188063, 3044030, 3188062, 1850486, 3188068, 3188065, 1850484, 1850487, 2305308, 2305309, 994831, 994833, 2305379, 994839, 2561084, 994838, 3188071, 2561086, 596483, 2561088, 3188074, 994834, 3188072, 994836, 595693, 596479, 740993, 740992, 595691, 3188076, 3188077, 595697, 740997, 596474, 740996, 595695, 595696, 596476, 740994, 994841, 994844, 994843, 2305366, 994840, 2305364, 3187439, 3188081, 994849, 2561094, 3188082, 596494, 596491, 994848, 3188083, 3188088, 595687, 596488, 595688, 994852, 994854, 2305356, 994851, 994850, 2305354, 596460, 3188092, 3188090, 3188097, 740970, 3188098, 596458, 740974, 740973, 740978, 994864, 2305348, 994863, 596471, 2305341, 596472, 740982, 740981, 596464, 740984, 740983, 740988, 740987, 1850598, 3187468, 3187464, 1850592, 1850591, 137199, 595653, 740952, 740951, 740957, 740956, 137191, 137190, 595659, 740958, 994800, 1849599, 994806, 3187477, 1850586, 3187478, 1849596, 1850589, 994807, 1850588, 1849592, 3187475, 994803, 1849591, 3187471, 1850580, 3187472, 595642, 740964, 595643, 740962, 595646, 595644, 595645, 595649, 740969, 3187448, 1849589, 2305397, 3187445, 994819, 2305393, 3187446, 1849584, 2305391, 1850579, 994814, 595671, 1849430, 595672, 740931, 1850412, 596496, 740930, 1850413, 1850571, 595673, 596499, 1850410, 1850411, 1850414, 595678, 740932, 1850418, 994822, 1849579, 2305389, 2305386, 994828, 2305384, 2305385, 1849573, 1850566, 3187458, 1850569, 2305380, 1849571, 2305381, 1849570, 595661, 3187450, 1850561, 740941, 740940, 1850406, 595666, 740944, 1850409, 740948, 740947, 2161466, 2561004, 3044122, 2161465, 3044121, 2161464, 1849687, 2561009, 3044123, 1850675, 3644287, 137268, 137267, 1850677, 3644289, 1850676, 3644288, 2161469, 2561002, 2416383, 137271, 2416384, 3043605, 458151, 458150, 3644291, 458153, 3644294, 1850670, 3644293, 1850673, 3043604, 137273, 458154, 3644295, 2416389, 3043600, 458158, 2416388, 740915, 2416385, 2161476, 2561014, 2561016, 3044130, 2561018, 3644298, 1849674, 1850666, 1850665, 3044138, 3644299, 1850667, 2161479, 2561013, 2161478, 596402, 2416392, 596403, 1850662, 458143, 458145, 458148, 740922, 596406, 2416398, 596405, 740927, 2416399, 740925, 2416397, 2161443, 3044141, 2161440, 2561029, 138509, 137289, 138504, 1849662, 1850655, 2561020, 138505, 1850654, 3044149, 138502, 1849660, 1850657, 2561021, 2161445, 137294, 2416361, 138510, 2416362, 458173, 2416360, 458175, 137297, 137296, 137295, 2416369, 2416367, 2416365, 2561037, 2161454, 740908, 2161452, 2161450, 1849653, 1850641, 1849651, 1850643, 2561033, 1850648, 2161456, 2416372, 458162, 458161, 458164, 458163, 458166, 1850640, 740902, 458169, 2416376, 2416377, 3044150, 2416374, 740903, 1850639, 2561047, 1849646, 2416349, 137225, 1850631, 3644243, 596440, 1849640, 137222, 2561041, 137229, 138524, 2561044, 3644247, 137227, 138523, 1850636, 2561045, 458192, 2416340, 3043649, 138530, 458194, 137232, 137231, 3043648, 3043647, 2416347, 2416348, 3043644, 2416346, 596439, 596438, 2416344, 2416341, 1166504, 1849639, 1166505, 1849638, 1850627, 1166507, 1850629, 138519, 1849633, 1849632, 138517, 1849631, 3644254, 138518, 2561050, 137234, 596451, 138516, 596450, 2561055, 137239, 138514, 1166501, 137238, 458191, 1850625, 2561056, 138520, 596446, 138521, 458181, 3043638, 458184, 458186, 137242, 3043634, 458188, 596444, 458187, 3644262, 458189, 3043630, 2416357, 1849627, 2161487, 1166517, 2161486, 1849625, 1166519, 1849622, 2161482, 1849620, 3644265, 137246, 3644267, 1850610, 2561065, 3644268, 137249, 138544, 137248, 138545, 2561067, 596412, 596415, 138552, 596414, 137254, 138550, 596411, 137251, 596410, 3043625, 2161480, 3043621, 596417, 596416, 1849617, 1166527, 1849616, 2161498, 1849612, 1850609, 2161493, 1849610, 2416339, 138539, 2561073, 3644276, 2561072, 138537, 1166520, 1166521, 1850602, 2561077, 2561076, 3043609, 3644279, 1850604, 2561079, 137259, 1850603, 137261, 138542, 138543, 596423, 3043616, 3043618, 596420, 3043613, 3644282, 596422, 137262, 2161491, 2161490, 2416335, 596428, 2416330, 1849606, 1166538, 1849605, 1849604, 3644208, 1587820, 1587823, 1587822, 3644201, 1587824, 3644200, 1166533, 3644202, 138566, 3644205, 138575, 138573, 1850395, 138571, 3043689, 1850399, 138570, 3043686, 3043687, 1166548, 3644218, 1166549, 1587832, 1166540, 1587835, 1166544, 1166545, 1850394, 1166546, 1850391, 3644215, 138565, 138560, 3043671, 1166559, 3644229, 137209, 27201, 137203, 1587801, 3644220, 1166554, 1587802, 137206, 1166556, 137205, 1166557, 1587807, 137204, 138597, 1587809, 138596, 138594, 3644230, 3043666, 27207, 27209, 3043662, 137214, 1587812, 3644232, 137213, 1587811, 3644231, 137212, 1166564, 1587814, 1587813, 3644233, 137218, 3644236, 1587815, 3644235, 137215, 138586, 3043657, 137220, 138583, 1166560, 138581, 3043655, 3043654, 3043650, 993910, 2161421, 2561280, 27220, 1587862, 27223, 27222, 1587864, 993918, 1166574, 2161429, 1166575, 1587869, 1587868, 1166577, 993914, 1166578, 993913, 1166579, 2161424, 1166571, 1166572, 458114, 27229, 2561288, 458119, 2561286, 458118, 2561285, 1587870, 2161433, 2161432, 1587871, 2161430, 27212, 1996995, 1587875, 1587878, 993907, 1166586, 993905, 993904, 2161436, 993901, 1166580, 993909, 458102, 1996996, 458104, 27217, 458108, 2561297, 27219, 2561296, 27247, 2561262, 27246, 2561261, 993931, 2561260, 27242, 1587840, 27245, 1996984, 1996983, 1166595, 27241, 2161406, 993938, 1587849, 2161403, 2161402, 1166591, 458130, 458134, 2561268, 2561267, 458138, 2561265, 2561264, 2561263, 27235, 993921, 2161410, 1587850, 27237, 1996973, 1587853, 1996972, 993929, 1587858, 993926, 2161415, 2161414, 993924, 3188101, 3188102, 458121, 3188103, 458124, 3188108, 1996974, 3043696, 3043699, 1996976, 3043698, 458127, 2561276, 2561274, 993834, 2305414, 3044127, 27147, 3044129, 27149, 2305413, 993830, 855474, 3044124, 3044125, 855472, 27140, 855478, 3044120, 993836, 2306050, 1850313, 1850311, 2306052, 1850312, 1850317, 2561127, 2306057, 1850315, 1850316, 2306055, 2305418, 2561122, 2305416, 1996969, 2305417, 2561120, 27136, 993822, 3044139, 2305402, 3643873, 27135, 27134, 1996950, 3044131, 27131, 3044132, 855487, 2306061, 2306064, 2306062, 3643876, 1850307, 2561137, 2306067, 2561136, 2561134, 2305408, 2561133, 1850308, 1996959, 1850309, 855492, 3044106, 855490, 993852, 27165, 855496, 27168, 3044103, 27162, 27161, 855498, 993859, 27160, 993858, 993857, 2306071, 1850330, 2561109, 2306075, 2306074, 2306073, 1850339, 1996942, 2561105, 1996941, 1996944, 2306078, 1996943, 595518, 3044109, 1996945, 27159, 993844, 3044117, 3643891, 993843, 3044118, 3643894, 3044113, 27157, 3044114, 3643892, 27156, 27150, 3044111, 2306090, 993848, 993846, 1850320, 2306082, 595500, 1850325, 2306086, 2561119, 1850322, 2306085, 595503, 1850328, 3643899, 1996933, 2306089, 2561113, 1996935, 595508, 2561111, 1996937, 595506, 994996, 2305458, 994995, 2305459, 993876, 994997, 994992, 3187504, 2305452, 3187505, 27189, 994993, 27184, 27183, 27186, 27180, 994999, 993879, 1850352, 1850357, 1850358, 1850355, 2306096, 2306099, 1996926, 1996925, 993867, 993866, 993865, 2305446, 2305443, 2305444, 3187515, 27179, 3187516, 993860, 2305442, 3187517, 3187510, 27172, 3187511, 27175, 3187513, 993869, 27170, 1996917, 1850340, 1996919, 1850346, 1850347, 1850348, 1996911, 1996910, 2305436, 993898, 3044146, 993894, 2305430, 3044143, 3044144, 1850381, 740894, 740893, 740891, 740897, 1996909, 1996900, 2305438, 1996903, 2305439, 993889, 2305425, 2305423, 993885, 2305421, 993884, 27195, 27191, 27193, 1850370, 1850364, 1850366, 993890, 2305429, 2305427, 2305428, 994951, 994953, 3187549, 596360, 596363, 2305492, 3187545, 2305493, 3187546, 3187540, 740871, 595576, 596353, 740875, 595575, 994962, 2305487, 2305483, 596371, 2305484, 596374, 2305481, 596373, 2305482, 3187557, 994967, 3187552, 994968, 595562, 740882, 595560, 595565, 595566, 596364, 596367, 740885, 2305478, 994975, 2161287, 2305479, 2161286, 2161285, 2305477, 2305474, 2305475, 2305472, 3187523, 994977, 595594, 1850491, 595595, 1850493, 1850492, 596332, 596334, 1850497, 740851, 2161282, 740857, 740856, 2161280, 740855, 596339, 994987, 2161299, 2305467, 994986, 2305465, 3187536, 994983, 2161295, 2305463, 3187534, 2305460, 994989, 994988, 1849493, 595583, 595581, 1850481, 596343, 596345, 740863, 596344, 740869, 740868, 994990, 2161290, 994916, 3644089, 1849487, 3187588, 3187589, 1849485, 1850478, 994912, 1849483, 1849491, 3644092, 1849490, 3187580, 3187582, 3644093, 596398, 3644096, 596397, 740831, 994919, 1850472, 3644095, 595530, 740830, 3644098, 595537, 740835, 740834, 740839, 595538, 740838, 994921, 994920, 1849479, 3187598, 3187599, 994928, 3187594, 1850469, 994925, 3187596, 3187591, 3187592, 3187593, 595520, 740840, 595526, 740845, 740844, 595528, 740819, 596383, 994938, 1849466, 3187565, 596382, 1849465, 1850454, 3187566, 1849463, 994933, 1849461, 596381, 596380, 994935, 595550, 595551, 596376, 1850451, 596378, 596377, 740813, 595557, 740817, 994940, 1849459, 1849457, 1849456, 596394, 994949, 3187576, 596393, 994948, 596392, 994946, 596387, 740821, 596386, 740820, 595541, 596389, 595542, 595547, 595548, 595545, 740828, 595549, 740827, 740826, 2161343, 2161341, 1849568, 1849567, 1849565, 1850554, 3644166, 1850553, 137146, 138603, 3644168, 1850558, 138600, 2161346, 3043727, 458030, 3043728, 3644170, 137155, 458031, 3043725, 137152, 3043724, 3644174, 458036, 3476436, 3476437, 458039, 3476434, 2161354, 1849559, 2161353, 2161352, 1849554, 1850542, 1850545, 137156, 1850544, 3644178, 1850548, 137160, 3043717, 3644181, 3644184, 3043711, 3644183, 1850541, 3644186, 1850540, 3476426, 458027, 740801, 3043710, 3476428, 458029, 1850539, 2161322, 1849547, 1849546, 138628, 1849542, 1850534, 1849540, 2161328, 3644189, 138624, 3187485, 3187486, 2161324, 137173, 138630, 3644191, 3644190, 458052, 2416480, 3187482, 458051, 3043706, 3187483, 137177, 3476418, 3043700, 3644194, 137175, 3644197, 458055, 458058, 458057, 2416485, 1850529, 2161334, 2161333, 1166605, 1849537, 2161331, 1166609, 1849533, 138616, 994905, 3187499, 3644199, 1849531, 137179, 994906, 1850525, 1166600, 2161337, 3187496, 138610, 994903, 1850527, 3187497, 1166602, 1850526, 137184, 137183, 2416494, 2416491, 458040, 2416492, 458042, 994908, 458044, 2416499, 2416498, 2416495, 3476401, 2416496, 1849529, 1850517, 2161387, 1166617, 1849525, 2161384, 1849523, 1849522, 2161382, 1850510, 1850512, 138648, 1166611, 1587903, 3644125, 458081, 3644128, 1166613, 596314, 2416461, 138650, 596315, 3043766, 458078, 596312, 458077, 596311, 3043768, 2161381, 2416469, 596318, 2416464, 1850507, 1849517, 1850506, 2161399, 1166627, 1850509, 1849515, 1166629, 1849513, 2161395, 1849512, 2161394, 1849511, 138638, 1587911, 3644133, 138639, 1850501, 3644135, 1587912, 3644134, 1587915, 1850503, 1166622, 3644136, 1166623, 1166624, 3644138, 138641, 596325, 1587919, 138642, 3043759, 138640, 3043758, 458069, 3043752, 2161391, 2161390, 2416478, 3043753, 596329, 1849519, 1166636, 1166637, 1849506, 3476451, 2161365, 1849503, 2161363, 1849502, 1849501, 1849500, 2161360, 3644144, 1166633, 137128, 137127, 138666, 458094, 3043749, 458093, 138672, 458096, 458095, 138670, 3043745, 3644151, 3043746, 3043741, 3043740, 3043743, 2416445, 3043742, 2416443, 3476456, 3476457, 3476440, 2161376, 3476441, 3476442, 2416459, 2161371, 137136, 855500, 3644154, 138658, 3644157, 138659, 138656, 855505, 1166643, 1166644, 458092, 1166645, 137138, 1166646, 137140, 458083, 3043738, 458082, 596302, 855508, 2416450, 596304, 458087, 3644162, 138660, 3043733, 3644161, 137142, 137141, 596300, 3644163, 2416457, 3476448, 596307, 2416453, 3476443, 2416454, 596308, 3476446, 2416429, 855510, 1166653, 1587945, 3044089, 855516, 1850283, 3044082, 855515, 1166655, 3044084, 1166657, 3044085, 138697, 3044091, 1850275, 1850278, 138691, 1850279, 2416422, 2416420, 2416438, 1166661, 3044097, 855522, 3044098, 1166663, 1166664, 1587956, 138678, 1850272, 855526, 1587958, 1850273, 1166667, 1850271, 3044096, 1850265, 138686, 138683, 138684, 1850269, 1850267, 138680, 2416435, 2416436, 3043798, 2416434, 3043797, 2416431, 3043791, 2416430, 3043793, 3644108, 3644107, 2416408, 1166672, 3644100, 1166673, 1587924, 3644102, 1166675, 1587923, 3044067, 1166676, 3044062, 1850298, 1166670, 3043785, 2416400, 3043787, 1996890, 2561196, 3644118, 1996892, 2561194, 2306008, 2561193, 1996894, 2416417, 2561191, 1587930, 1996895, 1166683, 1850290, 1166684, 1587932, 1587935, 3644113, 1166686, 3644112, 3044071, 1587936, 1166689, 1850293, 3044074, 3644116, 3044080, 3043777, 2306003, 2416413, 2416414, 3043773, 2416411, 2306000, 3043775, 3043770, 2561197, 3043771, 2161300, 1996881, 27105, 27100, 1587984, 1996882, 1587985, 1996884, 1587988, 1166695, 2161308, 1166697, 2161306, 2161305, 2161304, 2306013, 1996888, 2561167, 27107, 2561166, 2561165, 2306015, 2561164, 2561174, 1587990, 2561173, 1996872, 1587994, 1996874, 2161316, 2161315, 1996876, 2306025, 1996875, 1996877, 1996879, 2306028, 2561176, 993811, 27128, 1587961, 1996860, 27124, 1587964, 993818, 1587967, 993815, 2306036, 2306034, 2561147, 458015, 458018, 1996869, 2561145, 2306038, 2561143, 2561142, 993801, 2561150, 1587973, 27110, 1587972, 1996852, 993809, 1587976, 993807, 458001, 2306041, 458004, 1996855, 27119, 27118, 1996857, 458009, 2561154, 3042069, 3644169, 137826, 137825, 994679, 137956, 137957, 137955, 994674, 595987, 1166376, 3042060, 1166379, 3042064, 137821, 595986, 3042062, 459055, 595980, 459057, 595982, 3188230, 595981, 1166370, 3188231, 1166371, 3188236, 3188234, 3188235, 994681, 3644164, 459051, 459053, 459052, 137949, 137837, 137947, 137835, 137948, 994684, 137944, 137830, 1166388, 3042070, 595995, 595997, 137831, 3188243, 459043, 3188244, 1166380, 595992, 459049, 1166385, 3188246, 3644171, 3644172, 994690, 3644173, 3188249, 137940, 3644175, 3644176, 3644177, 3644179, 137847, 137846, 137934, 994695, 137935, 994694, 137932, 994697, 3042049, 137933, 994696, 137845, 137842, 459035, 3188252, 1166392, 1166393, 3188256, 459038, 1166396, 3644141, 3644142, 3644143, 459031, 3644145, 3644146, 3042058, 3644158, 137859, 3042057, 3644159, 3042055, 137924, 459018, 137850, 3042054, 137929, 3042052, 137853, 459022, 3188266, 459024, 3188263, 459028, 3188267, 459027, 3644153, 3644156, 137915, 994630, 3188273, 137918, 137919, 741614, 3474616, 3188274, 741610, 3188278, 459091, 459090, 459092, 741618, 741619, 3474612, 459097, 3474610, 137903, 994645, 137901, 994642, 994641, 3188280, 137909, 994647, 3188284, 137908, 459088, 741603, 3474606, 459087, 741604, 3474605, 3474604, 459089, 3188286, 3188289, 3474608, 741609, 459081, 3474602, 459083, 741606, 137804, 137803, 3042089, 137809, 137808, 137807, 3042083, 3042080, 3042086, 3188295, 3042085, 3042084, 3188299, 3188296, 3042090, 3644182, 994660, 459073, 3644188, 459075, 137816, 994665, 994668, 994663, 3042094, 994669, 459069, 3644192, 3644193, 3644195, 459060, 994671, 1996686, 595907, 1996684, 595909, 1996685, 595906, 595900, 741657, 741654, 3303161, 3303160, 1996693, 1996694, 1996692, 1996675, 1996676, 595914, 1996678, 994608, 994609, 994603, 741648, 741646, 741644, 3303172, 741641, 3303171, 1996682, 1996683, 741649, 1996681, 3303178, 994613, 994612, 595927, 595922, 994619, 741640, 994615, 994617, 994616, 2418386, 741637, 741634, 2418384, 2418381, 2418380, 3303143, 3303142, 3303141, 2418388, 3303146, 3303145, 994621, 1996699, 595933, 595932, 595935, 595930, 741623, 2418394, 3303151, 2418392, 2418390, 3303154, 741629, 741627, 3042024, 3042023, 3042022, 595944, 459007, 595940, 3042021, 459011, 459010, 2418362, 459012, 459015, 741698, 741699, 2418369, 2418368, 3042034, 595959, 3042037, 595955, 741694, 741695, 741692, 741693, 2418375, 459001, 2418370, 459006, 459005, 2418379, 2418377, 3042000, 3042004, 595966, 741683, 595968, 595967, 741680, 741678, 3303184, 741677, 3303183, 741675, 3303188, 2418349, 3303187, 3042009, 3042008, 3303189, 3042014, 741673, 741670, 741671, 595972, 2418353, 3303191, 2418351, 3303195, 741664, 2418358, 2418357, 2418356, 2418354, 1996724, 3303209, 1996722, 3303208, 1996725, 595062, 595063, 595060, 595056, 1318508, 3188587, 2418328, 2418327, 2418324, 3188584, 3188583, 3188582, 3303200, 1996712, 3303219, 1996714, 595051, 2418331, 595042, 595043, 595048, 595049, 3188579, 3188570, 2418335, 3188574, 2418334, 3188572, 3188571, 1996741, 1996746, 2418309, 1996743, 1996744, 1996749, 595081, 1850897, 1850896, 1996748, 2305194, 595082, 2878998, 2878997, 595078, 2878996, 741599, 1850891, 2878991, 3474596, 2418303, 2418301, 1996731, 1849898, 1996735, 3474582, 1996732, 2418319, 1849895, 1850884, 1996738, 595070, 741593, 1849893, 1849892, 1850885, 1996737, 595073, 741591, 1849890, 2878989, 595071, 595066, 2878986, 3188599, 2878984, 3188597, 741588, 1850880, 741589, 595068, 595069, 3188592, 3474586, 2418314, 3188596, 3188594, 3474589, 1996764, 1849889, 1849888, 1996765, 1996766, 1850873, 1318552, 1318554, 1850874, 1849880, 1850877, 2878979, 2878978, 1850879, 595011, 1318549, 2878974, 595010, 2878971, 595016, 1318548, 3303243, 595017, 595018, 1996770, 1850869, 1996750, 3303259, 1849877, 1849873, 1849872, 1850861, 1849870, 1850863, 2878967, 1318540, 2878965, 2878963, 2878961, 1318535, 595005, 1318537, 1850860, 595003, 1318536, 595009, 3303253, 595006, 3303252, 595007, 1996760, 1850859, 1849869, 3303227, 1849867, 1996784, 1849865, 1996787, 1849862, 1318530, 1850850, 1849860, 1850853, 1850852, 1850854, 2878956, 1850857, 595034, 2878952, 1318529, 595035, 595039, 1996793, 1996790, 1996791, 1849859, 1850848, 1849858, 1996775, 1996772, 3303238, 1850849, 1996778, 1996779, 1318520, 1849851, 2878949, 1850842, 1318521, 1850841, 1850843, 2878944, 2878943, 1318517, 2878942, 595023, 1318519, 595026, 1318513, 595027, 595024, 1318515, 1318514, 3303231, 595028, 3303236, 3303235, 1850839, 1849845, 3644207, 1849841, 3644209, 1318599, 1850831, 3188507, 1318593, 1850833, 1318592, 1318594, 1850834, 3188501, 3188505, 1318589, 3474532, 3474531, 1849849, 3644214, 1849835, 3644216, 3644217, 1849832, 1850829, 1318586, 1318585, 1166300, 1318588, 1318587, 1318582, 1850822, 1318581, 1166305, 1318583, 3474529, 3474526, 1318578, 3644210, 1849826, 1850814, 1850817, 1850816, 1850818, 3188529, 1166312, 3188528, 1850810, 3188523, 3474516, 3188520, 3188526, 137898, 137895, 1166328, 1849815, 1849813, 1850805, 1849811, 1849810, 1166320, 1318564, 3188519, 1166322, 1318560, 1166326, 1166327, 1318561, 3474506, 3188510, 3188515, 1318559, 3188300, 3474509, 137886, 3188306, 137887, 1849819, 137883, 137880, 1849817, 137881, 3188309, 1849804, 994599, 137868, 3644249, 3474571, 137877, 137862, 137861, 137860, 137867, 1166336, 137865, 137864, 595097, 3188542, 3188314, 3188547, 3188546, 137875, 3474574, 137874, 1849809, 3188316, 3644241, 3474579, 3188319, 3644244, 137870, 3644245, 3644258, 3644259, 137866, 1166342, 137873, 1166343, 1166344, 1166345, 1166346, 595088, 595089, 3188321, 3188533, 3188324, 3188325, 3188322, 3188323, 3474567, 3644224, 3644226, 3644227, 137857, 1996701, 3474550, 3644228, 137855, 137856, 137885, 1166353, 1996705, 1996706, 1996704, 1996709, 3188567, 3188332, 3188565, 137891, 1166350, 137890, 1166351, 3474554, 137854, 137852, 3188563, 3474558, 3644221, 3474556, 3644222, 3188560, 3644223, 3644238, 3644239, 137844, 1166364, 137894, 3474549, 3188341, 3188553, 1166360, 1166361, 3188559, 1166362, 1166363, 3188557, 3474540, 3188552, 3188551, 3474546, 3188550, 3644234, 137706, 137705, 994797, 3042189, 137703, 994793, 137833, 137834, 595867, 1166496, 1166498, 595868, 595862, 3042185, 137700, 595865, 595864, 595861, 1166492, 1166493, 137832, 3644041, 3644046, 137828, 3644059, 137829, 1734001, 137827, 137719, 137822, 137718, 3042193, 1734006, 3042191, 595879, 1734003, 3042196, 595876, 3042195, 137710, 1734004, 3188122, 595871, 3188127, 3188125, 137820, 3644053, 3644056, 137817, 3042168, 3644026, 137727, 137818, 3644027, 3644028, 137725, 1734011, 3042165, 137814, 137811, 137812, 595888, 595885, 3042164, 1734013, 137722, 137721, 595880, 3188137, 3644022, 137739, 137806, 1734021, 137738, 3644038, 137731, 137730, 3042175, 3188140, 595895, 1734024, 3188141, 595898, 1734027, 3042173, 137732, 595897, 3188145, 3188148, 3188147, 3644030, 3644033, 3644036, 2305216, 994753, 2305213, 994751, 2305211, 3188152, 741736, 3188153, 3188157, 3644082, 3188158, 3644083, 3644085, 3644086, 741739, 3644088, 741737, 2305218, 2305205, 994764, 3188162, 994768, 3188160, 3188161, 741723, 994770, 3644097, 3644099, 741729, 741727, 2305208, 994776, 994775, 994778, 994772, 994771, 994774, 994779, 3188172, 741713, 3188177, 3188175, 741712, 3644062, 994781, 3644064, 3644065, 741717, 741718, 3644067, 741715, 994786, 994788, 994783, 994782, 3188180, 3188181, 3188184, 741702, 741700, 3188186, 3644071, 3644072, 994792, 3644075, 741709, 741706, 741707, 994710, 1734075, 2305259, 3042106, 1734071, 2305257, 2305254, 2305255, 741782, 1849966, 2305253, 1849969, 1734079, 994716, 1849970, 1849971, 741778, 1849972, 1849973, 1850951, 741776, 1850952, 3303040, 1849975, 1850950, 3303045, 1850953, 3042108, 3042107, 1850959, 3303049, 1850957, 994721, 2305249, 994720, 1734089, 1996794, 2305247, 994722, 1734088, 1996795, 2305248, 3042117, 3042115, 1996799, 3042114, 1849958, 994724, 994727, 994726, 741768, 741769, 1850940, 3303052, 1849963, 3303050, 1849965, 1734090, 3303056, 1850945, 3303055, 1734092, 3042119, 3303054, 1734091, 1850949, 3303059, 3303058, 1850947, 994732, 1734098, 994731, 1734097, 2305239, 3303029, 994733, 1734094, 595804, 2305235, 595807, 1734096, 1849988, 741761, 994739, 595802, 994736, 741758, 741756, 741753, 1849995, 741754, 1849996, 1849998, 1850972, 3303021, 1850976, 3303025, 1849990, 3303024, 595819, 2305228, 994745, 595816, 2305223, 994741, 595817, 2305222, 595811, 741750, 994747, 994749, 741746, 1849980, 741743, 1849986, 1850960, 1850966, 1850967, 3303032, 3303038, 3303037, 1734032, 1734031, 2305296, 1734039, 595825, 3042140, 3303081, 3303080, 1850993, 1850994, 3303088, 3303087, 3303086, 3042156, 1734045, 3042155, 1734044, 595838, 2305289, 595837, 3042159, 595834, 595833, 2305283, 2305281, 1734046, 3042151, 1734048, 2305280, 1850984, 1850982, 3042122, 3042121, 595849, 595848, 3042126, 1734051, 2305277, 595845, 2305275, 595846, 595841, 3042120, 595840, 1734057, 595843, 1850691, 741798, 1850692, 1850695, 3303060, 3303067, 3303065, 3042135, 3042134, 1734067, 2305269, 3042133, 994700, 1734061, 1734060, 2305265, 1849698, 2305266, 1849697, 994706, 1849696, 595858, 994709, 2305261, 595857, 741792, 994708, 1850687, 595852, 1849693, 741790, 994702, 1734068, 1849691, 1850680, 741789, 741786, 3303074, 741787, 1850681, 741785, 3303079, 1996842, 3474492, 1996848, 1850798, 1850799, 596996, 3188468, 1850790, 596997, 3188465, 596992, 1850792, 596991, 596994, 3474498, 3188462, 3474480, 1849799, 3474483, 1849798, 1849797, 1849796, 1849794, 1849792, 1849791, 1850788, 1996839, 1850781, 3188458, 3474488, 3474486, 3188452, 3188450, 1849908, 1996862, 1849909, 1996866, 3474472, 1849787, 1996864, 3474471, 1849785, 1849900, 1849784, 1850773, 1996868, 1849782, 1849781, 1849780, 1850777, 1849907, 596974, 596973, 1850770, 1849910, 3474477, 1996870, 3474479, 2418420, 3188483, 3474478, 1996851, 1849777, 3474461, 1849776, 1996853, 1849774, 1996859, 1849772, 1850765, 1996858, 1850767, 1850768, 596984, 3188477, 596986, 596981, 596980, 1850760, 3188470, 3474464, 3474463, 596989, 3188475, 3188474, 3188473, 3474467, 1850918, 1996883, 2418409, 1849766, 1996889, 1996886, 1849764, 1996887, 1849922, 1849923, 1849761, 1850754, 1849760, 1849925, 1850755, 1850758, 1850757, 1849931, 1850750, 1849932, 3303122, 2418403, 1850910, 2418402, 1996891, 3303124, 1849919, 1850909, 3303139, 1849757, 2418419, 1849753, 2418417, 1849752, 1850740, 1849914, 1849915, 1850747, 1849918, 3188499, 1849921, 1850901, 3303132, 2418414, 2418413, 3188497, 1850905, 3188495, 3303135, 3188494, 1849748, 1850737, 1849746, 1850739, 1849743, 1850730, 1849740, 1850732, 1849949, 1849950, 1849954, 1850933, 3303100, 1850937, 3303103, 1850935, 3303102, 1850936, 3303101, 1166405, 1849738, 1850727, 3303119, 1166406, 3303118, 1849736, 1996899, 1849732, 1996898, 1849935, 1850721, 1849936, 1850720, 1850723, 1849938, 1850724, 1850926, 3303113, 1849739, 1850925, 1850716, 1166417, 1849725, 1850718, 1850717, 596919, 1849722, 1850719, 1849720, 1318476, 1318475, 137784, 1166410, 1850710, 137783, 1166411, 1166412, 1318471, 1318474, 1850714, 3474418, 3474417, 137793, 137790, 596915, 3474410, 596912, 596914, 1849729, 1849716, 1850705, 1849715, 1850707, 1849712, 1850708, 137797, 1166420, 1318464, 137795, 137794, 1166423, 1850701, 137799, 1166425, 3474407, 3474406, 596927, 137785, 3474404, 3474403, 137781, 3474401, 1166438, 1849705, 1849700, 1318453, 3188408, 1166433, 1318455, 3188407, 1166435, 3188405, 1318449, 3188404, 1318448, 3188403, 137775, 1849708, 137770, 137769, 596909, 137767, 1166447, 596905, 596907, 596903, 137760, 137749, 3644126, 137748, 3644127, 1996800, 3474451, 3644129, 137759, 137756, 1166454, 1996809, 1166458, 1166459, 1996807, 3188426, 3188425, 137754, 596959, 3474454, 137753, 3644120, 3188420, 137751, 3474458, 3644122, 3644123, 596957, 137747, 1166465, 3188419, 137750, 1166466, 1166467, 596963, 596962, 596965, 3474449, 3188203, 3188414, 137743, 3188207, 3474444, 137741, 3474442, 3188206, 596967, 3644132, 137740, 596969, 3188209, 3644103, 3644104, 1318492, 3644106, 137736, 1996822, 137737, 137734, 3644109, 137735, 1166475, 1996827, 1166476, 1996824, 137768, 1166478, 1996828, 137765, 1318495, 596930, 3188210, 3188446, 3188445, 3474439, 3474438, 3188214, 1166472, 3188212, 3188213, 137733, 3188219, 3474430, 596934, 3188442, 596933, 3644114, 137728, 3644117, 1996812, 3644119, 137723, 137724, 1996810, 1318487, 1996815, 137774, 1318486, 137773, 137772, 1166488, 137779, 1318482, 1996817, 137776, 1318484, 596940, 137782, 1166481, 137780, 3188229, 3474422, 596948, 3474421, 137720, 3644110, 596944, 596947, 596946, 3187826, 3187827, 3187828, 595749, 994430, 3187823, 1166135, 1166136, 994439, 994438, 3188471, 740596, 740595, 2713068, 3188478, 2713062, 740599, 1166131, 2713065, 3188476, 2713064, 741819, 3187819, 741817, 741814, 3187838, 994448, 3187835, 3187836, 595757, 1166144, 1166146, 3187831, 595758, 3187832, 595753, 1166148, 2713049, 3188481, 994449, 3188482, 595755, 3188480, 3188486, 2713058, 741800, 1166140, 2713052, 1166141, 1166142, 3188487, 741807, 994451, 741808, 741805, 994456, 994459, 3187806, 3187807, 3187800, 994452, 3187803, 595769, 740582, 3188492, 137602, 740581, 3188493, 137600, 3188491, 595760, 740575, 2713089, 2562804, 2713088, 2562809, 740577, 1166153, 740576, 994461, 2713082, 2562801, 137618, 994468, 137617, 3187816, 3187817, 3187811, 994466, 3187813, 3187814, 595774, 137612, 595776, 595771, 2713078, 595770, 2713077, 595773, 740583, 1166162, 1166165, 994471, 2713072, 3187809, 3187866, 3187868, 3187869, 1166177, 3187864, 595785, 595787, 3187861, 595782, 595781, 740550, 740557, 740556, 595780, 741850, 1166175, 740558, 994401, 994403, 3187877, 3187878, 3187873, 3187875, 3187876, 595797, 3187871, 741845, 1166180, 595792, 740562, 741843, 595794, 2713096, 741842, 2713097, 2713091, 741847, 2562810, 2713090, 3187848, 994410, 3187840, 3187841, 740531, 740530, 741832, 741833, 741830, 1166198, 740537, 1166190, 994420, 994422, 994421, 3187852, 3187853, 3187850, 741821, 740549, 740548, 741829, 2878817, 1849847, 2878816, 2878813, 2878811, 1849850, 740513, 1850830, 740511, 1849854, 595212, 595217, 740517, 740515, 595216, 2878808, 2878807, 2878806, 2878805, 740520, 1849842, 1850820, 740522, 1849843, 1849844, 1850824, 3188294, 3188292, 1850827, 3188298, 595208, 1850825, 3188297, 3187888, 138903, 1849868, 138901, 3042005, 3187883, 595235, 1849875, 595233, 1850856, 3042010, 3187899, 3042011, 3042012, 1849856, 3042017, 3187895, 1849857, 3042018, 3042016, 3187892, 2418401, 3042019, 3187893, 3187894, 595224, 1849863, 1849864, 1849866, 1850840, 740505, 1850844, 740507, 3042020, 138928, 138926, 138927, 595707, 138925, 3042026, 1318824, 2418405, 1850875, 1850872, 1318822, 1849899, 1850878, 1318828, 3042031, 3042030, 3042036, 3042033, 595718, 595713, 3042039, 138914, 2418421, 595710, 1318816, 1849883, 2418416, 1849884, 2418415, 1850864, 1849887, 1318811, 1850867, 1850868, 1318817, 1318819, 3042042, 3042040, 3042046, 595727, 595729, 138946, 3042048, 595725, 138942, 595720, 1318803, 1850892, 1318801, 1850894, 1318806, 3042051, 138936, 595737, 3042059, 138934, 595731, 138932, 595730, 595733, 1850882, 1850886, 1850887, 1850888, 3042050, 2417927, 2417924, 2417929, 138968, 138969, 1318750, 138966, 596880, 1318753, 138967, 1318752, 138963, 596875, 1318748, 2878777, 3188347, 2878776, 3188346, 2878775, 3188345, 1318749, 2878774, 3188344, 596871, 1318743, 596873, 3188349, 596872, 2878770, 3474378, 3474375, 2417922, 3188343, 3188342, 2417913, 1996954, 1996952, 2417917, 3474361, 1996953, 2417918, 595290, 138955, 138956, 138954, 2878769, 2878768, 596886, 1318736, 3188335, 595284, 596888, 2878764, 3188334, 595285, 1318738, 1318733, 2878762, 1318732, 3188339, 1318735, 3188337, 3474365, 2417911, 596889, 3188331, 3188330, 3474369, 2417910, 2417948, 1996981, 2417947, 1996987, 1996988, 3474351, 1996985, 3474350, 138988, 138986, 138984, 2878756, 1318726, 2878755, 3188368, 138991, 138992, 1318722, 138990, 2878750, 1318724, 1318723, 2417940, 3188361, 3474356, 2417941, 3188360, 3474355, 2417945, 3474359, 596859, 3188363, 3474358, 596858, 1996970, 2417935, 3474341, 138979, 1996978, 138978, 1996979, 138973, 2878746, 138974, 2878745, 596864, 1318717, 1318716, 2878741, 1318711, 2878740, 1318713, 596861, 1318712, 3474345, 3474344, 596868, 1318718, 1996980, 2417931, 3474347, 596869, 3188351, 3474346, 2417968, 1849801, 1318794, 1849802, 1849803, 1318796, 1849805, 1849806, 1318793, 1318792, 1849808, 595254, 595258, 595255, 1318789, 3303001, 2417963, 595259, 2417960, 3188387, 3303005, 2417967, 2417964, 3303003, 3188384, 1996994, 3303019, 2417957, 3303018, 1996998, 1996999, 1996997, 2878729, 1318786, 595250, 2878724, 2878721, 3188379, 3188377, 595245, 1318778, 1849800, 3188371, 595248, 3188370, 3303010, 595249, 3188373, 3474394, 1318773, 1849823, 1318772, 1849824, 1849825, 2878716, 2878714, 1318771, 2878713, 2878712, 595276, 595273, 595274, 596898, 595279, 596893, 1318766, 2417980, 1318765, 2417981, 1850812, 1850813, 2417985, 3474399, 2417982, 3474398, 1850811, 2417988, 2417987, 1850809, 3474380, 3474385, 3474384, 3474382, 2878708, 1318764, 1318763, 595271, 1849816, 1849818, 2878702, 1318759, 2878700, 1318758, 3188399, 3188500, 595269, 1318754, 1849820, 595266, 1318757, 1849822, 1850801, 1850802, 3188393, 3474388, 3188392, 3188502, 3474387, 1850800, 3188503, 3188508, 1850806, 1850803, 3188506, 1850804, 994398, 994397, 137665, 137662, 137667, 137672, 3188511, 3188512, 137670, 3188513, 3188517, 137674, 2417991, 3188522, 137682, 3188527, 596804, 2417997, 2417998, 1996902, 1996907, 1996908, 1996906, 2713001, 3188530, 137694, 137693, 3188534, 3188531, 3188532, 3188536, 137697, 3188540, 3188541, 3188543, 3188548, 137629, 994357, 3644006, 1996921, 3474330, 1996922, 994356, 994355, 1996920, 137620, 2713019, 1996924, 3188308, 1996929, 2713016, 1996927, 2713023, 3188307, 3188304, 994361, 994363, 3474331, 596834, 3474337, 3644003, 994369, 1166109, 137638, 3644017, 994365, 994366, 137630, 1166102, 2713004, 137633, 1166107, 3188562, 596844, 2713014, 2713013, 3188561, 3188566, 3188564, 3474323, 994374, 3474321, 3188569, 596846, 3644011, 3644012, 596847, 994379, 1996940, 137648, 994376, 1996947, 1166112, 1996948, 137640, 1166114, 1166115, 2713038, 1166116, 137644, 2713039, 740498, 2878799, 740497, 596811, 740496, 3474318, 740495, 2713046, 137650, 2878795, 2878794, 3188328, 2713043, 2878793, 3188575, 3188326, 994385, 3474310, 596813, 3188320, 3474314, 994380, 3474313, 994386, 994389, 1996930, 1996931, 1996934, 1166126, 2713026, 1996938, 2713029, 137655, 1166129, 1996939, 596820, 2878788, 3474309, 3188585, 2878785, 137661, 3188318, 3188588, 3188586, 3188310, 3474303, 596825, 994391, 3474302, 994556, 3187948, 3187949, 595629, 595628, 3187945, 994553, 595625, 1166254, 3187941, 2418330, 3187942, 595621, 740483, 595620, 994559, 2418332, 3188350, 595623, 740480, 3188353, 2713187, 3188354, 1850791, 2713189, 3188352, 1850797, 3188357, 740479, 2418329, 3188358, 1166252, 3188355, 1850796, 2713180, 994561, 994560, 994568, 994563, 3187954, 994564, 595636, 1166265, 3187950, 1166267, 2418342, 595637, 1166268, 3187953, 740494, 2418343, 740492, 2418346, 2418345, 1850782, 2418336, 3188365, 1850780, 3188362, 1166260, 2418338, 1850786, 1850787, 3188369, 1850784, 740488, 994572, 2713171, 1850789, 2713170, 994578, 994576, 1166276, 1166278, 2418352, 3187920, 3188372, 3188375, 3188376, 595640, 3188374, 740456, 3188378, 994581, 740459, 3187918, 994589, 3187932, 994587, 3187935, 595658, 595657, 2418361, 3188382, 2418365, 595656, 595655, 595650, 740465, 2418359, 740464, 595652, 1166282, 3188385, 740468, 2713194, 1166286, 3188389, 994592, 2713193, 2713192, 3187929, 994512, 3187987, 2418371, 595668, 1166299, 3188390, 3187985, 595664, 3187980, 3188394, 595667, 994518, 3188391, 2418378, 3187982, 740432, 2562706, 3188397, 1166291, 595663, 2562704, 3188395, 595662, 2562703, 2562709, 2562708, 2562702, 2562701, 994525, 994524, 994521, 994520, 595679, 2418385, 3187997, 595676, 994526, 2418387, 994529, 595677, 595674, 740440, 740447, 740444, 994534, 994533, 2418391, 3187965, 3187966, 994532, 2418393, 2418395, 2418397, 3187963, 2418399, 595686, 3187960, 595682, 595685, 595681, 2562729, 740418, 740417, 740415, 2562721, 994541, 994540, 994542, 3187972, 3187973, 595698, 994549, 994548, 595694, 2562716, 595690, 595692, 740429, 994550, 3042101, 3188192, 3188191, 3042100, 3042105, 1849727, 2878935, 3042109, 2878933, 2878932, 2878930, 1849733, 3188185, 3188188, 2562744, 3042110, 2878928, 3042116, 1849714, 2878926, 2878925, 1849717, 2878924, 2878921, 2562738, 2562737, 3188179, 1849721, 3188173, 1850700, 1850706, 2562733, 2562732, 3042124, 2878919, 3042127, 3042128, 2878912, 3042129, 2878910, 595110, 2562769, 595114, 1849754, 595112, 1849755, 1850736, 595116, 2562762, 1850734, 2562766, 3042130, 3042132, 2878907, 1849735, 2878906, 994508, 3042139, 1849737, 2878903, 3042137, 994505, 994507, 2562759, 1849742, 595104, 595101, 1849744, 595102, 1850725, 1850722, 2562751, 3188194, 3188193, 3188199, 1850726, 3188198, 3042141, 2562782, 2562780, 3042143, 1849769, 3042147, 1849771, 1318703, 1849773, 1318702, 1849778, 1850752, 1318707, 1850759, 1318709, 1849770, 3042152, 3042150, 2562771, 1849758, 1849759, 2418302, 1849763, 1850741, 1850746, 2562775, 2562773, 1850749, 3042161, 3042162, 595608, 595604, 2418310, 595601, 1850771, 2418306, 1850775, 2418308, 1850774, 1850779, 3042160, 3042178, 595617, 3042179, 595613, 2418320, 595615, 2418322, 2418323, 2418315, 2418317, 2418316, 1849788, 1850762, 1850763, 2562795, 3042171, 3042065, 3042068, 3042066, 3042067, 1318631, 595184, 595181, 2878899, 596754, 595177, 1318626, 3188225, 596756, 2878896, 595175, 2878895, 2878892, 3188228, 595179, 3188227, 2878890, 3474256, 3188222, 3188221, 3474259, 3474258, 3042075, 3042076, 3474242, 3474241, 1318616, 1318615, 2878886, 1318618, 2878885, 595164, 1318617, 595169, 1318612, 2878883, 2878881, 3188217, 595168, 596762, 3188216, 3474245, 3474244, 3474243, 3474249, 3474248, 3474231, 3042088, 2878879, 2878878, 2878877, 3188248, 595199, 2878874, 595197, 1318601, 2878871, 596730, 1318602, 3474235, 3474234, 3474233, 3474232, 1318608, 3188242, 3474237, 3042081, 3042098, 3474220, 595190, 595194, 2878869, 2878868, 595192, 2878867, 595187, 2878865, 2878864, 3474229, 2878861, 595189, 596740, 3188238, 3474221, 3188233, 596746, 596749, 3042092, 3474296, 1318674, 1850996, 1318675, 1850995, 1850998, 1850997, 1318672, 1850999, 137591, 2878854, 137590, 2878853, 595130, 2878852, 1850990, 1318666, 137593, 595134, 1318669, 1318668, 3188262, 3188261, 3188260, 595139, 3188265, 3188264, 3474283, 1318663, 1849994, 137598, 1849993, 1318665, 1318664, 1850987, 2878847, 1318661, 595122, 1318659, 2878842, 2878840, 1318655, 1318658, 595124, 1850980, 3188250, 595127, 3474287, 3188254, 3188253, 1850979, 1849987, 3188291, 3474274, 1849984, 1849702, 1849703, 1849982, 596781, 1318654, 1849981, 1850974, 2878838, 596780, 1318653, 1850973, 1849706, 595162, 1850975, 1850978, 2878834, 1849709, 1850977, 2878832, 1318648, 596778, 2878830, 595153, 1318644, 1849710, 1849711, 1318646, 3188283, 3474278, 3188282, 3474277, 3188288, 3188285, 1850969, 1850968, 1849977, 1849976, 3474264, 3474263, 3474262, 1850961, 2878829, 1318640, 1850963, 1318642, 2878826, 595150, 2878825, 1850964, 2878824, 595143, 596787, 1318638, 1318637, 595141, 3188279, 1318634, 595145, 1318636, 595146, 596784, 3474268, 3188271, 3474266, 3188275, 1849968, 1849967, 1849962, 137541, 137548, 595588, 595587, 137545, 595589, 1850955, 595584, 595586, 595585, 2713101, 595580, 595582, 1849956, 1849955, 1849953, 1849952, 1849951, 137555, 137553, 1850941, 137559, 595599, 137558, 137556, 1850944, 137562, 595591, 137560, 595592, 1849959, 1849947, 1849946, 1318690, 1849945, 1850938, 1849943, 1849942, 137564, 1318698, 137563, 2713115, 1318691, 1318694, 137567, 2713121, 2713123, 137572, 3188413, 2713120, 3188416, 3188417, 3188415, 1849948, 1166207, 1166208, 1850924, 1849934, 1849933, 1850929, 1850928, 1849930, 1318685, 137576, 1166200, 1318684, 1166202, 2713109, 1318681, 2713104, 1166204, 2713103, 137578, 1166206, 1850922, 137580, 2713110, 1318678, 3188423, 1318677, 3188421, 3188422, 3188428, 1166219, 137506, 137505, 1850915, 994475, 1849920, 1850917, 3187900, 3187901, 137509, 2713136, 1850912, 137501, 1166217, 3188430, 2713143, 3474219, 596711, 3474218, 3188434, 2713142, 2713141, 994482, 3188438, 3474213, 137997, 3188436, 137995, 3474210, 137992, 1849929, 596713, 3474216, 1849927, 137519, 1166229, 1850903, 3187914, 994489, 1850902, 3187915, 137517, 1849912, 1849911, 3187917, 994486, 1850906, 137987, 137988, 1850908, 137511, 1166221, 137510, 1166223, 1166224, 1166225, 2713126, 1166227, 596720, 3188440, 2713131, 3188444, 3474202, 994492, 3188447, 137984, 994494, 3188448, 137981, 1849917, 3187908, 1849916, 3474203, 1849903, 137529, 1849901, 137978, 994497, 137979, 2713159, 137524, 2713166, 3188453, 3188451, 2713162, 3188208, 3188456, 2713161, 3188457, 3188454, 3188205, 137971, 1849906, 1849905, 137968, 137966, 137533, 1166243, 1166244, 1166246, 2713148, 3188460, 1166249, 2713149, 2713154, 596701, 596700, 2713156, 137540, 3188467, 2713150, 2713153, 2713152, 3188466, 137961, 3188469, 596704, 1734351, 3644844, 26616, 3475214, 26611, 3304091, 3644848, 3475215, 3188905, 3188904, 3304095, 3304093, 3304098, 3644841, 26619, 1734354, 3644840, 3188907, 3644843, 1318744, 3304089, 1318746, 3188900, 1318742, 2878898, 1734900, 1996297, 1734906, 1996296, 26603, 3475221, 3644856, 26604, 1734361, 3475220, 26605, 26606, 994205, 994200, 3475225, 26601, 994202, 1734360, 2878894, 3475227, 26602, 994201, 3475229, 3304084, 994208, 26608, 1734365, 1734368, 3304078, 3304079, 1318730, 1318731, 1996283, 2878884, 1996281, 1996287, 994215, 1734373, 3644866, 994217, 994211, 3475236, 994213, 1734371, 3475238, 1734370, 3188927, 3188926, 3644861, 3644860, 994219, 1318769, 1734377, 994218, 3644862, 3644865, 1734378, 1734929, 1318761, 3188923, 3188921, 1734924, 1734921, 1318760, 1734922, 1734928, 1734384, 3475243, 3644878, 1734383, 1734386, 3475245, 1734385, 3644879, 3475247, 3475246, 1734382, 3475249, 3188914, 3644872, 994229, 3188919, 3188918, 1318756, 3188910, 1734912, 1734913, 1734917, 1734915, 1587221, 26659, 3475253, 3475256, 3644803, 1587222, 3475255, 1587225, 1734942, 1587227, 3475259, 1587229, 1734315, 1587228, 1734314, 1318783, 3188944, 1318785, 3188942, 26650, 1318780, 1734944, 3475250, 1587230, 1734948, 3475264, 26649, 1587234, 3475267, 3644814, 1734930, 3475269, 1587235, 3475268, 3644815, 3644817, 3188938, 3188936, 1734321, 1734324, 1318776, 3188930, 1318774, 3188932, 3644819, 1734932, 1734933, 1734938, 3475260, 26636, 3475276, 3475275, 3644822, 1734331, 1587200, 1734330, 3644824, 26632, 1587203, 3644827, 1587202, 1587204, 1734336, 3042205, 1734339, 3042202, 3188969, 1734338, 3188968, 3644821, 3042207, 2562607, 3188963, 3188961, 3188960, 2562609, 3188965, 1734967, 3475270, 26631, 2562602, 3475271, 1734969, 3475274, 26625, 3475287, 3644834, 1734342, 3644836, 1734341, 3475288, 1587214, 1734952, 3042211, 1734953, 1734950, 26624, 1734348, 1587217, 1587219, 3042214, 26629, 1734344, 3042218, 1318795, 3188955, 1318790, 1734956, 1734954, 3475281, 3475283, 1734959, 287900, 1587265, 1587264, 1734982, 287902, 1587267, 1996200, 287901, 3042462, 26698, 1734985, 2162268, 3645303, 2162269, 3042468, 1734983, 3042220, 287905, 1734984, 3042221, 3042466, 2162264, 2162265, 3042227, 1996208, 2162266, 139169, 3042460, 3042229, 2562629, 2562626, 139173, 139174, 2561887, 287908, 3645307, 26695, 287907, 3645306, 26696, 1587270, 1734987, 2561884, 3645305, 2561882, 2562625, 1996210, 26692, 1734970, 3042476, 3475501, 3042230, 1587278, 3042473, 1587279, 3042234, 3042478, 3042232, 2162253, 2162254, 2162256, 2162251, 2562617, 139184, 2561897, 2562610, 3475509, 1734979, 2561896, 139181, 1734976, 2561895, 26686, 1587280, 1734977, 26681, 2562612, 2562611, 287922, 3042443, 287921, 3042241, 287924, 1587245, 287923, 2162246, 3042447, 26677, 287925, 2162247, 3042446, 3645324, 287928, 1996226, 3042242, 1996227, 3042243, 3042444, 3645322, 2162242, 995512, 2162244, 287920, 995516, 995517, 139199, 1166195, 2562649, 1166197, 2562648, 1166199, 2561867, 995520, 2561865, 26672, 139190, 26674, 139192, 3645327, 26675, 2562640, 3042448, 1996231, 2562647, 26670, 1587252, 26671, 1996230, 3042454, 3645310, 1996214, 3042453, 1734990, 1996212, 3042451, 1587258, 1996217, 2162235, 1734997, 3042456, 26668, 1587259, 1734995, 3042254, 3645311, 2162231, 2162232, 3042257, 3042450, 2162230, 2562638, 2561879, 287193, 26661, 287195, 26662, 26663, 287197, 1734998, 3042459, 3645315, 1996220, 2561871, 287198, 2561870, 2562635, 1587263, 2162228, 1996247, 3475535, 287946, 1996244, 3042260, 2162505, 2162225, 3042267, 1996248, 2162226, 3475536, 287949, 2162227, 2162504, 2162220, 1318708, 3042268, 3042269, 995536, 1734399, 995537, 1318704, 995538, 1318706, 1318700, 139134, 1318701, 139135, 741215, 139130, 287181, 2561843, 2561842, 287185, 1996254, 1996252, 287933, 1996235, 2162217, 2162218, 3475546, 287935, 3042271, 3475543, 287934, 1996234, 3475544, 287937, 2562650, 3042277, 3475549, 3042278, 1996237, 3042275, 287938, 1996238, 3042276, 995521, 741211, 2162210, 995523, 2162212, 995526, 3475542, 139138, 995528, 741207, 139144, 741208, 139145, 741205, 741203, 2561855, 287173, 2561852, 287175, 287174, 2561850, 287177, 1996242, 2562657, 287179, 2562656, 2562655, 1996268, 1996269, 3042486, 287968, 2162529, 3475510, 3042283, 287969, 2162203, 2162528, 2562682, 3475517, 2162204, 2162525, 3042489, 740906, 3475515, 740901, 2162200, 995557, 287961, 139149, 2561819, 287963, 1318728, 3042480, 139154, 1318721, 2561828, 139155, 2561827, 139157, 2561825, 2561824, 2561821, 2561820, 1996272, 1587292, 3475518, 1587294, 287165, 1996276, 1996274, 3042295, 3475523, 287954, 3042296, 3042497, 3475524, 287957, 2162518, 3042294, 3042495, 3475522, 287958, 2562671, 2162514, 3475205, 3475525, 3042499, 3475207, 1318719, 3475206, 995547, 1318714, 139159, 1318715, 3475520, 287953, 995549, 287952, 3042491, 139167, 139168, 2561836, 995550, 2561833, 2561831, 2562676, 287150, 287152, 2162511, 287155, 287157, 1996262, 2562678, 287156, 1996263, 2562677, 3042290, 287269, 287867, 3475457, 287268, 287866, 3645265, 3042183, 3644600, 3645264, 287868, 3645263, 740809, 740806, 3042187, 3644604, 3645268, 3042188, 995455, 741145, 3475450, 3644607, 740802, 741142, 741143, 995458, 3644609, 139202, 741140, 3645262, 741141, 3475454, 287865, 3475451, 139205, 287864, 3475452, 2561927, 139210, 2561926, 139211, 741139, 1166132, 2713054, 995463, 1166133, 2561922, 2713051, 1166138, 1166137, 2713057, 287262, 287265, 3042181, 287264, 3042182, 287267, 287258, 3644610, 3645254, 287858, 3042194, 287259, 287857, 3645252, 2562694, 3645258, 2562692, 741134, 3475461, 287850, 139213, 139215, 287854, 1166150, 2561929, 139216, 287853, 2561928, 3475463, 2561938, 139221, 741128, 1166143, 741129, 995450, 2561935, 1166145, 995452, 2561932, 2713041, 741125, 995454, 2561931, 287250, 2162534, 2561930, 2562697, 287252, 2162532, 2713045, 287251, 2162533, 2562695, 2713044, 287254, 3042192, 3042190, 2562699, 287247, 287889, 3475436, 3645287, 3645286, 3475439, 2162569, 3645289, 741122, 995479, 287882, 740825, 741121, 139224, 740822, 3645282, 2561905, 741117, 1166110, 995483, 2561902, 995484, 2561901, 1166111, 2561900, 2713031, 741114, 1166113, 2162568, 1166118, 2713034, 2713033, 2417703, 2162562, 3475446, 3475447, 287237, 3475445, 2162558, 3475448, 3645278, 740815, 995467, 2162199, 287871, 740814, 2162194, 3475442, 3645273, 287873, 740812, 3475443, 287876, 2162196, 2561907, 2561906, 3645270, 741108, 2162190, 2162191, 995471, 2561914, 1166120, 741104, 2713021, 995475, 2561910, 2162556, 2713025, 3188703, 1166128, 2162555, 2713022, 287231, 2162553, 287234, 287225, 741180, 3042421, 3645222, 3644643, 287227, 3644645, 287229, 3645226, 287228, 3042423, 3475493, 740849, 741189, 740846, 740847, 1166181, 741185, 2162184, 1166183, 2162185, 740843, 741183, 2162186, 3475496, 740841, 2162582, 1166176, 2162181, 2713010, 741179, 1166179, 3188713, 3188714, 3645229, 2162587, 3042427, 3188711, 2713011, 3188712, 3645227, 2713018, 2162586, 2417722, 287222, 2162584, 2417723, 2417717, 3645211, 741170, 3042431, 287216, 2417715, 2713009, 3042430, 3188719, 3644655, 287215, 2713008, 3644656, 3042436, 3644657, 3042435, 3644658, 2417719, 3042434, 3645213, 3042433, 740837, 741177, 2162178, 2162179, 1166192, 2162173, 287898, 1166194, 740832, 741172, 1166185, 995492, 1166184, 1166187, 2162170, 2162171, 995496, 3188721, 2162578, 3042439, 3645218, 2713000, 287210, 3188728, 2162575, 3188729, 3644650, 2417711, 3188726, 287211, 2417712, 3188727, 3644621, 2417748, 3475477, 3475478, 3645241, 1996305, 287206, 1996306, 3042402, 3645247, 3645246, 3042400, 741166, 1996309, 2162165, 3644629, 741164, 3475470, 740866, 741162, 2162161, 740867, 740864, 740865, 741161, 1166160, 1166152, 3304102, 740860, 1166154, 740861, 2162160, 2878916, 741159, 1166156, 3188731, 1166155, 3188732, 741157, 1166158, 3304104, 1166157, 1166159, 3304108, 3188734, 3645249, 2417746, 2878911, 2417744, 2878913, 3188737, 287200, 2417745, 2417739, 3042410, 3645233, 3644633, 3475489, 3645230, 2162158, 3042414, 3644635, 2162159, 3644637, 3645235, 3644638, 2162154, 2162155, 3475483, 741154, 741151, 1166170, 2162150, 3475486, 741152, 3475487, 740853, 1166172, 3475485, 2878904, 2162590, 1166164, 741148, 1166167, 2878908, 3188742, 741149, 1166166, 1166169, 741147, 1166168, 2878909, 3188741, 2417731, 3042418, 3188746, 2417732, 2162599, 3645238, 2162596, 2417735, 2878900, 2417736, 2162594, 3475298, 994159, 3475297, 994156, 994157, 740888, 740889, 740886, 2878937, 2878936, 3188984, 740883, 2878938, 2417760, 3188989, 3188988, 3188751, 3304126, 3188752, 3188986, 3304127, 2417764, 3188757, 3475290, 2417762, 2878931, 3188755, 3475292, 2417763, 3188756, 3475294, 3475293, 3644683, 3475296, 3644684, 3644685, 3644698, 2417759, 994167, 994168, 740878, 740876, 740873, 3188974, 3188972, 2878927, 3188764, 3188978, 2417750, 2878929, 3188765, 3304118, 3188763, 3304116, 3188769, 994176, 2878920, 994170, 2417757, 3644694, 994172, 2417755, 3644695, 2878923, 3644665, 3644666, 2878960, 3304151, 3304146, 2878958, 3304144, 3188775, 2417781, 3304149, 2417786, 3188779, 994184, 2878950, 994180, 2878954, 3644661, 994183, 2417788, 2417789, 3644675, 994189, 3644679, 994188, 1734303, 741197, 741198, 1734305, 740899, 3304142, 741196, 3304140, 740898, 1734301, 3188996, 740896, 2878947, 3188780, 3304134, 740892, 3188997, 994196, 2417775, 994195, 2417776, 2417773, 3188789, 3644670, 3644672, 994194, 2878946, 3188990, 994193, 994118, 994117, 994112, 994113, 2878981, 3644880, 3644883, 3304170, 3644882, 3304175, 3188790, 3304176, 3644884, 3644886, 2713094, 3188793, 3304168, 2713093, 3188791, 3304166, 3304167, 3188798, 3644890, 2713095, 3043004, 2878972, 994121, 2416983, 3043006, 3043000, 2878976, 994126, 3644899, 3645298, 3645296, 2416999, 2878970, 3304160, 3644892, 3304161, 3645290, 3304162, 3644898, 3645293, 3304163, 3644897, 3304157, 2713081, 2417793, 1166100, 2713086, 2417791, 3304159, 2713084, 1166105, 2416997, 2417798, 994132, 2416994, 2878964, 1166108, 2417799, 2878968, 2416967, 3304190, 2416965, 3304194, 3304191, 3304192, 2713071, 3304188, 2713074, 2713073, 2878995, 994140, 2713079, 2416979, 2878990, 2416976, 2878993, 2416977, 3304184, 2713061, 2713060, 3304178, 2713063, 2713069, 994151, 2878983, 994154, 2416972, 2713067, 994153, 2713066, 2878987, 994150, 3475331, 3644724, 994313, 1734474, 2878780, 3043042, 3644726, 3043041, 3475332, 3644728, 2878781, 3644727, 2878784, 1587303, 2878783, 3644729, 3475339, 1734479, 1587307, 1318627, 1734475, 1318628, 1734477, 3188590, 1318622, 3188595, 1318623, 3188593, 1318625, 1318620, 1318621, 3188598, 3043048, 3043047, 3043049, 2878779, 2878778, 3043046, 3043045, 994325, 1734482, 1734485, 3475344, 994326, 1587310, 1996399, 3043030, 3644736, 1587313, 3644739, 1587312, 3475345, 994323, 1587315, 2878773, 3475348, 994322, 1587318, 994328, 3644733, 1318611, 1318613, 1318614, 3043036, 2878765, 2878767, 3043035, 1734495, 3644747, 1734490, 3475357, 994331, 994334, 1734492, 3475359, 3188805, 3188804, 1734498, 994339, 1318649, 1734497, 3644744, 1734499, 1318647, 3188802, 1318641, 3043029, 2878797, 3043026, 1734803, 2878796, 3043025, 1734800, 3043028, 2878798, 1734807, 3043021, 3475351, 3475350, 994347, 3644757, 3475363, 3644756, 2878791, 994348, 3644758, 3475368, 2878792, 1318639, 3644755, 3043019, 3043018, 1318632, 3043017, 2878787, 3043016, 3043011, 3475360, 1587342, 26538, 26539, 1734430, 3475376, 26533, 3043080, 26535, 26536, 3043081, 1734435, 3188827, 1734438, 3188826, 3042302, 3188825, 1734432, 1734431, 3188829, 3188820, 1318667, 139095, 1318662, 139096, 1734439, 139091, 26532, 1734823, 1734829, 3475373, 139090, 1734827, 3475372, 26526, 1587353, 3043073, 26528, 1587357, 3042310, 26523, 3042311, 26524, 3043071, 1587358, 1734447, 3042315, 3042312, 1734443, 3042319, 3188819, 1734444, 3188818, 1318656, 1318657, 3188813, 3188811, 1734813, 1734814, 26520, 1734811, 26521, 1734812, 3475382, 1587362, 1734815, 1587361, 1734816, 1587320, 3644702, 3043061, 1734452, 3043064, 1587321, 3475398, 3644703, 26511, 1587324, 1734842, 26513, 1587325, 3644707, 3042325, 3188848, 3042324, 26519, 1734453, 1734456, 1318689, 3188845, 1318686, 2561788, 1318682, 1734844, 2561785, 1318683, 2561784, 2561783, 2561782, 3043065, 3475394, 1587331, 3043051, 3644713, 1587330, 3043050, 1587333, 3043053, 3644715, 3644714, 26500, 3644717, 26501, 1587334, 1734832, 3042333, 1587336, 3042331, 3644718, 1734469, 1587338, 1734468, 3188837, 26508, 994307, 26509, 1734467, 994308, 3188830, 1318679, 1318673, 3188835, 3188833, 1318676, 2561799, 3043059, 1318671, 2561796, 1734839, 2561794, 2561793, 1734837, 2561792, 3043057, 1587386, 1734860, 1996323, 1734861, 1996324, 1587387, 1996322, 3475610, 26577, 3645424, 1587389, 1734865, 2162148, 3042344, 1996325, 2162149, 3042341, 3042588, 3475613, 3645422, 1734863, 3645421, 3042348, 2162142, 2562508, 139056, 139058, 2561769, 2561767, 139054, 2561766, 2561764, 26575, 1734866, 3645426, 26576, 139050, 1734867, 2561762, 3645425, 1996330, 26571, 2562502, 1996312, 3042597, 1587396, 3042595, 3042594, 3042354, 3475626, 3042355, 3475627, 26568, 1996314, 3645411, 3042359, 3042356, 3042593, 2162130, 2162131, 139066, 139069, 2561776, 1734858, 2561775, 3645416, 26564, 2561774, 3475628, 3475629, 26560, 2561770, 26559, 1734882, 2162608, 1996346, 1587366, 1587365, 1734881, 26555, 1734886, 1996349, 2162125, 2162604, 1734887, 2162605, 3042366, 3042567, 3042566, 2162128, 2162603, 3645443, 139077, 2562529, 2562528, 2561748, 2561745, 26551, 2162601, 2562521, 139072, 1734889, 2561740, 3042569, 3645447, 1996352, 2562526, 1587370, 1587373, 1996351, 2562523, 1587375, 3475600, 1996335, 2162119, 3042574, 1587377, 3042370, 1587054, 3042572, 2162114, 3042376, 3042579, 3475604, 3645435, 1996339, 2162115, 3475605, 1587057, 1734873, 1996336, 2162116, 3042577, 3475602, 1996337, 2162117, 3042576, 3043092, 3042379, 3042571, 139089, 2562518, 2561758, 139085, 2561756, 139087, 2561755, 139080, 1734879, 2562511, 3645439, 26541, 2562510, 139082, 1587380, 26543, 3475607, 3645436, 2561750, 3043099, 2562514, 2562512, 995419, 1587062, 1996367, 3042384, 2162109, 2162628, 3475653, 2162629, 2162103, 1996369, 2162624, 3042385, 3042386, 995411, 2162101, 3042389, 2162102, 1587060, 139007, 2561719, 139011, 2561727, 2561726, 2561725, 995420, 2561722, 2162622, 2562544, 1996371, 2562543, 2162620, 2562541, 1996374, 1996375, 1734893, 1996356, 2162619, 995409, 1587074, 1996357, 1734891, 3475664, 1734892, 2162618, 1734897, 3475302, 1996358, 2162613, 1996359, 2162614, 3042397, 3475303, 995400, 139015, 3475309, 139018, 3475661, 139022, 741328, 139024, 741326, 2561737, 2561735, 139020, 287292, 2561734, 139021, 2561733, 287294, 2561732, 2561730, 2562537, 1996361, 1996362, 3475633, 1996387, 2417902, 3475311, 1996388, 2417903, 3475632, 2417908, 2562562, 3475313, 1587089, 2162649, 3475312, 3475635, 995433, 995434, 1318609, 3475319, 995436, 139026, 1587080, 995438, 1587081, 3475630, 1587082, 1587083, 139033, 741317, 139036, 995440, 995441, 139031, 2561701, 995443, 2561700, 26595, 287283, 2162644, 2562566, 26596, 2562565, 26597, 287285, 2562564, 3645404, 2162643, 3645403, 2162640, 287286, 1996397, 2417901, 3645409, 26593, 741319, 3645408, 1996395, 3645407, 1587095, 3475644, 1996376, 3475642, 2562551, 3475324, 3475326, 741310, 995423, 1587091, 1587092, 2561709, 995429, 741306, 2561718, 139046, 741304, 741305, 2561715, 139040, 2561713, 995432, 1996381, 2561710, 2562555, 287271, 2162634, 2562554, 2162631, 26587, 287273, 1996380, 2162632, 2562552, 1996385, 2562558, 26582, 1996383, 1996384, 287988, 2417805, 3475578, 3645387, 287987, 3645386, 3645385, 2417804, 3645384, 2562582, 3042500, 740928, 2417808, 740926, 3475571, 287982, 740923, 287981, 740924, 740921, 287983, 995339, 3475575, 3475572, 740920, 597112, 1166250, 1166253, 2561804, 597110, 597117, 1166255, 2713175, 2561801, 2713174, 995343, 1166257, 2561800, 2713173, 1166256, 1166259, 2562588, 2713179, 287381, 1166258, 2162667, 2713178, 2713177, 3042504, 2713176, 2162662, 3042508, 2562589, 287379, 3475589, 287976, 3645375, 287978, 2162657, 2562571, 740917, 2162099, 995324, 740913, 3475580, 287973, 740910, 3475585, 740911, 995328, 2162096, 3645371, 2162097, 597102, 2162091, 2561817, 2162092, 741249, 1166264, 2162093, 139102, 2561814, 995330, 2713164, 995331, 995332, 995333, 2162655, 3042517, 2562576, 287372, 2562574, 2713165, 3042514, 287375, 287374, 3042519, 287376, 2162650, 2562578, 3475556, 2417828, 3475557, 3475554, 287369, 3475559, 139108, 995358, 2162084, 139104, 740942, 597135, 2162680, 2162081, 995361, 1166231, 741239, 1166230, 1166233, 1166235, 741235, 1166237, 2162688, 1166236, 1166239, 287361, 2162684, 287366, 2713158, 287999, 2417816, 2562591, 3475567, 287356, 3645395, 2162679, 2562593, 3475569, 2562592, 139118, 139119, 740937, 741233, 2162078, 740934, 741230, 740935, 995348, 287995, 287994, 740933, 3645393, 2162075, 3645392, 2162076, 597124, 1166240, 139122, 2162070, 2162071, 597121, 1166241, 995352, 597127, 741226, 995353, 597126, 741223, 2713140, 597125, 741224, 2162677, 2713146, 1166247, 2562598, 2713145, 2162675, 2713144, 597129, 2162671, 2162672, 2417811, 2713147, 287346, 3042542, 3644521, 3042541, 3644523, 287347, 3042546, 287349, 1587100, 3042543, 3645344, 995378, 2162066, 1996409, 2162067, 740967, 2162069, 740966, 2162063, 740961, 1166295, 3304202, 995383, 1166297, 740960, 3304200, 3304205, 3304204, 2417841, 2417842, 2713134, 3042549, 2713133, 3042548, 3304207, 3645349, 1587106, 2713132, 3304208, 287342, 2417846, 2713138, 287344, 995380, 741290, 3644532, 3645331, 2417836, 3042550, 287339, 2162059, 3042557, 3645336, 287338, 3644537, 1587112, 1587113, 3042554, 741298, 995369, 741294, 2162054, 2162692, 995372, 741289, 995377, 2417830, 2713124, 2162697, 3645338, 1587117, 3042558, 287331, 3188607, 287330, 1587119, 2162696, 2417835, 2162693, 2713125, 3644531, 287324, 3042520, 3645365, 287323, 3188609, 3645363, 2713118, 3475599, 1996426, 3644503, 287327, 3042522, 1996425, 2162044, 741288, 3644508, 740989, 3475590, 741283, 1166280, 3304230, 3645361, 741284, 3475597, 740985, 740986, 2162043, 3475595, 1166273, 3304223, 3304221, 1166277, 3188610, 3304227, 740980, 3188611, 741278, 1166279, 3304226, 3042528, 2417864, 3042527, 2713111, 3188613, 2713116, 2417865, 3188616, 287321, 3644510, 1996412, 2713108, 3644512, 1587131, 1996410, 2162037, 1587133, 1996416, 3042534, 3644515, 3645357, 1587134, 1996413, 2162039, 287318, 995389, 2162033, 740979, 741275, 740976, 3645350, 741273, 1166293, 740975, 3304212, 995393, 740971, 995395, 3188621, 3188622, 995398, 3304214, 3188620, 3304215, 2417852, 3042538, 2713100, 2417851, 2713106, 2713105, 287310, 995391, 287304, 287303, 3644568, 994276, 287309, 3188869, 3304253, 3188864, 3304245, 2878815, 3304246, 3304244, 2417881, 2417882, 2417880, 2417886, 994286, 2878810, 3188635, 3644560, 994280, 2878812, 287300, 994282, 2878814, 994281, 3644578, 3644579, 994288, 994287, 740998, 3304241, 3304242, 3304240, 1318699, 3304235, 3188851, 3188850, 3304233, 740990, 1318695, 3304238, 740991, 1318696, 1734406, 3188644, 3188855, 1734408, 994295, 2417872, 3188645, 2878801, 994290, 2878800, 2878803, 3188649, 994292, 2878802, 3644575, 3644547, 1734414, 3304270, 1734416, 1734415, 3304272, 1734411, 3188650, 3188885, 2878839, 3304266, 3188889, 3188658, 3188659, 2878831, 2878833, 3188881, 3644540, 2878836, 2878835, 3644558, 3644559, 3304260, 1734426, 1734421, 1734423, 3304261, 3188661, 3188662, 3188874, 3188873, 2878828, 3188872, 3188879, 3188878, 3188663, 3188877, 2417896, 2417897, 2878821, 3188667, 2417895, 3188668, 2878823, 2878822, 3188870, 3644551, 3644769, 994232, 994235, 3304292, 3644762, 3304291, 3644761, 138007, 3304296, 3304297, 138005, 3304294, 3304295, 138014, 138013, 3188671, 138010, 3043129, 3188676, 138011, 1166213, 2878851, 3043127, 3188678, 1166216, 3188679, 2878856, 1166218, 3043120, 994243, 3644770, 3304285, 3644775, 3644777, 3304284, 2878849, 3188683, 3304278, 3304276, 3043117, 3188685, 3644780, 3043119, 3188898, 1166226, 3043113, 994253, 1166228, 3043116, 994252, 3188893, 2878846, 994259, 3644588, 3644789, 994254, 2878880, 2878882, 3644782, 3644786, 3644785, 138027, 3644787, 3188694, 138037, 138034, 3188693, 138032, 2713196, 3043108, 3644790, 3043103, 994261, 2878873, 3644580, 2878876, 994263, 2713198, 3043104, 3644582, 3644583, 3644584, 3043101, 994269, 2878870, 2878872, 994267, 3644793, 3644795, 138019, 2713181, 3304299, 2713185, 1166201, 2878863, 2878862, 3644591, 1166205, 2878866, 994271, 3644597, 458959, 1734111, 26852, 2561921, 2561920, 2561923, 1734117, 1734118, 1318505, 1318507, 1734115, 1734114, 1318501, 1318502, 1318500, 26850, 458951, 458952, 26845, 26846, 458945, 26847, 458948, 1734122, 458947, 1734121, 26841, 2561934, 26844, 1734127, 1734129, 1734124, 1734123, 2417592, 2417590, 2417594, 2417599, 2417597, 26840, 458942, 458944, 458979, 3644389, 3042287, 2561940, 2561945, 26833, 3042281, 3042280, 3042403, 2163189, 26838, 1318527, 3042285, 1734134, 3042284, 3042407, 3042405, 1318525, 1318526, 2163182, 2163183, 2163184, 458971, 2561947, 458970, 458973, 3644383, 3644385, 3644387, 458976, 3644388, 458968, 3475001, 3042299, 1734144, 3042298, 3475003, 26826, 3042297, 26820, 26821, 1734140, 2561955, 2163197, 3042292, 3042413, 3475009, 3475008, 2163199, 26827, 1734146, 1734145, 3042293, 3042416, 1318512, 2163190, 2163191, 2163195, 2163196, 2561958, 3644392, 3644393, 3644394, 2561959, 458963, 3644397, 458965, 2561961, 3475012, 3475014, 2561962, 3475013, 26896, 3042420, 2561964, 3042428, 3188709, 1318546, 3042419, 1318541, 1318542, 3188701, 458990, 1318544, 3188700, 26895, 3475010, 26891, 3475023, 2561971, 3475025, 2561976, 26886, 3475704, 2561978, 3475029, 3475702, 1318538, 1318539, 3042437, 3042438, 1318534, 1318531, 458980, 458982, 3475707, 26882, 3475708, 26884, 458986, 458985, 3475709, 3475035, 3042442, 3475038, 2561986, 2561988, 3042441, 3475039, 3042445, 1318567, 1318568, 3188720, 1318563, 3188725, 3188724, 1318565, 3188722, 3475030, 3475032, 2561993, 2561999, 3042452, 3042457, 3188718, 3042458, 3188717, 1734108, 1734107, 3188715, 2561991, 1318553, 1318555, 26860, 26861, 3475040, 3475043, 1734197, 1996444, 2163129, 1734199, 1996442, 3042464, 3042226, 3475737, 1734195, 1734988, 1996446, 2162028, 3042225, 3475734, 3042224, 3042463, 3645542, 2162022, 2162023, 3304005, 2162024, 2163122, 3304008, 3304009, 2163126, 2162021, 741416, 741414, 741413, 741410, 3304004, 3304003, 3475739, 3645546, 1996452, 1996433, 2162019, 2163139, 1996434, 3042233, 3042472, 1587152, 3475741, 1587153, 1734972, 1996432, 3042231, 3042470, 1587154, 2162015, 3042238, 3042475, 3475747, 1587155, 3042237, 3645533, 3042236, 1996436, 3042235, 3475746, 3645531, 2163131, 3042479, 1996439, 2162013, 2163133, 2162014, 2163134, 2163135, 3475740, 2163137, 741405, 741403, 2163130, 1587158, 3475749, 3645536, 3042239, 1734981, 741407, 741408, 3645539, 2163106, 3042482, 1587162, 2162009, 3042200, 3042483, 3475711, 1587164, 2163109, 3042481, 3042203, 1472989, 3645564, 2162001, 2162002, 1472985, 2163102, 3475718, 3475716, 3042206, 3475717, 1734971, 1996473, 2562405, 1996474, 2562402, 3042212, 3475721, 3645552, 2163118, 3042494, 1587174, 1734951, 1996453, 1996454, 1996459, 3645556, 3042215, 3645555, 1587178, 1734955, 1996457, 3475724, 1472996, 1734958, 2163112, 2163113, 2163114, 1587171, 3042217, 3645557, 1734960, 1996462, 3042490, 287702, 287701, 3475777, 287704, 3042265, 3475774, 287703, 458914, 3042264, 1587188, 287708, 458919, 1587189, 1734151, 3475778, 1734150, 3475779, 741463, 741461, 2163166, 2163168, 1587180, 1734156, 1587181, 1734159, 3475770, 3475771, 741458, 741454, 741455, 1996491, 2562423, 2562422, 3645503, 1996495, 2562427, 2562425, 458910, 1996494, 2562424, 1996197, 3475787, 1734163, 1996478, 1587196, 1734166, 1996199, 1996475, 1587197, 3475789, 741452, 3042270, 458909, 741453, 741450, 741451, 2163179, 3042274, 3475783, 1587191, 3475784, 1996195, 3042272, 3475781, 1587193, 1734169, 1996194, 2562419, 2163170, 2562417, 741445, 2163171, 2163172, 741443, 2562412, 2562411, 1996484, 2562416, 1996482, 1734175, 1996186, 287723, 458934, 1734174, 3475755, 3475752, 1734176, 3475753, 458939, 2562441, 3042249, 3645523, 458938, 3475759, 3645522, 1734173, 3042247, 3475756, 3645521, 287729, 3475757, 741441, 2163143, 1996180, 2163145, 1996181, 1996184, 1996183, 741438, 741435, 1734180, 2562443, 3645525, 2561908, 1734186, 3042256, 1996174, 3042255, 3475766, 287715, 1734188, 287714, 1734994, 3042253, 3475764, 1734182, 3645512, 458927, 3042259, 2561912, 3042258, 2561911, 1996171, 2163157, 1734189, 1996170, 3042251, 1996173, 2163159, 287710, 1996172, 3475760, 741428, 741425, 741426, 2562439, 741423, 2163151, 741422, 2163152, 2562434, 3645516, 3645515, 1734191, 2561916, 3645514, 3645513, 2561918, 2561917, 3645519, 458922, 3645518, 458921, 3645517, 3188909, 287627, 1996166, 2162309, 3188906, 1996165, 1996167, 2162305, 1996169, 2562460, 741386, 3475691, 741382, 1589176, 1996160, 287620, 1589177, 3475696, 741380, 1589179, 741377, 1166377, 2162303, 2162304, 3188912, 2162301, 2162302, 3188915, 2162300, 3188913, 287614, 1589161, 3645497, 287613, 287616, 1589163, 1996154, 1996157, 287617, 1996156, 741375, 741373, 741371, 1166390, 741372, 1996150, 3645490, 1166382, 1166384, 741368, 1166386, 741367, 3188922, 2562454, 3188920, 2562458, 3188924, 2562457, 3188925, 287647, 2562481, 287646, 1589151, 3475678, 1589152, 3475675, 1589153, 3475676, 2562485, 1996145, 1996148, 1996501, 2162327, 2562483, 1587201, 2162328, 2562482, 1996508, 3475670, 1996505, 1996506, 287643, 741360, 1589154, 1589155, 287645, 1996509, 3475671, 3475672, 3304300, 1166354, 3304305, 1166355, 2562489, 1166357, 2162323, 2562487, 3188931, 1587205, 2162321, 1587207, 2162322, 3188935, 2162320, 1589140, 3475689, 287638, 3188939, 3475686, 1996135, 2562474, 1587210, 2162319, 2562473, 1587211, 1996137, 2162316, 3475681, 287630, 741351, 1589149, 287632, 287631, 741350, 3475682, 287633, 139001, 741349, 3188940, 3188941, 1166367, 1166366, 1996139, 2562478, 1587215, 2162312, 3188948, 2162311, 2562479, 3188947, 1996521, 2163205, 3645464, 2163206, 2163207, 1996121, 1996123, 1996526, 3645467, 1996524, 1996528, 2163201, 287666, 3304323, 3188952, 3304327, 3304324, 3304325, 2162348, 3188956, 1587226, 2162345, 3188953, 3188954, 3304329, 2162343, 2162341, 3188957, 3644411, 287657, 1996511, 2562491, 3644412, 3645452, 1996111, 3644413, 3645451, 287659, 1996110, 1587231, 2562496, 3644415, 3645457, 1587232, 3644416, 1996512, 2562494, 3645455, 2162339, 2562493, 1996518, 3644419, 287656, 2163214, 287655, 3304312, 3304315, 1996117, 2162336, 3188966, 1587236, 1996116, 2162337, 3188964, 3645459, 1587238, 2162330, 2162331, 2417508, 1589195, 1996541, 1587242, 1996547, 1587243, 3645489, 1996545, 1996546, 3645487, 287687, 3304351, 287686, 3304352, 3645480, 287688, 3304350, 1166394, 3304342, 1166395, 1166398, 3304348, 1166397, 3188971, 287691, 1996105, 2417501, 3188976, 2162365, 1996109, 1996551, 2162366, 2417502, 2417503, 287679, 1996533, 1996530, 1996531, 1587253, 1996536, 1996537, 1587255, 1996534, 1587256, 3645476, 287672, 741398, 287674, 1589187, 741394, 1589189, 287677, 2162350, 3188981, 3304334, 3304332, 3304337, 3188985, 3188983, 2162357, 2162354, 1996540, 2162353, 3475056, 2561883, 3644445, 288983, 3644447, 288981, 2561888, 2561889, 3304373, 3304374, 288987, 288986, 2561881, 2162383, 3188743, 3188991, 2162384, 3304367, 2162381, 3188995, 3188745, 3188994, 2162389, 3188998, 3475052, 2417527, 2417524, 3475054, 3644443, 288995, 2561894, 3644456, 288994, 3644457, 3475068, 3644458, 2561899, 3644459, 288990, 287694, 3304362, 288999, 288998, 287699, 2162372, 3304356, 3304353, 1318574, 3304359, 3188735, 1318576, 3188733, 3304358, 1166303, 1318570, 2417511, 1166302, 1318571, 1166304, 2417510, 3475060, 3644450, 1166307, 2417513, 3475065, 2162375, 3644422, 3644424, 3304392, 3304389, 3188768, 2417542, 3475074, 2417549, 3188760, 2417546, 3475076, 3475089, 3644433, 3475088, 2417539, 3644437, 3304381, 3188759, 3304383, 3188754, 3188753, 2162392, 2162390, 2162391, 2417530, 2417531, 3475085, 2162399, 1318590, 3475087, 1318591, 2417536, 288941, 288940, 288948, 1589137, 288946, 26937, 26939, 3188786, 1166330, 3188785, 1166331, 2417560, 2417566, 3644480, 3644481, 1166339, 3644487, 26922, 3644499, 26925, 288959, 288958, 288957, 26926, 288956, 1589121, 1166341, 1166340, 3188773, 2417550, 3644490, 1166347, 3644491, 3644492, 1166349, 1166348, 3644494, 3644495, 3188771, 3188770, 2417558, 3644498, 26911, 26910, 1589117, 288967, 288966, 1589112, 2417580, 2417581, 1166314, 1166313, 1166316, 1166315, 2417587, 3644461, 3644462, 3644463, 26900, 288974, 3644477, 26901, 3644478, 3644479, 26903, 288971, 26908, 1589103, 1589106, 288978, 26905, 288977, 1589101, 26907, 1589102, 3188795, 1166321, 1589109, 2417571, 2417577, 1166324, 3644470, 1166329, 2417579, 1734230, 26737, 26738, 458839, 3644969, 2561802, 26734, 1734238, 288904, 3042502, 288903, 288902, 26739, 3042505, 3644962, 288900, 3644961, 1734235, 2163080, 2163081, 2163082, 2163085, 288906, 2163086, 3644283, 3644284, 2561805, 2561808, 458831, 2561807, 458833, 458825, 3475100, 3644977, 26720, 26721, 458828, 2561813, 2561812, 2163098, 3042512, 3475108, 288915, 2163099, 3475107, 288914, 3042510, 3042511, 288912, 1734245, 3042516, 3644972, 288910, 3042509, 2163092, 288919, 288918, 288917, 2561815, 3644296, 3644297, 458823, 458858, 3644988, 26714, 458857, 3475110, 3644987, 1734254, 26716, 1734253, 2561822, 2561823, 2163065, 3475119, 288926, 2163066, 3042524, 3042521, 3644981, 26717, 288923, 1734256, 3644984, 3042525, 3644985, 3042518, 2163061, 2163064, 458850, 2561826, 3644260, 3644261, 3645602, 3645601, 3645608, 458853, 2561829, 458856, 288930, 458847, 994105, 458846, 994104, 1734262, 26704, 994107, 3475124, 994106, 3475123, 3042530, 3475126, 994100, 1734261, 2561835, 3475128, 26701, 2561834, 3475127, 3042535, 2163078, 288935, 3042533, 3644995, 994108, 3042536, 26709, 288931, 3042537, 3042529, 2163071, 2163072, 2163073, 2163074, 2561837, 3644271, 3644272, 458841, 2561839, 3644275, 458842, 26779, 3644922, 458879, 3475810, 3475135, 3644924, 2561841, 3475134, 3644923, 3475137, 26776, 3475136, 3644925, 2561846, 3475139, 3644928, 26778, 3042540, 3042545, 3042544, 3042547, 3644920, 458870, 458872, 3475818, 26774, 458873, 3475816, 458875, 3475130, 2561851, 26769, 3475146, 3042552, 3475148, 26765, 2561854, 3475147, 2561857, 1734205, 1734207, 1734206, 3042555, 3644931, 3042559, 3644930, 458861, 2561859, 1166500, 2561858, 3475829, 1166503, 3475827, 458864, 1587120, 3475142, 458866, 2561862, 3644944, 2561861, 3644943, 26759, 2561864, 3644946, 2561863, 2561866, 3042564, 3644947, 2561868, 1734218, 3042565, 1734211, 2561860, 1734213, 3644941, 3188600, 458890, 1318442, 3188604, 1318444, 3188602, 1318445, 3188601, 26750, 458893, 2561869, 458896, 1318441, 3475150, 3475153, 3475152, 2561873, 3475168, 3644957, 26749, 2561874, 3644959, 26743, 3475169, 3475803, 26745, 3042573, 3475801, 1734226, 1734223, 3644951, 1734222, 1734225, 458880, 3475807, 26740, 458885, 3475160, 26741, 3475164, 3475808, 458888, 3475163, 1587144, 2163007, 3042581, 1587143, 2163008, 3042343, 3042582, 3475854, 2163009, 3042342, 1587145, 1996564, 3042580, 1734869, 1587147, 1734868, 3042586, 3475858, 3475855, 3042584, 741540, 3042589, 2163001, 3042340, 741537, 741535, 741532, 1587268, 3475859, 1996572, 1734870, 1996571, 1587271, 1734854, 3042592, 1734853, 3475865, 1734852, 1587156, 3042352, 3042591, 1996558, 1587276, 1734857, 3042358, 1587277, 1734856, 1996556, 3042357, 3475867, 2163010, 2163011, 3042598, 3042599, 3042351, 3042350, 2163017, 741526, 741525, 1587161, 1734843, 3042322, 3644900, 1587283, 3042321, 3475832, 287803, 1734841, 1587123, 1587285, 1734840, 287805, 3042326, 3475835, 3644904, 287804, 3644903, 26799, 1587128, 1587288, 3042323, 3475834, 1587129, 1734849, 1587281, 741515, 741511, 741512, 2561987, 26794, 2561984, 26795, 3475837, 26796, 2561982, 741519, 1996594, 741517, 1996592, 741518, 1996593, 1587293, 3475842, 1587132, 1734831, 1996097, 3042332, 3475843, 1587295, 1734830, 1996574, 3475840, 3644913, 1587296, 3042330, 3475841, 26787, 1587136, 1734835, 3042336, 3475847, 1587139, 3644917, 26789, 3042334, 1996090, 1587290, 1587291, 1996095, 741505, 741503, 741501, 3644919, 2561995, 2561994, 1587140, 1996583, 2561992, 741509, 1996584, 741506, 1587142, 1996581, 2561990, 26781, 741507, 1587141, 1996582, 287823, 3042388, 3475897, 287822, 1587187, 1996086, 3042387, 3475898, 3475895, 1734270, 3645622, 3645621, 287829, 2163043, 741582, 1996081, 2163045, 741583, 1996080, 1996083, 3475894, 2163049, 287820, 3475892, 2561969, 2562308, 2561968, 2562307, 741577, 2163040, 2561966, 741576, 2561963, 1587190, 3645624, 1587192, 1587194, 2562305, 2562303, 1587199, 1734898, 1996076, 1996598, 287814, 1734287, 1734896, 1996596, 287813, 1734895, 1996077, 1996597, 3042396, 1734281, 1734283, 1734282, 2163054, 741571, 2163056, 1734289, 1996072, 741570, 1996074, 3042393, 3042392, 741565, 2163053, 2561975, 2561974, 3645615, 287819, 2561973, 1734290, 3645612, 2561970, 3645616, 1996065, 287844, 1587165, 1734295, 1996064, 287847, 458816, 1587168, 1996067, 2162408, 1587167, 1734884, 1996069, 2162406, 1734291, 1996068, 458819, 1734888, 3042367, 3475878, 741563, 2163022, 741560, 2163023, 1996061, 2163025, 3475871, 2163026, 2163027, 3042360, 1996062, 2561939, 741559, 2561948, 741557, 2561946, 2561944, 2561941, 2562324, 2162400, 1587170, 1587173, 1734894, 458812, 2562325, 287834, 3475886, 287833, 458802, 1587176, 1734875, 458805, 1587179, 1734874, 3042375, 287838, 458806, 1996057, 1734878, 3475889, 287830, 1996050, 2163036, 3042373, 3475882, 2163037, 3042372, 3475883, 2163038, 3475880, 287831, 3475881, 2561956, 741545, 2561953, 2561951, 2562312, 2562311, 1734883, 1587183, 458801, 1734880, 2562314, 287746, 1589051, 1996043, 287745, 1996045, 287149, 1996044, 1734902, 2162428, 287749, 1996600, 2162426, 2162427, 995576, 1996604, 1734903, 1996605, 287742, 1589055, 287741, 1734909, 287744, 1589057, 1996608, 1589058, 1734907, 1587309, 1166497, 1587301, 2562346, 1587302, 287142, 1587304, 1587305, 2162420, 2562349, 287146, 1587308, 2562347, 287137, 1589040, 1589041, 1589043, 287738, 2162418, 1996038, 2162415, 1587311, 2162416, 1589048, 741495, 1589046, 741491, 995571, 3188696, 995573, 741487, 995574, 3188691, 3188690, 287131, 1587314, 2162411, 287130, 2562332, 3188800, 1587316, 3188695, 3188806, 2562337, 1587319, 3188692, 2562360, 1996020, 3475799, 287128, 1996023, 3475796, 287769, 3475797, 1996025, 1996624, 1996027, 2562361, 287760, 741486, 1589038, 1996629, 1996626, 1996627, 287763, 741480, 3475793, 1166470, 741477, 1166479, 2562366, 3188810, 2162445, 1587327, 2162443, 3188817, 287124, 1587329, 1996610, 287759, 1996011, 2562353, 287118, 1996614, 1587332, 1996016, 1996015, 2162438, 287751, 1589028, 287750, 1996616, 287753, 741471, 1589023, 1166484, 1166483, 741468, 1166485, 741466, 1996018, 2162435, 1166489, 1587335, 3188824, 2162433, 3188821, 2562354, 3188822, 2162431, 1587339, 2162432, 3188828, 1589095, 2417607, 3645585, 1589096, 1734941, 1996643, 1587340, 1996000, 1734946, 1589092, 1734945, 1996002, 1996647, 1589093, 2417609, 1589094, 1734943, 3042301, 287781, 1734949, 1734947, 3645581, 2162460, 994080, 3188831, 287790, 1587345, 994085, 1587346, 994088, 1587347, 2562388, 3188832, 1587348, 1996008, 2162467, 994082, 1587349, 3188838, 1996650, 2417604, 994083, 2162463, 1996631, 2562371, 1589085, 2562370, 1587350, 3645572, 1589080, 1734935, 3645578, 3042314, 3645577, 1587354, 2162459, 2562373, 3042313, 3645576, 1589083, 3645575, 287771, 1996639, 287770, 1734937, 287772, 287775, 1589088, 3645570, 2162450, 994091, 994090, 3188841, 3188842, 3188840, 1587356, 3042318, 3188846, 994099, 2162455, 3188843, 994098, 3645579, 3188849, 2162451, 3188847, 2162452, 1589073, 1734920, 2417627, 2417628, 1587364, 1996669, 1589071, 1734926, 1589077, 1589079, 2162482, 3188853, 1587367, 3188856, 2417622, 1587369, 2162488, 2162486, 2417625, 2417619, 2562392, 3645595, 1996651, 2562391, 1996652, 3645593, 2562397, 1587376, 1589060, 1734911, 3645598, 1589061, 1734910, 3645597, 1734916, 287794, 287796, 3645591, 1734918, 2162472, 3188860, 3188863, 1587378, 2417610, 3188867, 1587379, 2162477, 2162478, 3188866, 1996660, 3475177, 288863, 3644324, 288862, 3475179, 288861, 994034, 3644329, 3188629, 288869, 3188627, 288868, 288867, 2561761, 1318469, 1318465, 3188875, 1318467, 3188623, 1166413, 1318460, 994041, 2417644, 1318462, 3188876, 1166414, 2417648, 3644320, 3475174, 288875, 3644334, 994049, 2417638, 3644336, 2417639, 3644337, 288871, 2561778, 3188617, 288878, 1318457, 1318458, 1318459, 2162491, 3188615, 1318454, 2162490, 3188614, 3188886, 3188883, 1166421, 3188884, 1166424, 2417632, 994052, 1318450, 2417633, 1166426, 1318451, 2417630, 3475182, 3188888, 2417636, 3475184, 3644330, 1166427, 3644331, 2162495, 3644332, 994050, 1166429, 288886, 3475199, 3644302, 288883, 994057, 3644305, 994056, 288880, 3644307, 3644308, 2561780, 288888, 288887, 3188892, 3188643, 3188641, 3188891, 3188896, 2417662, 3188897, 3188646, 1318483, 2417663, 1318485, 2417664, 3188899, 3188640, 3475197, 1318481, 3475196, 1166409, 3644313, 2561798, 2561797, 3644316, 288892, 288890, 3644319, 3188639, 3188638, 2561791, 1318479, 3188633, 3188632, 3188631, 2417650, 1166400, 1166401, 1318472, 994077, 1166404, 1318473, 994073, 1166407, 1318470, 2417657, 26813, 26814, 3644369, 26811, 288828, 1589017, 1589011, 26817, 26818, 288822, 26819, 3188666, 2417680, 3188664, 1589019, 2417684, 3188669, 1166455, 2417681, 1166456, 2417685, 3644363, 3644378, 26802, 3644379, 26803, 994008, 994007, 26809, 1589004, 1589005, 288836, 1589000, 26808, 288832, 1166460, 3188653, 1166461, 1166464, 1318497, 1589008, 2417672, 1318498, 2417673, 1318499, 2417670, 3188657, 3644370, 994011, 2417675, 3644373, 3188651, 1318490, 1318491, 3644377, 3644345, 994016, 3644347, 3644348, 994014, 288848, 288847, 3188688, 1166431, 1166430, 1166432, 1166434, 1166436, 3644341, 3644342, 3188682, 3644343, 3188681, 3644344, 994028, 3644356, 994027, 288851, 288850, 288858, 2417691, 1166440, 3188675, 3188674, 1166442, 2417694, 1166441, 2417695, 1166444, 1166443, 2417693, 1166446, 1166445, 2417697, 3188673, 1166449, 3188672, 458715, 2162668, 853891, 1587660, 2162669, 2561481, 3475693, 3782975, 3782974, 3782973, 853894, 3475698, 3782972, 458718, 853895, 1587664, 2162665, 1587667, 2162666, 853893, 3475699, 1587668, 2162661, 3042623, 3042620, 3042621, 3042627, 3782978, 3782977, 2417360, 2306170, 2417361, 138298, 3042618, 138296, 138297, 138295, 2306172, 2417363, 2417368, 138293, 2417366, 2417367, 853889, 2561484, 3475692, 2561483, 3043391, 2162659, 2561491, 458708, 853883, 458707, 2162654, 1587678, 458709, 3042633, 2162652, 3042638, 3042635, 138287, 2162095, 3042629, 2417354, 138281, 2417357, 853877, 853874, 2561498, 2417359, 1587680, 2162647, 3043380, 458739, 3782996, 458738, 3782995, 1587643, 2162642, 1587642, 3782993, 2561703, 1587644, 2162645, 2561702, 3782991, 3042642, 1587648, 2162641, 3042646, 3042647, 2417383, 2417381, 1850214, 596298, 1850213, 2561469, 2561705, 1850219, 2417388, 2561707, 2561706, 2162639, 2561464, 2561708, 3043387, 2561461, 3043386, 1587650, 2162635, 3043370, 458725, 3043372, 1587654, 2561712, 458729, 1587656, 3042655, 2162630, 3042659, 3042658, 1850200, 1850202, 1850208, 2561478, 458720, 2417377, 2561476, 2561717, 2561474, 458724, 2561473, 458723, 2561472, 1166619, 1734791, 1166618, 1734793, 2162626, 1734792, 2162621, 2561724, 3042666, 3042665, 1850240, 1734797, 3042669, 1850237, 1850234, 2561446, 458750, 1850238, 2561444, 458752, 2561728, 458755, 1166615, 2162617, 1166614, 2561440, 458756, 3042670, 2162615, 458749, 2162616, 2162611, 3042672, 3042676, 2417394, 1850226, 1166620, 2417395, 2417396, 2561458, 2561738, 1166621, 458742, 1850227, 2561455, 2561454, 1166626, 2162607, 458745, 2162609, 2162602, 2561743, 1587684, 1587687, 2561744, 2162600, 2561747, 1850262, 1850253, 1850258, 1850257, 2561425, 458773, 2561423, 1587690, 2561420, 458776, 1587691, 2561752, 3042691, 3782965, 1587693, 2561751, 2561754, 1587695, 2561753, 1587698, 1587697, 3042693, 1587699, 2561757, 3042699, 3042698, 3782969, 1850251, 3782968, 1850242, 1850247, 2561436, 2561435, 2561433, 1166601, 1166603, 2561430, 458768, 1166606, 1587382, 3476391, 3476393, 1587388, 3476394, 3304247, 3475616, 596241, 3304249, 3476390, 3475617, 596237, 596236, 596239, 596232, 596234, 2561403, 2561402, 2561401, 2561400, 3476399, 1587394, 3475620, 1587398, 3475622, 3476383, 3304237, 3475625, 596249, 2561416, 2561415, 596245, 3304234, 2561410, 3476388, 3475631, 3475634, 3475637, 3304229, 596219, 3476379, 3476362, 3476363, 3475641, 3476364, 3475640, 3475646, 596230, 3304216, 3475648, 3304219, 3304218, 596225, 596227, 3304211, 596223, 3476366, 3475650, 3475652, 3475651, 3475654, 3475656, 3475655, 596283, 3304203, 3475657, 596286, 3304206, 596282, 596276, 3304201, 3475663, 3475662, 2162698, 3475667, 2162695, 596290, 2162691, 596292, 596288, 596289, 3475674, 2162686, 2162687, 2162689, 3475677, 2162683, 596259, 2562209, 596255, 2562201, 2562207, 2562206, 3475687, 2162676, 596272, 2162673, 596274, 2162670, 596269, 3042861, 2562221, 1587420, 2416940, 2416943, 3476319, 2416944, 2416945, 3042868, 1587425, 3476311, 1587427, 3476312, 1587429, 3476314, 3042872, 3042870, 1587430, 1996398, 1587431, 3042873, 1996392, 2416960, 2416951, 3304198, 3304197, 3476308, 2416955, 3304199, 2416957, 1587433, 3476304, 1587434, 3042879, 2562212, 3042878, 1587436, 2562216, 1996382, 2416970, 2416971, 1166592, 2416962, 2416963, 3304187, 1166593, 2416964, 3304186, 995001, 2416966, 1166597, 2562247, 1166599, 3042846, 2562249, 3042849, 3042848, 3304182, 1587451, 2562232, 1587452, 2562231, 3042853, 1996378, 1734700, 1734701, 2416982, 2416973, 1734709, 2416975, 2416978, 2562236, 3042856, 1587459, 3304172, 3304171, 3475015, 3476353, 3475016, 1587462, 2562265, 1587463, 2162107, 3475019, 3476350, 995015, 995016, 3644484, 3644486, 3644488, 3475011, 2416582, 3304165, 995021, 2416580, 2416986, 2416987, 2416988, 995024, 2416989, 3043406, 3644493, 2162105, 2562269, 1587467, 1587468, 3043402, 2162104, 3043401, 2416585, 2416586, 3476356, 3476357, 2162100, 3476358, 3476340, 1587470, 1996350, 3476341, 1996353, 3476342, 2562254, 1587474, 1996354, 2562252, 2562251, 995004, 3475020, 995005, 3475021, 3475701, 3644497, 3475706, 995009, 3475705, 3475022, 596203, 2416995, 2416590, 3304154, 3304153, 596200, 995011, 2416998, 3304156, 596201, 995014, 1587479, 2416598, 2562256, 2416599, 596208, 3476344, 2416597, 3304150, 596209, 1587480, 1996340, 3042883, 3042882, 1587482, 1996342, 3476331, 1587483, 2562280, 1996344, 2562285, 3042885, 1587487, 1996345, 3042884, 995037, 3475713, 995038, 3304148, 995039, 3475715, 138307, 138304, 995040, 3304141, 138312, 995041, 2162120, 2416560, 853904, 995042, 853905, 995044, 3304145, 995045, 995046, 1587488, 1996348, 2162127, 2416567, 3476339, 2162126, 3042888, 853902, 3476333, 2162124, 3476334, 853900, 2162121, 2416561, 2162122, 3476336, 1587491, 2562272, 2562271, 1587493, 2562270, 3042892, 3475004, 3042891, 3475005, 3476321, 1996333, 3042897, 2162118, 2562274, 2562273, 995026, 995027, 3475723, 995028, 3475726, 3304139, 3475725, 3042890, 3475002, 3475000, 995030, 3304132, 3304131, 995033, 2416579, 2562279, 2416577, 2562277, 2416574, 3476322, 2162113, 2416572, 3476324, 2162111, 2561642, 3644448, 3475059, 2561645, 2416547, 995059, 3475053, 1734757, 1734756, 3644442, 1734751, 1850163, 3475058, 3644444, 3475055, 1850161, 3644446, 1850156, 853926, 1850153, 995065, 2162140, 458791, 1166530, 3043448, 458790, 995067, 1166532, 1166531, 458795, 1166534, 458794, 2416546, 3043443, 458797, 1166536, 2416543, 3043446, 1166535, 3043445, 853924, 2162145, 3043440, 458798, 853925, 1996329, 2162146, 853922, 2162143, 995061, 2416540, 3043441, 2561653, 2561652, 2562292, 2306107, 2561657, 1996310, 2416559, 995048, 3475064, 3644452, 3644451, 138318, 3475063, 3644453, 1850152, 138313, 2561651, 3475066, 1850150, 2561650, 3475067, 138322, 1850144, 853918, 138320, 1850142, 995054, 1850143, 458780, 1850148, 3475071, 995056, 1734769, 3475072, 1850146, 3043439, 458781, 1850147, 458784, 1996315, 2162138, 2306102, 2416556, 2306101, 458786, 1996317, 2162136, 2562299, 3043434, 1996319, 2162134, 2306106, 2162135, 2416553, 2416551, 3475037, 2306118, 2417309, 1996300, 1996302, 1996301, 2416526, 3475031, 1734776, 1850181, 1734779, 3644464, 1734773, 3644466, 1850182, 3475033, 2561661, 138355, 138353, 853948, 995087, 1850176, 138352, 995089, 1166510, 1850179, 3644472, 3043427, 853942, 2306113, 2416523, 1996303, 2417303, 2162169, 3043424, 853941, 853946, 995080, 1996308, 2162167, 2306117, 2878484, 853947, 1996307, 2162168, 2306116, 2416520, 2417307, 995082, 1166518, 2878483, 2561677, 3475048, 2561676, 2416538, 2561679, 2416536, 2416537, 3644474, 1734787, 1850170, 3644473, 3475041, 3644475, 138337, 1734784, 2561671, 3475046, 138338, 1734783, 1850174, 3475047, 1734786, 2561673, 3475044, 2561672, 853939, 995073, 1850166, 2162152, 138345, 995074, 2162153, 2878497, 995076, 1850165, 2162151, 995077, 995079, 1850168, 3644483, 3043416, 853931, 2306124, 3043410, 1166524, 2416533, 995070, 2162157, 2306127, 995071, 1166529, 2878493, 853934, 1166528, 2878494, 3644405, 3644404, 2416507, 2561688, 3043482, 2416508, 1587621, 2416505, 3644409, 2416506, 2561689, 3042820, 1587622, 3475097, 1587624, 3475095, 1587626, 1734712, 3644401, 3644400, 138368, 2561684, 3644403, 3644402, 138377, 1850199, 138375, 1850197, 2162183, 138376, 1850198, 2306131, 2417320, 138374, 1166573, 2162182, 2416900, 2417321, 1166576, 2416901, 138372, 2162180, 2417324, 3042825, 2306134, 2416904, 3042824, 853962, 2417323, 2162189, 2306139, 2416907, 2417328, 2417329, 853966, 3042827, 2306136, 2416518, 2417319, 2561699, 3644417, 853960, 1587632, 853961, 1587631, 2416514, 3042830, 1587633, 2416515, 1734722, 1734724, 3644410, 1850195, 2561693, 1734720, 1850193, 1850194, 995095, 1166581, 2162174, 138367, 2162175, 853959, 995097, 1166583, 138362, 995099, 1166585, 2306142, 1166584, 2416911, 1166587, 2416912, 138361, 1734727, 2416512, 853954, 1166588, 2306145, 3042835, 3043476, 853951, 2416510, 3042834, 995090, 2416511, 2416917, 3042833, 853957, 2416918, 3042839, 2306148, 2417315, 2162177, 2306147, 3042837, 3644427, 3644429, 1587601, 1587600, 3475075, 3475073, 3644421, 3475079, 1587609, 3475077, 1166550, 3042808, 1166552, 3475082, 138396, 1166551, 1734736, 2306152, 2417343, 3475083, 1734739, 2417340, 3042803, 138392, 853987, 2306156, 3043465, 1587402, 2306155, 2416927, 2417344, 3043468, 853985, 2306154, 3042800, 3043462, 3042806, 3043461, 853988, 2306159, 2417348, 3043464, 2417349, 1587610, 853983, 1587614, 3475086, 1734746, 3475084, 1587615, 3042610, 1587618, 1734742, 3644435, 1587419, 2306160, 3042608, 138389, 2162197, 3042606, 2162195, 3042607, 1734748, 2162192, 2306164, 2417331, 3475093, 1734747, 2162193, 2416933, 2417332, 3475094, 138382, 2417330, 3475092, 853975, 1166567, 1587411, 138381, 853976, 1166566, 2416937, 1587413, 1166568, 2306165, 2416939, 3042811, 3043450, 2162198, 2306169, 2417338, 3043452, 26977, 1587781, 2162548, 2561360, 1587784, 1587783, 853773, 26974, 2162545, 26976, 2162546, 3042743, 2878549, 2162542, 3042748, 2416709, 3042745, 2878541, 2417480, 2417485, 2878547, 596199, 2878546, 2561369, 2416700, 2561368, 2417487, 853765, 2561364, 2878540, 1587791, 1587790, 26966, 1166707, 2162536, 2162537, 2416719, 1166709, 1587795, 2162538, 26969, 2162539, 26962, 1587797, 853763, 1587796, 3042751, 26965, 1587798, 2416713, 2162530, 2162531, 3042753, 3042756, 2417470, 2878555, 2878552, 2417473, 2878557, 853755, 2417478, 853756, 2417479, 1166700, 2561377, 1166703, 2561376, 1166705, 2561374, 853758, 2561373, 26955, 458616, 853791, 458615, 1587762, 853790, 1587761, 853795, 3042761, 26952, 853793, 3042760, 596187, 1587769, 3042764, 3042768, 2878521, 2878520, 596177, 2878526, 596179, 2561348, 2878524, 2561347, 26950, 2561343, 2561340, 458605, 2561350, 3043491, 1587770, 2162515, 596190, 2162516, 3043493, 458606, 3043492, 458608, 853785, 3042770, 3042771, 3042776, 3042777, 596197, 2878539, 596191, 596194, 596193, 2878531, 2417496, 2878536, 2417497, 853777, 3043499, 2561357, 2417498, 2561356, 2162508, 2561353, 458603, 853779, 2561352, 458602, 3043496, 458637, 3042783, 2561601, 3042784, 2162502, 3042786, 3042789, 1850111, 2878585, 2878586, 2561329, 1850116, 1166732, 2561324, 2561605, 1850117, 2561323, 2561608, 1166733, 2878583, 458633, 2561320, 1166738, 2878581, 458635, 458626, 458628, 3042795, 3042792, 3042793, 3042796, 1850101, 2878597, 1850104, 1166741, 1850102, 2561338, 1166740, 853799, 2561336, 2561617, 2561616, 2878591, 853797, 1850106, 2561334, 853798, 1166744, 2561333, 458622, 2561331, 2878595, 458625, 2561330, 1166748, 1166717, 2561622, 1166719, 26995, 26996, 2561626, 1850140, 2878565, 1850134, 1850131, 2561309, 2878563, 1850132, 1850137, 1850135, 2561305, 2878567, 26991, 458652, 2561628, 2561300, 2561629, 1166714, 2878561, 2878562, 458657, 1166728, 2561635, 26985, 2561634, 2561636, 1850122, 2878576, 1850120, 2561319, 2561318, 1850127, 1850124, 2561316, 2878578, 2561315, 26980, 458641, 1166721, 1166720, 2561313, 1166723, 458642, 1166722, 2561311, 458645, 2878572, 458647, 1166726, 3476275, 3476277, 3475731, 3476271, 3476273, 2416790, 3304128, 2416793, 596115, 2416787, 3304121, 3304120, 3304123, 3304122, 3304125, 596113, 3304124, 3476264, 3476265, 3476260, 3475744, 3476262, 3475745, 596132, 3475748, 3304119, 596129, 2416798, 3304110, 596123, 3304112, 596122, 3304111, 596125, 3304114, 3476267, 3475751, 3476254, 3476250, 3476251, 3304105, 3304107, 3304106, 3304109, 3304100, 3476258, 3475761, 3475763, 3476240, 2162595, 3475767, 596110, 3475769, 2162592, 2162593, 596106, 596103, 3476249, 596109, 3475773, 3475772, 3644926, 596161, 2878500, 596158, 3644933, 3475788, 3644935, 2162572, 596173, 2162574, 2878516, 3644938, 2878517, 596170, 2162570, 2878510, 2878511, 596167, 2878514, 2878512, 3475780, 3476297, 3476298, 3475794, 2162565, 2162566, 3476293, 3644901, 3475798, 3476295, 2162563, 3644906, 3644907, 2162560, 596138, 596136, 3475790, 3476287, 3476288, 3644912, 596152, 2162550, 3644915, 596154, 1996290, 2162552, 3644916, 596153, 1996292, 1996294, 1996293, 596149, 1996285, 1996284, 3042981, 3042980, 3644964, 1996289, 3042986, 3644965, 1996288, 3644966, 3042984, 3644967, 1996280, 3304088, 2416821, 3304087, 2416823, 2562103, 1587545, 3304080, 1587546, 3304082, 3304081, 2562106, 3304083, 3475105, 1996273, 3042992, 3475106, 3644973, 1996275, 3042990, 3644976, 1996277, 1587552, 3042995, 3042994, 1996270, 3475102, 3304075, 2416830, 2416831, 3304077, 1734808, 3304076, 2416833, 1734802, 2416834, 1734805, 1587555, 1587559, 3644940, 1996265, 1996264, 1587561, 2162208, 3042964, 1996266, 2162209, 1587563, 2162206, 3644945, 3644949, 1996261, 1734818, 1734817, 2416842, 1734819, 3304067, 2562126, 3042968, 2162205, 2416849, 2562125, 3042967, 2162202, 1587568, 3042965, 3304060, 2162201, 2562127, 1996251, 3644952, 3644953, 2562111, 3644954, 1587573, 2562110, 3644955, 3042973, 1734821, 3475800, 3475802, 3475805, 1996250, 2416852, 2416854, 1734825, 3304057, 2416856, 3304059, 2416859, 2562115, 3042979, 2562114, 3042978, 1587578, 3042977, 3042976, 2562119, 2562116, 3475138, 3476231, 1587581, 1996243, 3476232, 1587582, 138409, 1587586, 1996246, 2162229, 3644364, 3475131, 3475811, 138405, 3475813, 3644365, 3644368, 3644367, 3475132, 3475133, 2416862, 3475809, 138411, 3304043, 3043525, 3304046, 3644371, 3304045, 3043526, 3304047, 3043521, 2562147, 2162224, 2562146, 3043523, 2562145, 3043522, 2162222, 2162223, 2162221, 2562149, 3476237, 3475149, 1996232, 3476221, 1587593, 1587594, 1996236, 3304039, 3475141, 3644375, 3475822, 3475824, 3644376, 3475145, 2416881, 3475826, 2416882, 3475143, 3475144, 3475828, 2416873, 3043518, 3304030, 3644380, 3304035, 3043516, 2162215, 1587599, 3476228, 2162213, 3043512, 2562134, 3476223, 2562162, 3475116, 3644983, 1996221, 3475114, 1996223, 3475830, 1996222, 2562165, 1996225, 3475118, 1996224, 2562163, 3475833, 3475836, 138428, 2416890, 3304029, 3475112, 138423, 2416893, 3475839, 138432, 2162240, 3304022, 3644391, 2162248, 2162249, 2416689, 2562169, 2562168, 3043500, 3476219, 3476212, 3644980, 3476215, 3644982, 2562151, 3475125, 3644997, 3644999, 2162239, 2562153, 1996213, 138418, 3304017, 3475845, 3475120, 3475844, 138417, 3304018, 3475846, 3644398, 3475849, 3475121, 3475122, 138420, 2416898, 2416899, 2162237, 3476205, 1996215, 3476206, 1996218, 2162236, 3476208, 2162233, 2416695, 1996219, 3476202, 2416693, 3476203, 2416694, 3644993, 2562184, 27301, 2562183, 27304, 2417407, 2561524, 1996203, 1996202, 2416669, 2562185, 1734876, 3475175, 138449, 1587704, 3644322, 1589216, 1734877, 3475173, 3644321, 1587706, 1734872, 1587705, 1734871, 3644323, 3644326, 138446, 1589212, 2162262, 1850035, 138452, 853805, 138453, 2162261, 3042907, 458670, 138451, 3043568, 1589219, 1166652, 3475180, 2416666, 3042902, 1166654, 1996204, 2416667, 3042901, 3043567, 1996206, 2416665, 3043566, 1996209, 2416662, 3042906, 3043561, 458677, 2416663, 2417406, 27308, 2416660, 27307, 458679, 3042903, 3043562, 2562173, 3644339, 2562172, 2562170, 1587711, 1587710, 2561537, 3475185, 1589204, 3644333, 138439, 1589205, 138434, 1734885, 3475187, 138435, 3475188, 138444, 1166660, 1589206, 138440, 3043557, 1850025, 3644340, 1850026, 3475191, 458663, 2416678, 3043553, 1850029, 2416675, 3043556, 2162258, 2562178, 3042910, 2162255, 3043550, 458666, 2416674, 2416671, 3042914, 3043551, 1734890, 2417429, 3475158, 3475159, 2416649, 2416646, 2561549, 1850060, 1734899, 3475151, 3475156, 3644346, 1850064, 3475157, 138467, 1850061, 1850062, 138476, 853829, 1850056, 138477, 853827, 138475, 3043547, 138473, 458691, 2417420, 3043546, 1850058, 3644351, 138471, 458693, 3644350, 2416644, 3043543, 458695, 2416645, 2417424, 2416642, 3043545, 2416640, 2417427, 458699, 2162289, 2416641, 853823, 1166639, 2162286, 853824, 1166638, 2561553, 2561556, 2561558, 2561557, 2562197, 2561559, 3475161, 138458, 2562191, 3475167, 3644357, 138456, 1850050, 3475165, 3644359, 138457, 3475166, 1850045, 853819, 1850046, 3043539, 853816, 2162272, 138461, 1166640, 1850049, 3475170, 458683, 1166642, 138460, 1166641, 3043537, 3644361, 458685, 853810, 458684, 2416656, 2417413, 458687, 2416653, 3043534, 458686, 2162277, 1166647, 2416652, 2416650, 2561564, 1587740, 2561567, 2561569, 3042942, 853851, 2416627, 1587743, 1850081, 1587745, 1587748, 1734834, 1734833, 1850080, 1850085, 3042704, 138489, 1850084, 1587507, 1850078, 1850076, 138497, 1734836, 138495, 138492, 1734838, 138493, 1166696, 2417440, 853843, 2416622, 2417445, 3042946, 138491, 1166698, 1587501, 2417444, 3042943, 853847, 853848, 1587504, 3042947, 2561576, 3043590, 1587751, 1589240, 2416639, 2561578, 3043591, 1587753, 2416637, 3042953, 853840, 3042952, 2416635, 1587754, 1587757, 1734845, 1587758, 1850074, 3042714, 2561574, 3042712, 1850073, 1850067, 1850068, 2162296, 1850065, 3042705, 853839, 3042706, 1734847, 1734846, 138482, 1734848, 3042957, 3043598, 853833, 2416634, 3042956, 3043597, 1587512, 2416631, 2416632, 3042954, 3043599, 3043594, 2417439, 1587516, 3042959, 3043596, 853835, 2417437, 2561383, 3644306, 3043581, 2561380, 3043580, 853872, 853873, 2416605, 3644309, 853870, 1587722, 1587520, 2416603, 1587723, 1587726, 2561581, 3475194, 1589238, 1734855, 3042720, 1589231, 1734850, 1587727, 3475198, 3644304, 1734851, 1587529, 3042716, 3042929, 2417463, 2416802, 1166674, 1734859, 2416803, 1587521, 2416601, 3043586, 1166679, 2561389, 3042922, 853864, 1166678, 1587524, 2416807, 2561388, 853869, 2416808, 3042927, 3043582, 1587527, 2417469, 2561385, 3042925, 3644317, 2416617, 2416618, 3644318, 3042931, 853862, 1587530, 2416613, 853860, 1587531, 1587732, 1587735, 1589224, 1850092, 3042732, 1734864, 1850093, 3644311, 1850096, 1587738, 1589221, 2561593, 2561596, 3042734, 1734862, 3042735, 3644314, 1166680, 1850089, 3042729, 3304097, 3304096, 1850087, 3304099, 1166681, 1850088, 2416810, 2417452, 2416812, 3043579, 2416813, 2417450, 1166685, 1166688, 2417456, 1166687, 2417457, 3042934, 853852, 3043578, 853853, 2416818, 2561399, 3042932, 3043577, 3304090, 1587536, 2416819, 3042939, 1587537, 2417458, 2561396, 1587539, 3304094, 2416828, 1996049, 596080, 1587421, 1996046, 2416826, 3043163, 3644605, 1166818, 1734594, 1996047, 2416827, 3475453, 855112, 1587423, 2416825, 3475455, 2162424, 2162425, 3644608, 3042864, 596085, 855115, 1587426, 3475459, 855113, 3042863, 596082, 596081, 855119, 3042869, 3042866, 3644601, 855117, 138058, 1996609, 2878664, 2878665, 138057, 2878663, 2417122, 138055, 2878669, 138052, 1996051, 2416820, 3043168, 2417124, 1166810, 1996602, 2878661, 1166815, 1996053, 2417128, 1996606, 3043166, 2416839, 3644614, 3475462, 3644613, 1587432, 1996035, 2416837, 3043152, 1166829, 2416838, 3475464, 2162412, 3475466, 3644617, 3475469, 1587435, 2162414, 3644619, 596096, 1587437, 596099, 855124, 2162410, 3042874, 596092, 138038, 855129, 3644612, 596094, 2878675, 138045, 2878673, 138046, 2878679, 138044, 2417112, 138041, 2417110, 2878678, 1996040, 2417115, 138040, 3043157, 3043159, 2417119, 2162409, 3043153, 1996042, 3475460, 855130, 2162405, 3475473, 3644624, 3475476, 3644627, 3475475, 1587400, 2162401, 2162402, 3042880, 855131, 2162403, 2416801, 3042881, 3475479, 596064, 855138, 1587405, 3042886, 1587404, 1587407, 596065, 1587406, 2878649, 1587408, 3644623, 855139, 2416809, 3042889, 2417141, 2878643, 2417144, 2878646, 596059, 2417148, 2417149, 1996071, 138071, 3043148, 1996075, 3043145, 3475471, 3644636, 1166808, 1587410, 1166807, 2416816, 3042893, 855144, 3042894, 3644639, 855143, 1587414, 1587416, 3042898, 2878659, 3644630, 596070, 3644631, 596073, 3042899, 3644634, 596072, 2878654, 138068, 2878652, 138063, 138064, 2417132, 1996063, 2417136, 3043137, 1166801, 2417139, 3043134, 1166803, 3475482, 2561680, 855151, 3475495, 1734551, 3475498, 1587464, 3475497, 855155, 1587466, 3475499, 855154, 855158, 1734553, 2417170, 2417163, 1850196, 2417166, 138096, 138097, 138095, 1166855, 1996093, 3475490, 458510, 1996094, 2561685, 1166857, 1850190, 1996099, 458512, 1166856, 2561683, 3475491, 458515, 1166859, 1850192, 2561682, 1850191, 1996098, 2561681, 1734560, 855162, 1587473, 3043193, 1587476, 1734562, 1587475, 1587478, 3043190, 855166, 1587477, 3043191, 1734569, 1734564, 1734566, 1850183, 2417151, 1850185, 1850184, 1850187, 138088, 1850189, 1850188, 1166864, 2417159, 1166863, 1996082, 1166865, 2417158, 2561696, 458502, 1996088, 2561695, 138080, 458503, 1166869, 1850180, 1996087, 2561692, 1166839, 1734571, 1587440, 1734570, 1587443, 855171, 1587442, 3043184, 855177, 2561505, 3043181, 1587449, 1734579, 1734575, 2417191, 2417192, 1734577, 2417184, 1850013, 2417185, 2878687, 1850173, 2878685, 1850175, 1850178, 2417186, 2561668, 2417187, 2561667, 458530, 458533, 1166833, 1166832, 2561508, 458534, 855180, 2878683, 1166837, 2878680, 458536, 2878681, 1734582, 2561510, 855184, 3043171, 1587454, 1734584, 2561512, 3043174, 458529, 855182, 1587453, 3043173, 1587456, 1587455, 2561513, 1587458, 3043170, 1850169, 1734588, 1734587, 1850001, 2878697, 1850160, 2417174, 1850162, 2417177, 1850164, 2417178, 1166840, 1850167, 1166841, 2561517, 2878690, 458522, 1166844, 458521, 1166843, 2561519, 458524, 855192, 3043176, 1166845, 2878694, 458526, 855190, 1166848, 1587460, 3043177, 3476156, 3476150, 855198, 3476151, 596000, 2416670, 2416672, 2416664, 1850151, 2561649, 1850154, 2561648, 2561647, 2561646, 2561640, 3476157, 3476159, 3476143, 2162499, 596011, 2416680, 2416682, 2162492, 2416683, 2162493, 2416684, 2162494, 2416676, 2417196, 2417193, 2417199, 2561659, 2561658, 596004, 1850145, 596003, 2417198, 2561656, 3476146, 1587485, 3476131, 2162489, 3042688, 3042687, 3476130, 1850136, 2162484, 2416691, 2162487, 2162480, 3042681, 1850139, 2162481, 2416696, 2416686, 2416687, 2416688, 2561627, 2561625, 2561623, 3476139, 2561621, 1587492, 1587496, 3476120, 3042695, 3476121, 3042694, 1587497, 1587499, 2162479, 3042697, 3475405, 2162474, 2162476, 3475406, 3475409, 2162470, 3475408, 2162471, 3042690, 2561638, 2561637, 2561633, 3476129, 2561630, 3476125, 3476126, 1996004, 1996005, 3475410, 3476199, 1996003, 3476193, 1996009, 3475411, 3644801, 854970, 1996006, 2162468, 3644802, 1996007, 2162469, 3475413, 596042, 2162462, 3644804, 596041, 2878629, 3475415, 3644805, 2878626, 3475418, 596043, 1850115, 2162465, 2878627, 3644808, 3475419, 596040, 596039, 2878621, 2561604, 2878624, 596034, 2561603, 596037, 1850112, 596036, 2878623, 854961, 854963, 1996012, 3476186, 3475304, 3475421, 3475420, 3644810, 3475307, 3476182, 3644811, 854980, 2162456, 3475308, 3475422, 854981, 2162457, 3475305, 3475425, 3644813, 596053, 1850103, 3475427, 3644816, 596055, 2162453, 3475429, 2162454, 3476181, 3644818, 3475300, 1850109, 596050, 1850108, 2561609, 2561619, 596046, 2878635, 2561613, 1850100, 2561612, 2561611, 854973, 2561610, 1996001, 854978, 1996026, 2162448, 3475430, 3476175, 3475432, 3476177, 3476178, 854990, 2162444, 3476171, 3475433, 3476172, 1996028, 2162446, 1996029, 2878606, 3475438, 2878607, 995317, 596013, 995320, 995321, 995322, 854983, 1996030, 854985, 854986, 1996033, 1996034, 854989, 1996032, 3475440, 3476165, 3476167, 1996019, 2162434, 3475444, 3476161, 1996017, 2162436, 596031, 995301, 3475449, 596030, 2878616, 995306, 596028, 596024, 596026, 596025, 995311, 854995, 3476169, 1996021, 1166028, 3645024, 1166027, 1166934, 3475216, 3475213, 1166025, 2561489, 3645021, 1166937, 3475219, 1587661, 3042622, 1166939, 3645025, 2561480, 995215, 2561482, 995216, 995217, 3475211, 1166930, 3475212, 1166932, 2561485, 2416701, 995221, 2416702, 2416704, 1166020, 1166024, 1166023, 3042628, 1166017, 1166944, 3475226, 3644851, 3645013, 1166016, 1166015, 3475224, 3645011, 1166014, 1166947, 3644854, 3645010, 1587671, 1166949, 1587672, 1587673, 3042632, 1587674, 3042631, 3644858, 3645014, 3644859, 995203, 2561493, 995205, 2561492, 3475222, 3475223, 2561497, 995209, 2416710, 2416711, 995211, 995212, 1587675, 2416716, 2416718, 1166010, 3644850, 1166006, 1166005, 1166956, 3645045, 3645044, 1166003, 1587681, 2562000, 1166008, 3645048, 1587685, 995235, 3644829, 995239, 3645040, 597014, 597013, 2416720, 995240, 2306168, 597017, 995243, 597016, 597015, 2416726, 1587686, 2562005, 3042605, 2562004, 1587688, 2562003, 597019, 1587689, 2562002, 2562009, 2562008, 2562007, 3475204, 3644830, 1587692, 3644832, 3042612, 3475208, 1587694, 3645038, 3645037, 1587696, 995225, 995226, 1166960, 3644839, 1166963, 3475201, 597002, 2416731, 597000, 2416733, 2416734, 597005, 995233, 2416738, 3042616, 597009, 2306171, 3042619, 1166977, 3042663, 1166978, 3644885, 3475257, 3476111, 3042660, 3644888, 2562021, 2562020, 3042664, 995257, 3475251, 995258, 1166970, 3475252, 1166971, 1166974, 995261, 995263, 995265, 2416747, 2416748, 2562027, 2562026, 3476118, 2562025, 1166061, 2562024, 1166068, 1166067, 3476114, 3644881, 1166065, 3042674, 1166989, 3042671, 2562011, 995246, 1166980, 1166981, 3475263, 1166983, 1166984, 3475266, 2416760, 3304393, 995251, 2416757, 995255, 3476106, 1166052, 3476107, 1166050, 3042679, 3304390, 3476102, 3644891, 1166055, 2562018, 3476104, 2562017, 3304391, 3644894, 3042641, 3475237, 1166049, 2562040, 3644863, 3645001, 3475235, 1166047, 1996586, 3042645, 1996585, 3644867, 3645005, 2562043, 3475239, 2562042, 995279, 3475230, 1166994, 2416770, 3475233, 1166996, 3475234, 1996580, 2416772, 3475231, 2416773, 3475232, 2416764, 3304382, 995285, 3304384, 2416767, 3304387, 3304386, 995288, 2416769, 1996589, 1166040, 3645008, 2562046, 3645007, 995280, 995281, 2562030, 3475248, 1996570, 3644874, 1166037, 3042650, 3644875, 1166036, 1996575, 3042656, 3644877, 2562033, 3042654, 995269, 3475241, 2162398, 2162393, 2416782, 2162394, 2416784, 3304372, 2416775, 3304371, 2416776, 995274, 3304378, 995278, 3304377, 2562038, 1166030, 2562037, 2562035, 3042657, 995270, 1996562, 1996561, 2562067, 1996563, 1996566, 2416789, 2561406, 1996565, 2562064, 597083, 3475295, 597087, 3475299, 1734511, 3644689, 3644688, 1166770, 1734517, 3043205, 1166774, 3043208, 3644692, 1996568, 3043202, 1996567, 1166778, 2416785, 1996569, 2561409, 458557, 458556, 1166779, 2416781, 2562052, 2562051, 3645099, 1996550, 2561412, 2561414, 1996555, 2561417, 2562054, 1996554, 2562053, 2306108, 3644693, 597070, 1734525, 1734522, 3645095, 3644699, 3645094, 2306111, 995294, 2306110, 1166780, 2306112, 995297, 1166093, 1166783, 1734527, 1166090, 1166787, 1996557, 2561419, 1166096, 2561418, 458544, 1166789, 1996559, 2416796, 2562058, 2416797, 2416794, 2416795, 458548, 2416792, 458547, 995292, 1166098, 2561422, 2561421, 2562084, 2561424, 1996542, 2561426, 2562088, 1996543, 2416768, 2561427, 3475272, 3475277, 138107, 2562080, 138104, 1734533, 138114, 1587607, 138111, 597099, 1734539, 3475280, 138110, 458570, 1166081, 1734538, 458572, 1166751, 1166754, 2416765, 1166753, 2561429, 1996548, 2416763, 1166089, 1587603, 1166088, 1166087, 1166759, 2562074, 2561432, 2562073, 2562072, 2561434, 2562071, 597090, 2561439, 1996532, 597094, 1734546, 3475284, 1734545, 3042810, 597092, 1734548, 3475282, 597098, 1734542, 3042814, 2561431, 1734543, 3042812, 1587617, 138100, 597089, 3042804, 597088, 3042805, 1166071, 1166761, 1166070, 1166760, 458562, 3042809, 1166075, 1166765, 1996535, 1166764, 2416777, 458567, 1996538, 1587616, 2561443, 3645067, 3644649, 3645066, 1996520, 2561448, 2416746, 3042821, 3644641, 138128, 597043, 138129, 597042, 3645062, 2306138, 3042823, 3644644, 1587628, 2306144, 597035, 1587629, 2306143, 138133, 458591, 597034, 3042815, 458590, 3042816, 138131, 2306140, 138132, 597039, 3043249, 597038, 3042819, 138130, 458594, 2416743, 1996523, 2416744, 3043248, 1587623, 1996525, 3043242, 1587627, 2562095, 3645054, 2416758, 2562098, 3645059, 1587630, 3042831, 855203, 855202, 3644652, 855201, 138117, 855208, 3645053, 597031, 855207, 2561450, 2562091, 3644653, 597030, 2561453, 2562090, 3645051, 855205, 2306149, 3645050, 597025, 3042828, 3042829, 458580, 597022, 458582, 597029, 458581, 597028, 2306153, 458583, 1996515, 2416752, 1587634, 1996514, 2416753, 3043231, 2416751, 1587637, 1996519, 3043233, 1587638, 3644669, 2416727, 2561468, 3645088, 2416728, 2561467, 855211, 2416725, 1996500, 2416723, 3042843, 3644660, 855213, 3042840, 3645080, 855212, 3644662, 597065, 2306115, 2561462, 3645086, 597064, 3042847, 855217, 3644667, 138149, 138157, 2306122, 138158, 597057, 2306121, 138155, 597055, 1166791, 3042838, 138153, 3043228, 138154, 3043227, 138152, 1166798, 2417104, 138150, 1996504, 1996503, 1587646, 2417108, 2417109, 2417106, 2561477, 3645078, 2416739, 2416737, 3042850, 855220, 2416735, 3645071, 1734501, 3042854, 3644671, 2561471, 3644674, 2561470, 3042852, 3042857, 3644676, 855229, 3042858, 138137, 2561475, 3042855, 3644678, 3645073, 855227, 2306132, 597045, 138145, 597044, 138142, 138143, 1734505, 138141, 3043218, 3644680, 1587653, 3043215, 1587657, 1587659, 2416949, 3475573, 2162306, 3043281, 2162307, 2416947, 3043284, 1587541, 2416948, 3043283, 3475574, 3475577, 1587543, 3042982, 1587547, 3042983, 3042988, 138179, 2878786, 2417243, 2878789, 2417241, 138171, 2417247, 1166933, 2878782, 1996175, 3475570, 3475584, 3475583, 1587553, 3475586, 2416959, 855001, 1587554, 1587557, 2416954, 3042991, 3042996, 855005, 1587558, 3042997, 3042999, 138168, 138164, 2417232, 138162, 1996162, 2416953, 1166943, 2416950, 1166942, 2417235, 853999, 1587560, 2417238, 2878790, 3043277, 3475582, 1166946, 3043276, 3644504, 3475594, 2416925, 3043261, 3475596, 1587522, 2416923, 3476094, 2416924, 3476095, 3644507, 855011, 2416921, 1587523, 1587526, 1587525, 855015, 3476092, 855014, 2416929, 3644502, 855018, 2417261, 2878763, 1850094, 2417262, 138199, 2878761, 138197, 1850099, 1996190, 2417265, 1850098, 1996191, 2417263, 2417264, 2878766, 3043268, 1166910, 2417268, 3043269, 1166912, 1850091, 1996198, 3043264, 3475591, 1166911, 3043263, 1166914, 3043266, 3043265, 3475592, 855020, 2416938, 3476087, 1996178, 2416936, 2561590, 3043251, 3476089, 1166928, 3043250, 3644516, 1587533, 2416934, 3644519, 2416935, 1587535, 1587534, 3476086, 3476080, 855025, 1587538, 3644511, 3644513, 855029, 2417251, 2878772, 2417254, 2417253, 2416930, 138183, 2416931, 2561599, 3043256, 138180, 2561598, 3043259, 1996182, 2561597, 1166923, 1996187, 2561595, 2878771, 2561594, 3043255, 1166924, 3043254, 2416906, 1587585, 855035, 855034, 2416902, 855032, 1587589, 855039, 1734679, 1734673, 1850072, 1850075, 2417282, 1850077, 1850079, 2417285, 2561568, 1166973, 1587591, 1587590, 2561562, 1850071, 1587592, 1850070, 1587597, 1587596, 1587598, 2416910, 855043, 855049, 1850069, 1734687, 1850066, 2417276, 2561577, 1166986, 2561573, 2561571, 458418, 855053, 1587562, 1166959, 855051, 458419, 855057, 1587566, 855056, 855054, 1850059, 1587569, 1850053, 1850052, 1850055, 1166950, 1850057, 2561547, 2561546, 2561545, 1166951, 2561544, 458412, 458411, 1166953, 2561541, 2561540, 458416, 1166958, 855064, 458406, 1587572, 855062, 1587575, 3043295, 458408, 855061, 3043294, 855066, 1587579, 3043291, 2417294, 1850043, 1166961, 1166965, 1166964, 1166967, 458402, 855070, 1166966, 3043296, 458405, 2561550, 3043299, 3043298, 855074, 855079, 855078, 855076, 3476031, 1850037, 2162385, 3304369, 1850036, 2878706, 3304368, 2162387, 1850038, 3304361, 2416544, 3304360, 3304363, 2561528, 3304365, 1850032, 2561526, 2561525, 1850034, 2561522, 3476039, 3476022, 855084, 855089, 2162374, 3475504, 2162376, 3475506, 1850027, 2162377, 3475505, 2416563, 2878718, 2416555, 1850020, 2416557, 2561539, 1850022, 3304354, 1850024, 1850023, 2561535, 3304355, 2561534, 2561533, 2561532, 2561530, 3476026, 855097, 1996103, 3476011, 855095, 3476012, 1996107, 3645204, 2162368, 3645203, 3645202, 1996106, 3475512, 3645201, 2162363, 3304347, 3475514, 1850017, 2416570, 2416571, 3475519, 1850018, 2162362, 2416565, 2561509, 2416566, 2561507, 3304341, 2561506, 3304340, 3304343, 1850010, 2561503, 3304344, 3476018, 3645208, 3476019, 3476015, 3476000, 3476002, 2162356, 3475521, 1850006, 1850005, 1850008, 1850007, 3475529, 2561518, 1850000, 2561516, 2561515, 3304331, 3476007, 2561511, 3476008, 1996100, 3476005, 3476006, 2162349, 3476076, 1166104, 3475414, 3476077, 1166103, 3475531, 3475412, 1996129, 3475417, 3475533, 2162347, 1166106, 1996128, 3475416, 3475534, 3475537, 2416592, 3475539, 2162344, 2416593, 2416594, 3304328, 2162340, 2416587, 2416588, 2878742, 2416589, 3304321, 2878744, 1166101, 1996130, 1996131, 2162338, 1166904, 3476066, 1166907, 1996112, 1996113, 3475423, 1996118, 2162334, 1996119, 3476062, 3304314, 3304313, 2162332, 2162333, 2878759, 3304319, 2878752, 2878753, 3304311, 3476069, 1166902, 1996120, 1996147, 1996149, 2162326, 2878727, 3304303, 3475558, 2878725, 2878726, 3304304, 3304307, 3304309, 3304308, 2878723, 995201, 1996155, 1996152, 3475402, 3475562, 3476043, 3475403, 3475561, 3476044, 1996134, 3475564, 3476045, 3475563, 3475566, 3476040, 1996138, 3475568, 3476042, 2878738, 2878739, 2878736, 2878737, 2878731, 2878735, 2878733, 1996140, 1996143, 3476047, 1996144, 1996141, 3475560, 1166149, 2561367, 3042740, 3475336, 3475337, 1166147, 3475334, 3644721, 3475335, 3644722, 3644723, 1587782, 741021, 2561361, 2561363, 2561362, 2561365, 3475330, 741018, 741014, 3042747, 1587787, 3042746, 3042749, 3644730, 3645134, 3644731, 3645132, 1587792, 3042754, 3644735, 1166139, 3042752, 3644737, 741012, 2561370, 741013, 3475340, 741010, 2561372, 741011, 2561371, 3475343, 3475342, 741007, 741005, 1166130, 3042759, 3042758, 1166134, 1166127, 3475315, 1166125, 1166124, 3042722, 3475316, 3475317, 3644704, 995114, 3644705, 3644706, 995117, 3644708, 3475310, 3644709, 3645163, 2561386, 3645160, 2416600, 995121, 2416602, 995123, 2416604, 2561390, 2416606, 3042726, 2416608, 2416609, 1166123, 1166122, 1166121, 3042728, 1996496, 3475323, 3644710, 3645154, 3644711, 1996498, 3644712, 1166119, 1996497, 3645159, 3475327, 1166117, 3042730, 3475328, 995103, 2561392, 2561394, 995106, 3644719, 3475322, 2561397, 3475320, 2416611, 995110, 2416614, 2416615, 995113, 3304290, 3042738, 741060, 3042782, 3644766, 1996487, 3644767, 3645105, 3042787, 3644768, 1996488, 3645102, 3475377, 3475374, 741062, 2416620, 2416621, 3304283, 995142, 741058, 3304289, 2416629, 3645107, 1166182, 3645106, 1166189, 1166188, 1166186, 1996472, 3644774, 1996471, 3042794, 3644776, 1996476, 3042799, 3042798, 3042797, 1996477, 2162297, 741057, 995126, 2162298, 3475381, 995128, 741052, 995129, 2162293, 3475387, 741053, 2162294, 3042790, 1996470, 2162295, 3475385, 3475386, 2162290, 995130, 2162291, 3304275, 995131, 2162292, 3304274, 3304277, 3475390, 2416636, 1166174, 1166173, 1166171, 1166178, 3644771, 3304271, 3644773, 3475358, 3644742, 3645122, 1996463, 3645121, 1996465, 3042766, 3644745, 3645127, 1996464, 3042765, 3644746, 3645126, 1996467, 3645125, 1996466, 3644748, 3645124, 995158, 3644749, 2162282, 741042, 2162284, 2416651, 3475352, 741040, 2162285, 3475353, 3304262, 2416643, 995163, 995164, 2162281, 741039, 995166, 2416648, 1166163, 1996469, 2162006, 1996468, 2162007, 1166161, 3042767, 2162003, 3042773, 3475367, 2162279, 1996456, 3042775, 3645114, 3042774, 3644759, 3645113, 995147, 3304259, 3475361, 741035, 3304258, 3475362, 2162278, 741030, 741031, 3475366, 3475606, 2162273, 2162274, 3304251, 995151, 2416654, 3304250, 741029, 995152, 2162270, 3304252, 3304255, 995155, 3304254, 3304257, 995157, 3304256, 1996458, 1166151, 3645118, 3645117, 3644750, 3644751, 1996441, 1996443, 1996445, 3644562, 138207, 3644564, 3644563, 3304010, 3644566, 138206, 1734632, 3042900, 995183, 2162020, 138213, 995184, 1166891, 1587707, 995188, 458430, 3043329, 3304006, 3644570, 1996447, 3043323, 1166896, 458434, 1166899, 3043325, 1166898, 1587700, 3043324, 458436, 2162025, 458438, 1587703, 3043321, 3043320, 458429, 741093, 1996430, 1996431, 1734644, 3644572, 3644574, 1734641, 3644576, 741094, 1734642, 1587716, 3042905, 995173, 2162010, 3043319, 1587718, 3042904, 3042909, 3043316, 995178, 3043318, 3042908, 3644581, 2162017, 2162016, 3043313, 1587714, 1587715, 2561301, 2561302, 1996420, 2561304, 1996423, 2561307, 2561306, 741087, 1734658, 3475392, 3644586, 741088, 3644585, 3042923, 3304032, 3475399, 3644587, 138225, 1734654, 3475396, 138234, 2162042, 3042916, 3043309, 3304025, 1587728, 3043308, 1587729, 3304023, 2162041, 3304024, 3043305, 138231, 1734659, 1166872, 3042919, 3304028, 3644592, 3043301, 1587720, 1996424, 2561308, 458456, 1587721, 1996427, 2416884, 458455, 3043302, 458457, 1166878, 1587724, 2162047, 2416883, 2162045, 3644784, 741070, 2561312, 3644796, 1734661, 2561314, 3644798, 3644799, 1996411, 2561317, 741079, 138219, 1734668, 138216, 3304021, 3644599, 138217, 741075, 1734662, 3042935, 741072, 1734664, 2162031, 1587739, 2162032, 3042928, 3304015, 2162030, 3042926, 995199, 1166191, 1166881, 3304019, 741069, 1166884, 3304016, 458443, 1166196, 1587730, 2416897, 1587731, 1166888, 1166193, 1587733, 1996415, 2162038, 2416896, 3644791, 1587734, 2162035, 3644792, 458446, 995191, 1166889, 1996417, 2162036, 2416894, 458449, 1587736, 995193, 2162034, 2416892, 2561322, 3644525, 2561325, 3644528, 3645187, 3043360, 2416868, 2561327, 2416869, 3644529, 1587502, 1996401, 1996400, 2561328, 3042941, 3304050, 1587503, 3304051, 1587506, 3644520, 1587505, 3042940, 3042945, 3304054, 3645184, 3304052, 3644524, 3645183, 138248, 3042944, 138256, 1587749, 2162064, 3042938, 138257, 2162065, 458470, 2162062, 3042936, 138255, 3042937, 2162060, 2162061, 458473, 1587741, 2417203, 1587742, 2417204, 3042703, 1996405, 3042702, 1587744, 1996404, 2416863, 3043368, 1996407, 2416860, 1587746, 2416861, 3042707, 2417206, 3043364, 3645178, 3644536, 3644539, 2561335, 1587511, 1587510, 1587513, 1587750, 2416877, 2561339, 1734601, 1734600, 3304040, 1587517, 1587519, 1587518, 138236, 3304041, 3644534, 1734609, 3304036, 1734608, 3304037, 3304034, 2162052, 2162050, 1587752, 2416875, 2416876, 3043355, 458467, 3042713, 1587755, 2416874, 458469, 2416871, 458468, 2416872, 3042717, 2561345, 3644548, 2561344, 2416848, 3644549, 2416846, 1587760, 3042960, 2416844, 2416845, 1734612, 3042963, 3304072, 1734611, 3304073, 3042961, 3644542, 3644541, 2561341, 1734610, 2561342, 3042966, 2162086, 138279, 138277, 458491, 2162085, 138275, 2162083, 2162080, 138271, 1587764, 2417226, 3043344, 2416840, 2417223, 3043347, 458499, 3043346, 1587767, 1587768, 3043340, 2162089, 2417228, 2561355, 2561358, 3645197, 3042970, 2416855, 3304061, 855104, 3042975, 855103, 3042972, 3645190, 3304065, 2561351, 3304066, 3645195, 855107, 1734621, 3304063, 3644557, 138259, 3304064, 3645193, 138267, 3304058, 138268, 458481, 458480, 2162074, 458483, 138264, 458482, 1734626, 2162072, 2417211, 1734629, 458484, 1734628, 458487, 1587774, 3043334, 138260, 458486, 1587775, 3043333, 2417212, 1587777, 3043335, 2162079, 3043330, 1734347, 1996295, 1734345, 2712524, 1996291, 1734349, 1996298, 1996299, 741331, 741332, 2418212, 741330, 2712522, 1734353, 2418217, 2712515, 1734335, 2712514, 2712513, 2712519, 741324, 741325, 741322, 2418200, 2418201, 1734340, 2418203, 1734343, 2712511, 2712510, 1734326, 1996271, 1734329, 1996279, 3784006, 2161792, 3784005, 2161793, 2161794, 3784007, 3784002, 3784004, 1996278, 741357, 3784000, 741354, 2418231, 2418232, 2418237, 2418236, 1734333, 1734332, 1996282, 2161789, 1734313, 2161785, 1734316, 2161780, 1996286, 741348, 741346, 741347, 741344, 741342, 2418222, 741343, 2418223, 741341, 2418226, 2418224, 1734322, 2418229, 2161777, 2161778, 1734389, 2161773, 2161776, 3784028, 2880301, 2161772, 3784029, 1587233, 2880304, 741379, 3784020, 1587239, 1587237, 2418250, 1734391, 2418255, 1734390, 2418253, 1734394, 2879302, 2879305, 1734398, 2879309, 2879308, 2161766, 1734379, 2880310, 2879300, 3784017, 287099, 1587220, 3784016, 2161760, 2880318, 1587224, 3784012, 1587223, 741369, 741366, 741361, 2418247, 1734388, 2161758, 2161752, 2161753, 2879334, 2161750, 1587213, 3784045, 1587212, 3784048, 1587218, 741399, 1587216, 3784044, 2418277, 2418278, 3784040, 741396, 2879325, 1734372, 2879324, 2161748, 741390, 1734376, 2161749, 1734374, 1734358, 2161745, 1734357, 2879321, 2161742, 3784039, 1587206, 2418263, 3784030, 741388, 2418260, 3784033, 741387, 741384, 1587209, 741385, 1587208, 1734362, 2879316, 741381, 2879315, 1734366, 2161737, 2879318, 1734363, 2879352, 2879353, 2880342, 2880340, 2880345, 2880349, 3784069, 2418293, 2418299, 3784060, 2879346, 2879349, 2879348, 2879342, 2880353, 3784057, 2880359, 2418285, 2712591, 2712596, 2879336, 2712594, 2879338, 2712593, 2879337, 2879372, 2879371, 2879378, 2880323, 2880329, 3784089, 2880326, 2712581, 2712580, 3303610, 2712585, 2879369, 3303614, 2712589, 2712588, 3303617, 2712579, 2879362, 2879365, 2880332, 2879367, 2880330, 2880334, 2880333, 3784078, 2712570, 3784071, 3784070, 3784072, 3303604, 2879357, 2712572, 3303602, 2712571, 2879359, 2712578, 3303609, 2712576, 3303606, 1734304, 2880383, 2879393, 1734302, 2712569, 1589003, 2880380, 1734308, 2879398, 1734307, 2879397, 1589006, 2880385, 1734309, 2879390, 3303630, 3303634, 2712563, 3303637, 2712562, 3303638, 27103, 2712561, 1166222, 1734311, 2712567, 1589012, 1166220, 2712565, 2712564, 1166215, 1166214, 2879382, 1589013, 2880392, 1166212, 1589014, 2879384, 2879387, 2880398, 2879386, 2880396, 1589018, 2879380, 3784093, 2712552, 3303626, 2712551, 3303624, 1166211, 1166210, 2712555, 2712554, 3303628, 1589021, 3303629, 1166203, 2880360, 2880365, 2880364, 2880363, 1166209, 3303650, 3303655, 2712541, 2712540, 3303658, 2712544, 2880371, 2712536, 2880370, 2880376, 3303641, 3303643, 3303646, 2712534, 1589001, 1166269, 3303680, 1473773, 3303673, 3303674, 1473771, 3303671, 1473776, 27145, 1166262, 1166261, 1473779, 3303679, 27148, 27141, 1166266, 27142, 27144, 1166263, 27139, 1473784, 3303660, 1473781, 1473788, 3303666, 1473786, 3303664, 1473785, 1166251, 3303669, 27130, 1166248, 3041991, 1166245, 27127, 3041996, 27129, 3041993, 1473750, 1473755, 27123, 27125, 1473757, 27126, 3041997, 27120, 1166242, 27122, 1166234, 27116, 1166238, 3303683, 1473766, 3303688, 1473764, 1473763, 3303687, 27112, 27113, 1473769, 27115, 1166232, 27111, 27181, 27185, 27188, 27171, 1166290, 27178, 1166294, 1166292, 27174, 1166298, 27176, 27177, 1166296, 1166289, 1473790, 1473794, 1473799, 1473798, 1166284, 1166283, 27169, 1166281, 1166288, 27164, 1166287, 27166, 1166285, 1166272, 1166271, 1166270, 27152, 27153, 1166275, 1166274, 2161734, 1587151, 3041930, 1587150, 2161731, 2161732, 1996216, 1587159, 1587157, 1996211, 3041934, 3041938, 2161727, 2161728, 3041935, 2161724, 1587148, 1587146, 1587149, 1996228, 1996229, 3041945, 1473703, 3041942, 2161715, 3041949, 3041947, 2161711, 2161713, 2161710, 1587130, 1587137, 1587135, 1587138, 2161708, 3041912, 2161705, 3041914, 2161707, 3041913, 1587122, 1587121, 1996205, 1587126, 1587125, 1587124, 1996201, 27192, 1587127, 1996207, 3041926, 27198, 1587195, 3041974, 3041973, 1996257, 1587198, 1996258, 1996259, 1996253, 1996255, 1996256, 1473733, 1473731, 1473730, 3041978, 1473736, 1473734, 3041975, 1473739, 1996260, 3041981, 1587184, 1587182, 1587186, 1587185, 1996267, 1473744, 1473743, 1473741, 1473746, 3041952, 1587172, 3041951, 1587177, 1587175, 741318, 1996233, 741316, 741313, 1996239, 1473713, 3041954, 3041958, 3041957, 1996240, 1996241, 3041962, 1587160, 1587166, 1587163, 1996249, 741307, 1587169, 1996245, 741302, 741300, 1473720, 3041967, 1473724, 1473723, 1473729, 3041969, 1734227, 1734224, 2161696, 2161697, 1734229, 2161698, 1734228, 287187, 2161693, 287189, 1996176, 1996177, 2161690, 741459, 1996179, 287190, 2418333, 287196, 2712640, 2418337, 995530, 1734234, 995533, 1734233, 1734232, 2712642, 1734231, 2418339, 2712641, 1734216, 995527, 1734214, 1996185, 2712635, 2161685, 1734217, 2161688, 2712638, 287176, 287178, 1996188, 1996189, 741448, 287180, 2418321, 287186, 2418325, 2418326, 2712632, 2712630, 995514, 2712626, 1996151, 2161679, 1734202, 1996153, 2712623, 995518, 1734208, 2161675, 2161676, 2712628, 2161677, 1996158, 1996159, 2161671, 2161673, 741478, 2418350, 741479, 741475, 2418355, 741470, 1734212, 1734210, 995513, 1996161, 2161668, 2712614, 995505, 1996163, 995506, 1996164, 2712612, 995507, 2161663, 995508, 995509, 2712617, 1996168, 741467, 2418340, 2418344, 2418341, 2418347, 2418348, 2712611, 1734200, 2161656, 2712603, 1734268, 2161659, 2161652, 2712607, 2161654, 2161655, 2161650, 2418372, 1587118, 2418373, 741498, 741499, 1587116, 2418376, 741494, 2418374, 1734274, 741490, 1734278, 2712600, 1734276, 2161645, 1734259, 1734258, 1734257, 2161648, 2161643, 2161644, 2418360, 741485, 2418366, 741483, 2418363, 741484, 2418364, 2418367, 1734260, 2161638, 1734266, 2161639, 1734249, 1734248, 1996196, 2161636, 1734246, 2879211, 2161631, 1996192, 2161632, 2879213, 1996193, 2161633, 2879212, 2418398, 2418396, 1734252, 1734251, 2879203, 1734250, 2879206, 2161627, 2879209, 2161623, 2161624, 1734236, 2161625, 2879200, 2161620, 1734239, 2418383, 2418382, 2418389, 1166301, 2879231, 2879233, 2880222, 1166306, 2879235, 2879234, 1166309, 2880224, 1166308, 2880229, 2879226, 3303712, 3303718, 3303719, 3303717, 3303709, 2880233, 2879221, 2880232, 2880230, 2879215, 2879217, 3303702, 2879219, 1589100, 2879218, 2879251, 2879253, 2879252, 2879256, 2880208, 2880207, 2880209, 3303730, 3303731, 2879248, 3303737, 2879240, 2880211, 2880210, 2880215, 2880212, 2880216, 2712691, 3303720, 2712695, 2712693, 2879238, 2712696, 1589125, 1589123, 2880260, 1589124, 2879274, 1589129, 2879278, 2880263, 2880267, 2879271, 2712683, 3303759, 2712682, 3303756, 2712681, 1589132, 2712688, 2712687, 1589136, 1166335, 2880272, 1166334, 2879264, 1166333, 2879263, 1166338, 1589138, 1166337, 1589139, 2879260, 3303740, 3303743, 2879259, 3303747, 2712672, 1166332, 1589143, 1589144, 2712676, 1589141, 1589142, 1166325, 2712669, 2879294, 1166323, 2712668, 2712667, 1589108, 1589105, 2880241, 3303771, 2712661, 2712660, 1589110, 2712666, 2712665, 1589114, 2712659, 2880251, 1589115, 2880250, 2879286, 1166311, 1589113, 2712656, 1166318, 2879288, 2880255, 1166317, 2880253, 2880252, 2880257, 1166319, 2880256, 2879280, 2879282, 2879281, 3303761, 3303762, 3303766, 3303763, 2712651, 2712650, 3303767, 1166310, 2712655, 1589120, 2712652, 1166389, 27028, 458999, 3303792, 1473655, 3303799, 1473654, 3303796, 3303797, 1166383, 1473659, 1589052, 27026, 1166381, 27027, 1473657, 1166387, 1589056, 27022, 1589059, 25993, 1166378, 27018, 25991, 458987, 458989, 3303784, 458991, 3303781, 458993, 3303787, 1473666, 458995, 1473664, 1166372, 1589062, 27014, 1589063, 1473668, 1589066, 25997, 1166375, 27011, 1166374, 1589064, 1166373, 1589065, 1166369, 1166368, 1589027, 2880283, 1589024, 2880282, 1589025, 27009, 2880285, 458978, 1473634, 458981, 458984, 1473632, 458983, 27003, 1473637, 27004, 1166365, 1589033, 1589034, 1589031, 1589032, 1166358, 1589037, 1166356, 1589035, 1589036, 2880298, 1589039, 2880297, 1166359, 458966, 458967, 458969, 1473645, 1473644, 1473643, 458972, 1473649, 1473647, 1473646, 1589044, 1166352, 1589042, 1473696, 1473695, 27062, 27063, 1589091, 1473698, 1589090, 27068, 27069, 27065, 1589097, 27067, 1589098, 27051, 27057, 1589068, 1589069, 1473673, 1473672, 1473671, 1473678, 1473676, 1473675, 27049, 1473679, 1589072, 27042, 27043, 1589078, 1589076, 1166399, 27039, 1473681, 1473680, 1473688, 1589081, 27036, 27037, 1589082, 1166391, 27032, 1589089, 27033, 1589086, 27034, 458916, 2161610, 2161611, 287100, 287102, 287101, 458913, 287103, 458915, 2161605, 2161608, 458906, 458905, 458908, 2161603, 458907, 2161604, 2161600, 1996104, 458904, 1996101, 1996102, 27095, 1996108, 27091, 287129, 287122, 287125, 27082, 27085, 1734292, 27081, 1734296, 1734294, 27086, 27089, 1734297, 287119, 1734279, 287111, 287110, 287114, 287117, 27072, 1734280, 287120, 995581, 27070, 1734284, 27076, 1996136, 287143, 458955, 741418, 458954, 1996132, 741417, 1996133, 1472997, 458960, 995570, 1472995, 1473616, 1473614, 1472992, 995577, 995578, 995579, 1473617, 458949, 1996142, 741409, 287135, 287134, 287136, 287139, 287138, 1996146, 741401, 1472986, 1472987, 287140, 1472983, 1472984, 458950, 995560, 995561, 1473627, 995562, 1473626, 995563, 1473624, 995566, 995567, 995568, 995558, 995559, 458931, 1996114, 1996115, 458933, 287167, 458932, 458935, 1472979, 741437, 741434, 1472975, 287171, 741432, 287170, 741433, 1472978, 287172, 741431, 2418311, 2418312, 2418313, 995554, 2418318, 1996125, 1996126, 1996127, 287159, 458924, 741427, 287158, 1996122, 458926, 458925, 1996124, 741424, 287160, 287162, 287161, 2418300, 287164, 995540, 2418304, 1473603, 1473602, 995543, 2418307, 2418305, 1734106, 1734105, 1996052, 1996054, 2161575, 1734109, 287825, 287824, 3302911, 287827, 1996059, 3302918, 3302917, 287828, 1996055, 1996056, 741579, 1996058, 1587438, 741578, 2879508, 741575, 741573, 741574, 1587439, 2879501, 2879503, 2879502, 1734113, 1734110, 2161569, 287810, 287812, 2161564, 2161565, 1996060, 2161566, 3302923, 2161567, 3302922, 287816, 3302929, 287815, 1996066, 1587422, 741568, 741569, 741567, 1587424, 741562, 1587428, 1734102, 1734101, 1996031, 2161553, 287800, 2161554, 2879532, 287802, 1996037, 2161550, 1996039, 1587412, 287808, 1996036, 1587415, 741597, 1587418, 1587417, 2879523, 741592, 741590, 2879524, 2879527, 1996041, 2161547, 3302903, 3302902, 2161544, 2879521, 1996048, 3302905, 2161541, 1587401, 3302909, 1587403, 741587, 741584, 1587409, 741585, 741580, 741581, 2161539, 2879517, 3302954, 1996096, 2161536, 1996091, 2161531, 1996092, 2161532, 2879551, 2879554, 2161534, 1587472, 1587471, 3302959, 2418017, 1734152, 2418018, 2879546, 1734157, 1734155, 1734154, 1734139, 2161524, 3302965, 3302963, 1734136, 2161520, 2879541, 2161523, 2879542, 1587461, 1587465, 1587469, 2418003, 2879534, 1734141, 2418007, 3302961, 3302960, 1734143, 2418009, 1734128, 1996073, 2879570, 1734126, 3303819, 1734125, 2879571, 2879574, 1996070, 2161510, 2879573, 2879575, 3302933, 1587450, 3302938, 1996078, 1996079, 1587457, 2418030, 2418035, 2879569, 3303811, 3303812, 1734133, 2161508, 2161509, 1996084, 2161502, 3302943, 1996085, 2161504, 2879561, 3302941, 3303808, 2161505, 3302940, 3303809, 3302945, 2161501, 1587441, 1587445, 1587444, 1996089, 2418020, 1587448, 1587447, 1587446, 2418023, 1734120, 3303803, 2418027, 2879559, 3303804, 3303805, 1166422, 27303, 1166428, 3475851, 27305, 3475853, 3475856, 2418060, 2418061, 2418054, 2418052, 3303831, 3303832, 2418055, 3303835, 27300, 2712364, 3303836, 3303833, 27302, 3303834, 2712369, 2712368, 2879580, 2879583, 3475861, 2712359, 3475860, 3475863, 1166416, 1166415, 2879587, 2879586, 1166419, 3475869, 1166418, 3475868, 2418043, 138195, 138196, 2418041, 138193, 2418047, 3303821, 2418044, 138192, 3303824, 2418048, 2418049, 2712358, 1166402, 2712349, 3475876, 1166403, 3475875, 138190, 1166408, 3475879, 1473592, 1473590, 1473597, 138187, 3303850, 138184, 2418073, 2418074, 138182, 2418079, 138181, 2418078, 3783195, 2712342, 2712340, 3303856, 138188, 3303859, 138189, 2712337, 3475885, 3783192, 3475888, 3783190, 2418064, 138176, 2418065, 138174, 2418068, 3783185, 2418069, 3783186, 138170, 2418067, 3303841, 3783184, 2712332, 2879599, 3303844, 3303845, 2712335, 1166468, 2712329, 3475891, 2712326, 1166469, 3475899, 138165, 3303870, 3303875, 3303876, 138169, 1166463, 2712324, 138166, 1166462, 138167, 2712322, 1166457, 2712318, 2712319, 2418090, 2418094, 2418091, 2418087, 2418085, 3303865, 2712310, 3303869, 138159, 1166453, 1166452, 2712313, 1166451, 1166450, 2712311, 2712306, 2712304, 2161597, 1166448, 2712308, 2161594, 3303892, 3303896, 138148, 138147, 2712302, 2712301, 2712300, 1166439, 1166437, 2161588, 3303887, 3303885, 138139, 3303888, 3303889, 138135, 138136, 458878, 458877, 3783134, 1473530, 458881, 1734919, 3783132, 3783133, 3783130, 458882, 1473534, 458884, 1734914, 1473539, 1473538, 138126, 138127, 1473536, 138123, 1166499, 138119, 458865, 3475900, 458867, 3475901, 458869, 458868, 1734927, 1473545, 1734923, 458874, 1473544, 1473543, 1734925, 138118, 1473549, 1166491, 138116, 1166490, 1473547, 138113, 1166495, 3783125, 1166494, 1166487, 138108, 1734931, 3475910, 3475913, 458855, 3475914, 458859, 1734939, 3475908, 3783110, 458860, 1473512, 1734934, 458863, 458862, 1473510, 1734936, 1166482, 1473516, 1166480, 1473514, 3783119, 1166486, 3783116, 3783117, 1473519, 3783115, 1166477, 3475924, 458844, 458849, 1734940, 3475928, 3475927, 1473520, 3783100, 458852, 1473522, 458851, 1166471, 3783109, 1473525, 1166474, 3783106, 1166473, 3783104, 3475930, 1473571, 3475937, 3475929, 1473573, 3783177, 1473579, 3783175, 1473577, 3475940, 3475942, 3783170, 3475943, 3475945, 1473580, 3475949, 3783167, 3783165, 2712394, 3783163, 1473589, 2712393, 3783164, 3783161, 2712391, 3783162, 2712397, 2712396, 3475950, 3475952, 458898, 458897, 1473553, 3783156, 3783155, 1473555, 3783150, 2712384, 2712389, 3783158, 3475962, 3475964, 3475966, 458886, 3475965, 458889, 3783145, 1734905, 458892, 1734908, 1473561, 3783141, 1473567, 1734901, 2712371, 1734904, 3783140, 2712375, 2712374, 1473569, 2712378, 3783148, 1734991, 1587393, 1587392, 1587391, 1587390, 1587397, 1734996, 1587395, 1734999, 1734993, 1734992, 1587399, 1734194, 3302994, 3302993, 1734198, 287896, 287899, 1587381, 1587385, 1587384, 1587383, 1734181, 1734185, 1734184, 1734183, 287894, 1734187, 287884, 287887, 1587371, 287888, 3302979, 3302977, 1587374, 1587372, 741516, 1734171, 1734170, 287881, 3302972, 287880, 3302971, 1734177, 3302970, 3302986, 1587360, 3302989, 287879, 3302988, 741508, 1587363, 741504, 1587368, 741500, 1734160, 1734164, 3302982, 1734165, 287862, 1996010, 458832, 741539, 458836, 1996013, 458837, 741536, 1996014, 741533, 1734957, 287860, 458829, 287856, 287855, 458821, 1734964, 1734963, 1734966, 1734965, 1996022, 741527, 741524, 1734962, 1996024, 458826, 1734961, 741522, 741523, 741520, 741521, 1734968, 1473500, 1473505, 1473504, 287841, 458817, 287843, 287846, 853750, 458810, 1734975, 1734974, 458811, 458814, 1734973, 741558, 741554, 2879609, 741551, 741552, 1734978, 741550, 853744, 2879601, 2879604, 853747, 2879605, 287832, 458809, 1734980, 287835, 1734986, 458800, 458803, 741546, 741544, 741542, 741543, 741541, 1734989, 287940, 2712405, 287941, 287944, 2161455, 287945, 2712407, 2161451, 2161453, 1587317, 741696, 741697, 741690, 741691, 2712401, 2161447, 287930, 287932, 2161444, 3302803, 3302801, 287936, 287939, 2161441, 741689, 1587300, 1587306, 741688, 741681, 741682, 2161438, 2161434, 287926, 287927, 2161431, 287929, 2418112, 2418111, 2418116, 2879402, 2879403, 2879405, 2879407, 2161425, 2161426, 2161428, 287911, 287913, 2161423, 2879400, 287912, 287917, 287918, 2418101, 2418100, 2418105, 2161418, 2161419, 1734028, 2161416, 3302831, 1734026, 3302830, 2161411, 3302836, 2161412, 2879433, 1166502, 1166509, 2880424, 287903, 1166508, 1587352, 2880423, 287906, 1587351, 2880422, 3302839, 1166506, 2880427, 1587355, 287909, 2418131, 1587359, 2418134, 2418133, 2418138, 2879424, 3303912, 2879426, 3303910, 2418137, 2161407, 2161408, 2879427, 3303914, 1734033, 2879429, 1734018, 3303909, 1734017, 2161404, 3302842, 3302848, 2161400, 3302846, 1734019, 1587341, 2880434, 2880433, 2880432, 1587344, 1587343, 2880436, 2418120, 2418123, 2418124, 3303901, 1734020, 3303900, 2879417, 3041905, 3303905, 2879416, 3041904, 3041903, 2879418, 1734007, 3302811, 1734005, 2879455, 2879454, 3302819, 3302818, 1587337, 3303931, 3303934, 2418158, 2879448, 1734014, 3303938, 2879449, 1734012, 3303936, 2879440, 2879442, 2879441, 3302825, 2879444, 2879443, 3302823, 2880413, 2880411, 1587323, 2880416, 1587322, 1587328, 2418141, 2418142, 1587326, 2418146, 2418143, 138093, 2879434, 3303924, 2418147, 2879437, 3303921, 1734002, 3303925, 1734000, 1166543, 1166542, 2879472, 2879474, 1166547, 2879476, 3475974, 138090, 138091, 1473494, 2418182, 1473492, 2418180, 1473498, 2418174, 2418175, 2418172, 2418173, 2712482, 138084, 2418179, 2712481, 3303953, 138081, 3783095, 1473499, 2712484, 2712483, 1166541, 138089, 3475982, 3475981, 1166537, 2879463, 2879465, 3475985, 3475987, 3783091, 1166539, 3783092, 2418163, 2418161, 3783089, 2418167, 2712471, 138073, 2418168, 3783084, 2418166, 3303940, 2879457, 3303945, 2418169, 3303943, 2879458, 3303949, 2712477, 138079, 3303948, 1166523, 3475991, 1166522, 2879492, 3475990, 1166526, 1166525, 1473472, 1473476, 2418196, 3303971, 1473474, 3783077, 1473473, 2712460, 3783075, 138062, 3303972, 138060, 2418199, 3783074, 2879489, 3303976, 2712461, 3303977, 2712466, 1166512, 1166511, 1166516, 2879486, 1166515, 2879485, 1166514, 1166513, 458688, 1473482, 2879480, 1473480, 2418191, 1473487, 3303960, 2418183, 138053, 1473484, 2418184, 138050, 458696, 3783064, 458698, 458697, 2418188, 3783063, 2879479, 3303968, 2712451, 2712456, 3303969, 2712454, 1166589, 2712448, 2712447, 27226, 27227, 2161499, 2161495, 2161496, 2161492, 138043, 3303990, 138042, 3303997, 3303994, 27225, 138047, 2712446, 27221, 1166582, 2712437, 27215, 27216, 2161488, 2161483, 2161484, 138033, 3303982, 138030, 3303980, 27211, 1166570, 27213, 3303987, 27214, 138039, 3303988, 138036, 2712435, 27210, 1166565, 2712426, 2712425, 27204, 27205, 27206, 1166569, 138020, 27200, 27203, 138028, 1166563, 1166562, 138023, 1166561, 2712422, 1166555, 1166553, 1166558, 2712419, 2161468, 2161462, 2161460, 138018, 138016, 138015, 2712411, 3041893, 3041897, 3041896, 3041895, 3041894, 458757, 458759, 458758, 3783014, 458760, 3783011, 458762, 1473414, 3783010, 458764, 1473411, 27267, 1473415, 3041898, 138003, 458744, 458743, 458746, 458748, 458747, 1473421, 3783003, 3783000, 27250, 3783001, 458751, 1473425, 458753, 1473423, 1473422, 27255, 1473429, 27256, 1473426, 3783007, 27253, 3783004, 27254, 3041870, 27249, 458732, 458735, 458737, 458740, 27244, 27243, 3041881, 1166598, 3041880, 3041885, 3041883, 458726, 458727, 458731, 1473401, 458730, 1166590, 1166596, 27230, 1166594, 1473409, 27232, 3783061, 3783058, 1473452, 3783055, 1473451, 1473458, 3783053, 1473457, 1473456, 27291, 1473465, 3783046, 1473463, 3783044, 3783043, 1473467, 27290, 458796, 27296, 27297, 3783048, 458779, 458778, 1473432, 3783035, 3783036, 458782, 1473430, 3783033, 458783, 3783032, 458785, 3783030, 1473437, 27285, 3783037, 27287, 458765, 27270, 1473440, 2712492, 1473445, 458774, 1473448, 2712499, 3783026, 27276, 3783027, 3302877, 1587272, 3302879, 1587275, 741616, 1587274, 1587273, 741615, 741611, 3041819, 3041818, 1734072, 1734078, 3041814, 3302888, 3302885, 1587261, 1587260, 3302889, 1587262, 1587269, 741601, 1587266, 741600, 1734065, 3041822, 3041821, 3302884, 3041827, 3041825, 1587250, 3302858, 3302856, 1587254, 741639, 1587251, 741636, 1587257, 741631, 1734052, 1734056, 1734055, 3302865, 1734038, 3302864, 1734037, 3302869, 1587241, 741628, 1587240, 741625, 1587247, 741626, 1587246, 1587244, 741621, 741622, 1587249, 741620, 1587248, 1734041, 287991, 1734047, 3302862, 287993, 3302860, 458719, 3041852, 3041851, 3041850, 458711, 458714, 458717, 741653, 741651, 3041860, 287972, 287975, 287974, 3041863, 287979, 458700, 458702, 458701, 458706, 741645, 458705, 3041868, 3041865, 287970, 287962, 3302899, 287964, 3302896, 3041831, 287965, 3041830, 287967, 1587298, 1587297, 1587299, 741676, 1734093, 3041835, 3041833, 3302895, 3302894, 287960, 1587282, 3041840, 287959, 1587287, 1587286, 1587284, 741669, 741667, 1587289, 741666, 741663, 741661, 1734082, 1734081, 741660, 1734087, 3041846, 1734086, 3041845, 1734084, 3041843, 3041849, 3041847, 3643997, 1850209, 3643999, 1850203, 2879750, 1850204, 2879752, 1850206, 2879751, 1587670, 3643992, 3302468, 1587676, 3643993, 3643996, 3643995, 1587679, 1587677, 3302461, 3302462, 3302464, 2879743, 1850201, 2879744, 2879747, 1850215, 1587665, 1587663, 1587662, 1587669, 2879739, 1587666, 1850210, 2879731, 2879735, 1587652, 1587651, 1587658, 1587655, 1734798, 1734796, 2879763, 1587641, 1587640, 1587647, 1587645, 1587649, 2879754, 2879757, 2879759, 2162906, 3474600, 3643953, 3643956, 3643955, 3474603, 1166625, 2162902, 2879793, 1850249, 2162900, 2879795, 1166628, 2162907, 1850243, 2879787, 3474607, 2879786, 1850246, 3474609, 1166610, 3474611, 3643967, 0, 3643966, 2879783, 3474614, 3643969, 2879782, 3474615, 2879785, 1166612, 2879784, 1166616, 3643963, 1850254, 2879776, 3474618, 2879775, 1850256, 2879777, 2162927, 3643976, 2162925, 3643978, 1166604, 1850225, 2162923, 1166608, 1166607, 3643970, 2162929, 1850222, 1850224, 3643986, 2162914, 3643988, 1850236, 2162913, 1850239, 1587683, 1587682, 3643985, 1850232, 2879798, 1850233, 1850235, 2879799, 1166666, 1734744, 1166665, 458668, 2162947, 458669, 1734741, 2712128, 2162945, 1166669, 3474648, 3643913, 458664, 1166668, 3474645, 3643916, 1734745, 2162944, 2711953, 1473373, 1473372, 3474640, 1473377, 1473376, 1850281, 1473374, 1850282, 458673, 2162941, 458674, 1850288, 2162942, 2712121, 458672, 2712120, 3643919, 1166662, 2712127, 2712124, 1734732, 2162939, 3643920, 1734731, 2162936, 3474652, 1734730, 3643922, 1166659, 1734737, 3474658, 3643925, 1166658, 2162935, 2711946, 458675, 1734735, 2162932, 3643927, 458676, 1166656, 1734734, 1473383, 1473388, 1850291, 1473386, 1850292, 2162930, 458680, 1166651, 1850294, 1166650, 1850295, 1850296, 1850297, 2712113, 2712109, 3643932, 458649, 2305702, 2712108, 458646, 3643934, 1166648, 3643935, 2305705, 3643938, 3474624, 3643937, 1166649, 2711970, 1473350, 2711972, 1473354, 2711980, 1473357, 2162963, 2712101, 1850266, 2712100, 2162961, 1850268, 3474628, 1850261, 2712105, 2712104, 1734711, 3474632, 3643943, 1166632, 1734710, 3643942, 1166631, 2305712, 458658, 1166630, 2305711, 3643944, 2305718, 2711967, 3643947, 3643946, 458653, 1166635, 458654, 1166634, 1734719, 1734718, 1734717, 1473361, 3643941, 3643940, 1850270, 1850276, 2162952, 3474639, 3474687, 2305724, 3474688, 2305723, 2305728, 458620, 3474689, 2162988, 3474683, 458629, 3474682, 1587636, 1587635, 1587639, 2560998, 2560997, 2560995, 2560993, 2162984, 2560992, 1734795, 2305721, 1734794, 2162982, 2305720, 1166699, 2305735, 1734775, 1734774, 2162978, 458634, 2305739, 458631, 1734778, 2162977, 3302498, 3302499, 2711988, 1587620, 3474695, 2711983, 3474692, 1587625, 3302490, 1996707, 3302492, 2711991, 3302494, 1996702, 3302495, 1996703, 3302496, 1166691, 1166690, 2162973, 2162970, 1166694, 2162971, 1166693, 2305730, 1166692, 1734781, 458604, 1734766, 3474666, 1734764, 2305745, 3474663, 1734763, 458600, 1734768, 1473390, 458609, 1473398, 1587613, 1473397, 1587612, 2560979, 3302481, 1587611, 2560978, 3302482, 3302484, 2560973, 1587619, 2560970, 1734772, 2305742, 1166682, 1734771, 1166677, 2305758, 458613, 458614, 1734752, 2305755, 3643900, 458611, 1734759, 1734758, 3474678, 3643905, 458610, 2162999, 2305759, 3474679, 3302476, 3302478, 3474672, 458617, 458618, 1587602, 3302470, 2560989, 3302472, 1587606, 2560987, 3302473, 1587605, 2560986, 3302474, 1587604, 3643907, 2560983, 3643906, 2560982, 3643909, 1587608, 3643908, 1166671, 2162990, 2305752, 2162991, 2305646, 287498, 287494, 2305649, 1996611, 1996612, 1996617, 1996618, 1996613, 1996615, 2305657, 1996622, 2712191, 2712190, 1473304, 2712196, 1473302, 1473301, 1473308, 1473306, 2305655, 1473309, 3474588, 287407, 2305667, 3474587, 287409, 287401, 3474584, 2712181, 2712180, 3303212, 2712185, 2712183, 3303213, 3303214, 2712189, 2712188, 2305660, 3303217, 2305665, 2305679, 2305678, 3474598, 1996601, 3474590, 3474595, 3474593, 3474594, 2712170, 1996607, 3303204, 1996603, 3303205, 2712171, 2305671, 3303206, 2712175, 3303207, 2305674, 2712179, 287427, 287455, 287456, 1734820, 287428, 287454, 287451, 1734824, 458588, 1734822, 1734828, 1996654, 287421, 1734826, 287459, 3303233, 1473331, 3303232, 2712162, 2712161, 1473334, 458596, 2305683, 2712165, 3303239, 458595, 2712164, 458592, 458593, 2305687, 2712169, 287416, 1734810, 287415, 287418, 287464, 287465, 287462, 458598, 458599, 1996664, 287410, 1996666, 1473340, 287411, 3303230, 287468, 1996663, 1473344, 1473342, 3303220, 3303221, 1473348, 1996668, 2712152, 3303226, 1473347, 2305690, 2712151, 3303225, 2712156, 3303228, 1473349, 3303229, 287693, 2305698, 287696, 287695, 287449, 287478, 287689, 287473, 458568, 287471, 1734801, 287472, 458566, 287440, 1734806, 1734804, 1996634, 3303262, 741714, 3303263, 741711, 1734809, 1473311, 3303255, 741710, 1473310, 3303256, 3303254, 1996636, 1473313, 458574, 287481, 1473318, 287680, 458573, 2712142, 2712149, 287682, 458571, 287684, 2712146, 287488, 287437, 287675, 287487, 458578, 287485, 287482, 287483, 1996644, 287431, 3303251, 287433, 741703, 287436, 1996641, 3303250, 1473320, 3303242, 1473326, 3303248, 1473324, 1996648, 3303246, 1996649, 458585, 287492, 2712133, 1473327, 2712131, 2712138, 287665, 287412, 287664, 287667, 287669, 1996698, 741735, 287466, 3303285, 287413, 741733, 1996695, 3303282, 741731, 3303278, 741730, 287470, 287660, 287663, 287422, 287653, 287658, 287452, 3303270, 741724, 3303273, 3303274, 287424, 741722, 287425, 741720, 3303266, 741721, 3303265, 287650, 287651, 287642, 287644, 287430, 287649, 1996677, 287486, 287489, 1996671, 287435, 741751, 3303297, 741752, 2879807, 287491, 2879801, 287641, 1996680, 287443, 287636, 287441, 287637, 287474, 1996687, 3303292, 287476, 1996688, 287475, 741749, 1996689, 287448, 741742, 3303289, 287480, 287623, 287625, 287626, 287629, 287628, 741779, 2879827, 741773, 2879829, 2879821, 287610, 287611, 287615, 287496, 287495, 287497, 287619, 741766, 741764, 741762, 2879819, 741763, 2879811, 2879813, 2879815, 287601, 287604, 287609, 741799, 2879849, 741796, 741793, 741794, 2879841, 2879843, 2879846, 2879840, 287405, 741788, 741783, 2879831, 2879830, 2879833, 2879835, 458703, 458704, 287700, 3643879, 3643878, 1166702, 1587551, 287705, 1587550, 287707, 1166704, 3643875, 1166708, 3643874, 1587556, 2879622, 2879621, 2879628, 3643887, 458712, 458713, 458710, 1587540, 3643880, 1587544, 3643883, 458716, 1587542, 3643885, 1587548, 2879618, 1587549, 2879612, 3643898, 1734686, 2879650, 2879653, 2879652, 3643893, 3643895, 1587532, 3643897, 3643896, 2879644, 1734690, 2879646, 1734696, 2879647, 1734694, 1734693, 1734678, 1734675, 2879642, 1587528, 1734685, 2879637, 1734683, 2879639, 3474720, 855512, 1850126, 855511, 1166746, 2879672, 1850128, 1850129, 2879674, 1587595, 855504, 1850123, 3474729, 2879668, 3474726, 1850125, 855509, 855506, 1850121, 3474731, 3474732, 1166730, 1166736, 1587580, 2879662, 1166735, 1850138, 3474736, 1166734, 2879664, 3474734, 1587584, 1166739, 1587583, 1587588, 1587587, 1850133, 3474739, 2879657, 1850130, 1166725, 1166724, 1850105, 1850107, 3474701, 1587571, 1587570, 1587577, 1587576, 1587574, 855527, 3474706, 3474707, 855524, 2879689, 3474705, 1166710, 1850119, 2879680, 2879682, 855523, 1166713, 1166712, 1850118, 2879685, 1166718, 1166715, 1587565, 1587564, 1587567, 3474717, 3474718, 1850113, 2879679, 3474715, 855513, 1850114, 2879678, 855518, 3474719, 1850110, 1734622, 3474765, 458789, 1166785, 3474762, 1166784, 2712249, 458787, 3474768, 458788, 2305805, 3474766, 2305803, 1473252, 458792, 458793, 1734630, 2712248, 2305813, 3474775, 2305812, 2305811, 2712238, 458799, 1734614, 2305815, 3474777, 1734613, 1473263, 1473266, 1850171, 1850172, 1473268, 1850177, 2879699, 1166772, 2712237, 2712236, 458769, 2305824, 2712229, 458767, 3474740, 3474741, 1166769, 3474746, 458766, 1734604, 1850149, 2305827, 3474747, 458763, 1734603, 3474745, 2560898, 1473235, 2560897, 458772, 2560896, 458770, 2560894, 458771, 2560893, 2305820, 1850141, 2560890, 2712223, 2712219, 3474753, 2712218, 3474751, 1166758, 1850159, 2305839, 3474757, 458777, 2305838, 3474758, 3474755, 458775, 1473245, 1473244, 1850155, 1850157, 1850158, 1166750, 2305830, 1734667, 2305846, 2712208, 2305845, 2712207, 1734665, 2712205, 458741, 2305848, 2305847, 1473295, 1473294, 1587515, 1473299, 1587514, 1473298, 1473297, 2560879, 2560876, 2560875, 1734670, 2560874, 2712200, 2560872, 1734674, 2560870, 1734672, 2305840, 1734671, 2712201, 1734656, 2305855, 2305854, 458754, 1734657, 1587500, 1587508, 458761, 2560883, 1587509, 2560882, 2305853, 2305852, 2305850, 3474786, 287602, 1734643, 2305866, 3474784, 3474785, 287607, 458721, 1734649, 458722, 1734646, 1473270, 3474783, 458728, 1473277, 2560858, 1473275, 2560855, 2560851, 1734651, 2305863, 1850186, 2305862, 458736, 1734634, 458734, 1166796, 2305877, 1166795, 1734631, 2305876, 1734638, 458733, 1734636, 3474799, 1473281, 1473280, 3474793, 1473284, 1473283, 1473282, 2560865, 2560860, 1166794, 1166793, 1734640, 287378, 2305768, 287508, 287507, 287373, 287509, 287501, 2560949, 3303310, 2560956, 2560955, 3303315, 3303312, 2560952, 3303313, 2560951, 287382, 2560950, 3303319, 3303316, 2305763, 2305762, 287389, 287388, 2305777, 287385, 287384, 1996502, 1996507, 2560969, 3303300, 2560967, 3303303, 3303304, 2560964, 3303307, 3303308, 287390, 3303305, 2305775, 2305774, 287525, 287399, 287527, 2305788, 287396, 287394, 287520, 287524, 287523, 2560937, 3303332, 2560935, 2560932, 3303337, 3303335, 3303338, 3303339, 2305786, 2305785, 2305799, 287518, 2560947, 2712290, 3303322, 2560946, 2712294, 2560942, 2712297, 2712296, 3303328, 2305797, 2305796, 287547, 287333, 1734703, 741818, 1734702, 1734708, 3189009, 287541, 741815, 2560909, 2560908, 741813, 2560907, 2560906, 287545, 2560905, 2712280, 1473211, 3303355, 2560913, 3303353, 3303359, 1473213, 1996539, 2712288, 1473219, 2712289, 287539, 287340, 741806, 1996544, 287531, 3189019, 2560919, 741802, 3189013, 2560917, 1473222, 2560925, 3303344, 3189012, 2560923, 3189011, 3303342, 1473226, 3303348, 1996549, 3303346, 2712277, 1473228, 2712278, 287357, 287354, 287352, 458689, 287351, 741838, 1996510, 741839, 741837, 1996513, 287566, 741835, 3303384, 3303381, 2712261, 1996516, 1996517, 2712266, 287360, 2712264, 458694, 2712263, 458692, 2712269, 458690, 2712267, 287367, 287559, 287363, 287364, 741827, 287550, 741828, 1996522, 741825, 287552, 741826, 287554, 287556, 1996529, 3303365, 741820, 1473200, 3303366, 2560902, 3303363, 287560, 1996527, 287370, 287371, 1473208, 2712254, 2712253, 287788, 1996576, 1996577, 1996578, 1996579, 287588, 741856, 1996573, 3189043, 741853, 3303399, 3303396, 741851, 287591, 287593, 287782, 287774, 287777, 287776, 1996587, 1996588, 287575, 287577, 287306, 741844, 3303387, 3189053, 3303388, 741840, 3303386, 3189050, 287773, 287764, 287766, 287311, 287768, 1587490, 1587495, 1587494, 287319, 287316, 287317, 1587498, 1996552, 287315, 1996553, 3189026, 287762, 287761, 287752, 287755, 287754, 1996560, 287757, 1587481, 287320, 287756, 1587484, 287599, 1587489, 287328, 287325, 3189038, 287326, 1587486, 3189031, 3189033, 3189030, 287748, 287747, 2879707, 2879708, 2879701, 2879703, 287731, 287730, 287737, 287739, 287720, 1996590, 1996591, 287726, 287725, 287728, 1996599, 1996595, 2879729, 2879726, 287713, 287712, 287719, 2879718, 2879717, 2879710, 2879712, 2879713, 458824, 1166820, 855460, 458822, 855462, 458820, 1588078, 3474801, 855464, 1166823, 1588079, 855465, 1166821, 2879993, 1166827, 1166826, 1166825, 1318989, 1588071, 1588072, 458827, 1318986, 1318987, 1318981, 1318984, 855456, 2879984, 3474806, 1734591, 2879987, 855459, 1318980, 1734590, 1734597, 2879989, 1734596, 2879988, 458835, 855470, 855471, 1734578, 458834, 1734576, 1588089, 855475, 855476, 458830, 855477, 2879982, 287298, 287297, 1166816, 3302697, 1166814, 1318979, 1166819, 458838, 1318975, 1318976, 3302690, 3302693, 3302695, 855467, 855468, 1734580, 3474814, 1734586, 1734585, 2879979, 1588096, 1734568, 855482, 1588097, 1734567, 855484, 1734565, 855485, 1166802, 855486, 1166800, 1166806, 1166805, 1473192, 458808, 1166804, 1587890, 3302688, 1588092, 458807, 1166809, 1587895, 458804, 1588094, 1588095, 1473198, 3302680, 855479, 1734572, 458813, 1734557, 855493, 855494, 1734555, 855495, 855497, 1734559, 855499, 1734558, 458818, 3302679, 458815, 855491, 1318996, 1587889, 1587888, 1587886, 3302671, 3302672, 1318995, 3302673, 2879996, 2879995, 2879998, 1734563, 1734561, 1850009, 3474842, 1166862, 1166861, 1166866, 3474843, 855422, 3302666, 3302667, 3302661, 1850002, 1850003, 3474847, 855415, 1850004, 3474848, 855416, 1166850, 1850016, 855432, 1850019, 3302658, 1850012, 855424, 1850014, 1850015, 1850011, 1166842, 2161997, 3302649, 2161999, 2161993, 2305905, 855442, 2161994, 855443, 2161995, 855444, 2305909, 3302641, 2161990, 2305908, 3302642, 3302643, 2305906, 3302644, 3474828, 855436, 855438, 855439, 2305912, 3474830, 1166830, 2161987, 3302639, 1734599, 1734598, 2161989, 855452, 1166835, 2161982, 1166834, 855455, 2305919, 2161980, 2305918, 1166836, 2161981, 3302633, 3302636, 855445, 3474838, 3474837, 1589202, 1589203, 1997098, 1589200, 1734500, 2162705, 3474883, 1589201, 2305920, 3474884, 1318909, 1734506, 1589207, 2305926, 1734504, 2305925, 1734503, 1318906, 1997090, 1589208, 1734508, 2305929, 1589209, 1997092, 1473131, 1587830, 1318902, 1473130, 1318903, 2162709, 1318904, 1587834, 1587833, 1473133, 1473132, 1850040, 1473139, 1473138, 1473137, 1587836, 1473136, 1850047, 1587839, 1850048, 1850041, 1589210, 1850042, 1850044, 1997088, 1997087, 2305933, 1166895, 2305932, 1166894, 1997089, 1588002, 2305936, 1588004, 1997082, 2305939, 1473142, 1997084, 1997083, 3474891, 1850051, 1587827, 1473149, 1587826, 1588007, 1587828, 2305930, 1850054, 1997077, 3474863, 1166885, 3474864, 2162727, 2162728, 2305942, 458887, 1850028, 2162726, 2305946, 3474866, 1997070, 1997073, 1318924, 1997072, 1318926, 1318921, 1587810, 1473110, 1473117, 1473115, 1588016, 458894, 1587819, 1588017, 2162722, 458891, 1587818, 3474869, 1587817, 2162720, 1166882, 1850021, 1166875, 3474874, 1166874, 2305955, 3474875, 458899, 2162716, 3474872, 1166879, 2162714, 1850039, 3474879, 458895, 855410, 1166877, 2162712, 1166876, 3474877, 1318919, 1318912, 1318913, 1997061, 3474871, 1997063, 1473122, 1473121, 1587805, 1473125, 855401, 2162711, 1166871, 1850030, 2305952, 1850031, 2305950, 855408, 1850033, 1588030, 2305967, 287299, 2305965, 2162747, 2162748, 287295, 1588036, 2162745, 2305969, 1588037, 1318945, 1997051, 1473174, 1587873, 1318947, 1587872, 1997053, 1473172, 1318941, 1473178, 1850082, 1587876, 1850083, 1318944, 458871, 1588038, 2162744, 2305963, 1850086, 1734550, 1734535, 1997044, 1588043, 2162738, 1588044, 1734532, 1588045, 1997048, 458876, 1588046, 1997047, 1588047, 1734537, 1588048, 1734536, 2305979, 1318938, 1318939, 1587863, 1473185, 1587861, 1318937, 1587860, 1318930, 1587866, 1473188, 1318933, 1850095, 1850090, 1588049, 2162732, 458883, 2162730, 2162731, 1850097, 1734540, 1734524, 1997033, 1589225, 1734523, 1997032, 1588054, 1589222, 1997035, 2305987, 458845, 1734521, 1997034, 1734528, 1997037, 458843, 1588057, 1589229, 458840, 1589226, 1734526, 1589227, 1318967, 1587852, 1473152, 1587851, 458848, 1318969, 1588051, 1997030, 1587856, 1318964, 1587855, 3303410, 1587854, 1318966, 1587859, 1473159, 1473158, 2305981, 2162763, 2162764, 1734531, 1850063, 1589232, 1734530, 2162762, 2305984, 1589230, 2162760, 1589235, 1589236, 1734512, 2305999, 1589233, 2305998, 1588066, 2305997, 1588067, 458854, 1734516, 1997025, 2162759, 1588069, 1734515, 1997027, 1318956, 1588060, 1318958, 1588061, 1318959, 1587845, 1473166, 1587843, 3303402, 3303403, 1587847, 287393, 2162754, 1997029, 287395, 3303404, 2162753, 1734520, 2305994, 3303408, 287398, 3303409, 287257, 1589169, 1997010, 2305889, 287255, 1589167, 1997013, 2305888, 287256, 1589168, 1997012, 1997015, 1997014, 3303432, 3303433, 287260, 3303439, 2305880, 1589171, 2162786, 3303438, 2162781, 1589175, 287499, 1997006, 2162778, 287263, 3303421, 3303424, 1589180, 287490, 3303428, 287272, 3303429, 2162774, 3303426, 287493, 1589182, 2162775, 2162772, 2305897, 2305896, 2162771, 1589148, 287277, 2712995, 287278, 1589146, 2712993, 287276, 287274, 3303460, 3303454, 3303457, 3303458, 287282, 3303459, 287281, 287484, 1589158, 287477, 1589159, 287288, 1589156, 287289, 287479, 3303450, 2162791, 3303443, 3303445, 287293, 2162798, 1589162, 287291, 3303448, 1589160, 1589165, 287290, 1589166, 1589164, 287467, 287469, 287219, 1996414, 3303482, 3303481, 1996419, 3303473, 3303474, 3303477, 1996418, 287461, 287460, 287463, 287224, 287458, 287457, 287221, 1996422, 287226, 1996421, 1473106, 3303468, 3303469, 1996428, 3303466, 1996429, 3303467, 1473109, 287450, 1473107, 287453, 287207, 287445, 287444, 287447, 287208, 287446, 287230, 287201, 287239, 287202, 287204, 3303498, 3303496, 1589190, 3303499, 1589194, 1589193, 1589198, 1589199, 287442, 287246, 287434, 287242, 287438, 287243, 287241, 287439, 3303490, 1996402, 1996403, 3303494, 287248, 3303491, 287249, 3303492, 1996408, 3303486, 1996406, 3303488, 287432, 287423, 2161975, 3302627, 2161977, 1996450, 2161978, 2712930, 2161971, 287426, 2161972, 287429, 2161973, 2161974, 1996455, 287220, 3302620, 287223, 3302622, 1996451, 2712939, 2712938, 2712935, 2712933, 287420, 287218, 2161964, 2712942, 287217, 287414, 1996460, 2712940, 1996461, 2161967, 2161960, 2161962, 287417, 287419, 287212, 3302610, 3302611, 287214, 287213, 2712949, 2161959, 2161953, 3302605, 287400, 2712910, 3302606, 287403, 287402, 3302608, 287404, 2161950, 2161951, 287406, 2161952, 287408, 287245, 1996435, 287244, 3302604, 1996437, 1996438, 2712917, 2161949, 287203, 2161944, 2161941, 287232, 287209, 287233, 287236, 1996440, 287235, 287238, 287205, 1996448, 1996449, 287240, 2712928, 2712929, 2712927, 2712924, 2712925, 2161937, 2712975, 1996492, 2161932, 2712976, 1996493, 2712971, 1166900, 1996490, 2712970, 1166905, 1996499, 1166903, 287266, 1166906, 287270, 2712979, 2712977, 2712986, 2712987, 2712985, 2712982, 2712983, 287253, 287261, 2161918, 2712951, 2712952, 287287, 1996479, 287296, 2161907, 2161908, 2712957, 2712958, 2712955, 1996480, 2712964, 1996481, 1996483, 2161901, 2712960, 2712961, 287275, 1996489, 287279, 1996485, 1996486, 287280, 287284, 2712968, 2712969, 1166941, 458946, 1166940, 458943, 1588197, 1734466, 458941, 1166945, 1473090, 2879871, 3784108, 458940, 2879872, 1587793, 1166948, 1473093, 1473091, 3784101, 3784103, 1587794, 1318864, 1587799, 3302580, 1318867, 3302583, 3302585, 1734472, 2879863, 3474925, 1734476, 2879868, 2879867, 1734473, 2879869, 458956, 458957, 1734457, 2879860, 458953, 3474931, 1166931, 3474932, 1166938, 1166936, 1587780, 3302577, 1166935, 3302578, 1318857, 1587786, 1318858, 1587785, 458958, 1587789, 1587788, 1318856, 3302570, 3302572, 1318851, 3302573, 2879853, 3474937, 1734460, 3474938, 2879856, 458923, 1734446, 1996393, 1734445, 1996394, 458920, 1166922, 3474901, 1996390, 2879895, 1996391, 1587771, 1166926, 458929, 1166925, 3302567, 3784128, 1473076, 1996396, 458928, 3784122, 1166929, 1473074, 1587773, 1473073, 1587772, 1318886, 1587779, 1318887, 1587778, 3784121, 1318889, 1473077, 1587776, 3302560, 3302562, 2879885, 1318880, 2879888, 1318881, 1734454, 2879889, 3474909, 1734434, 2879880, 1734433, 458930, 2879881, 3474912, 2879883, 1166916, 1473083, 3302553, 1166915, 3302554, 3784115, 3302555, 1166913, 1473080, 1473087, 3302557, 3784112, 1473086, 1587763, 3302558, 3784111, 458936, 1166918, 3302559, 3784114, 458937, 1318875, 1318877, 1473089, 1587766, 3784110, 1587765, 3302551, 1318874, 2879877, 1734442, 1734440, 458901, 1166985, 3474962, 458902, 2161899, 458900, 1166982, 3474961, 1166988, 1166987, 3474964, 2161890, 2161891, 3302543, 3784148, 3302544, 2161893, 3302545, 458903, 3784146, 3784141, 3784140, 3784142, 3302540, 3302541, 458912, 2161887, 3302539, 1166972, 3474971, 458911, 2161884, 1166976, 2161885, 1166975, 458918, 1166979, 3302534, 458917, 3302537, 3784136, 3784135, 1318897, 1318891, 2712904, 2879899, 3474979, 1318892, 2712903, 2712901, 1166962, 3302529, 2161878, 2162804, 2162805, 2161872, 2162802, 3474945, 2161874, 3474942, 3474943, 3302520, 3302521, 1166969, 3302522, 1166968, 3302525, 1734494, 1734493, 1734491, 2161869, 1734496, 1166952, 3302517, 1734478, 3302519, 3474955, 1166955, 1166954, 3474953, 3474954, 3302510, 3302511, 1166957, 3302512, 3302513, 3302516, 1734481, 2161858, 2712009, 1588110, 2162824, 1588112, 2162825, 1588114, 1166097, 1587713, 1587712, 1473018, 1587717, 1587719, 1588117, 1588118, 2712006, 2712004, 2162817, 2162818, 1588121, 2162816, 1588122, 2162814, 2162811, 1473021, 2162819, 1587702, 1587701, 1473028, 1473026, 855501, 1587709, 855502, 1587708, 1588128, 855503, 855507, 1588130, 1588131, 2162848, 3474982, 3474989, 855520, 855521, 1588136, 3474987, 1318807, 1318809, 3474981, 1318804, 1166083, 855519, 1166074, 1166077, 1318800, 1166079, 2162842, 855514, 855517, 1588140, 3474995, 1588141, 3474996, 1166993, 3474994, 1588144, 1166999, 1166998, 1588146, 3474997, 1166997, 1166091, 1166095, 3474990, 1166086, 1473003, 1473002, 1473001, 1473007, 1473006, 1473005, 1588148, 2162831, 855525, 1166991, 1734425, 1588152, 1734424, 458988, 1734422, 1734429, 1588156, 1734428, 1588157, 1734427, 2162866, 2162867, 1318829, 1473053, 1318826, 1473052, 1318827, 1473051, 1318821, 1587756, 1318823, 1587759, 3303510, 1473059, 3303511, 287183, 458992, 3303516, 287184, 3303517, 3303514, 287182, 1588162, 1734413, 458998, 2162859, 1588165, 458996, 1588166, 287188, 458997, 1588167, 1734417, 458994, 2162855, 2162856, 1318818, 1473060, 1734419, 1473069, 1473067, 1473066, 3303501, 3303502, 1587747, 3303500, 287194, 2162853, 287192, 287191, 2162850, 3303508, 1588173, 1734403, 1588174, 1734402, 1588175, 1734401, 1588177, 287199, 458964, 458961, 458962, 1734404, 1734409, 1318846, 1473032, 1318848, 1473030, 1318849, 1473036, 3303530, 1473034, 1473033, 1473039, 3303535, 1473038, 1587737, 3303532, 3303538, 2162885, 1734410, 2162882, 2162883, 1588185, 458977, 458974, 458975, 1318837, 3302591, 3303523, 3303524, 3302595, 3303521, 1318830, 1587725, 2162876, 3303526, 2162871, 2162870, 2712898, 2712899, 2712897, 287132, 287133, 2712895, 2712891, 3303560, 1166011, 1166013, 1166012, 3303557, 2712084, 3303554, 3303555, 2712088, 1166018, 287147, 287148, 287145, 287144, 287141, 2162899, 2712071, 3303541, 2712075, 1166026, 2712073, 2712072, 2162897, 2712079, 287151, 2162895, 2162896, 2712076, 3303548, 2162894, 2712877, 287154, 2712870, 287153, 3303582, 3303580, 3303572, 2712063, 2712061, 287169, 287598, 2712888, 287168, 2712883, 287166, 2712884, 287163, 2712880, 3303561, 3303562, 1166002, 3303569, 287595, 287594, 287597, 287596, 287305, 287308, 287307, 287302, 1166060, 287301, 1166057, 1166056, 2712041, 3303598, 1166058, 3303599, 2712045, 2712043, 287583, 2712049, 2712048, 2712047, 287579, 287578, 1588202, 1996304, 3303593, 1166073, 3303590, 1166064, 1166066, 2712030, 1166069, 287570, 287573, 2712039, 2712037, 287568, 287329, 1588210, 1588212, 287322, 1166031, 1166035, 1588214, 2712024, 1166038, 2712021, 287562, 1588218, 2712026, 287563, 287555, 287126, 287123, 287557, 2712019, 287121, 287558, 1588223, 287313, 287312, 287127, 1166051, 287314, 1166041, 1166044, 1166043, 1166048, 2712013, 1588227, 1588228, 2712016, 287544, 287543, 287546, 1996334, 287341, 3302500, 287343, 3302501, 287345, 1996331, 3302503, 287348, 1996332, 3302504, 2879904, 2879906, 1996338, 2879909, 2879908, 287350, 2712817, 287540, 2879903, 2879902, 287533, 2712821, 287532, 287535, 2161845, 287534, 2161846, 287536, 2161841, 287538, 1996347, 287332, 287335, 1996341, 287334, 287337, 1996343, 287336, 2712827, 2161836, 2161837, 2161838, 287522, 2161832, 287521, 2161835, 287528, 2161830, 287529, 1996313, 287365, 287368, 1996311, 2879927, 2879929, 1996316, 1996318, 2879920, 2879922, 2161828, 287510, 287513, 287515, 287514, 287516, 287353, 287355, 1996326, 1996320, 287359, 1996321, 287358, 1996327, 1996328, 287362, 2712809, 2712808, 2712805, 2161816, 2879914, 2161817, 2879913, 1996370, 2161810, 2712854, 2161811, 287502, 1996372, 2161812, 2712852, 1996373, 2161813, 2712853, 287504, 287503, 2712851, 287386, 1996379, 287387, 1996377, 287391, 287392, 2161808, 2161809, 2879945, 2161804, 2712859, 2879946, 2712864, 2712861, 1996389, 287377, 1996386, 2879937, 287380, 287383, 2879930, 2879932, 2712869, 2879933, 2712867, 2712868, 2879935, 2879971, 1996355, 2879967, 2712837, 2879966, 1996360, 2712844, 2712842, 287397, 1996368, 1996363, 1996364, 1996365, 1996366, 2712091, 2712090, 2712095, 2712094, 2879953, 2712847, 2712848, 3783819, 138803, 1850688, 3783818, 138801, 855223, 1850689, 596835, 596836, 1167225, 1167227, 1167228, 596832, 1167229, 26449, 1167221, 26444, 1850683, 855215, 1850684, 855216, 855218, 855219, 3783810, 3783808, 855231, 1850698, 3783807, 1167233, 596845, 1167234, 596848, 1167235, 1167237, 596843, 458197, 2713298, 458196, 2713297, 2713299, 2713294, 1167230, 855226, 26452, 458190, 855228, 3783801, 26459, 1850690, 26458, 26456, 1850669, 855241, 1849679, 26472, 26471, 26470, 855246, 1849670, 1849671, 596853, 596855, 596854, 1849675, 596850, 1167240, 1167241, 1849680, 26466, 1850661, 26465, 458180, 26463, 855239, 458182, 26468, 855250, 855251, 855255, 855256, 596867, 1849684, 1849681, 1849688, 1849685, 1849686, 458174, 458177, 458176, 26477, 26476, 458171, 26479, 458172, 3783859, 596877, 26408, 26407, 596870, 1474537, 26405, 1474534, 1474533, 1474535, 26400, 1474530, 1474532, 3783855, 1474531, 3783856, 26404, 3783851, 3783852, 3783848, 3783849, 3302897, 596887, 596882, 596881, 596883, 1474528, 1474524, 3302893, 1474521, 3783845, 26415, 3783842, 26414, 3783843, 3783839, 596897, 3302887, 596896, 1474516, 26429, 596894, 1474511, 596891, 1474514, 3302881, 26420, 26425, 26424, 26423, 3783830, 855210, 3302872, 3302873, 3302874, 3302875, 1474509, 3302876, 26439, 1474506, 1474501, 1474503, 26433, 855204, 3783825, 26430, 3783823, 26437, 3783820, 26436, 458116, 458122, 458126, 458125, 458105, 458109, 458111, 458113, 458112, 458200, 1474563, 1474560, 855214, 458100, 458101, 1474555, 1474558, 458103, 1474557, 855206, 1474553, 855209, 855200, 1474548, 1474546, 1474542, 855230, 855235, 855234, 458165, 458167, 458160, 855222, 855221, 596806, 855225, 596808, 855224, 458149, 596803, 596800, 458152, 458156, 458159, 855254, 855259, 596819, 855257, 458139, 596810, 458142, 458141, 458146, 855249, 855248, 855247, 596829, 596823, 596821, 458132, 458136, 855238, 855276, 855274, 2712776, 2712773, 458147, 2712771, 855278, 855272, 2878538, 855271, 855270, 2878533, 2878530, 458157, 458155, 2712779, 855266, 855264, 855269, 855267, 2712783, 2878529, 2878528, 855261, 2878527, 2878523, 2878522, 458168, 2712756, 458129, 855297, 458128, 2712752, 2712750, 2878519, 2878518, 855293, 2878515, 855292, 458135, 458133, 458131, 2712757, 2712766, 855287, 2712767, 2712764, 855285, 2712765, 458137, 2712761, 855280, 2878508, 2878507, 855284, 2878506, 855283, 2878504, 855281, 2878503, 2878502, 2878501, 458144, 458140, 2712769, 458107, 458106, 458203, 458110, 1849701, 458117, 1849707, 1849704, 458115, 138791, 458123, 138798, 458120, 2712796, 2712791, 2712792, 2712790, 138781, 138787, 138784, 138785, 138782, 138777, 138778, 138775, 138776, 138773, 138774, 138771, 1849734, 138768, 2713218, 2713217, 596798, 1849731, 1850728, 1850729, 2713213, 3302867, 596799, 1849730, 596794, 3783770, 3783771, 596790, 596792, 596791, 138766, 3783779, 138762, 3783776, 3783774, 138761, 1850735, 1849747, 1849745, 1850738, 1850731, 1850733, 1849749, 2713207, 3302851, 3302852, 2713208, 3302853, 2713202, 3302855, 1849741, 3783761, 3783769, 138756, 2712707, 138752, 3783766, 138750, 1849713, 1850702, 1850703, 1850704, 138749, 1849718, 138747, 2713239, 3302840, 3302841, 2713235, 1850709, 2713237, 3783750, 2713242, 2878599, 2878598, 2713241, 2878594, 2878593, 3783758, 2878592, 138742, 1849719, 3783756, 138743, 2878590, 138740, 1849724, 1850713, 3302837, 1850715, 3302838, 1849723, 1849728, 138738, 138735, 1849726, 1850711, 138736, 1850712, 3302833, 2713231, 2878589, 3783740, 2713234, 2713233, 2878587, 2713230, 2878582, 138734, 138731, 2878580, 3783745, 3783741, 26491, 1849779, 1850769, 3302826, 138728, 2712732, 3302828, 26495, 855265, 1850764, 3302829, 26494, 138727, 138724, 1850766, 26492, 138725, 1849775, 3302821, 3302822, 3302824, 458193, 2713260, 2878574, 2878573, 26488, 855258, 2878571, 26487, 1850761, 458198, 458199, 2712738, 2712735, 458195, 138719, 2712744, 3302814, 2712742, 855275, 1849789, 3302817, 138716, 855277, 1850776, 138714, 1850778, 1849783, 1849786, 2713247, 3302810, 3302812, 2878569, 2713256, 2878564, 1849790, 1850772, 26496, 2712748, 2712749, 1167209, 3302804, 1850748, 855286, 1849756, 1850742, 1850743, 138702, 1850744, 3302809, 1850745, 1849750, 1167202, 1167204, 3302800, 1167206, 1849751, 458170, 2713287, 2878556, 3783795, 2878554, 3783793, 2878553, 2713282, 138700, 458178, 2712719, 458179, 2712717, 2713281, 2713280, 3783798, 3783799, 1849768, 855295, 855296, 2712720, 1849767, 1850753, 1850756, 1167214, 2713269, 1849765, 2713268, 1167217, 1849762, 2878548, 1167218, 3783783, 2713278, 2878542, 2713271, 2713274, 2713273, 1850751, 2713270, 3783789, 458185, 3783787, 458183, 2712724, 2712725, 3783786, 855341, 855343, 26570, 855345, 2161903, 596710, 1849577, 1849575, 458089, 458088, 1849580, 1849581, 855335, 1850562, 855336, 26563, 26562, 458080, 1850565, 458085, 1850560, 26566, 855351, 855352, 26583, 26581, 26580, 1849585, 2161913, 1849582, 2161912, 596726, 1849583, 596723, 1849586, 1849587, 458079, 2161906, 2161905, 1849590, 2161904, 1850573, 855347, 26574, 1850575, 26573, 1850576, 458071, 1850570, 458073, 855362, 855363, 1849558, 26594, 855364, 596739, 26592, 26591, 855367, 1850547, 1849551, 596735, 1849552, 1849550, 1849555, 1849556, 596734, 1849553, 458065, 458064, 458067, 458068, 855357, 26586, 855359, 26584, 26589, 26588, 458062, 1850559, 855372, 855373, 1850555, 1850557, 855378, 596747, 1849563, 1849561, 596743, 1849566, 596742, 596745, 855370, 458056, 596741, 3302793, 458059, 855368, 1850552, 458050, 855300, 2418092, 2161945, 596759, 2161943, 596753, 596755, 26527, 596752, 596751, 2418086, 3302781, 2161938, 2418083, 3302782, 3783735, 3783733, 26522, 3783729, 855310, 596769, 2161955, 3302776, 596765, 3302779, 596766, 596760, 2418099, 596763, 2418095, 3302771, 26531, 26530, 3783724, 3783721, 26534, 3783720, 26550, 3783718, 3783716, 596779, 3302763, 1849593, 2161923, 1849594, 3302765, 2161921, 596775, 1849597, 3302768, 1849598, 3302769, 26549, 596770, 2161916, 3302760, 2161915, 3302761, 1850584, 3783714, 26542, 855314, 3783715, 3783712, 26540, 26547, 855317, 26546, 26544, 1850583, 855331, 855332, 2161936, 2161935, 2418080, 2161931, 596789, 2161930, 596788, 458098, 596783, 458097, 2418077, 2418076, 1850590, 2161929, 2161927, 2161926, 26554, 855324, 1850595, 26553, 855325, 1850596, 1850597, 855327, 26557, 1850593, 458308, 458301, 1587950, 2418045, 1587953, 458000, 458003, 1587959, 458002, 2418046, 458315, 1587940, 1587944, 1587941, 2418053, 1587947, 2418051, 1587946, 2418050, 458321, 458322, 26507, 26506, 2418022, 26505, 2418029, 2418028, 26503, 2418024, 26518, 1587922, 2418034, 1587921, 26516, 1587920, 2418032, 26515, 2418031, 1587928, 2418039, 2418037, 26512, 2418036, 855110, 1587991, 1587998, 2418000, 458045, 1587996, 458049, 458048, 855109, 2418008, 855106, 2418006, 2418004, 2418002, 855102, 1587980, 1587983, 1587982, 2418012, 2418011, 458034, 1587986, 458033, 458035, 458038, 2418019, 2418016, 2418015, 855134, 855137, 458019, 1587977, 458023, 1587975, 1587974, 458025, 458024, 458026, 855123, 855120, 596707, 855127, 855126, 458007, 458006, 596705, 1587962, 1587966, 458012, 458011, 458014, 458013, 458016, 1587968, 855118, 2712657, 855153, 2712653, 458268, 855157, 1996975, 1996971, 2878657, 2878656, 2878655, 1996977, 2878651, 2878650, 458274, 458272, 855145, 855149, 855148, 855147, 855146, 2712662, 1996986, 855141, 855140, 1996982, 2878640, 1996989, 458285, 458282, 855176, 2712633, 458248, 2712631, 458246, 1996951, 2878639, 2878636, 1996958, 2878634, 2878633, 2878631, 1996955, 1996956, 1996957, 458253, 2712637, 2712645, 855164, 458258, 1996961, 1996962, 1996963, 1996964, 2878628, 855163, 855161, 855160, 1996960, 138692, 2878622, 138690, 2878620, 1996965, 1996966, 1996967, 1996968, 458267, 458264, 458265, 138694, 2712647, 138695, 458228, 2712698, 458229, 855197, 458226, 458227, 2712697, 855196, 2878615, 855194, 2878613, 2878612, 138682, 2878610, 1587914, 1587913, 1587918, 138688, 138685, 458230, 855188, 855187, 458237, 458238, 458235, 458236, 2878604, 2878603, 2878601, 138671, 1587902, 1587908, 1587907, 138676, 1587906, 138677, 1587905, 458240, 138675, 138673, 2712678, 458209, 2712677, 2712674, 458205, 458202, 2712673, 2712671, 1996990, 1996991, 1996992, 1996993, 2713314, 2713322, 458211, 138664, 138662, 458215, 2712685, 458216, 2712686, 2712684, 2713306, 2713305, 2713308, 2713304, 2713311, 138657, 138654, 138655, 458221, 138652, 138653, 1849614, 2161983, 3302748, 138649, 1849618, 1849619, 138647, 2713339, 3302741, 3302744, 2161986, 3302745, 2713336, 2713342, 2713344, 596674, 2713343, 596671, 596670, 3783657, 3302737, 1849626, 1850615, 1850616, 1849624, 2161991, 138636, 1850613, 3302730, 596688, 2161998, 2713324, 1850619, 2161996, 2713326, 2713325, 596684, 3783640, 138634, 3783648, 138632, 3783646, 3783642, 3783643, 2161961, 3302726, 138629, 3302728, 138625, 3783639, 2161969, 2161968, 3302720, 2161963, 2713359, 3302724, 2713358, 596695, 596694, 596696, 2713365, 2713362, 3783637, 3783638, 138621, 138622, 3783633, 3783634, 3302715, 2161970, 1849602, 1849608, 3783629, 2713346, 1849600, 3302712, 2713355, 2713354, 1849609, 3783622, 3783623, 3302704, 1849659, 2712613, 3302705, 138607, 855384, 1850649, 2712610, 138608, 1849657, 1850644, 3302709, 1850645, 1850646, 1849650, 2713378, 1849652, 3302702, 2713385, 2713381, 3783692, 2713383, 3783690, 138601, 2878692, 2712618, 2713380, 2712619, 2712616, 3783697, 3783698, 855393, 1849669, 1850658, 1850659, 855395, 1849667, 2712622, 1849661, 1849665, 1849666, 855392, 1849664, 2713369, 2713374, 2878688, 2878686, 2713371, 2713370, 2878684, 3783681, 2713372, 2878682, 1850650, 2712629, 2712627, 3783689, 1849636, 1849637, 1850626, 1849634, 1850622, 1850623, 1850624, 3783673, 458292, 3783674, 3783672, 2878674, 3783670, 2878672, 2878671, 458297, 458298, 458295, 3783675, 2712602, 1850638, 1850632, 1850633, 1849643, 2713389, 1849642, 2878667, 2713399, 2713398, 3783661, 2713393, 2713392, 2878662, 2712609, 1850630, 3783668, 2712608, 3783669, 2712605, 3783666, 2712606, 1850449, 1849458, 1850445, 1850448, 1849452, 1849453, 1849450, 1849451, 26207, 26202, 1850442, 26200, 1850444, 26205, 26203, 596608, 1850456, 1850457, 596609, 596606, 1849467, 1849468, 596602, 1849470, 1849471, 1850452, 26212, 26211, 1850455, 26215, 1850450, 855000, 596619, 26230, 596618, 596615, 1167002, 1167003, 1849431, 1849434, 596610, 1167007, 1849435, 596613, 1167008, 1167009, 1167001, 26224, 26222, 1850421, 26228, 1849449, 1850439, 855012, 1850434, 855013, 1850435, 26240, 1850436, 1850437, 596626, 1849441, 596622, 596623, 596620, 1850430, 26234, 1850431, 855007, 26232, 855008, 26237, 1850489, 1849496, 596636, 1167026, 1849494, 1167027, 1849495, 1167028, 596635, 1849498, 1849499, 596631, 1167021, 1850485, 1850488, 1850482, 1850483, 596648, 1167035, 1167037, 596649, 596646, 596645, 1850490, 596641, 1167031, 1850496, 855413, 1850468, 855411, 1167046, 596657, 1849477, 596653, 1167040, 2418186, 1167041, 1849481, 1849480, 855404, 1850465, 1850466, 855409, 855407, 2418189, 1850479, 1167058, 1849489, 596668, 596662, 596661, 596663, 1167053, 1167054, 2418194, 596660, 2418193, 2418192, 1850474, 1850470, 1850471, 1850473, 458428, 458426, 458424, 855434, 1167062, 2418164, 1167064, 1474338, 2418160, 458431, 458432, 855427, 1474334, 855425, 855429, 458439, 458437, 458433, 1474328, 1996904, 1167073, 1996905, 1474324, 1996901, 1167078, 2418170, 458442, 458440, 458441, 855414, 855419, 1167070, 458407, 855451, 2712599, 458400, 2712595, 458401, 2712592, 2712590, 1474318, 1474319, 1474314, 1474316, 1167089, 1474310, 855447, 1167080, 2418145, 855441, 855440, 458414, 1167094, 2418154, 1167095, 1167096, 1474308, 1167097, 1474303, 2418151, 855437, 1474301, 1167090, 2418157, 855473, 1996936, 2418122, 2418121, 1996932, 1474379, 2418127, 2418125, 1474373, 855463, 1474370, 855461, 855466, 2418132, 1996949, 2418130, 1474368, 1996946, 855458, 1474361, 1474360, 2418109, 853836, 1996914, 853837, 1996915, 853834, 1996916, 1474357, 1996912, 1996913, 2418108, 1474353, 2418106, 1474350, 1996918, 2418102, 1474351, 855483, 855489, 855488, 855481, 855480, 853842, 2418110, 853845, 1996928, 853849, 1474349, 1996923, 2418119, 1474342, 2418118, 1474345, 2418117, 2418115, 2418113, 2712535, 2712533, 1996854, 853854, 853855, 1996850, 458390, 853859, 853856, 1996856, 995098, 2712539, 458395, 2712537, 458393, 2712547, 2712543, 1996863, 1996865, 1996861, 995081, 853868, 995085, 1996867, 995086, 995088, 2712548, 2712549, 2712512, 458368, 1996830, 1996831, 853871, 1996832, 853876, 853875, 1996837, 1996838, 853879, 995072, 1996835, 1996836, 1474398, 1474397, 458370, 1474395, 1474390, 458379, 1996840, 853882, 1996843, 853887, 853888, 853885, 995060, 995062, 1996844, 995063, 1996846, 1996847, 458388, 1474386, 2712577, 458347, 853890, 2712575, 2713419, 1996896, 2713415, 853892, 1996897, 2713417, 853896, 1996893, 2713414, 853897, 2713421, 2713420, 995051, 995053, 458355, 995058, 458358, 2712587, 2713408, 2712584, 2713405, 2713404, 2713400, 458365, 995049, 458360, 2712557, 2712553, 1996873, 2713438, 2713433, 1996871, 2713435, 2713443, 1996878, 458332, 995035, 995036, 2712559, 2712568, 458338, 2712566, 458339, 458335, 1996885, 1996880, 2713425, 995020, 458343, 995023, 26293, 855063, 995019, 26290, 26297, 855067, 855068, 2713459, 2713456, 855060, 596552, 595942, 596554, 2713465, 596550, 995010, 595948, 26289, 995012, 995013, 26287, 595949, 595943, 595946, 995017, 595945, 995008, 1849504, 855075, 1849505, 855077, 1849509, 138999, 2713448, 596567, 855071, 855072, 855073, 595951, 2713452, 595950, 596562, 595952, 596564, 2713453, 596560, 138995, 995002, 26298, 138996, 995003, 595954, 995006, 995007, 855085, 855088, 855080, 596574, 595920, 596576, 596575, 2713486, 596570, 595926, 138987, 595928, 3783998, 138982, 138983, 138980, 595924, 855098, 138977, 855090, 855091, 855092, 2713468, 3783982, 595931, 2713476, 2713470, 596580, 138975, 3783989, 138976, 595936, 595939, 3783987, 595938, 3783988, 3783986, 3783983, 138970, 595934, 3783984, 855021, 1849535, 1850528, 855022, 1849536, 26253, 855023, 1850522, 855024, 1850523, 1849539, 1850524, 26250, 855026, 2713499, 595984, 596598, 595985, 596592, 596591, 596594, 596593, 26246, 855016, 26244, 138962, 1850520, 1850521, 595989, 26260, 1850537, 855031, 1849549, 2712503, 2712500, 855033, 26263, 26262, 855036, 1850536, 2713489, 2713496, 595994, 595990, 138953, 855027, 26256, 1850530, 26255, 1850531, 2712508, 1850532, 2712506, 138950, 26259, 2712505, 26271, 855041, 1849516, 1850505, 138948, 138949, 1849514, 1850500, 855046, 138944, 855047, 595961, 595963, 595960, 855038, 26267, 138943, 595969, 26269, 855052, 1849526, 26281, 1849527, 1850516, 26280, 138937, 1849524, 138938, 855055, 138935, 855058, 1849528, 855059, 1850519, 1849520, 595973, 595975, 595971, 595970, 138930, 595977, 595976, 595978, 1167109, 1850329, 137945, 26330, 855100, 1850324, 855101, 138922, 3783936, 3783937, 137941, 1167108, 26323, 26322, 1850321, 3783935, 3783930, 3783931, 138918, 138916, 26341, 138913, 855111, 1850335, 1850336, 3783928, 138911, 3783925, 138912, 855114, 137951, 1167112, 1167115, 137954, 1167117, 137953, 137952, 1167119, 3783923, 855105, 26332, 1850333, 3783921, 1850334, 855108, 1850306, 137969, 138907, 137967, 855121, 26352, 138902, 855122, 3783916, 1850304, 855125, 3783915, 1167127, 137965, 138908, 138909, 1167122, 26345, 3783912, 855116, 3783913, 26343, 1850300, 1850301, 26349, 26346, 1850319, 855132, 26363, 855133, 1850314, 3783906, 855135, 855136, 3783904, 137970, 1167137, 137977, 596503, 137980, 1167132, 1167133, 3783901, 855128, 26353, 137902, 595908, 137907, 596519, 137905, 1167146, 1167147, 1167148, 137900, 596512, 596511, 3783971, 596510, 1474418, 1167143, 1474411, 1850360, 3783974, 595902, 1850362, 595901, 3783973, 137914, 137912, 595919, 595918, 137917, 3783969, 596526, 1167157, 1167158, 1167159, 1474405, 1474408, 1474407, 1167152, 1167153, 1474401, 1167154, 1474403, 1850376, 3783968, 595916, 1850378, 3783966, 3783963, 595910, 1850373, 595912, 1850374, 137926, 137927, 1850349, 1167168, 1167169, 596539, 137922, 1167160, 1167161, 1167162, 1167164, 1167165, 1167166, 26300, 3783954, 1850345, 1850341, 137939, 1850359, 137938, 3302996, 596545, 596547, 3302999, 1167170, 1167173, 1167175, 3302992, 26312, 1850353, 1850356, 3783941, 26313, 3783940, 458545, 855312, 1167189, 2712495, 2712493, 1167181, 2418287, 1167182, 1167184, 2418283, 1474456, 2418282, 1474458, 2418280, 855307, 458553, 1474452, 855305, 458551, 1474454, 855309, 1318478, 855308, 1318477, 2418288, 855302, 2418298, 1167193, 1474449, 2418296, 1167195, 2418295, 2418294, 1167197, 1167199, 1318480, 458563, 1474442, 1474443, 458560, 1167190, 1318489, 1318488, 458528, 458525, 2712479, 458523, 2712476, 2712475, 2712472, 2712473, 2418265, 2418264, 1318496, 1318494, 2418261, 1318493, 1474434, 1474436, 855329, 855328, 1474430, 1850387, 855326, 1850389, 1850384, 1850385, 2418266, 458538, 855321, 458539, 855320, 2712489, 458532, 855323, 2712486, 1474428, 2418275, 2418272, 2418270, 1474425, 458542, 458540, 1474421, 855319, 458505, 855353, 458501, 855358, 855356, 458500, 458507, 458508, 2418243, 1996816, 2418240, 1996811, 1996814, 1474497, 855348, 1474498, 1474493, 1996819, 1474492, 855342, 855340, 458511, 855344, 1996821, 458518, 458519, 1996823, 458520, 855338, 855337, 1474482, 2418258, 2418257, 1474484, 855379, 2418220, 1318452, 1474477, 1474476, 2418225, 1318456, 1474473, 855365, 855369, 855366, 855360, 1996804, 1318463, 1996806, 2418230, 1318461, 1474468, 1996801, 1996802, 1474464, 1474463, 2418239, 1474466, 1318468, 2418234, 1318466, 1474461, 2712414, 855397, 2712415, 3302904, 2712413, 2712410, 3302906, 2418209, 3302908, 855394, 3302900, 3302901, 1996739, 1996736, 2418205, 2418204, 855389, 855388, 2418219, 2712420, 1996742, 855382, 2418210, 2418218, 2712427, 2418211, 458488, 458489, 2713514, 595890, 2713517, 1996711, 1996716, 595886, 1996719, 595881, 1996713, 595883, 458497, 458498, 458496, 458493, 595889, 458494, 458492, 2712403, 2713509, 2713505, 2713501, 1996727, 1996729, 595891, 595894, 1996726, 2712408, 2712458, 458466, 2712452, 2712453, 1996774, 2712450, 2713536, 2713539, 1996777, 2713533, 1996771, 2713532, 2713535, 1996773, 2713541, 458475, 458476, 458474, 458472, 2712469, 1996780, 2712468, 2712465, 458477, 1996785, 1996786, 2712462, 2713528, 2713527, 1996781, 1996782, 2713521, 2713530, 1996789, 2712436, 458448, 458447, 2712430, 2712431, 1996752, 2713559, 1996753, 2713558, 1996754, 1996755, 2713554, 2713562, 2713564, 1996756, 1996757, 1996758, 458453, 458454, 458452, 458450, 2712443, 2712444, 2712441, 1996763, 2713548, 2712440, 2713544, 2713543, 2713552, 1996767, 1996768, 458465, 138896, 458463, 138894, 138892, 855185, 855186, 855189, 138889, 3302984, 596435, 596434, 855181, 2713576, 3302987, 596437, 2713579, 596436, 855183, 2713578, 2713583, 595821, 2878498, 3302980, 3302981, 138885, 595828, 2878491, 2878490, 3475983, 138882, 595824, 855195, 855199, 138878, 596449, 3302974, 855191, 2713565, 3302976, 596448, 855193, 596447, 3302978, 595830, 596442, 2713573, 2713572, 595832, 2878489, 3783880, 596443, 2713574, 3783881, 2878487, 3475978, 2878486, 2713571, 138876, 3475975, 138874, 3783888, 3475977, 138872, 3783886, 138873, 3475971, 3783887, 3475972, 138871, 3475973, 3302968, 3302969, 595808, 138867, 1996797, 1996798, 596457, 2713599, 596456, 596459, 3302967, 3783871, 596452, 2878478, 596454, 2878477, 3783870, 2878476, 3475967, 2878475, 3475969, 2878472, 3475963, 138866, 2878470, 138864, 595806, 138861, 3783875, 3302957, 3302958, 138856, 3302950, 3302951, 3302952, 3302953, 2713595, 596463, 2713594, 2878468, 3783861, 596466, 2713597, 2878467, 596465, 3475957, 2878462, 138854, 3783868, 595815, 2878460, 3475953, 3783869, 138852, 3475954, 595812, 595814, 595813, 3475951, 855142, 137989, 26373, 1850402, 1850404, 137983, 595863, 2878457, 2878456, 2878455, 137991, 137990, 2878453, 596473, 138843, 138841, 26364, 138842, 595866, 26369, 595869, 26368, 1850416, 855152, 3302936, 3302937, 1850419, 26385, 138836, 855156, 26383, 138834, 138835, 3302930, 137999, 3302931, 137998, 855150, 2878448, 596486, 2878447, 596482, 595872, 596484, 26378, 138830, 596480, 138829, 3302924, 3302925, 3302926, 855165, 3302927, 138825, 26395, 138826, 855167, 26394, 855168, 855169, 3302921, 596497, 596493, 596492, 596495, 26389, 855159, 596490, 595847, 855173, 855174, 3302914, 855175, 3302915, 855178, 138812, 855179, 3302919, 855170, 855172, 595854, 138810, 138811, 3475997, 26398, 3475998, 595856, 3475993, 3475994, 595851, 595850, 595855, 595853, 595859, 2712998, 2712997, 595844, 595842, 2305995, 2305996, 2305992, 2305990, 595870, 595873, 595874, 595877, 2712981, 595878, 2712980, 595875, 2305986, 2305985, 2305980, 595860, 2712974, 2712973, 2712972, 3302711, 3302710, 595818, 3302713, 3302719, 3302718, 595810, 2712963, 2712962, 2712956, 595809, 3302722, 2712954, 2712959, 3302725, 596401, 596404, 596400, 595800, 595801, 595805, 2712950, 595803, 2712945, 595839, 596419, 595831, 2712941, 595835, 595836, 2712934, 3302701, 595829, 2712937, 596427, 3302708, 3302707, 596425, 595822, 595823, 595820, 595826, 595827, 2712377, 2712376, 2712373, 2712372, 2712370, 1318597, 1318596, 1318595, 1318598, 2712388, 2712386, 458589, 2712382, 2712380, 458597, 2712355, 2712356, 458579, 2712352, 2712350, 458584, 458586, 458587, 2712366, 2712362, 2712363, 458569, 458575, 458577, 458576, 595892, 1318551, 1318550, 595896, 595893, 595899, 1318558, 1318557, 1318556, 138395, 138393, 1318562, 138391, 595884, 595882, 138390, 595887, 1318569, 138397, 1318566, 138398, 2712399, 2712398, 2712392, 138384, 1318575, 1318573, 1318572, 1318579, 138386, 1318577, 138373, 1318584, 138370, 1318580, 138379, 2713618, 1318518, 458636, 458638, 2713610, 2713612, 458639, 2713611, 3783377, 138360, 3783375, 458640, 458643, 596396, 596395, 3783371, 1318516, 138364, 1318511, 3783378, 138365, 1318510, 2712305, 2712303, 2713608, 458623, 2713603, 2713605, 458624, 458627, 3783366, 3783363, 3783364, 458630, 3783362, 458632, 3783360, 138359, 1318528, 138358, 1318524, 3783369, 1318523, 1318522, 2161686, 458619, 2161684, 2161683, 2161682, 458612, 2161689, 138340, 138341, 3783355, 3783352, 3783353, 3783350, 458621, 138348, 138344, 3783358, 138342, 1318533, 138343, 1318532, 2161694, 2161692, 138339, 2161691, 458601, 2713620, 458607, 2713623, 2713622, 138330, 3783342, 3783340, 138336, 1318547, 3783347, 1318545, 3783348, 138331, 3783345, 138332, 1318543, 2712336, 2712334, 2712331, 26096, 458678, 458681, 458682, 995295, 995296, 995298, 138324, 138321, 2712346, 2712344, 138317, 458667, 2712341, 458671, 138316, 995287, 995289, 138311, 138310, 2712316, 1735012, 138308, 138309, 458656, 458655, 458659, 458661, 3783396, 458660, 3783397, 995271, 458662, 995272, 458665, 995273, 995276, 138302, 995277, 138303, 138301, 2712317, 1318509, 1735008, 2712323, 1735005, 2712320, 1735006, 3783390, 458644, 3783391, 458648, 1735000, 3783387, 458650, 995260, 458651, 995262, 995264, 1318506, 995266, 1318504, 1735009, 995267, 1318503, 1735036, 3302756, 3302754, 26054, 26053, 1735038, 3302757, 2161628, 2161626, 596319, 596313, 1735030, 2161622, 596310, 995250, 995252, 2161618, 26048, 995256, 26049, 1735025, 26061, 2161630, 3302764, 26066, 1735027, 1735028, 596327, 596326, 596320, 995241, 2161629, 995242, 995244, 995247, 995248, 995249, 3302734, 26071, 595917, 3302731, 26076, 3302736, 1735050, 596336, 596335, 2161601, 596338, 596337, 1735053, 596331, 596333, 995231, 595911, 26067, 595915, 995236, 595913, 995238, 995228, 1735047, 995229, 1735048, 595905, 26081, 3302742, 1735049, 3302747, 3302746, 1735040, 26080, 596347, 2161613, 596346, 1735044, 2161609, 596340, 2161607, 26079, 595903, 595904, 995218, 2161662, 3302798, 3302797, 2161669, 1735077, 596359, 596356, 596355, 3783331, 596350, 1735080, 26003, 995213, 3302796, 26007, 26006, 3783334, 3783335, 995206, 1735069, 1735067, 1735068, 26022, 2161670, 596368, 2161678, 1735063, 596365, 3783321, 3783322, 596366, 596361, 596362, 3783329, 26014, 26013, 26012, 26018, 26017, 3783324, 3302777, 1735093, 1735098, 1735099, 1735096, 596372, 26025, 3783319, 3783316, 3783317, 3302774, 26029, 3302773, 26028, 3302772, 3783312, 3783313, 3302789, 3302788, 1735089, 2161651, 3302787, 3302786, 3783309, 26041, 1735083, 1735081, 2161657, 1735086, 3783307, 26036, 3302780, 3783308, 26034, 3302785, 3302784, 3783304, 3783301, 3783302, 595734, 595732, 595739, 595724, 595722, 595728, 595726, 26110, 26109, 595752, 595751, 26103, 595754, 26107, 26104, 26119, 595740, 26114, 26113, 595746, 26117, 595747, 741017, 3302602, 3302601, 3302600, 3302609, 3302607, 741008, 741001, 595719, 741038, 741036, 741037, 741034, 595711, 595717, 595714, 595709, 595708, 741028, 596301, 741025, 741024, 595701, 741020, 595704, 2712258, 2712259, 2712257, 2712255, 2712252, 458479, 2712251, 458485, 741055, 741050, 2712268, 2712265, 458471, 853903, 741047, 741045, 853906, 741046, 458478, 741043, 741044, 741041, 853908, 853909, 2712239, 2712232, 458458, 458459, 458461, 458460, 458462, 853912, 853917, 458464, 741074, 741071, 2712247, 2712245, 2712243, 2712244, 2712242, 2712240, 853921, 138294, 458451, 853923, 741067, 853929, 138290, 741065, 741066, 853927, 741064, 2712295, 853930, 2712291, 138285, 138286, 853936, 138284, 1318670, 853938, 595778, 595779, 741097, 595777, 741092, 853943, 138274, 853944, 138273, 853945, 138270, 595763, 595764, 1318680, 595761, 595767, 741085, 595768, 741086, 595765, 741083, 595766, 741082, 1318688, 1318687, 741080, 2712279, 853950, 2712275, 853953, 2712271, 853952, 853958, 138261, 853955, 138262, 595791, 1318693, 1318692, 138269, 138265, 138266, 1318697, 2712285, 2712286, 2712283, 2712282, 853969, 138250, 458495, 595784, 458490, 2161587, 2161586, 2161585, 2161583, 2161582, 458513, 853971, 458514, 853970, 458517, 458516, 853973, 853974, 138241, 853979, 1318630, 3783255, 853977, 596278, 853978, 3783251, 596275, 596270, 1318635, 138245, 1318633, 138243, 3783257, 138244, 2161598, 458509, 2161596, 2161595, 2161592, 853982, 458504, 458506, 853984, 596287, 3783242, 596284, 138239, 1318645, 1318643, 3783246, 138233, 3783247, 2161563, 138229, 853993, 853994, 853991, 853992, 853997, 853998, 853996, 1318652, 1318651, 1318650, 3783231, 995194, 596294, 995195, 596297, 995196, 995197, 596291, 3302692, 3302691, 138226, 138223, 3302696, 138221, 138222, 3302694, 3783236, 2161576, 2161574, 2161572, 2161571, 2161579, 2161578, 2161577, 3783222, 995180, 3783223, 995182, 1318660, 995185, 995186, 138214, 3783229, 138212, 3783227, 3783225, 2712216, 2712214, 2712215, 138209, 2712212, 2712213, 458559, 458558, 995170, 3783297, 458561, 458564, 995172, 3783295, 3783296, 995174, 3783293, 458565, 3783294, 138205, 995177, 138202, 2712227, 2712228, 2712224, 1318607, 2712221, 1318606, 458546, 2712220, 3783290, 458549, 3783288, 3783286, 458550, 3783287, 995161, 458552, 995162, 458555, 458554, 1318605, 1318604, 1318603, 1318600, 1318619, 458535, 458537, 3783277, 3783278, 3783275, 3783276, 458541, 3783274, 458543, 995154, 995156, 1318610, 2712206, 2712204, 1318629, 458527, 3783264, 3783265, 458531, 995141, 3783260, 3783261, 995143, 995144, 995145, 1318624, 995149, 3783268, 3783269, 3302634, 3302632, 26175, 2161503, 2161500, 995132, 995133, 26167, 995134, 26166, 995135, 995136, 26182, 26181, 26187, 26185, 26184, 2161516, 2161514, 2161513, 2161512, 596205, 995120, 26179, 995122, 26178, 26177, 995118, 3302613, 3302612, 26192, 26198, 3302617, 26197, 596215, 596214, 596210, 995112, 995115, 3302624, 995108, 3302629, 596228, 596222, 596221, 995100, 995101, 26199, 995104, 995105, 2161542, 3302677, 2161540, 3302676, 2161548, 596238, 596233, 26124, 3302670, 3302675, 26128, 3302674, 26126, 3783214, 2161552, 26141, 2161559, 596248, 2161558, 596247, 2161557, 2161555, 596246, 596240, 596242, 26136, 3302682, 3783208, 3302681, 3783209, 26139, 26138, 3783202, 3783203, 2161521, 3302655, 3302654, 26154, 3302659, 2161529, 2161528, 596258, 2161522, 596254, 596257, 596256, 596251, 596250, 3302652, 3302651, 26148, 26161, 26165, 26164, 2161537, 596268, 596262, 596261, 596264, 3302663, 995416, 2305778, 2712768, 995417, 995418, 2305776, 2305773, 2305771, 289005, 2305770, 289002, 289009, 289007, 2712762, 2305766, 2712758, 995405, 2305767, 2305764, 995407, 995408, 2712754, 995401, 2712753, 995402, 995403, 2305769, 2712751, 2712747, 2712746, 2305753, 2712745, 2305754, 2305751, 289026, 289025, 2712193, 289029, 741118, 741115, 289034, 741110, 2305757, 2712741, 2712740, 2305743, 2712739, 2712737, 289015, 289016, 289014, 741106, 741107, 741103, 741101, 289021, 2305748, 2305749, 2305747, 2712722, 289078, 3783617, 2161826, 2161825, 289046, 2161824, 2161823, 2161821, 2161820, 289051, 741137, 741135, 741136, 289055, 289056, 741130, 2712721, 3783611, 289080, 3783610, 2712714, 2712713, 2712718, 3783609, 3783606, 2712715, 289035, 2161833, 2161831, 741126, 741124, 2161829, 289043, 3783605, 2712710, 2712703, 2712701, 2305798, 2712706, 2305793, 2712704, 2305791, 2161803, 2305792, 289069, 2305790, 2712708, 2161800, 289071, 741155, 741156, 289075, 741153, 289076, 741150, 2305789, 2305784, 2305782, 289059, 2305780, 289057, 289063, 289060, 741146, 741144, 289064, 2161806, 289065, 2161805, 2712139, 289039, 289038, 289037, 2880101, 2712136, 2712134, 458359, 2712130, 2880102, 458362, 741178, 741175, 741173, 741174, 289041, 2879107, 289040, 2712148, 2880112, 2880111, 2712144, 458348, 2880113, 2880118, 289082, 458353, 741168, 458352, 741169, 458357, 741165, 289054, 741160, 289050, 289081, 2712115, 2879132, 2712116, 289058, 2712112, 458336, 2712110, 458342, 741199, 458346, 741195, 2879126, 2879129, 289062, 741194, 2879128, 289061, 741192, 741190, 2879123, 289068, 2712125, 2879125, 289066, 2712123, 458326, 458327, 458331, 458333, 741186, 458334, 741187, 2879116, 2879115, 289074, 289072, 741181, 289070, 2879151, 2879156, 2880144, 2712177, 2712178, 2712173, 2712172, 2879150, 1318791, 2879149, 1318799, 1318798, 1318797, 2879141, 2879143, 2880150, 289003, 2880156, 2880155, 2880154, 289000, 2712186, 289008, 458394, 2879137, 458392, 2712795, 289018, 2879174, 2879176, 855010, 2712788, 855017, 2880123, 289013, 2879177, 289012, 2880121, 289011, 2712153, 2880126, 289019, 2879171, 458386, 855009, 2712785, 458381, 2712784, 855002, 2880130, 289028, 2712778, 2712777, 855006, 2880134, 2880133, 289023, 855004, 2712166, 2880132, 855003, 2880131, 2880136, 2712163, 2712160, 2879160, 2880139, 458373, 458378, 289032, 289030, 2712770, 2712775, 458371, 2712774, 2880185, 2880184, 2880183, 3302599, 2880188, 855037, 2880186, 2879190, 3784116, 3784117, 855030, 3784118, 3784119, 1318751, 1473099, 1473098, 3302590, 596151, 596150, 1318755, 3302598, 2880191, 3302597, 2880194, 2879186, 2880193, 855028, 1849904, 2880199, 1849902, 2880197, 3784126, 3784127, 2879181, 2879182, 1318762, 138591, 138592, 596163, 3784120, 138590, 596164, 855019, 1318768, 596160, 1318767, 2880163, 3302579, 3784139, 855050, 138582, 596178, 3783596, 3783597, 138580, 1473991, 3783594, 1318770, 3784130, 596174, 3784131, 1473996, 3783593, 596176, 3784133, 596175, 3783591, 3784134, 3302571, 1318779, 1473999, 138589, 1473998, 1318777, 3302576, 138587, 1318775, 3783599, 2880174, 855045, 855044, 3302588, 2880178, 855048, 2880179, 855042, 855040, 1318784, 1318782, 1318781, 596184, 3783582, 3784143, 3784144, 596186, 138579, 596181, 138577, 596182, 1318788, 2880181, 138576, 1318787, 138574, 1850923, 1849937, 1850920, 1850921, 458435, 1850927, 1473057, 1473054, 458445, 458444, 138568, 138569, 1849939, 138567, 138564, 1318710, 138562, 138563, 1849944, 2712106, 1850934, 855065, 2712102, 1318729, 1850930, 2712103, 1850931, 855069, 1318727, 1850932, 458425, 458427, 1849940, 1849941, 1473068, 1850939, 1473064, 1473063, 1473061, 138557, 138558, 1318725, 138556, 138553, 138551, 1318720, 1850900, 855099, 1318739, 1849913, 138549, 855093, 458413, 458415, 1850904, 458417, 855096, 855094, 1850907, 1473078, 458421, 458420, 458423, 458422, 1473072, 1318737, 138547, 1318734, 1850911, 1850913, 855087, 1850914, 1849926, 1849924, 458403, 855082, 1850919, 855081, 458404, 3784105, 855086, 1850916, 3784107, 458409, 855083, 3784109, 1318740, 1473088, 458410, 1473084, 138536, 1318747, 138533, 1849928, 138534, 1318745, 138532, 1318741, 2712802, 3302514, 1849978, 2161860, 2712800, 1473929, 138528, 1850962, 138529, 138526, 1849979, 1850965, 2161867, 2712807, 2161866, 1473016, 1849974, 2161864, 1473014, 2161863, 1473011, 1473931, 995494, 995495, 2305818, 138525, 138522, 2305816, 3783536, 3783534, 1473938, 3783535, 3783532, 3783533, 1849989, 3302528, 3302527, 2161879, 1473027, 1849985, 2161876, 1473024, 1849983, 1473022, 1473020, 995481, 1473941, 1473940, 2305809, 138513, 2305807, 1850970, 3783528, 138511, 995486, 1473944, 1850971, 138512, 1473943, 3783523, 1473948, 2305801, 138508, 1473908, 1850946, 138506, 1849957, 1850942, 1850943, 2161848, 2161847, 1850948, 2161844, 1473035, 2161842, 1473031, 995470, 2161839, 995473, 138503, 3783517, 1473911, 995477, 1473917, 3783512, 995478, 1473916, 3783513, 1473915, 3783511, 2161851, 1850956, 3302502, 1849964, 1473918, 1850958, 1318705, 1850954, 2161859, 596108, 2161857, 596105, 2161854, 596107, 1473046, 1849960, 2161853, 1473047, 1849961, 596100, 1473045, 596102, 1473043, 1473040, 1473041, 995461, 995462, 3783505, 3783506, 995464, 995465, 995466, 3783501, 1473927, 3783502, 995469, 3783500, 995459, 2305851, 596116, 596117, 596112, 1473971, 596111, 1473970, 3783575, 3783572, 3783573, 1473975, 1473974, 1473972, 995451, 1473979, 3302550, 1473978, 995453, 1473977, 1473976, 2305858, 2305859, 3302552, 2305843, 3302569, 995449, 2305844, 2305841, 596127, 596128, 3783563, 3783561, 596124, 1473986, 3783560, 596120, 3302561, 995444, 3302565, 3302564, 3783565, 1849999, 1850988, 2305832, 3302536, 1850989, 995439, 1849997, 2305831, 2161880, 1850985, 1850986, 3302538, 1849991, 1849992, 2161886, 596139, 596133, 3783550, 596135, 596130, 1473950, 1850981, 995431, 1473955, 3783558, 1850983, 3302532, 2305837, 3302531, 1473959, 2305834, 3302530, 1473958, 2305835, 2161895, 3302547, 2305822, 3302546, 2161892, 3302549, 1473008, 1473009, 596148, 2161898, 596145, 596144, 3783542, 596147, 596146, 596140, 1473963, 596143, 1850991, 1850992, 1473966, 1473965, 2305828, 3783548, 2305825, 3302542, 3783546, 995425, 1473969, 2305899, 2712889, 2712887, 2305895, 2712098, 2712099, 2712097, 741218, 741216, 2712092, 741217, 2560968, 741212, 2560965, 741213, 2560966, 595974, 2560963, 2712885, 2560961, 595979, 2305887, 2712878, 2305886, 2305882, 2560957, 741201, 2560954, 595962, 2560958, 2560959, 595965, 595964, 2712875, 2560953, 2712873, 2712872, 2305874, 2712866, 2712865, 2305873, 2305870, 2712078, 2305871, 1849793, 2712077, 2712074, 741238, 1849795, 595991, 741237, 595993, 741231, 595998, 595999, 1850783, 595996, 1850785, 2305878, 2712862, 2712857, 2712856, 2712855, 2305861, 2712089, 2305860, 2712086, 741227, 741228, 2712082, 458296, 595983, 741221, 458299, 1850793, 595988, 1850794, 2560971, 458290, 1850795, 2560974, 2560972, 2305868, 2712850, 2712846, 2712849, 2161704, 2161701, 741259, 741256, 741255, 741250, 741251, 595937, 2712841, 595929, 2712834, 2712832, 2712836, 2161714, 741245, 741246, 2161709, 741244, 741241, 2161706, 595921, 1473902, 1473901, 1473900, 2560991, 595925, 1473905, 595923, 1473904, 1473903, 2712824, 2712823, 2712822, 2712828, 2712825, 741277, 741274, 595953, 741271, 595958, 2712820, 595956, 595957, 2712810, 2712815, 2712819, 741269, 741267, 741268, 741263, 741264, 741261, 595941, 741260, 595947, 2712017, 2712012, 2712010, 458241, 458243, 458247, 741295, 741291, 2712027, 2712023, 2712022, 2712020, 458231, 458234, 741285, 741281, 741280, 2879011, 2879013, 458217, 458223, 2879006, 2712007, 2712008, 2712005, 2712003, 2879002, 458207, 458206, 458208, 458210, 458212, 458213, 2879032, 2712058, 2712059, 2880023, 2879037, 2879036, 2880021, 2712054, 2880027, 2712052, 2880025, 2712051, 458287, 458288, 2879027, 458281, 2879021, 2880035, 2880039, 2712066, 2880037, 2712060, 458273, 458275, 458278, 458277, 458270, 458271, 2879052, 2879055, 2879056, 2880001, 2712035, 2712032, 2880006, 2712033, 2712031, 2880003, 2880009, 2880008, 458263, 458262, 458266, 458261, 458260, 2879042, 2879043, 2880011, 458249, 2880017, 2880015, 2712042, 2880014, 2712040, 458252, 458251, 458254, 138490, 458256, 458255, 2712893, 2712892, 2712890, 138499, 138496, 458250, 2712894, 2879074, 2880063, 2880061, 458028, 2880065, 1473890, 1473894, 138481, 1318870, 596033, 1473896, 3783492, 1318878, 1473899, 138487, 1318876, 2880071, 458032, 2880070, 3783499, 1318873, 2879063, 2880079, 458037, 2880077, 2879069, 3784003, 596049, 3784008, 3784009, 138472, 1318882, 3783487, 596048, 596047, 3784001, 458046, 458047, 458043, 1318885, 2880080, 458041, 1318884, 2880041, 458008, 2880040, 2880044, 458005, 3784014, 3784015, 2880048, 3784019, 2879095, 596057, 138462, 596056, 1318893, 1473871, 1473870, 596058, 3783471, 596052, 3784011, 596054, 1473873, 138469, 1318899, 1318898, 458010, 138463, 2879085, 2879087, 458017, 2879089, 2880055, 3784025, 3784026, 2880059, 3784027, 138450, 1473882, 3783462, 596069, 3783460, 1473886, 596066, 1473884, 3784024, 138459, 458022, 596061, 458020, 458021, 3783466, 1849812, 1735111, 1735112, 1849814, 458317, 458319, 458318, 1850807, 1850808, 596079, 458320, 596075, 458324, 596076, 138447, 596071, 1318836, 1318834, 1735119, 1318833, 138443, 1318832, 1318831, 1849821, 1850815, 1735106, 1849827, 1849828, 1735105, 458303, 458306, 458305, 458309, 1850819, 596089, 458311, 596086, 458310, 458313, 138436, 138437, 596084, 1318845, 1849829, 138433, 138431, 1735136, 2880085, 1735133, 1735139, 1735132, 1318850, 596097, 995392, 458302, 995394, 138425, 1318855, 138421, 138422, 1318853, 2880092, 1318852, 596090, 1735124, 2880094, 2880098, 1318861, 1318860, 995382, 138414, 1318869, 138415, 1318868, 138412, 995387, 1849807, 995388, 138410, 1318863, 1735157, 1850845, 2161741, 2712923, 1735158, 1850846, 2712922, 1473809, 1850847, 1735156, 1849855, 2712920, 138407, 138408, 3783419, 138406, 2161747, 1849852, 1849853, 1735151, 1735152, 3784073, 3784074, 995370, 1473810, 3784076, 3784077, 995373, 2161739, 995374, 138404, 3783418, 2305935, 1473817, 1473816, 3783411, 2305934, 1735146, 2712912, 2305921, 1850858, 1318808, 2712916, 2712915, 1318805, 1735149, 1850855, 2712913, 3783409, 2712918, 2161757, 2161756, 1849861, 3784085, 995360, 3784088, 995362, 995363, 1473825, 3783406, 995364, 1318802, 1473823, 995366, 1850851, 995367, 2305924, 3783400, 3784081, 2305923, 1849834, 1850823, 1849833, 1850826, 1849838, 1849839, 1849836, 1850821, 1318815, 1849837, 2712909, 2161725, 2712906, 1849830, 1735176, 1849831, 1850828, 2161722, 3784095, 458091, 3784098, 458090, 2161718, 1318814, 2305917, 1318813, 458099, 1318812, 2305915, 995355, 1318810, 3784091, 2161730, 1849846, 1850835, 1850836, 1850837, 1850832, 1849848, 1735160, 1735161, 2161735, 1735164, 1850838, 2161733, 1735162, 1849840, 995340, 995341, 1318825, 1473803, 2305904, 1473800, 2305902, 1318820, 995347, 2305901, 1850889, 2161783, 2305970, 1849891, 1849896, 1849897, 1849894, 2161786, 458072, 3783454, 458070, 3783450, 3784034, 1850881, 1473856, 1850883, 458075, 3783457, 458076, 995335, 458074, 995327, 2161795, 995329, 2305960, 2305961, 1850898, 1850899, 1735182, 1735183, 3784049, 596005, 2161799, 596007, 3784041, 3784042, 1473863, 3784046, 1473868, 1850893, 3783448, 1850895, 3783449, 458086, 995323, 458084, 1850890, 2305966, 995316, 1849878, 2161763, 2305953, 1849879, 2161762, 1849876, 995319, 1850865, 1850866, 3784058, 1849871, 2161768, 596017, 1849874, 2161765, 2161764, 3783431, 3784051, 596015, 1473831, 1473830, 3783439, 995310, 2305959, 1473833, 1850862, 458053, 458054, 995313, 1473839, 995314, 1473838, 3783433, 995315, 995305, 2161774, 995307, 2305940, 995308, 2161771, 2305941, 2161770, 1850876, 1849881, 1849882, 2161779, 1849885, 596027, 1849886, 2161775, 458060, 3784061, 458061, 3784063, 3784064, 3784065, 3784067, 596021, 1850870, 1850871, 458066, 3783427, 3783424, 2305947, 3783425, 2305944, 3783422, 458063, 2305945, 1165727, 2562331, 3188916, 3645017, 596709, 3188917, 3645018, 596708, 1165729, 2562333, 3645019, 2562334, 3188911, 854023, 3644852, 854020, 2562336, 854021, 2562339, 854025, 854028, 740722, 3304092, 740724, 596703, 1165720, 3644855, 596702, 3644853, 1165721, 740726, 1165724, 3188908, 596706, 740725, 3644857, 2562341, 3645027, 1165738, 2562342, 3645028, 2562343, 3188928, 3645029, 2562344, 3188929, 2562348, 740713, 740712, 3644845, 3644842, 3645022, 3645023, 3644849, 740717, 1165737, 3644846, 1165736, 3644847, 854041, 3644870, 1165708, 854044, 3644873, 854045, 2562313, 2713288, 3644871, 2562315, 2562316, 2562317, 854046, 2562318, 2713284, 2713285, 3304071, 2713290, 3304070, 740701, 596721, 3304074, 596725, 740708, 596724, 740707, 596722, 740709, 3644876, 596729, 740704, 1165702, 596728, 596727, 1165704, 740705, 1165717, 138709, 854052, 1165716, 3645006, 2562321, 596719, 138704, 854055, 854056, 3188901, 138706, 3188902, 138707, 1473209, 2562326, 3188903, 854059, 1473206, 2562327, 1473204, 2562329, 138703, 1319499, 1473205, 2713296, 1473202, 2713293, 1319497, 3304086, 3304085, 596714, 596712, 3644864, 3645000, 596718, 1165713, 596717, 1165712, 3645002, 596716, 3644868, 3645003, 596715, 3644869, 854062, 3188959, 993788, 854061, 993782, 854065, 3188958, 3188951, 993789, 3188950, 740766, 740765, 740768, 740767, 1165760, 1165761, 1165764, 1165763, 3644812, 993791, 3645056, 1165767, 3645058, 1165769, 993797, 854074, 993796, 854071, 854072, 2562301, 854078, 993792, 2562302, 3188967, 854075, 993794, 2562304, 3188962, 2562309, 3644809, 3644806, 740756, 3644807, 3645060, 1165773, 3645061, 3644800, 1165776, 854080, 1165779, 3645069, 3188937, 1165749, 3645039, 3188933, 3188934, 740744, 740743, 740740, 740742, 1165742, 3644833, 3645030, 3645031, 3644831, 3645033, 740748, 3644837, 1165745, 3644838, 3645035, 3644835, 3645036, 740749, 3188949, 854093, 2562601, 2562600, 2562603, 3188945, 854097, 3188946, 854098, 2562604, 3188943, 740733, 3644828, 1165751, 1165752, 3644823, 3644820, 2562608, 740737, 3644826, 1165756, 3645046, 740739, 3644825, 993742, 993743, 2713224, 3188999, 993740, 595393, 993749, 2713221, 595394, 595395, 3188992, 595390, 993748, 3188993, 595391, 2417753, 596782, 3645090, 2417756, 595386, 596786, 3645093, 596785, 3304013, 3645096, 3304012, 3304011, 3645098, 3304014, 993755, 993754, 2713236, 993751, 993750, 2713232, 993757, 2417771, 2417774, 596772, 740799, 596771, 2417765, 2417766, 2417767, 596776, 740795, 2417768, 3304020, 2417769, 596774, 595399, 596773, 740796, 596777, 3304027, 3304026, 2713206, 2162498, 2162497, 993760, 2162496, 3188977, 2713200, 3188979, 2713201, 595370, 3188973, 595372, 2417780, 3188975, 595373, 2417782, 3188970, 2417784, 993769, 2417785, 595368, 595369, 2417777, 740784, 2417779, 595364, 740783, 3645072, 740785, 3645075, 3645076, 993774, 3304007, 2713211, 993772, 2713212, 740780, 595382, 2417790, 740781, 3188987, 3188980, 3188982, 595380, 595378, 595379, 596793, 740776, 2417787, 740773, 3645081, 596797, 3645082, 596796, 3645083, 595377, 596795, 3304002, 3645085, 3304001, 3304000, 3645087, 3644895, 3644896, 3644893, 2713264, 2713262, 2713263, 3304053, 3304056, 3304055, 596744, 596748, 2713279, 2713277, 2713275, 2713276, 596732, 596731, 3304062, 596736, 3304068, 3644889, 596733, 3644887, 596738, 596737, 3304069, 993721, 2713246, 2713245, 2713240, 596761, 2417493, 2417491, 3304031, 596764, 596768, 596767, 3304033, 3304038, 2713258, 2713253, 2713254, 2713250, 993737, 993736, 596750, 3304042, 596758, 596757, 3304044, 3304049, 3304048, 2162554, 2562579, 2162551, 1320275, 3645378, 1320272, 3645377, 1320271, 2162559, 1320270, 2562572, 3645379, 2162557, 2562575, 1318993, 595302, 1318992, 1318991, 2417471, 1318990, 1319279, 3042513, 3042515, 1319275, 3475467, 1319277, 3475465, 1319276, 595305, 1318997, 1319271, 1319270, 2417476, 2417475, 2417474, 3475468, 2562587, 2162564, 2162561, 2562584, 1320281, 2562583, 1320280, 2562586, 2162567, 2562585, 2417484, 3645390, 3042506, 3042507, 2417481, 2417801, 3042501, 3645394, 1320289, 3042503, 3645396, 595311, 3475456, 2417807, 1319265, 2417488, 2417809, 595318, 2417486, 3475458, 595319, 3475441, 137418, 1320251, 1320250, 3645399, 2562595, 2562594, 137414, 2162535, 2562597, 137413, 2417451, 1320256, 1320254, 2417815, 1319297, 1319296, 1319299, 2417819, 2417455, 2417453, 1319294, 2162544, 2162543, 1319290, 2162541, 2162540, 137405, 137404, 1320262, 137406, 2162549, 1320260, 2162547, 2417823, 1319289, 1320266, 1319286, 2417827, 3475434, 2417829, 1319287, 3475431, 2417466, 2417465, 3475437, 1319283, 3475435, 2162598, 1165406, 2162597, 3645332, 137437, 595350, 3645334, 137439, 595351, 138797, 137435, 1165403, 2417840, 595346, 2417831, 2417832, 3042556, 1473291, 1473292, 2417837, 1318957, 2162591, 2417838, 1473290, 2417436, 3042553, 2417435, 1318954, 595349, 2417433, 1318952, 2417432, 1318951, 3042551, 1165415, 3475492, 1165416, 3475494, 3645342, 3645345, 137428, 137423, 1165411, 1165412, 3645346, 2417850, 3645348, 137430, 595356, 1318960, 137432, 2417843, 137431, 2417844, 595352, 2417845, 3645352, 2417848, 3645351, 2417448, 2417849, 3304101, 2417447, 1318965, 1318963, 3304103, 1318961, 2162577, 3475481, 2162576, 3475480, 1165429, 2162573, 2417419, 2417418, 3475484, 2162571, 2417417, 2417416, 1320297, 3645354, 137459, 3645353, 1165420, 1165421, 1320294, 137456, 1165422, 1320293, 3645358, 137455, 1320292, 137458, 1165424, 1320291, 2162579, 137457, 595323, 1318971, 1318970, 2417853, 3042539, 2417854, 595326, 2417855, 3645360, 2417858, 595322, 3042531, 3475488, 3042532, 2417412, 2417410, 1318972, 2162588, 2162585, 3475474, 2162583, 3475472, 2162581, 595340, 2417870, 137444, 2417871, 3645368, 137446, 2162589, 1318982, 2417863, 137451, 595335, 595336, 595337, 2417867, 3042523, 3645372, 137450, 595332, 3042526, 3645373, 2162580, 2417426, 2417425, 2417422, 1318985, 1318983, 1165448, 3042590, 1318918, 1318917, 1318916, 1318915, 138755, 1319445, 1165441, 138757, 1319443, 1473259, 138758, 1319444, 137478, 1165444, 1319441, 1473257, 137477, 1473258, 138754, 1319440, 1473253, 1473254, 137487, 138760, 137486, 1165680, 137483, 1165685, 1319436, 1165684, 3042596, 1165688, 2417409, 1318928, 2417408, 2562504, 1318927, 2562503, 1319432, 3645301, 1165454, 1319433, 138763, 1165456, 1319431, 137468, 138765, 1473267, 3645304, 138770, 1320205, 1473265, 1165692, 1319429, 1320204, 137475, 1320203, 1320202, 1473261, 1319425, 1319426, 3042585, 1165697, 2417402, 3042587, 1165699, 2417401, 2562509, 1318920, 1320208, 3042583, 2562396, 3645318, 2562513, 2562399, 1318936, 1319424, 3645312, 1165465, 1165466, 3645314, 138780, 1319217, 1319418, 1319419, 1473274, 3042578, 1165660, 1319212, 1165460, 1165461, 1165665, 1318935, 2163018, 2562519, 1318934, 3042575, 1319211, 2163016, 2562390, 1319210, 3042570, 1165668, 2163012, 2562394, 2163013, 3645328, 1318949, 2562525, 2562527, 1319412, 138789, 1165474, 3645323, 1165476, 1165477, 137488, 1165478, 138786, 1165479, 1473288, 3645326, 137496, 1319206, 137495, 138792, 138793, 1165670, 1319407, 138794, 137492, 1319405, 1165671, 1319406, 3042568, 1165471, 1319204, 3645330, 1165472, 3042563, 1165678, 1319200, 2163005, 1165677, 1318943, 2163006, 1165679, 2163004, 3042560, 1318940, 3042561, 2163002, 3042562, 2562374, 2562533, 2162510, 2562377, 2562534, 138715, 2562379, 138711, 854103, 1319489, 2162519, 138712, 1473218, 138713, 1473215, 2162517, 1165487, 1319488, 1473216, 1319485, 1319486, 1473214, 854105, 2162513, 854106, 1319484, 2162512, 2562530, 854109, 1320236, 3475428, 1165480, 1165482, 1319237, 2162509, 2163039, 3475426, 2562372, 2163035, 3475424, 1319470, 2162522, 3645104, 2162521, 2562386, 2162520, 138726, 854110, 2562389, 2562548, 854111, 3645109, 138729, 1320400, 1320242, 854115, 1320241, 854112, 1320240, 1165498, 1319477, 2162527, 854118, 1165499, 2162526, 2562540, 1319475, 2162524, 2562542, 138721, 854117, 1319473, 1473223, 2162523, 2163021, 1319227, 1473221, 1165491, 1319224, 1319223, 1320245, 1319469, 1165494, 1319225, 1320243, 1319220, 2163029, 2562380, 3645101, 2562383, 2562384, 2562352, 1319460, 2562557, 2562355, 2562356, 2562357, 2562358, 1319465, 1319466, 1319463, 1473236, 854127, 1473233, 2562553, 138732, 1319462, 1320217, 1473231, 2163055, 1320215, 3475407, 1319257, 1320212, 1319258, 1319459, 1319253, 3475401, 3475400, 1319255, 2163058, 2163059, 3475404, 1320219, 2562351, 2162500, 2562363, 2562364, 2562365, 2562568, 1318907, 2562567, 2562367, 854133, 1318905, 2562368, 2562369, 138744, 2162507, 138746, 1473248, 2162506, 1319452, 138741, 1473247, 2162503, 2562561, 2162501, 2562563, 1473242, 1320227, 1473243, 2163042, 1318901, 1319241, 2163047, 1165849, 1320393, 994922, 1320394, 2562210, 1320395, 1320396, 3043034, 1320397, 2562213, 3644970, 3644971, 2562217, 2713188, 2713186, 994927, 2713183, 3043033, 2713184, 2713182, 2713190, 740842, 2713191, 1165841, 3644974, 3644975, 1165847, 3644978, 740848, 3644979, 2562220, 994911, 1319394, 994910, 2562223, 2562224, 2562226, 3644960, 2562228, 3043040, 2562229, 2713199, 994917, 2713197, 2713195, 3043043, 1319395, 2163063, 740833, 2163062, 1165852, 1165854, 3644963, 740836, 1165855, 1165857, 3644968, 1165827, 3043015, 3644990, 1165826, 1319383, 3644991, 3043013, 3043012, 994941, 2713169, 3644994, 2713167, 3644992, 2713168, 3476088, 1319388, 2713163, 1319389, 3043010, 1319384, 2713160, 740823, 2163097, 2163094, 596604, 740829, 3644998, 3644996, 596601, 1165823, 740824, 1165824, 994934, 1165837, 1319370, 3043023, 2562205, 3043027, 1319379, 3476098, 2163091, 1319377, 3476096, 1319375, 2713172, 994937, 1319376, 994936, 1319373, 3043020, 740810, 2163088, 740811, 2163083, 740818, 1165832, 1165831, 3644986, 740816, 1165836, 3644989, 1320352, 1320355, 994960, 740890, 3043076, 994969, 3043074, 740887, 3189001, 3644939, 3189006, 1165880, 3189007, 1165883, 3189004, 740884, 3189005, 1165885, 3644932, 1165884, 3189008, 1165886, 3644936, 3644937, 3644934, 1320360, 994955, 1320361, 994954, 994952, 994950, 3043084, 1320369, 3043083, 740881, 3043082, 740880, 994958, 994957, 3644929, 3189014, 3644927, 740877, 740872, 1165892, 3043091, 3043090, 740874, 3189015, 1165896, 3644921, 1165897, 740879, 1165899, 1320371, 3043058, 1320374, 3043056, 3644950, 1320376, 740870, 3189021, 3189024, 3189022, 3189028, 1165861, 740862, 1165860, 3189027, 994991, 1165862, 1165867, 3644958, 1320380, 3644956, 1165868, 1320383, 994976, 3043068, 3043067, 994973, 994972, 994971, 3043060, 3043066, 994979, 740854, 740850, 740852, 1165872, 1165871, 1165876, 3644942, 740858, 1165878, 1320390, 3644948, 740859, 1165879, 2713107, 993862, 2162397, 2162396, 993861, 2162395, 2713102, 595272, 2417641, 993868, 2417642, 3189046, 3189047, 2417634, 3189044, 595264, 596666, 595265, 2417637, 3189048, 595267, 3189049, 596667, 2713119, 2713117, 2713114, 993872, 994994, 2713112, 993871, 2713113, 2417651, 3189054, 595280, 2417652, 595281, 3189052, 596651, 2417645, 596655, 2417647, 596654, 595277, 595278, 596656, 2162379, 2162378, 993887, 993886, 993881, 993883, 2162373, 1320099, 595251, 1320097, 595252, 2417660, 596690, 1320092, 2417654, 595247, 2417655, 596682, 2417656, 596681, 2417658, 2162371, 2162370, 596689, 993896, 3475393, 2162388, 3475391, 993897, 2162386, 3475397, 993891, 3475395, 993893, 594964, 595260, 594965, 594967, 2417671, 596680, 993899, 594962, 2417674, 594963, 596673, 2417667, 740895, 2162382, 596679, 2162380, 596678, 993821, 1165807, 1165806, 594976, 3645177, 594978, 993828, 2417682, 993823, 2417683, 594973, 993825, 594974, 993824, 2417686, 2417676, 2417678, 594970, 596624, 1165801, 596629, 596628, 1165802, 1165815, 3043003, 1165818, 3043002, 993831, 1165817, 3043001, 2713157, 3043005, 594987, 993837, 2713155, 594988, 594983, 2713151, 2417696, 2417687, 2417688, 594980, 3645194, 594981, 596611, 3645196, 596612, 3043009, 1165812, 1165811, 596617, 2713129, 2713127, 993842, 2713128, 594997, 595293, 595294, 2713122, 595295, 993845, 595291, 2417698, 594990, 594992, 595286, 596644, 596643, 595288, 596642, 595289, 596647, 993851, 993853, 2713139, 2713137, 2713135, 2713130, 595297, 595298, 596632, 595299, 596630, 596637, 596634, 596638, 2562456, 2562455, 2162430, 1995998, 2562459, 3475341, 137515, 3645255, 137514, 1320153, 1320152, 3645257, 137516, 1320151, 2162439, 3782963, 2562452, 3645259, 2162437, 2562451, 3042637, 137520, 3042639, 3645260, 1320159, 3042634, 1320155, 3042636, 1319154, 3475346, 3042630, 1319150, 2417598, 3475349, 2417595, 3475347, 2562467, 2562466, 3782958, 2562469, 2162442, 137508, 2162441, 2162440, 137503, 1320164, 3782950, 2562461, 3782951, 3782952, 137500, 2162449, 2562463, 2562462, 137502, 2162447, 2562465, 2562464, 3042626, 3645271, 1320167, 3042624, 3042625, 3645274, 1319145, 3475333, 1319144, 3475338, 2562477, 1165505, 1319180, 1165507, 3782986, 1165509, 137537, 1320132, 2562470, 1320131, 2162419, 3645276, 3782983, 3782984, 2162417, 2562471, 3782985, 3042609, 1165502, 2162413, 2562475, 2417572, 3042615, 3645280, 2417570, 3042617, 3475329, 3042611, 1320135, 1320134, 3042613, 3042614, 3645285, 2417578, 3475321, 2417574, 1319173, 2417573, 3475325, 1165514, 2162423, 1165515, 2162422, 2562488, 1165516, 2162421, 1165517, 993816, 3645288, 2562480, 2162429, 137527, 1320140, 137522, 1165511, 993814, 1165512, 137523, 993813, 2562486, 3782970, 3042604, 3645291, 137531, 2417700, 1320148, 2417701, 3475318, 3645292, 1319169, 1320147, 2417702, 3042600, 993819, 1319168, 3042601, 3645294, 1320145, 3042602, 3645297, 1320144, 3042603, 1319165, 2417706, 2417707, 1319167, 2417589, 1319166, 2417588, 2417586, 2417585, 1319162, 3475314, 1165525, 3475380, 1165528, 2162475, 2162473, 3475384, 2417559, 3475383, 138679, 1320197, 595230, 1165520, 1320195, 3645212, 138674, 1165521, 3645215, 137557, 1165523, 3645217, 3645216, 138681, 2417710, 595226, 3042677, 1473173, 3042678, 595222, 3645220, 1320199, 2417716, 3042673, 1319197, 2417557, 3475389, 2417556, 3042675, 3475388, 1319194, 2417554, 595229, 1319196, 2417551, 1165536, 1319190, 3475371, 3475370, 1165538, 1319192, 2162485, 3475375, 2162483, 138689, 1165530, 3645224, 595241, 1165533, 3782990, 138687, 1165534, 1473189, 3645228, 2417730, 137551, 1473187, 138693, 595236, 2417721, 1473186, 595231, 2417724, 595232, 596698, 1473184, 3042667, 596697, 1473181, 3042668, 595234, 2417727, 1319187, 2417728, 3042662, 3475379, 3475378, 1319188, 2417564, 2417563, 3042661, 3475364, 2417538, 2417537, 1165540, 1165541, 1320173, 3645234, 137577, 138696, 1165543, 1320171, 137579, 138698, 2162458, 2417740, 138699, 137584, 137583, 595203, 1473199, 595204, 2417733, 2417734, 1473194, 3645240, 595200, 2417737, 137581, 595201, 1320177, 1473193, 1473190, 3042651, 2417535, 3042652, 3042653, 2417533, 3475365, 595206, 595209, 3475369, 1165558, 1165559, 2162466, 2162464, 2162461, 2417548, 1320185, 1165553, 1320184, 3645245, 137566, 3645248, 1320182, 137568, 1165556, 1320181, 2417751, 1320180, 2417752, 2417742, 3042648, 2417743, 3042649, 595215, 3042644, 3645251, 595210, 3645250, 137571, 3645253, 137570, 2417547, 3042640, 3475356, 2417545, 3475355, 2417544, 3042643, 3475354, 2417543, 595218, 2417541, 2562297, 3476029, 3476027, 2417519, 3476028, 1320310, 2417517, 1320312, 1165561, 138635, 1165563, 138637, 1165564, 3476020, 137599, 3476025, 138631, 1319321, 138633, 1165568, 1473135, 3476024, 2163110, 1319317, 1319318, 1319316, 2562290, 2163115, 2562291, 2163116, 2562294, 2163111, 2562295, 2562296, 3476038, 2417529, 2417528, 2163108, 1320323, 2417526, 138645, 1165572, 1319313, 3476032, 138646, 1320326, 3476030, 1165575, 137588, 1165576, 1320328, 3476036, 137587, 1165577, 138643, 1473145, 3476034, 138644, 3476035, 1473143, 137594, 137597, 1319308, 138651, 1165571, 1319305, 2417525, 2163107, 2163105, 2163103, 2163100, 2163101, 2562275, 1320330, 1320331, 3476009, 1165583, 1165584, 1320339, 1165588, 3476004, 1165589, 1473156, 1473154, 3644918, 2163132, 138661, 1165780, 1165782, 1165580, 1165781, 3644910, 3042696, 3644911, 1165788, 1165787, 3644914, 1165789, 3042692, 2562287, 2562400, 3645207, 2562288, 3476016, 3476017, 2417507, 2417506, 2562404, 2417504, 2562406, 138667, 3476010, 138668, 138669, 1320348, 1165597, 1320349, 138663, 3476014, 1165599, 138665, 3645206, 1473168, 3476013, 3645205, 1473165, 2163120, 2163121, 3644908, 3644905, 1473164, 1165792, 1473162, 3042689, 1165795, 3644909, 1165593, 1473160, 2163128, 2562409, 3042684, 1165796, 3042685, 3042686, 2163127, 2163124, 3042680, 2562283, 3042682, 2163123, 3042683, 3644902, 1319361, 2562255, 2562414, 2562413, 2562257, 2562258, 1319367, 1319364, 1319365, 2562410, 3476067, 1319363, 1320118, 1320117, 740800, 1320115, 1320114, 1319113, 3476073, 1319116, 3476070, 3476071, 740807, 3475301, 740808, 1319111, 740803, 3475306, 740805, 2163155, 740804, 138609, 2562266, 138605, 138606, 2562426, 1319357, 138602, 1319358, 1473105, 2162407, 3476074, 138604, 3476075, 1473103, 2162404, 3476078, 1319352, 2562420, 3476079, 1320129, 2163142, 1319106, 1320128, 1473100, 2163140, 1319108, 1319103, 1320125, 1319102, 3476084, 1319101, 2163148, 1319100, 2163146, 2562262, 994901, 2562436, 3476049, 2562435, 854000, 138617, 854001, 138618, 138619, 2562238, 138612, 138613, 1473119, 138614, 994907, 1473116, 3476041, 138615, 854003, 1473114, 2562430, 854009, 994904, 3476048, 138611, 1473113, 2562431, 1473111, 2163176, 2163173, 1319137, 1319338, 1319133, 2163177, 2562230, 2562242, 2562244, 2562245, 2562446, 138627, 854011, 2562449, 2562448, 2562248, 854010, 138623, 1473129, 1320303, 3476055, 854013, 1319333, 138626, 1473128, 1319331, 138620, 1473126, 2562440, 3476059, 3476056, 1319330, 3476057, 1319129, 1320107, 1319128, 1320106, 2163162, 1473120, 1319125, 1320103, 2163161, 1320101, 1319120, 1319123, 2163169, 1165969, 2562573, 1473419, 2562577, 854269, 1165287, 1165288, 1473413, 740963, 2561936, 2713070, 1165280, 2561933, 740965, 596941, 1165284, 1165960, 2561937, 596945, 1165961, 740968, 2562570, 854271, 854270, 854275, 854276, 854273, 1165298, 1165299, 2561919, 2713075, 2713076, 1473420, 740953, 2561924, 2713080, 137198, 1165290, 2561925, 740955, 1165291, 740954, 137197, 137196, 740950, 1165296, 1165973, 596932, 137192, 1165974, 596938, 1165977, 1165976, 2562580, 740959, 2562581, 2562550, 3042291, 854283, 854280, 854281, 2713048, 854287, 2562556, 2713047, 2562559, 854288, 2713042, 854289, 1473436, 2713040, 1473431, 2561957, 740943, 1165940, 596966, 740949, 2561950, 1165942, 596964, 1165941, 740946, 1165944, 740945, 2561954, 1165946, 2561952, 3042282, 854292, 2713059, 854295, 2562569, 2713055, 1473449, 2713056, 854299, 1473446, 2713053, 1473442, 1473443, 2713050, 596952, 596951, 2561949, 596956, 740939, 3042288, 596955, 740938, 3042289, 596954, 1165953, 596953, 2561942, 2561943, 3042286, 740936, 2562560, 2562531, 2562532, 2562535, 3188716, 2562536, 3188710, 2562538, 2562539, 2561979, 2561977, 596901, 2561972, 596904, 2562545, 2562546, 2562547, 2562549, 3188723, 740999, 2561967, 740995, 2561960, 2561965, 596929, 596928, 2562515, 2562516, 2562517, 2713087, 2713085, 2713083, 2713092, 1165980, 1165982, 596923, 1165983, 596921, 596920, 1165985, 2561997, 596926, 2561998, 596924, 2561996, 3188706, 3188707, 596918, 3188708, 2562520, 1473408, 3188702, 2562522, 1473406, 3188704, 1473407, 2562524, 3188705, 2713099, 1473405, 1473402, 2713098, 1473400, 740977, 2561989, 1165993, 740972, 596911, 2561983, 2561980, 2561981, 2561985, 3188758, 595152, 3188750, 2417520, 2417521, 595148, 2417512, 595149, 2417514, 2417515, 2417516, 2417518, 3475291, 2562500, 2562501, 595161, 2562505, 3188766, 2562506, 3188767, 2562507, 3188761, 3188762, 595160, 2417532, 2417522, 2417523, 595155, 595157, 3188739, 3188736, 3475286, 3475285, 3188738, 595131, 2417540, 3188730, 2417534, 595128, 3475289, 3188747, 3188748, 3188749, 3475273, 3188744, 2417552, 2417553, 3188740, 595137, 595138, 595132, 595133, 595135, 3475279, 3475278, 2713028, 1165927, 2713027, 2713024, 3188797, 595195, 595196, 2713020, 3188799, 2417561, 2417562, 3188794, 595193, 2417565, 3188796, 2417555, 3188792, 596985, 595188, 596982, 596987, 1165920, 1165922, 1165924, 1165923, 1165937, 1165938, 2713037, 2713035, 2713036, 2713032, 2713030, 2417575, 2417576, 2417567, 2417568, 2417569, 595198, 596978, 596977, 596976, 596975, 1165930, 1165933, 1165935, 1165934, 3782946, 3782947, 2713006, 2713007, 2713005, 2713002, 2713003, 595173, 3188776, 2417582, 3188777, 2417583, 3188778, 3782941, 2417584, 3188772, 595170, 3188774, 3782939, 1165915, 3782936, 2713017, 3782938, 2713015, 3782934, 2417591, 2713012, 3188787, 2417593, 3188788, 595186, 3188782, 595180, 2417596, 3188783, 3188784, 595182, 3188781, 595176, 595178, 596993, 596999, 1165910, 1165912, 2562335, 2162796, 2162794, 2562338, 2162790, 1320032, 1320031, 1320030, 138598, 2562330, 138599, 2162799, 1320039, 1319037, 1319036, 1319038, 1319032, 1319035, 3475228, 2562345, 3475210, 2562340, 1319025, 1320047, 1320045, 1319022, 1319021, 1319024, 1319023, 3475218, 3475217, 1319020, 1319060, 2162773, 2562359, 3188698, 3188699, 2562350, 3188697, 1320019, 1320018, 2417692, 1320017, 3475209, 2417690, 1319059, 1320013, 3475203, 3475202, 2417699, 1319056, 3475200, 1319051, 2162785, 2162784, 2162783, 2162782, 2562362, 2162787, 1320028, 1319048, 1319047, 1319049, 1319043, 1319046, 1319045, 1319041, 3475261, 2562378, 3475265, 3475262, 1320077, 3645574, 1319644, 1320076, 3645573, 138559, 1320075, 2562375, 138554, 1320072, 3476103, 138555, 3476100, 1320070, 2562376, 3476101, 138561, 137201, 1319636, 595100, 3645580, 3042316, 1319635, 3042317, 2417679, 1319079, 2417677, 1319078, 595107, 1319073, 3476117, 3475254, 3476119, 2562382, 1320087, 2562381, 1320086, 595120, 1319631, 3645586, 3645589, 1320083, 2562385, 3645588, 1320081, 2562387, 3476112, 3042307, 138572, 595115, 3042308, 2417601, 3042309, 3645590, 595117, 2417602, 3042303, 595111, 3042304, 3042305, 3645594, 3042306, 3475258, 1319065, 2417608, 2417689, 3042300, 1319068, 595118, 1319062, 595119, 1319061, 3475242, 2417659, 3475240, 1320055, 2562393, 2562395, 137219, 1320052, 1320050, 137216, 138578, 2417620, 2562398, 1319618, 2417611, 137223, 138584, 2417612, 138585, 1319617, 2417613, 1319614, 1320059, 1319612, 1319613, 2417617, 2417618, 3475244, 1319095, 2417653, 1319096, 1319091, 1319090, 2417669, 1319610, 1320064, 137208, 1320063, 1320061, 138588, 137210, 138593, 1319607, 2417621, 138595, 1319606, 2417624, 1319603, 1319604, 1320069, 2417626, 1319601, 1319602, 2417668, 1319087, 2417666, 2417665, 1319086, 2417661, 3645538, 1319680, 3645537, 1165209, 2162717, 3476142, 3645530, 1319688, 138515, 3476140, 3645532, 1165201, 1319686, 2162713, 137235, 1165203, 1319684, 3476147, 1473497, 3476144, 1165205, 2162710, 3476145, 137243, 854309, 1473496, 137244, 854308, 1319678, 2162708, 1319679, 1473490, 2417635, 2417631, 3042353, 1165217, 2417649, 1319676, 3645541, 1165210, 1319677, 3476154, 3645540, 854310, 138527, 854311, 1319675, 3476152, 137224, 1319673, 2162723, 3476158, 1165215, 3645547, 854315, 1165216, 1319671, 2162721, 854318, 854319, 3042347, 3042349, 1319668, 2417646, 3042345, 2417643, 3042346, 2417640, 3645559, 3476127, 2417616, 2417615, 2417614, 138535, 1319665, 854324, 1165221, 3645551, 854321, 1165222, 1319663, 3645554, 138538, 1319664, 3645553, 137258, 138531, 1319661, 3476124, 137257, 1165225, 1165226, 3476122, 3645558, 137265, 137264, 138540, 854329, 138541, 137260, 3042337, 3042338, 1319657, 3042339, 3645560, 3042335, 1165239, 2417629, 3476138, 854330, 138546, 854334, 1165231, 2162706, 3645563, 854335, 1165232, 3476132, 138548, 1319652, 2162703, 3476135, 1319651, 2162701, 2162700, 3476133, 3476134, 3645568, 3042329, 137253, 1319649, 137255, 1319647, 137252, 3042327, 1165230, 3042328, 3645571, 2417623, 3042320, 3042390, 3042391, 2162750, 854341, 854342, 854340, 854345, 1473459, 854346, 3476187, 854343, 3476185, 1165246, 1473455, 2162757, 1165248, 2162755, 854348, 1165249, 1473454, 137287, 3476190, 1473450, 137282, 137285, 1165241, 3476192, 3042398, 3042399, 137280, 740929, 3042394, 3042395, 3042380, 3645504, 3042381, 2162761, 3042382, 3645506, 854352, 2417606, 2562306, 2417605, 2417603, 1320000, 3476197, 1165254, 3476198, 1473468, 854355, 137269, 1165257, 2162768, 3645501, 854358, 1165259, 2562300, 854359, 2162765, 1473462, 137275, 1320007, 137278, 1473461, 137272, 1320004, 1320003, 137274, 1165251, 1320001, 740916, 740919, 2417600, 740918, 3042383, 740912, 740914, 854360, 2562596, 3042371, 740909, 2562599, 2562319, 854362, 1165264, 854368, 2162737, 3476162, 854366, 1165267, 1473477, 2162735, 1473478, 2162734, 3645511, 3476166, 2562310, 740900, 1473471, 1319015, 1165261, 1319014, 1473470, 2162729, 3476170, 740905, 3042377, 3042378, 740907, 1319012, 2562590, 740904, 3042374, 1319690, 2162742, 3645527, 854371, 1319691, 2162741, 2562323, 2162740, 3645528, 854374, 2562328, 138507, 854379, 2162749, 3476176, 1319696, 854377, 1165278, 3645520, 1165279, 1319694, 1473488, 2562320, 1473489, 138500, 2562322, 138501, 2162743, 3645524, 1319007, 1165270, 1473483, 1319004, 3042369, 1165272, 1319003, 3476183, 1319005, 3042365, 137292, 1319002, 137291, 3042368, 3042361, 3042362, 3042363, 3042364, 854140, 2562453, 854144, 854141, 2417482, 2417483, 2561809, 854146, 2561818, 2561816, 596824, 596822, 596828, 2561810, 596827, 2561811, 596826, 2562450, 854150, 854151, 2417806, 3188807, 596818, 3188808, 3188801, 2417803, 854152, 2417490, 2417802, 2562468, 3188803, 854153, 854158, 2417492, 1473303, 2417494, 2417495, 1473300, 2417499, 2417489, 2561803, 2561806, 2417800, 596812, 596817, 596816, 596815, 596814, 854160, 2562432, 2562433, 854164, 1473319, 595095, 2562437, 595096, 1473317, 2562438, 595098, 854168, 595093, 595094, 596842, 596841, 596840, 2561838, 2561832, 596849, 2561830, 854172, 854170, 2562442, 854171, 2562444, 854177, 2562445, 1473329, 854175, 2562447, 1473328, 854178, 1473325, 596831, 596830, 596833, 596839, 596838, 596837, 854183, 3188839, 3188834, 3188836, 2562415, 854189, 2562418, 2561856, 2561853, 854193, 2562421, 854198, 854199, 854196, 2562428, 2562429, 3188844, 2561847, 2561848, 2561845, 2561849, 2561840, 2561844, 3188816, 596809, 596807, 3188812, 3188814, 3188815, 2561878, 596802, 2561872, 596801, 2561876, 3188809, 596805, 2561877, 2561875, 3188823, 2562401, 2562403, 2562407, 2562408, 3475183, 3475181, 2561890, 2561891, 3475186, 595030, 2562293, 595031, 595032, 2562298, 3188871, 2417400, 3189039, 3189037, 3189032, 2561892, 2561893, 3475189, 2561898, 3189036, 3189035, 3189034, 3475172, 3475171, 2561880, 3475176, 595040, 3188887, 3188882, 2417411, 3189029, 595038, 596892, 2417403, 596890, 2417404, 3188880, 595033, 2417405, 596895, 3189020, 596899, 3475178, 3189025, 2561885, 3189023, 2561886, 3475162, 3188857, 3188858, 3188859, 3188852, 3188854, 2417421, 595004, 2417414, 2417415, 595001, 3189051, 3475155, 3188868, 3475154, 595020, 3188865, 595021, 2417430, 2417431, 3188861, 3188862, 595015, 2417423, 2417428, 595013, 3189042, 3189041, 3189040, 3189045, 595076, 138399, 2417441, 2417442, 2417443, 595072, 596860, 2417434, 2417438, 596863, 596862, 596866, 596865, 3043007, 595085, 3043008, 595087, 595080, 2417454, 595083, 2417446, 595077, 2417449, 596852, 595079, 596851, 596857, 596856, 3043014, 595052, 2417460, 2417461, 595054, 2417462, 2417464, 3188894, 3188895, 3188890, 2417459, 596885, 595046, 596884, 595047, 3475195, 3043022, 3475193, 3475192, 3043024, 595064, 2417472, 595065, 3475190, 2417477, 595059, 2417467, 2417468, 595055, 596874, 595057, 596879, 596878, 596876, 2562214, 2162674, 2562215, 2562218, 2562219, 3645496, 3645499, 3645498, 138478, 2162678, 138479, 2562211, 138483, 138484, 138485, 138486, 3475109, 138480, 3475104, 3475103, 3475101, 2562225, 2162685, 2562227, 2162682, 2162681, 138488, 2562222, 138494, 2162653, 2562235, 2162651, 2562237, 2562239, 138498, 2162658, 2162656, 2562234, 2562233, 2162664, 2562246, 2162663, 2162660, 2562241, 2562240, 2562243, 3475140, 2562259, 3476226, 3476229, 2562250, 138438, 3645454, 137313, 2562253, 3476224, 3645456, 137314, 1319519, 2417792, 138441, 1319517, 138442, 3645460, 1319513, 3645461, 3042432, 2417797, 2417796, 2417795, 2417794, 2562268, 3476239, 137309, 137306, 2562261, 3476230, 137305, 138448, 1319512, 2562260, 2562263, 3645465, 137302, 2562264, 137304, 138445, 2562267, 137303, 3645469, 3042429, 3042424, 3042425, 1319502, 3042426, 1319503, 3645472, 3042422, 1165306, 1165308, 2162694, 3476209, 3476207, 137339, 137338, 1319501, 3645474, 3645477, 1165300, 138454, 2562276, 3476201, 137334, 138455, 3645478, 1165303, 2562278, 2162699, 3476200, 2417770, 3042417, 137341, 138464, 2562281, 3042415, 3645484, 3645483, 2162690, 2417778, 3042411, 3042412, 3475129, 2417772, 3476216, 1165317, 3476217, 3476214, 3475111, 3645486, 2562282, 1165310, 2562284, 137324, 138465, 1165312, 138466, 1165313, 2562286, 3476213, 1165314, 2562289, 3476210, 137325, 138468, 2417500, 3042406, 138474, 3042408, 3042409, 2417505, 138470, 3042404, 3475115, 2417509, 3475113, 3042401, 2417783, 3475117, 3645418, 2417758, 3476263, 1319567, 1473378, 3645413, 137356, 1165324, 1319563, 1473379, 3476268, 3645412, 1319561, 137363, 3476270, 1473371, 2417754, 3042477, 3042471, 3042474, 3645427, 138403, 3476274, 1319556, 2162606, 3476272, 1319554, 137346, 1165334, 1319551, 1473389, 138400, 1165335, 3645423, 138401, 1165336, 3476276, 138402, 1165337, 1319550, 137352, 137355, 1473384, 1319549, 1473382, 3042469, 1319547, 1473380, 3476280, 3042465, 3042467, 3042461, 2417761, 1165349, 3476247, 2417738, 138419, 1165341, 3476241, 3645431, 138416, 3645433, 3645432, 137379, 1165345, 3476245, 3476246, 3645434, 3476243, 138413, 854205, 1165348, 1473399, 1473396, 137385, 854208, 1319537, 1473392, 137381, 1319535, 3645440, 137380, 3042455, 3645449, 3476259, 138429, 2417749, 854210, 2417747, 854213, 1319533, 3476252, 138426, 1165353, 1319534, 3645441, 138427, 854211, 854212, 1165355, 3476256, 3645446, 854218, 1319530, 3476257, 3645445, 854215, 138424, 137377, 138430, 1319529, 137371, 1319526, 137372, 1165351, 1319525, 3042449, 3645450, 2417741, 3042440, 2562495, 2417718, 2562497, 2562498, 2562499, 2417714, 2417713, 1473338, 1473339, 1473336, 2162638, 1165366, 2162637, 854228, 1165367, 2162636, 1473335, 854226, 1473332, 2162633, 1473330, 1165360, 1165361, 2562490, 2562492, 1319591, 2417729, 854231, 2417726, 2417725, 854230, 1319599, 1319598, 2162648, 1165378, 1319595, 1473345, 137389, 2162646, 854237, 854238, 1473341, 2417720, 2162610, 1319581, 2562476, 3042492, 854242, 854241, 854247, 3476286, 3476283, 854245, 1473359, 2561909, 1319584, 1319582, 2162612, 1319583, 2561913, 1473351, 1165381, 1319579, 2561915, 3476290, 3476291, 3042498, 3042493, 2562472, 3042496, 2417709, 2562203, 2562484, 3645406, 1319570, 2417708, 2562202, 2562204, 2417705, 854254, 2417704, 854252, 2562208, 1319577, 3476296, 1165397, 854255, 1319575, 2162627, 3645400, 854256, 1319576, 2162625, 3645402, 854259, 1473365, 2162623, 1473366, 2562200, 1473364, 2561903, 1473360, 1319568, 2561904, 3042487, 3042488, 3042484, 3042485, 3043399, 1995990, 1995994, 1995993, 2417362, 3043396, 2417365, 3043395, 1473652, 741687, 3475903, 3475902, 741684, 741685, 3475906, 741686, 3645491, 3645492, 3645493, 3645494, 3782967, 3645495, 3782966, 1995999, 1995982, 1473669, 1473665, 1473663, 2417378, 1473660, 1995986, 3043377, 3645479, 2162098, 2417380, 2417382, 1473677, 2417386, 2417389, 3043371, 741665, 2417379, 2561716, 741668, 2561714, 741662, 3645470, 3645471, 2162094, 3645473, 2561711, 3645475, 2162090, 3043389, 2417392, 2417393, 3043381, 1473689, 1473686, 2417397, 3043385, 2417398, 3043384, 1473684, 2417399, 3043382, 1473682, 2561704, 1473683, 741679, 741672, 741674, 3645481, 3645482, 3645485, 3645488, 994600, 3476105, 1473618, 1473615, 1473613, 3476109, 3476108, 1473611, 994607, 994606, 741643, 3475948, 2561736, 2561739, 741642, 26883, 26881, 741647, 3475944, 26887, 2561731, 3476113, 3476116, 3476115, 1473623, 1473620, 741655, 741656, 3782992, 741650, 741652, 2561729, 3782998, 26894, 3782997, 26893, 3782999, 741658, 3782994, 741659, 2561723, 2561720, 3475931, 3476110, 2561721, 994626, 3476123, 994625, 994623, 1473639, 1473638, 3476128, 1473636, 1473631, 994628, 994627, 1473630, 2417099, 2561759, 2417097, 3782981, 741624, 2417096, 3475923, 3782980, 2417095, 2417094, 2417093, 3782987, 3782989, 3782988, 3475922, 3782982, 3476136, 994611, 3476137, 3782979, 3475909, 1473642, 994618, 741632, 3475915, 741633, 2561749, 2561746, 741635, 741630, 3782976, 2561741, 3782971, 741638, 2561742, 994648, 2163119, 3043310, 3644455, 994643, 2163117, 3644454, 2562174, 2562177, 2417077, 3042912, 3042913, 2561779, 741602, 2417074, 3042915, 596303, 2562180, 26849, 2417070, 3042911, 741607, 994651, 2561773, 596306, 741608, 596305, 2561771, 2561772, 2561777, 26843, 596309, 741605, 2417078, 2162049, 3644440, 994636, 2162048, 3644441, 994635, 2162046, 994633, 3043327, 994632, 2163104, 994631, 2417091, 2562186, 26859, 2417088, 26857, 741612, 2561768, 741613, 2417085, 2417083, 26851, 2162040, 2561763, 3644449, 2561760, 26855, 26853, 741617, 2561765, 137819, 3644471, 994667, 994666, 2162012, 137815, 2162011, 994664, 2561790, 3644476, 137813, 2562196, 2562198, 137810, 2162018, 596321, 2417055, 26867, 596324, 596323, 596322, 26862, 994673, 2561795, 596328, 994672, 994670, 26866, 26865, 26864, 26863, 2417056, 2162027, 994658, 2162026, 3644460, 994656, 26880, 137805, 994655, 1473606, 994654, 2561781, 3644467, 3644465, 137801, 3043106, 137800, 1473600, 137802, 2417310, 2162029, 2417311, 2417312, 2417302, 2417065, 26879, 26878, 2417063, 2417305, 2417061, 2417308, 26873, 994662, 596317, 994661, 26871, 596316, 3043307, 3644468, 26870, 3644469, 26877, 2561789, 26875, 2417068, 2561786, 2561787, 2416913, 3043110, 2416915, 2416914, 3043353, 137838, 994687, 2162077, 2416916, 3043359, 2416919, 3043358, 137839, 3043112, 740372, 3043118, 137836, 3043115, 740374, 3042949, 3043352, 3043351, 3043350, 26804, 1319915, 2417314, 2417031, 3042958, 26801, 2417030, 1474138, 2417317, 2417318, 26806, 3042955, 1474134, 2162073, 994693, 3042950, 994692, 3042951, 3644414, 1319919, 1474131, 3644418, 3043367, 3043121, 2416903, 994677, 3043124, 994676, 2162088, 2416905, 3043125, 994675, 2162087, 2416908, 3043122, 137823, 2416909, 137824, 3043362, 2417333, 3043361, 2417334, 26815, 2417325, 26812, 2417041, 2417327, 3042948, 1319900, 1474127, 2417040, 26816, 1474128, 1474123, 994682, 1474124, 2162082, 994680, 1319908, 2417048, 3644408, 26810, 1319909, 2417046, 3644406, 1319907, 1474120, 3644407, 3644430, 2162058, 3043332, 2162057, 3043130, 2162056, 3043135, 2162055, 3043136, 3043337, 3644434, 3043336, 3644431, 2162053, 3644432, 3043139, 137858, 2417341, 2417342, 137851, 2417345, 2417335, 26825, 26824, 26823, 1474116, 3042930, 1474115, 3042933, 2417019, 1474111, 2162051, 2417018, 3644438, 3043339, 3644436, 3644439, 2416932, 2417012, 3043142, 3043143, 2416926, 3043343, 2162068, 137849, 994699, 2416928, 3043146, 137848, 994698, 3043147, 3644423, 3043144, 3644420, 3043149, 137841, 2417353, 137840, 3042917, 137843, 3042918, 2417346, 1474108, 2417347, 3042924, 2417020, 26834, 3042920, 26839, 3042921, 3644426, 1474102, 2417027, 3644425, 2416920, 2417026, 26832, 2416922, 2417024, 3644428, 26830, 2416836, 3043032, 2416835, 1474183, 1474182, 3043031, 3043037, 137878, 596390, 2163079, 595790, 3043038, 137879, 3043039, 2163075, 137876, 2163077, 596391, 2163076, 1319838, 595786, 2163070, 596385, 137882, 595788, 596384, 1319835, 595783, 3042998, 596388, 1474177, 3042993, 595789, 2416832, 1474175, 1474170, 2562104, 2416824, 3043044, 2416829, 2562107, 994597, 2417009, 2163068, 1319831, 2163067, 137869, 2163069, 137863, 2562100, 2562102, 595796, 2163060, 2417000, 3042989, 596375, 137872, 595798, 137871, 595799, 1319826, 1319823, 3042985, 595793, 596379, 1319821, 3042987, 595795, 1474167, 2417008, 1474168, 2417005, 1474163, 2417004, 1319829, 2416822, 2417001, 2416858, 3043054, 2416857, 3043055, 1474161, 3043052, 2163057, 137899, 1319820, 137896, 2163052, 137897, 1319816, 26902, 1319814, 2163051, 2163050, 3042974, 1319810, 595762, 2416850, 1474155, 3042971, 1474157, 2416851, 1474152, 2416853, 1319818, 1474153, 2416847, 3043063, 3043069, 137889, 2163046, 137888, 2163048, 2562122, 137884, 2163041, 2163044, 2562123, 137892, 1319805, 595775, 26912, 3042969, 137893, 1319804, 26917, 26916, 595772, 26915, 596399, 1474145, 2416841, 3042962, 1474141, 2416843, 1474140, 3043062, 3644374, 2416879, 3043077, 2562139, 3644372, 2162112, 2562138, 3043075, 2162110, 3043078, 3043079, 1319886, 2163034, 2562131, 1319884, 2163031, 2163030, 2163033, 2562135, 1319880, 2163032, 854507, 596342, 596341, 854509, 1319876, 2416870, 1319877, 596349, 596348, 3043072, 2416878, 3043070, 3043087, 3645500, 3043088, 3043085, 3645502, 2162123, 3043086, 3644362, 2163028, 3645505, 3043089, 3644366, 3645507, 854510, 2163024, 3645508, 1319875, 3645509, 1319872, 854514, 1319870, 2163020, 2162129, 3644360, 854518, 596330, 854516, 854517, 1319866, 2416865, 2416864, 2416867, 2416866, 2562159, 3644396, 3043096, 3644395, 2163019, 3644399, 854521, 1319863, 1319861, 2163015, 2163014, 854525, 596370, 2562157, 3644390, 2562156, 854527, 1319858, 854528, 596369, 2416891, 2416895, 3043094, 1474195, 1474192, 3644386, 1474194, 1474193, 3644384, 854532, 1319853, 2562164, 2163003, 854536, 2162108, 3644381, 854537, 3644382, 854534, 2162106, 2163000, 596354, 1319849, 596352, 1319847, 596351, 854539, 596358, 1319845, 596357, 1319846, 1319843, 2562171, 2416880, 1474189, 2416885, 2416887, 1474184, 2416886, 2416889, 1474186, 2416888, 3645534, 3645535, 3476149, 3476148, 854544, 595700, 595705, 595706, 3475862, 3476141, 595702, 3475866, 595703, 3475864, 3645544, 3476155, 3645545, 854550, 3645548, 3645549, 854554, 854552, 854559, 854557, 3475857, 595716, 3475852, 3475850, 595712, 595715, 3476153, 3645543, 3476168, 854565, 3475848, 1319898, 1319899, 3476160, 3476163, 3476164, 3645510, 3476179, 3645526, 854571, 3645529, 1319896, 854577, 1319897, 854574, 1319891, 3475838, 3476174, 3476173, 3475831, 3476189, 3476188, 854588, 854586, 1473697, 595741, 1473693, 595742, 1473694, 595743, 595744, 1473690, 3476180, 595745, 3476184, 595748, 3475890, 854596, 595750, 3475896, 3476191, 3476194, 3645582, 3475893, 3645583, 595756, 3476196, 3645584, 3476195, 595759, 3645587, 741594, 2163096, 2163093, 595721, 2163095, 741586, 2163090, 3475884, 3645550, 595723, 3475887, 3645566, 3645567, 3645569, 3475870, 2163089, 2163087, 2163084, 741595, 741596, 741598, 595738, 3475874, 3475873, 3475872, 3645561, 3645562, 595735, 3475877, 595736, 3645565, 854383, 854384, 1165165, 2417240, 854387, 741572, 1473535, 1165169, 1473532, 1473533, 2417246, 741566, 2417236, 1165162, 741564, 3645370, 3645374, 3645376, 854392, 854390, 854391, 854396, 854395, 2417250, 1473546, 2417255, 1473541, 1165173, 3645380, 3645381, 3645382, 3645383, 3645388, 3645389, 3043497, 3645359, 3476204, 1473558, 1473559, 1165189, 1473557, 3043495, 1473552, 1473550, 741547, 1165183, 3644514, 741548, 3644518, 741549, 3645355, 3644517, 3645356, 3476211, 3645369, 3644500, 2417270, 2417271, 2417272, 1165199, 2417273, 3476218, 741561, 1473568, 1473565, 2417277, 2417279, 741555, 2417269, 741556, 3644509, 1165193, 1473560, 741553, 3644501, 3645362, 3645364, 3644505, 3645366, 3644506, 3645367, 3476222, 2417280, 3476225, 2417281, 3476227, 2417286, 2417288, 740405, 2561614, 3475825, 2561615, 740401, 2561618, 740407, 3475823, 741528, 3475821, 3476220, 741529, 3475820, 3476233, 3476235, 3476234, 1473508, 3476236, 3476238, 1473503, 2417296, 1473502, 2417297, 741534, 2561606, 3475815, 3475814, 741530, 3475819, 741531, 2561607, 3475817, 3475812, 741538, 2561602, 2561600, 3476244, 994502, 994501, 1473518, 3476248, 994500, 1473515, 1473513, 994509, 1473511, 994506, 2561639, 3475804, 741502, 3645391, 3475806, 2561631, 3645397, 3645398, 2561632, 3476242, 3476255, 1473529, 1473528, 1473526, 1473523, 1473524, 741513, 741514, 741510, 2561620, 2561624, 3476253, 994527, 3043433, 3043432, 3644573, 3043431, 3644571, 3043437, 3043436, 3644577, 3043435, 137916, 137911, 137910, 137913, 740452, 459093, 994528, 2562057, 26968, 740446, 1474218, 2417197, 26967, 459086, 740449, 459085, 740448, 740443, 740442, 3304370, 3304376, 3304375, 1474212, 26964, 3304379, 2561654, 2561655, 994516, 3043444, 3644561, 994515, 994514, 3043442, 137904, 3043201, 3644565, 3043447, 137906, 994510, 2562063, 2562062, 2562065, 3043203, 3043204, 459080, 3043209, 2562066, 2562069, 994517, 1474208, 1474207, 26978, 740438, 459074, 459077, 459076, 740431, 1474203, 740434, 459078, 3304380, 26972, 1474200, 2561641, 3644569, 1474202, 3304385, 3644567, 3043449, 26975, 2561643, 26973, 2561644, 3304388, 3644594, 3644595, 994547, 3644593, 26990, 137937, 2561670, 3644598, 137936, 994544, 3043213, 3043414, 994543, 3043210, 3644596, 3043211, 3043412, 3043216, 2562076, 2562075, 3644590, 137931, 137930, 3043219, 2417176, 740424, 2417175, 26989, 740427, 596204, 740421, 2417172, 2562081, 740420, 2417171, 596202, 2562083, 26983, 2561674, 26982, 596207, 994551, 2561675, 596206, 2561678, 740428, 3304357, 3043422, 994536, 3043420, 994535, 137925, 2561660, 3043224, 3043425, 137928, 3043221, 994531, 2562085, 137921, 2562087, 3043225, 137923, 2562086, 137920, 994539, 2561669, 459096, 459099, 2417183, 2562092, 2562094, 2562093, 2561663, 2561664, 3304364, 3043428, 3644589, 2561662, 26998, 26997, 2417189, 2561665, 740419, 2561666, 3304366, 3043475, 3043474, 137959, 3043234, 137958, 994566, 3043235, 3644533, 2561690, 3043479, 3644530, 2561691, 3043238, 3043236, 2562097, 740490, 137950, 3043472, 740491, 2417202, 3043470, 2417154, 26924, 137960, 2417152, 26929, 740486, 1474255, 2561697, 1474257, 2561694, 1474256, 3644535, 994570, 1474251, 26920, 2417157, 2561698, 3644538, 1474252, 3043241, 3043487, 3043486, 994557, 994555, 3644522, 3043489, 137943, 137946, 3043484, 137942, 2417213, 2417165, 2417164, 26934, 26933, 2417162, 740476, 2417161, 740475, 2417160, 2417208, 26938, 740477, 1474249, 994562, 1474243, 2561686, 3644526, 1474246, 1474245, 26931, 26930, 2561687, 3644527, 3043455, 3644550, 3043253, 3043454, 3043453, 3043459, 3644554, 994588, 3644555, 3043457, 3644552, 994586, 3043456, 3644553, 740472, 137976, 740471, 740474, 740473, 137973, 137972, 2417222, 137975, 137974, 26947, 740469, 2417215, 137982, 2417130, 2417216, 2417218, 3304394, 2417219, 1474239, 26948, 740466, 1474238, 994596, 1474233, 1474232, 994594, 2417138, 3304396, 3644556, 994593, 1474234, 2417137, 3304395, 26943, 994591, 2417135, 26941, 2417134, 26940, 1474230, 2417133, 3043466, 3043262, 3043463, 3043267, 3644543, 3043469, 3644544, 994575, 740461, 740460, 740463, 137962, 137964, 2417234, 137963, 740458, 2417143, 2417225, 26957, 1474229, 2417142, 26956, 2417140, 740454, 1474226, 2417229, 740453, 1474225, 1474228, 740455, 994584, 3644545, 994582, 3644546, 2417145, 2416956, 3043154, 2416958, 2879082, 994488, 994487, 2880074, 2880076, 595670, 596273, 137994, 596271, 137996, 2880073, 596266, 595665, 596265, 1319718, 596263, 1319716, 595660, 596267, 1319712, 2417118, 2417117, 2879072, 2879073, 595669, 2416952, 2417113, 3043150, 1319719, 1474297, 1474296, 2416946, 1474290, 3043165, 3043162, 2879092, 994477, 2879090, 994476, 3043167, 2880064, 595680, 137986, 596260, 137985, 595675, 2417121, 137993, 596253, 596252, 2880067, 740398, 1319701, 2417129, 2417126, 2416942, 2417125, 994481, 2416941, 994480, 1474286, 2417123, 2879088, 3043175, 1474281, 3043179, 2880052, 2880053, 2880054, 596295, 740390, 596293, 740393, 2880050, 2880051, 596285, 740388, 2880056, 2880058, 595641, 740389, 2879053, 2879051, 595647, 2416974, 2879057, 595648, 2416968, 3043186, 2416969, 3043185, 2879071, 3475792, 3475791, 3043189, 596280, 2880042, 740386, 2880043, 2562001, 740382, 596281, 596277, 595654, 2880045, 2880046, 595651, 596279, 740379, 2880047, 1474266, 1474265, 1474268, 3475795, 2416961, 1474262, 2417103, 3043182, 1474264, 1474263, 2562016, 2562015, 3043198, 3644496, 3043195, 3043196, 2562019, 3043199, 1319760, 2562012, 2562014, 2562013, 596220, 1319759, 596226, 1319757, 596224, 1319755, 2416991, 2416990, 2416993, 596229, 2416992, 2416996, 2162005, 2162004, 3644485, 2562029, 3644482, 2562028, 2162000, 3644489, 1319753, 1319752, 2562023, 2162008, 596211, 1319748, 1319746, 596213, 2416980, 596212, 3043408, 596218, 2416981, 596217, 2416984, 596216, 3043405, 2416985, 2880090, 2562039, 854400, 1319742, 854401, 1319741, 2880099, 854404, 854405, 2880093, 2562036, 596244, 596243, 595689, 1319735, 595683, 595684, 2879096, 2879097, 2879094, 2879099, 2562049, 1319731, 2880086, 2880087, 2880088, 2562045, 2880081, 2562044, 854414, 2880084, 1319728, 1319729, 595699, 596231, 854417, 1319727, 2880089, 1319725, 596235, 3476266, 3645414, 3645415, 3476269, 3645417, 3645419, 854423, 854425, 854428, 1319799, 3475742, 3476261, 3645410, 3475743, 1319790, 3476279, 3476278, 854430, 3645428, 3645429, 854433, 854431, 1319795, 854437, 1319793, 854438, 1319794, 854435, 1319792, 3475738, 2879004, 3475736, 1319789, 2879008, 3475730, 3475735, 3645420, 3475733, 2879000, 3475732, 3476289, 854440, 854442, 854443, 1319780, 3475728, 3475727, 3475729, 3475720, 3476282, 3476281, 3476284, 3475722, 3476285, 3476299, 3645401, 3645405, 854450, 1319775, 1319776, 1319773, 854454, 3475714, 1319769, 1319766, 3475719, 3476292, 3475712, 3476294, 3475710, 3645458, 3475782, 854463, 741492, 854466, 2880030, 741493, 2880031, 2880032, 854465, 2880033, 1473574, 741489, 2880036, 741488, 3475786, 3475785, 595624, 3645453, 595627, 2879033, 3645468, 854471, 854477, 2880020, 1473587, 1473588, 854479, 596299, 1473584, 2880028, 2880029, 595634, 596296, 1473582, 741496, 741497, 2880024, 595630, 2879041, 3475775, 3645462, 3645463, 2879046, 595638, 3475776, 3645466, 3645437, 3645438, 854485, 854488, 741472, 854486, 2880010, 741473, 1165149, 2880016, 595600, 741469, 2880018, 2880019, 2880012, 741464, 1473591, 741465, 2879018, 459105, 3475762, 459104, 595609, 2879012, 3475768, 3645430, 459106, 595603, 2879010, 459108, 595605, 3475765, 854491, 3645448, 854495, 854496, 854493, 741481, 741482, 1165156, 2880000, 2880005, 595610, 2879028, 2880007, 3475758, 741474, 1165150, 741476, 2880004, 595618, 2879020, 595619, 3475750, 3645442, 595616, 2879022, 3475754, 3645444, 138917, 3043158, 138919, 3043156, 3043155, 26691, 138915, 138910, 2417120, 994805, 994804, 3043151, 1473892, 2417116, 26684, 3644611, 26683, 26689, 3644618, 26688, 3644615, 3645256, 3644616, 3043169, 3645269, 138929, 2562101, 138924, 2562105, 138920, 3043161, 138921, 2562108, 3043160, 2417131, 2562109, 138923, 3043164, 2417127, 26697, 3644602, 3645261, 3644603, 26694, 3644606, 3645266, 26699, 3645267, 138939, 3645236, 3645237, 3043133, 3645239, 994820, 3644632, 3043138, 138931, 138933, 994829, 3043132, 3043131, 994826, 2417146, 2417147, 3645231, 3645232, 994813, 994811, 3644620, 138947, 2417150, 2417153, 138945, 994817, 2417155, 2417156, 138940, 994815, 3043141, 138941, 3043140, 3644625, 3644622, 3645242, 3644628, 3645243, 3645244, 3644626, 994846, 994845, 1473858, 1473855, 3043194, 1473853, 3043192, 2417167, 3043197, 2417168, 2417169, 740524, 740525, 3475703, 26642, 3645295, 26640, 26646, 26645, 3645299, 3475700, 994835, 994830, 2417173, 1473864, 1473865, 2417179, 1473861, 26658, 740514, 740510, 26655, 740519, 26654, 994866, 3043178, 994865, 2417180, 2417181, 1473879, 2417182, 3043172, 1473878, 1473875, 1473876, 2417188, 1473874, 994869, 740501, 740504, 740503, 26664, 3645272, 3645275, 740506, 2561514, 3645277, 3645279, 138906, 994857, 2417190, 3043188, 994853, 3043300, 26680, 138904, 138905, 2417194, 2417195, 3043183, 3043304, 138900, 3043180, 3043303, 3043187, 3043306, 1473880, 1473881, 2561504, 3645281, 994860, 3645283, 3645284, 26673, 26679, 2561502, 26678, 2561500, 2561501, 1473819, 994889, 1735046, 3644691, 1473818, 1473815, 2162276, 3043311, 3644697, 2162275, 3043312, 994884, 1473813, 1735042, 3644696, 740571, 1473811, 3043315, 740570, 1473812, 740573, 740572, 3043314, 3644690, 3043317, 741841, 596540, 740569, 2561538, 740564, 596544, 26607, 740565, 596549, 741849, 2561531, 596548, 2162271, 994891, 994890, 741846, 2561536, 741848, 1735055, 3644682, 994878, 1735054, 1473828, 1735056, 2162288, 3644681, 1473826, 2162287, 3043322, 3644686, 994874, 1473827, 3644687, 1473824, 994872, 3043326, 1473820, 740561, 1735059, 1735058, 3043328, 26617, 741852, 2561529, 740559, 741854, 26614, 741855, 2561527, 596533, 740552, 740555, 26618, 596531, 2162283, 2561520, 2561521, 3304265, 1735060, 3304264, 2162280, 3304263, 26613, 741857, 3304269, 3304268, 26610, 2561523, 3304267, 1735066, 1735065, 2162257, 3304239, 2162252, 3043331, 3043338, 740551, 1473832, 2162259, 740546, 740545, 26626, 596561, 2417295, 741822, 740542, 2417293, 596566, 2417292, 596565, 740544, 2417291, 740543, 2417290, 26620, 2162250, 2561554, 3304232, 1735071, 2561551, 3304231, 2561552, 741823, 741824, 3304236, 2417299, 2561555, 2417298, 3043341, 994899, 2162267, 1735078, 1735073, 1473849, 3043345, 1473846, 1735075, 2162263, 3043342, 994894, 1473844, 3043348, 3043349, 740540, 26639, 26638, 596551, 740534, 741831, 2561548, 740536, 596556, 596555, 740533, 596553, 740532, 2561542, 596559, 2162260, 2561543, 3304243, 596558, 1735082, 26635, 740539, 741834, 3304248, 26634, 26633, 741836, 3043114, 3043111, 741809, 2561572, 3043356, 3644654, 3644651, 2561570, 3043354, 3645057, 3043357, 1735004, 1735003, 3042708, 3042709, 2417275, 2417274, 3042715, 596501, 3042710, 3645064, 3042711, 3645063, 3304293, 3645065, 2561575, 3304298, 596502, 741801, 2561579, 596508, 2417278, 741803, 3644659, 596506, 741804, 1735011, 1735010, 3043363, 1735013, 3043123, 2561560, 3043366, 3644642, 2561561, 3043128, 3644640, 3043126, 3043365, 3645068, 1735018, 3043369, 1735014, 3645070, 741810, 2417284, 741811, 2417283, 3042700, 3645074, 3042701, 3645077, 740598, 741816, 3644646, 2561565, 3644647, 2561563, 741812, 2417289, 2561566, 3644648, 2417287, 3043373, 3043374, 1735023, 2162299, 3043378, 2561591, 3043375, 3644673, 137619, 2561592, 3043376, 3645079, 740592, 3043379, 1735026, 2417100, 2417101, 740591, 2417102, 137611, 740589, 2417252, 3645084, 596523, 740586, 3304273, 740585, 596521, 740587, 2417259, 3644677, 2417258, 2417257, 2417256, 596529, 3304279, 1735033, 3043102, 1473806, 3043100, 3043383, 137607, 1473804, 2561582, 3043107, 3043388, 3644664, 2561583, 1473802, 1735031, 2561580, 3043105, 3644663, 137603, 3645089, 137605, 740584, 137604, 1735037, 2417111, 137601, 2417114, 740579, 3304280, 2417105, 3645092, 2417107, 2417260, 3645097, 3304282, 3304281, 596516, 2561586, 3304288, 3644668, 2561587, 3304287, 596514, 2561584, 3043109, 3304286, 2561585, 2417267, 2417266, 2561588, 3645091, 596517, 2561589, 2162313, 3043274, 3043275, 2162310, 2880190, 137639, 2880195, 137635, 2880196, 2162318, 2880198, 3645135, 137632, 2162317, 3645138, 137631, 2880192, 2162315, 2162314, 3645139, 595543, 2417231, 595544, 2417230, 595546, 854704, 595540, 3042755, 854707, 854708, 3042757, 3645142, 2417239, 3042750, 2417237, 2879194, 2417233, 2162324, 3043285, 3475690, 3043286, 3304306, 3043289, 3475694, 3043287, 3043288, 3645144, 137627, 2162329, 3645146, 137621, 854712, 2880180, 3645149, 3645148, 2880182, 137622, 854711, 2162325, 2417242, 854715, 3042744, 3645151, 854718, 595553, 3645153, 2417249, 3475697, 2417248, 3042741, 3042742, 3475695, 2417245, 3304302, 2417244, 3304301, 3043280, 2416616, 3475683, 2416619, 3475680, 2880173, 3645156, 3645158, 137659, 3645157, 137653, 854724, 2880171, 2880172, 595521, 3042736, 137660, 595522, 3042737, 595523, 854725, 3645161, 3042739, 3042733, 459023, 595529, 2417217, 2416610, 3475685, 2417214, 3042731, 3475684, 2416612, 2879178, 3043293, 595527, 2879175, 2417210, 3475688, 2416607, 2879191, 2879192, 854730, 3645167, 137646, 137649, 2162308, 3645169, 2880165, 3645168, 3042718, 854735, 3042719, 137645, 854733, 854738, 2417220, 3042725, 3645170, 595533, 137652, 595534, 3042727, 3645171, 2880166, 3042721, 2880167, 2880168, 3042723, 2880169, 3042724, 3645175, 2879184, 459014, 2417227, 2879185, 459016, 3475673, 2417224, 2879188, 2879189, 3475679, 2417221, 2416638, 3304339, 2162355, 3304338, 2162352, 2162351, 595590, 595593, 137676, 137678, 596590, 2162359, 2162358, 137683, 596585, 854747, 137684, 596588, 137681, 459046, 596587, 459048, 2416630, 459047, 3304330, 3304336, 2416633, 3042791, 3304335, 3304333, 2162367, 2416626, 3645108, 3304349, 2416628, 2162364, 2417209, 2162361, 2417207, 137668, 3645100, 854750, 3645103, 596581, 137664, 854757, 2162369, 595598, 137671, 596573, 596572, 854758, 137673, 459030, 596571, 854759, 459032, 596577, 3042788, 595596, 459034, 595597, 2162360, 2417205, 3042785, 596579, 2416623, 2417201, 3042780, 3304346, 2416625, 2417200, 3042781, 3304345, 2416624, 2162335, 3304318, 2416659, 2562199, 3304317, 3645119, 3304316, 3645112, 3645111, 854761, 854762, 137698, 854767, 3645116, 459071, 137699, 459070, 459061, 854769, 459063, 595568, 459066, 459068, 3042778, 459067, 3042779, 3645120, 2562190, 3042772, 3304310, 2562192, 2562193, 2562194, 2416655, 2562195, 2416658, 2416657, 2162346, 3304326, 2162342, 854774, 137687, 137686, 137689, 137688, 854777, 3042769, 595577, 596595, 137695, 459054, 595573, 137692, 459056, 596597, 459059, 459058, 3042762, 3304320, 3042763, 2416647, 3304322, 2562176, 2562179, 854782, 854780, 138997, 138998, 2880110, 138993, 138994, 2880115, 2880116, 2879113, 2879114, 2880114, 3475621, 2416673, 2880119, 2416677, 3475624, 3475623, 2416679, 2562175, 2562187, 3645302, 2562188, 2562189, 854790, 3645308, 3645309, 854798, 854799, 2880104, 3475618, 2880105, 2880106, 3475615, 2880100, 2416661, 3475619, 2562181, 2562182, 2880108, 3475614, 2879120, 3475612, 3645300, 2416668, 3475611, 2562154, 2562155, 2562158, 3043095, 3043093, 3043098, 3043097, 2416690, 2416692, 3475609, 3475608, 2416698, 2416697, 2562150, 3475603, 2416699, 2562152, 3475601, 2562166, 2562167, 2879104, 2879105, 2879102, 2879103, 2416681, 2879108, 2879106, 2416685, 2562160, 2562161, 2879101, 2562132, 3645335, 2562133, 3645337, 138957, 2562136, 3645339, 138958, 2562137, 3475660, 138959, 138951, 138952, 595501, 2879157, 595502, 2879158, 2880157, 2880158, 3475665, 595509, 3475669, 3475668, 2562130, 3645333, 3475666, 2562143, 2562144, 3645347, 2562148, 138964, 2880140, 138965, 2880142, 2880143, 138960, 138961, 595510, 2880148, 595511, 3475659, 2880145, 2880147, 2879162, 2879163, 3645340, 2879161, 3645341, 2879166, 3475658, 2562140, 2879167, 3645343, 595516, 2562141, 595517, 2562142, 2879165, 3645313, 2562112, 2562113, 3645316, 3645317, 3645319, 2562117, 2562118, 138971, 138972, 2879138, 2880138, 2879135, 3475649, 138981, 2879139, 2880135, 3475643, 2879130, 3475647, 2879134, 3475645, 2562121, 3645325, 2562124, 3645329, 2562128, 2562129, 2880120, 138989, 138985, 2879148, 3475639, 3475638, 2880124, 2880125, 2879144, 3475636, 3645320, 2879145, 3645321, 2562120, 3043279, 3645137, 3043278, 3043271, 3043270, 596958, 1473775, 1473772, 3043273, 3043272, 596950, 3644734, 740608, 3645130, 3644732, 3645131, 3644738, 3645133, 740607, 3645136, 138807, 138808, 138809, 3644720, 138805, 3043282, 138802, 596968, 2417011, 1473783, 2417014, 2417015, 1473782, 2417006, 596961, 2417007, 596960, 1473780, 3645140, 3645141, 3645143, 3645145, 3644725, 3645147, 138818, 994703, 3043257, 3645115, 138819, 994701, 1735101, 3644752, 3644753, 138817, 3043258, 1735107, 741791, 1735109, 2417021, 596979, 2417022, 994707, 1735103, 1473797, 1735102, 3043252, 1473795, 596970, 1473793, 596972, 596971, 3304196, 3304195, 741784, 3304193, 3644754, 3645110, 3645128, 3645129, 3644741, 138827, 3644740, 3043260, 138822, 596988, 138823, 2417032, 2417033, 2417034, 1735113, 2417035, 1735116, 741797, 596983, 2417029, 741795, 3644743, 3645123, 994723, 1473738, 1473735, 740650, 741770, 994729, 596995, 596998, 741765, 740646, 741767, 740641, 741760, 596990, 740643, 3645172, 3645173, 3645174, 26761, 3645176, 26767, 740649, 26766, 3645179, 994713, 994712, 1473749, 26780, 3043400, 1473747, 2417050, 1473748, 2417051, 1473745, 3043403, 3043404, 741780, 2417054, 741781, 994718, 3043407, 994717, 1473740, 741775, 741777, 740635, 2879202, 741771, 2879207, 3645180, 741772, 3645181, 3645182, 741774, 3645185, 26772, 3645186, 3645188, 26777, 3645189, 26775, 3476001, 994744, 3476003, 26792, 994743, 2417060, 3043411, 26790, 1473758, 1473759, 2417064, 3043292, 3043415, 1473754, 2417066, 3043290, 3043413, 2417067, 3043297, 3043418, 1473753, 3043419, 2417069, 994748, 3043417, 740625, 741744, 3043409, 741745, 741740, 741741, 3645150, 994750, 26784, 3645152, 3644716, 3645155, 26788, 741747, 741748, 26786, 740628, 3043421, 994730, 2417072, 1473767, 1473768, 3043426, 3043423, 3043429, 2417079, 994737, 1473760, 740614, 741755, 740610, 3644701, 3645162, 3645164, 3644700, 3645165, 741757, 3645166, 741759, 1735165, 994767, 2162156, 994763, 1735163, 3043430, 994762, 1735169, 1735168, 740690, 3043438, 26725, 596424, 3304130, 740687, 596421, 741728, 2561411, 3304133, 596426, 1735170, 26723, 3304138, 26722, 741725, 3304137, 741726, 3304136, 596429, 2561413, 3304135, 994758, 1473709, 1735175, 3043200, 994755, 1473708, 1735177, 1473705, 2162166, 3043206, 1735171, 994752, 1735174, 2162164, 1473704, 2162163, 1473701, 740680, 1473702, 740683, 740682, 1735179, 740678, 2561407, 741732, 2561408, 26736, 2561405, 740679, 741734, 596413, 740676, 26730, 2162162, 994760, 1735181, 3304143, 1735180, 3043207, 2561404, 3304147, 596418, 741738, 2162137, 3043451, 1473719, 3304117, 994787, 1473716, 2162133, 1473717, 2162132, 994785, 1735185, 994784, 1735184, 3043458, 595493, 740671, 2162139, 740667, 595489, 596441, 26747, 740669, 2561438, 741701, 595484, 740663, 3645191, 595485, 596445, 3645192, 740665, 994794, 741708, 3645198, 3645199, 2561437, 3304115, 741704, 26742, 741705, 3304113, 596908, 2162147, 3304129, 3043460, 2162144, 1473728, 1473725, 596906, 994773, 2162141, 596900, 3043467, 596902, 1473722, 596431, 596430, 740655, 26757, 740657, 2561428, 740652, 595496, 596433, 596432, 741719, 26756, 26755, 26753, 741716, 1735120, 3043473, 1735122, 3043232, 3043471, 137717, 596916, 3043239, 137716, 2561451, 3043477, 3043237, 3644772, 596917, 137713, 137712, 137715, 3043478, 137714, 596913, 1735125, 3043230, 596910, 3042836, 3304174, 2417391, 3042832, 3304173, 1474019, 2417390, 3644778, 1474012, 3304177, 3644779, 1474015, 2561452, 2561459, 2561456, 2561457, 3304179, 3043246, 3043483, 3043245, 3644760, 1735134, 3043244, 3043481, 3043243, 994798, 3644763, 3043488, 3644764, 994796, 1735130, 3043485, 137707, 994795, 3043247, 137702, 137701, 596922, 596925, 3042817, 3042818, 3043240, 3304181, 1474009, 3304180, 2561449, 3042826, 1474006, 3304185, 3042822, 3304183, 3304189, 1474001, 1474004, 2561441, 3644765, 2561442, 2561447, 3043480, 2561445, 1735143, 2416814, 3043494, 1735142, 3043212, 1735145, 2416815, 3043217, 3043498, 596937, 2162176, 2416817, 3644797, 1735141, 3644794, 596939, 1735140, 3043214, 596936, 596935, 1735147, 3042807, 596931, 26705, 2417374, 3042813, 2417373, 26703, 2417372, 26702, 2417371, 2417370, 3304152, 26708, 26707, 2162172, 3304155, 3043490, 596409, 596408, 2417376, 3304158, 596407, 2416811, 2417375, 2561479, 3644781, 1735153, 3043223, 2416805, 3043222, 1735155, 2416804, 596949, 2162188, 2162187, 2416806, 3043226, 3644783, 137729, 2561460, 137726, 3043220, 596943, 596942, 1735159, 2417385, 3042802, 740699, 2417384, 26713, 26718, 740698, 3042801, 2561465, 2561466, 2561463, 3043229, 3304164, 3644788, 26711, 2417387, 3304169, 2416800, 2416715, 2561490, 2416714, 2416717, 3043393, 1474061, 3043394, 2561494, 2561495, 3043397, 3043398, 3475581, 137757, 1319962, 1319963, 3645012, 3645015, 137758, 137752, 3645016, 137755, 595422, 2417352, 595423, 2417351, 137762, 2417350, 137761, 1319958, 1319955, 3042875, 3645020, 1319956, 3042876, 1319953, 3042877, 595421, 1319954, 1474057, 3042871, 3475588, 2561499, 3475587, 2417358, 2561496, 1474058, 2417356, 2417355, 3043392, 1474054, 2416712, 3043390, 2416703, 1474051, 2416706, 2416705, 2416708, 2416707, 137746, 137745, 3645026, 1319950, 137742, 2162207, 137744, 1319948, 595434, 1319949, 595435, 3042865, 1319942, 595432, 596498, 3042867, 3645032, 2561487, 3042860, 2561488, 3475576, 2417369, 3042862, 2561486, 595437, 1474041, 3475579, 1474043, 2417364, 2416736, 1474040, 2417339, 137778, 1319941, 2880295, 3645034, 2880290, 137777, 595400, 854607, 595402, 3042859, 595403, 1319936, 3645042, 1474038, 3645041, 854608, 1319931, 854609, 3645043, 595409, 1474034, 2417337, 3475565, 2417336, 2879292, 3042851, 2416730, 2879293, 595405, 2416732, 2879296, 1474032, 3475551, 2416729, 3475550, 2880284, 2880286, 3645047, 137764, 854613, 137763, 3645049, 137766, 854612, 137771, 1319926, 595412, 1319924, 3042842, 2880288, 3645052, 2880289, 3042844, 3645055, 595410, 1319921, 3042845, 3475555, 1474026, 3475553, 3042841, 3475552, 2416722, 2416721, 595417, 2416724, 1735088, 2416759, 2562099, 1735087, 2162234, 3304217, 1735084, 595470, 137796, 596470, 854622, 2162238, 137798, 854623, 595466, 595468, 596462, 854626, 596461, 596468, 595463, 596467, 595465, 1319998, 2417316, 2416750, 3304210, 596469, 2417313, 2416755, 2416754, 2562096, 3304213, 2416756, 1474093, 1474092, 2162245, 3304228, 2416749, 2162243, 1474091, 1735097, 2162241, 1474090, 137789, 595481, 854632, 1319996, 595483, 1319994, 137786, 137788, 854633, 137787, 596453, 854639, 137792, 137791, 595475, 596455, 2416740, 3304222, 2417326, 2416742, 3304220, 2416741, 1474085, 2417322, 3304225, 3304224, 2416745, 2162214, 2562077, 2562078, 2562079, 2162211, 1474080, 854643, 854640, 1319982, 2162219, 854646, 2162216, 595445, 596485, 595446, 1319977, 596489, 1319978, 595442, 2416771, 596487, 1319976, 2562070, 3042895, 2416774, 3042896, 595449, 2416779, 2416778, 1474070, 2562089, 3645009, 1474072, 854650, 3475593, 2417306, 3304209, 854653, 1319971, 3645004, 596481, 854655, 596475, 595456, 595457, 1319969, 595451, 595452, 596478, 3042887, 595453, 596477, 1319964, 595454, 1474068, 2416762, 2416761, 2417304, 3475598, 2562082, 1474064, 2416766, 2417301, 2417300, 1474065, 2562055, 2562056, 3476023, 2417080, 2417081, 2562059, 854664, 138877, 2417086, 138879, 854669, 2879236, 2880236, 3475508, 2879237, 3475507, 2416791, 2880235, 3475500, 2562050, 2416799, 2879232, 3475503, 2879230, 3475502, 3476021, 2562068, 3476037, 854670, 2880220, 138883, 854679, 138884, 854677, 138891, 2879245, 2880227, 138893, 2880228, 2416780, 2416783, 2416786, 2562060, 2562061, 2416788, 2879241, 3476033, 2879242, 3476046, 2562034, 854682, 854680, 854681, 138898, 138899, 854684, 2879214, 2880214, 2880217, 2880213, 2879210, 2880218, 2562031, 2562032, 2562047, 3476058, 2562048, 854691, 854696, 2880204, 2879223, 2880205, 2879224, 2880206, 2880201, 2879228, 3476051, 3476050, 3476053, 2562041, 2879222, 3476052, 2879220, 3476054, 3476068, 3645214, 3475540, 3645219, 138839, 138832, 138833, 2880273, 2880274, 2880270, 138831, 2879279, 2880279, 3476060, 2879273, 3475541, 3476061, 3475548, 3476064, 3645210, 3475547, 3476063, 2562010, 3475545, 3476065, 2562022, 3645225, 138848, 138849, 2880261, 2880262, 138846, 2880269, 2879289, 3475538, 2880265, 2880266, 2880268, 2879283, 2879284, 3475532, 3475530, 3476072, 2879287, 3645221, 3645223, 138858, 138850, 138853, 2880259, 3475528, 2879257, 3475527, 2880254, 2879250, 3476082, 3476081, 3476083, 2879254, 3475526, 2879255, 3476085, 138869, 2562006, 3645209, 2880240, 2880242, 138862, 138863, 2879269, 2880248, 138870, 2879267, 2879268, 3475516, 2880244, 2880245, 3476091, 3476090, 3475511, 3476093, 2879262, 2879265, 3476097, 3645200, 3475513, 3476099, 457867, 995525, 995524, 1588513, 995522, 1588517, 1588518, 1588515, 1588516, 2305527, 995529, 287931, 139139, 139148, 741204, 741206, 3187385, 741200, 3187387, 741202, 139140, 457860, 457865, 741209, 457866, 1588520, 457857, 995534, 995535, 995532, 1588524, 2305539, 1588522, 2560844, 995531, 2560845, 287948, 287947, 2305536, 741220, 2305538, 139129, 287943, 2305532, 139127, 287942, 2305533, 995539, 741214, 139137, 2305541, 741210, 139133, 139131, 457850, 457851, 457853, 741219, 287951, 457889, 287950, 995548, 2560850, 995545, 995546, 995544, 2305507, 995541, 2305508, 995542, 1474283, 287956, 2305505, 287955, 2305501, 1474288, 139163, 1474289, 457880, 139161, 457882, 995551, 2560859, 139160, 457887, 457878, 457879, 995556, 2560863, 995555, 995552, 1588500, 995553, 2560867, 1474294, 3043502, 1474295, 1588507, 3043503, 1588505, 2305516, 3043501, 287966, 3043507, 3043505, 1474298, 1474299, 139152, 457870, 457873, 457874, 457875, 2560871, 2560873, 1588552, 1588557, 3043510, 1588555, 2560877, 2560878, 2305568, 3187617, 2305569, 3043511, 3187615, 3187616, 2305566, 2305567, 2880313, 2880314, 3187610, 139189, 2879311, 2880315, 3043508, 2880316, 3043509, 139187, 2880311, 139186, 3187612, 2879310, 1588564, 1588563, 2560885, 1588568, 2560886, 2560889, 287904, 2305579, 3187606, 3187605, 3043529, 3043519, 139179, 2879323, 139176, 2879329, 3187603, 457890, 2879326, 3187600, 139175, 2879327, 139172, 457892, 139171, 457895, 457896, 2880306, 2880307, 2880308, 457899, 2880309, 995503, 993895, 995504, 995501, 995502, 993892, 3043531, 995500, 1588536, 3043532, 2560899, 287915, 287914, 2305547, 3043536, 2305549, 287910, 2305543, 2305544, 3187631, 1851101, 287919, 1851106, 1851104, 3187633, 287916, 995515, 993882, 1588541, 995510, 1588546, 993880, 995511, 1588545, 2305559, 1588549, 995519, 2305556, 3187620, 2305561, 2879304, 139197, 139195, 993888, 993874, 1588597, 3043796, 993873, 1588598, 3043795, 1588595, 993870, 1588232, 1588235, 1733898, 3043552, 3043555, 3043790, 1474227, 1474222, 1474224, 1588239, 993878, 993877, 993875, 993863, 1733886, 1733885, 3043564, 1733889, 597100, 1474236, 1474237, 1474235, 1588249, 993864, 1733890, 1588251, 3043571, 3043774, 3043572, 993850, 1588252, 3043575, 3043778, 457806, 1733877, 3043776, 1588578, 1733876, 3043574, 1474204, 1474206, 1588259, 1588258, 2561310, 993856, 993855, 1733881, 993854, 457800, 993841, 993840, 3043583, 3043784, 1733862, 3043783, 1733861, 1733868, 1733867, 3043788, 1588268, 1733866, 1733865, 1733869, 3043589, 3043780, 1474216, 1474217, 1474213, 993849, 1588590, 993847, 1474219, 1588592, 2561303, 457823, 994207, 3474201, 457825, 994206, 1588275, 1588274, 3043592, 994204, 2306026, 3474206, 3474208, 3474207, 1474261, 597130, 2306023, 3474200, 1474269, 1474267, 993839, 993838, 993835, 2561332, 2561337, 993833, 457821, 993832, 457813, 1588286, 3474214, 1588287, 2306016, 1474275, 2306010, 1588282, 3474211, 1474271, 1474276, 993829, 1474278, 1474279, 993827, 993826, 2561321, 2561326, 993820, 457845, 457847, 994228, 2306006, 2306007, 1588298, 2306005, 994224, 994223, 1474240, 597111, 1474241, 1588291, 1474248, 597101, 1474244, 597103, 993817, 288493, 994233, 288495, 994231, 457840, 994230, 2561354, 288497, 993812, 2561359, 288496, 288499, 993810, 288498, 457836, 457839, 994214, 994212, 597120, 1474253, 597118, 597113, 1474254, 993808, 597115, 597114, 993806, 993805, 994222, 288481, 993804, 994221, 288484, 993803, 994220, 993802, 457830, 993800, 2561349, 288488, 2561346, 288487, 1733930, 994128, 994127, 3043712, 1733933, 2306068, 1733931, 2306069, 2306066, 1733937, 1851092, 1851091, 1851095, 2306070, 1851089, 993916, 288592, 3043716, 288591, 2561378, 3043715, 2561375, 288593, 3043713, 993911, 994130, 288595, 288598, 2561379, 288597, 994115, 994114, 1733920, 3043720, 2306056, 1851081, 2306053, 2306054, 3188008, 2306051, 3188001, 1851078, 993906, 2561366, 993903, 288583, 993902, 993900, 2561391, 26510, 994149, 2161239, 2561395, 994148, 1733911, 2161238, 994147, 2561393, 2306044, 2306040, 26517, 288570, 2161235, 288572, 2561398, 994152, 26514, 288567, 2561381, 2306039, 994139, 994138, 2306037, 2561384, 994137, 1733900, 1997226, 1588301, 2306035, 2561382, 2306033, 1733903, 2306031, 2306032, 1733908, 1733907, 1851099, 1588303, 3043705, 1997227, 3043703, 1997228, 2561387, 26502, 3043709, 3043708, 26504, 288565, 3043707, 1997210, 288555, 2305207, 1733972, 2305206, 1997214, 288559, 3043755, 994169, 3043754, 1997213, 3188035, 3188037, 2161251, 3188032, 3188033, 994177, 1588313, 2161256, 288550, 994175, 994174, 2305204, 288551, 994173, 1588317, 2161252, 2305203, 26537, 2161255, 288553, 994171, 1733963, 3043763, 3043762, 288547, 1733961, 2305217, 3043761, 3043767, 1588320, 1733966, 1997204, 994158, 1588323, 3043765, 1997202, 3043764, 3188049, 2306097, 1733968, 2306095, 3188046, 3188041, 3188043, 2161246, 26529, 994166, 1588324, 1997208, 2161245, 2305210, 3043769, 2161247, 288541, 994163, 1733970, 2161242, 2305215, 26525, 288540, 994162, 1588328, 994161, 2161244, 288542, 994160, 2305212, 1733952, 2416418, 3043730, 1588330, 26556, 1588331, 1733954, 26552, 1733953, 2306088, 2306087, 3188019, 741191, 2306084, 741193, 2306083, 3188015, 2306091, 2161270, 2306092, 2161273, 3188011, 741188, 3187403, 994199, 2305220, 2416412, 3043736, 3187405, 3043735, 288530, 2305226, 26558, 2161274, 2305225, 3187406, 288532, 2305224, 2416415, 2416407, 26545, 1588340, 2305238, 1588343, 1733945, 288526, 3043744, 288529, 1733943, 994179, 3188027, 1733948, 1733946, 2306076, 3188025, 3188026, 994181, 2306081, 2161261, 3188022, 2161268, 2305232, 3043748, 3187416, 2305230, 994185, 2161264, 2305237, 26548, 288521, 2305234, 287895, 2416439, 288514, 26578, 287893, 287892, 288516, 995488, 26572, 287891, 995489, 287890, 288517, 995487, 288519, 2880350, 2880351, 741176, 3188078, 741171, 287897, 2305494, 2880357, 2305495, 2879358, 2880358, 1851000, 2305490, 3187421, 3188070, 741167, 1851006, 2305491, 2880355, 3187423, 2880356, 3187656, 2879350, 3187424, 995493, 1851009, 2305242, 2305241, 3187426, 26579, 995491, 2161296, 2305246, 995490, 2161298, 2305245, 2416437, 288501, 26565, 2416428, 288503, 26567, 288502, 995499, 26561, 995497, 995498, 288509, 741184, 3187649, 3188089, 741182, 3188085, 2161281, 2161284, 2879366, 2880348, 3187430, 3188087, 2161283, 3187641, 2305251, 2880343, 2880344, 3187434, 3187644, 3188084, 2416421, 2879360, 2879361, 3187435, 2416423, 3187438, 3187437, 26569, 2161288, 2416427, 2416426, 26598, 26599, 26590, 3188057, 1851030, 3188058, 2305468, 3188059, 2879335, 3187675, 2880336, 3188053, 2879333, 3188054, 139201, 2880338, 2880331, 3187443, 3187679, 3187442, 2305260, 2305470, 3187677, 2305471, 3188051, 3187447, 2305264, 2416456, 3187449, 2416455, 2880339, 3187671, 2879332, 3187672, 2305267, 2879330, 3187670, 26585, 741163, 3474196, 3474195, 1851021, 2305476, 3188067, 3474198, 1851014, 3187664, 1851013, 2879347, 3187665, 1851012, 2305485, 2879344, 2879345, 3187663, 2305273, 2880320, 3187668, 2305480, 3187453, 3187669, 2880322, 3187456, 3188061, 741158, 1851015, 3187455, 3187667, 2305276, 3187457, 2305274, 2416444, 3187459, 2416447, 2880328, 2879343, 3187661, 2305278, 2879341, 287852, 995448, 287851, 995446, 995447, 995445, 995442, 2880393, 287859, 2880394, 139219, 741131, 2880395, 741132, 1851053, 2880390, 1851052, 741127, 3187463, 3187695, 139220, 2305284, 2880397, 741123, 2416471, 1851049, 2880399, 2416476, 2879394, 3187690, 2305285, 2416477, 2879392, 3187691, 2879396, 3187692, 287863, 287861, 995457, 995456, 2880382, 139208, 287869, 2880384, 139206, 1851042, 1851036, 2305291, 3187686, 139214, 741138, 3187474, 3187684, 139212, 3187473, 741133, 2305295, 1851039, 1851038, 2305293, 2880388, 3187688, 2416462, 3187689, 2305298, 3187479, 995460, 2416466, 3187683, 287874, 287872, 995468, 287870, 1851070, 2880373, 2880374, 287878, 287877, 287875, 741105, 1851068, 2879377, 1851066, 3188099, 741100, 2880375, 3187487, 3188093, 741102, 2880377, 3188094, 3187488, 995474, 995472, 2879370, 2879375, 741109, 2879373, 287885, 287883, 995476, 741120, 2880362, 3187492, 287886, 2880368, 3187494, 741116, 3187493, 1851056, 2879389, 3187495, 741111, 3187498, 741112, 2416482, 741113, 2416484, 2880367, 2416487, 995485, 2416486, 2879383, 995482, 2416489, 741119, 995480, 2879385, 1588630, 457747, 1588631, 457749, 1588635, 1588632, 1588633, 1588638, 1474185, 1588639, 2305647, 2305648, 1474180, 287811, 597051, 2305651, 1474188, 287818, 287817, 1319951, 457741, 457743, 457744, 457745, 457737, 1474190, 1588640, 1588645, 2305656, 2879409, 287826, 1474196, 3043602, 1588647, 2305658, 597066, 1474198, 1319946, 3043606, 287821, 2305654, 597062, 1319943, 2879401, 1319945, 597058, 1474199, 1319940, 2879404, 1588613, 1588610, 597032, 2305623, 3043612, 287837, 287836, 1474164, 1588614, 2305625, 3043610, 597033, 1474165, 1588615, 3043611, 1474160, 1588618, 2305621, 3043614, 3043615, 3043608, 1319972, 1474166, 597027, 287839, 1474169, 457763, 457757, 287840, 1588620, 2305638, 1588624, 2305639, 1588621, 1588622, 287849, 3043623, 287848, 1474174, 3043624, 1588625, 287845, 3043627, 1319968, 3043628, 1588629, 287842, 597040, 1474172, 2305640, 3043619, 1319960, 457750, 457754, 993795, 597091, 1588676, 1588677, 597097, 3043635, 3043633, 2305685, 2305686, 597096, 3043636, 3043637, 2879435, 2880435, 2879432, 2305695, 2879438, 2880430, 1319993, 2880431, 457780, 457783, 457784, 1319991, 457787, 1588682, 2879431, 993799, 993798, 457779, 993785, 993784, 1588684, 1588689, 3043641, 3043642, 1473989, 1588687, 3043640, 1473987, 3043645, 1473988, 1473985, 1473984, 1319986, 2879446, 2880425, 2880426, 1319983, 2880420, 2879447, 1319981, 457774, 1319980, 457775, 1588692, 457776, 2880429, 457778, 1588691, 993775, 1588653, 3043653, 597076, 3187518, 597075, 2305668, 597078, 2305669, 597077, 1473997, 1473994, 597071, 1473995, 1473992, 597073, 1473993, 2305666, 3043659, 2305670, 2305673, 597069, 3187514, 597068, 2879414, 2879415, 993778, 1588660, 993777, 993776, 1588663, 993763, 1588664, 3043660, 597081, 1588661, 597080, 993761, 1588662, 3043667, 3187507, 3043665, 3187506, 287801, 597082, 597085, 2305676, 3187509, 597084, 2879423, 2880402, 3187500, 2879421, 287809, 597079, 287807, 457791, 2879425, 287806, 2305680, 3187502, 2880409, 993768, 2880406, 993765, 2880408, 993753, 993752, 1588352, 2306105, 1588351, 1473936, 1588354, 2306103, 3043674, 1473937, 2306104, 1473934, 1473935, 3043673, 1473932, 1473933, 2306100, 3043679, 3043676, 1474104, 1474105, 1474106, 1474107, 1474101, 1474103, 1588357, 993759, 993758, 993756, 2306109, 3043681, 993741, 3043682, 1473949, 1588363, 3043680, 1473947, 3043685, 3043684, 1474110, 3043688, 1474117, 1474113, 993746, 993744, 993731, 3043692, 993730, 1588697, 3043693, 3043894, 3644111, 1588694, 1588695, 1997198, 3043697, 3644115, 1473956, 3043694, 3043897, 1588377, 3043695, 1997191, 1473951, 1588370, 1997193, 993739, 993738, 993732, 1588383, 1588382, 1997189, 1588385, 1997186, 3644101, 1997180, 1997181, 1473961, 1473962, 1588381, 1588380, 993729, 993727, 993726, 3644105, 993725, 993723, 457702, 1997177, 2305609, 1997178, 457704, 3474325, 1588395, 1997176, 3474324, 3474327, 1588397, 3474326, 457709, 1588399, 2306146, 3474328, 597010, 1319918, 2305601, 597012, 2306141, 597011, 1319913, 1997174, 1319916, 1588391, 2305600, 597007, 1474148, 597006, 1319912, 597008, 2561219, 597004, 1474147, 2561217, 2561214, 457701, 2561215, 1473907, 3474334, 1997167, 1997165, 3474335, 3474338, 2306137, 1997168, 2305619, 2306135, 2305612, 1319906, 2305613, 2306133, 3188204, 2306130, 1997162, 1319902, 3188200, 1319905, 1997160, 3188201, 1319904, 1474150, 1997161, 3188202, 1474159, 2561209, 1474156, 2561202, 1733798, 2306129, 457727, 2306128, 457728, 1473914, 2306125, 2561230, 3474305, 2306126, 2306123, 3474307, 994102, 1733799, 1473910, 1474121, 2306120, 1997151, 1319937, 1319932, 1474126, 1319933, 1474122, 1319930, 1474125, 2561234, 3474308, 994110, 2561232, 2561238, 457721, 457722, 1473909, 457713, 3474312, 1997145, 2306119, 3474311, 1997143, 2306114, 1473926, 3474315, 1473923, 1733789, 1997146, 1473924, 1733788, 1473921, 1319928, 1473922, 1473920, 1474132, 1319925, 1319927, 1319920, 2561229, 1319922, 1474133, 1733790, 2561223, 2561224, 3474319, 2561221, 2161302, 2561227, 1733793, 1733792, 2561225, 2561226, 3474246, 3644055, 1997134, 3474247, 3644054, 2161338, 3043832, 2561250, 994003, 1733810, 1997136, 2161339, 2561251, 3043830, 3644058, 3188115, 3188116, 1733815, 3474240, 3188111, 3644051, 3188112, 3644052, 3188113, 1733818, 3188114, 3644050, 994013, 3043837, 994012, 3043836, 2561254, 994010, 2161335, 3043834, 2161330, 2561258, 3043839, 2561259, 3474257, 1997120, 3644042, 1997121, 3644043, 2561241, 3644048, 3043843, 3644049, 3644047, 2306176, 1733805, 2306174, 3188128, 2306175, 3474253, 2306173, 1733808, 3188124, 3474255, 3188121, 2161323, 2561245, 3043848, 2561246, 2161325, 3043846, 2161321, 2561247, 1588407, 2161320, 2561248, 288699, 2561270, 288698, 1997112, 2305306, 3474226, 1997110, 3474225, 3644076, 3043811, 3474228, 2161359, 2561275, 994026, 2306167, 3644079, 994025, 2306166, 2306163, 2306161, 3644073, 2306162, 3644074, 3474222, 994035, 1997119, 1588412, 2561279, 2161358, 288692, 1588414, 1997118, 288695, 1588417, 3043819, 288694, 994030, 2161351, 2305302, 288697, 1997100, 2305318, 3644066, 288689, 994018, 3474236, 994017, 1997104, 2161349, 2306158, 3474239, 1997105, 3043821, 1997102, 3043820, 1588421, 2306157, 3644069, 3188105, 3188106, 3188107, 2306150, 2306151, 3474230, 3644063, 3644061, 994024, 2161345, 3043826, 994023, 1588423, 1997109, 994022, 1997106, 2161347, 288681, 1997107, 3043823, 288684, 1588427, 2305313, 3043829, 288686, 2305312, 3043828, 288685, 1588429, 2161342, 288677, 2305329, 2416517, 2561292, 2416516, 2561293, 26412, 741090, 2416519, 26413, 741091, 2561291, 3043876, 1588433, 1733855, 2561294, 994047, 3644014, 741096, 3188159, 3474282, 741098, 1733859, 741099, 3474286, 3188156, 741095, 2161370, 2161372, 3188154, 741089, 3474290, 26418, 1588435, 2305320, 994055, 1588437, 2161379, 288673, 994053, 1588439, 2305325, 2161373, 994051, 2161375, 2305322, 1733842, 3043884, 3644000, 1733841, 2305339, 2561282, 26401, 288668, 1588442, 3043888, 288669, 3644005, 1588444, 1733844, 2561283, 3644002, 1588443, 1733843, 2561284, 3043885, 3474293, 1733848, 3474294, 3474297, 3188168, 3474298, 3188163, 3188165, 994046, 2161367, 3644008, 994045, 3644009, 2161369, 2305330, 2416500, 994043, 2161368, 994042, 2161362, 2416501, 994040, 2416504, 26406, 3043851, 3474267, 3644034, 26434, 288656, 3474269, 3644032, 3644037, 288658, 1588452, 3644035, 26431, 3474260, 3188138, 741076, 1733837, 741077, 3474261, 3188133, 741073, 994071, 2161392, 994070, 3188130, 2161393, 741068, 994079, 1588457, 2305343, 2416531, 1588456, 2305342, 3644039, 2305347, 994074, 2305346, 2416534, 26438, 288653, 2161398, 2305345, 2161397, 3474279, 1588462, 3043860, 288645, 2305359, 1588464, 3644024, 288649, 1588465, 1733827, 3188149, 3474270, 3474273, 741081, 3188144, 741084, 1733829, 2161380, 2161383, 3188142, 741078, 3474280, 994068, 2161388, 3043869, 2305351, 2416521, 288640, 994064, 2161385, 2416524, 26426, 994063, 2305357, 288642, 994062, 26428, 994061, 26454, 26455, 288632, 26451, 741054, 3187538, 3187539, 287779, 287778, 741051, 741049, 3187532, 3188195, 994092, 3187533, 3188196, 3188197, 2305360, 741048, 2416550, 2879470, 2416552, 2879471, 2305363, 2416554, 3188190, 994096, 2305368, 994095, 2305367, 288630, 994094, 2416558, 2879473, 287786, 287785, 288621, 2416549, 26445, 287784, 26446, 287783, 288626, 287780, 288628, 288627, 741063, 288629, 3187528, 287789, 741061, 287787, 2879488, 3187520, 741056, 2305372, 3187526, 741059, 3187524, 2305376, 2416542, 2879481, 2305375, 994087, 2305373, 994086, 26448, 2416545, 288620, 2305378, 2416548, 2879483, 287797, 288611, 26478, 287795, 288613, 288612, 287793, 287792, 288614, 26474, 287791, 288616, 288619, 288618, 741032, 741033, 2305586, 3188178, 287799, 287798, 741027, 2305593, 3187554, 3188174, 3188176, 741023, 2305590, 2416573, 3188171, 741026, 2305387, 2416575, 2416576, 2416578, 2879453, 3187551, 2879451, 26461, 26462, 26464, 288608, 2305597, 3188189, 3187544, 3188187, 3187547, 3187548, 2416562, 3188182, 3188183, 2305398, 2416564, 26469, 2416568, 2879461, 2305399, 2416569, 2879462, 26498, 995569, 26499, 995565, 995564, 3644091, 26493, 287736, 3644090, 287735, 287734, 287733, 287732, 3644094, 741006, 2416591, 3187575, 741002, 741003, 2416595, 741004, 3187579, 995572, 2416596, 741009, 3187572, 3187573, 3187570, 26489, 287740, 3644087, 3043800, 26484, 1588602, 26486, 995575, 1588600, 26480, 3644081, 26481, 26482, 741022, 1588604, 1588607, 287743, 1588608, 741016, 741019, 2416581, 2416584, 741015, 2416583, 3187568, 995583, 3043804, 3043803, 995582, 3043801, 3187561, 995580, 3043807, 3043806, 3043805, 287758, 3187597, 2879490, 2879491, 3187595, 741000, 287767, 287765, 3187585, 3187586, 3187581, 457628, 3476300, 3476303, 3476302, 3476305, 1474063, 2879519, 3476306, 3476309, 1474066, 1319836, 3043714, 1319833, 2879511, 741446, 1319832, 2879512, 741447, 1851084, 2879510, 1474067, 2879515, 741442, 2879516, 3044019, 1851088, 741444, 2879514, 1733812, 3044015, 3044018, 741449, 1733816, 1851082, 3044012, 3044011, 1733814, 1851080, 3044013, 457615, 457618, 457619, 3476313, 287706, 1474074, 3043722, 3476318, 741460, 1474075, 3043723, 2879528, 741462, 3043721, 3043726, 1474071, 1474073, 741456, 1319822, 1851075, 3043719, 741457, 1319824, 1733807, 1851073, 3043718, 1851079, 2879526, 287709, 1474079, 3044008, 1851077, 1733802, 1733800, 457610, 3044001, 1733806, 3044000, 1733803, 3044003, 457648, 3476320, 995303, 3476323, 995304, 3476325, 995302, 3476327, 995300, 287717, 3476329, 287716, 1474042, 3043734, 3043731, 1474044, 3043732, 995309, 1319859, 3043737, 287711, 1319855, 1851064, 1851065, 1319857, 1851063, 3043729, 1319851, 1474045, 741420, 1319850, 1474046, 1851069, 741421, 1474047, 287718, 1319852, 1474048, 1851067, 457640, 1733835, 457641, 1733832, 457642, 1733838, 1851060, 457644, 1851061, 741429, 457639, 995312, 3476335, 3476338, 3476337, 287727, 1474053, 2879506, 741440, 1474055, 2879507, 287724, 1319848, 287722, 995318, 1474050, 287721, 3043747, 1319844, 741436, 1851051, 3043739, 741430, 1319840, 1851057, 1851058, 1319842, 457631, 741439, 1851050, 1733825, 1733826, 1588311, 3044052, 3476345, 3044053, 3043751, 3476347, 3476346, 1733850, 3476349, 1733851, 3043750, 3476348, 1588319, 2305326, 3043756, 1588318, 3043757, 2879555, 741402, 1851043, 1851040, 741404, 1851041, 2305332, 1319873, 1851046, 2879557, 741400, 1319874, 2879558, 1733856, 1733857, 1319871, 457664, 457665, 3044056, 457666, 741406, 457667, 1733858, 3044058, 3044057, 1588322, 3044041, 1588321, 1588326, 1588327, 3043760, 1588325, 1733840, 3476359, 1588329, 741412, 2305340, 2879566, 1319865, 2879567, 1319868, 741415, 2879565, 1851035, 1851033, 741411, 1851034, 457650, 1733846, 457652, 457653, 1733849, 2879562, 3044045, 3044044, 3476352, 457657, 741419, 3476351, 1733870, 3476367, 1733874, 3476368, 1733873, 3043772, 1851028, 2305304, 1474086, 2879539, 1474088, 2305307, 2305300, 1474082, 1474083, 3043779, 2305303, 1851020, 2879531, 1851024, 457680, 1319894, 1851025, 1851022, 457682, 2879536, 1733878, 3044038, 457684, 1319890, 457685, 457686, 457687, 3044034, 457688, 2879530, 3476360, 1733860, 3043781, 3476375, 3044021, 3476377, 2305319, 1588305, 3043782, 1474096, 1588308, 1851017, 1851018, 3043789, 1588306, 2305317, 3043786, 2305311, 1474095, 2879544, 1319887, 1851010, 2879543, 2879548, 1851011, 457671, 2879547, 457673, 3044029, 3476370, 457675, 3044028, 2879540, 3044023, 3476372, 457677, 457678, 1588355, 1733892, 3043554, 3474400, 994405, 1733893, 3043792, 3044095, 994404, 1733891, 3043558, 3044092, 3644213, 1588474, 994400, 1588477, 1733894, 3044094, 3644211, 1588476, 3043794, 3044093, 3644212, 3043799, 1851007, 1851004, 1851005, 994409, 1851002, 1851003, 2560799, 1851001, 3474408, 1733899, 3043559, 1588362, 3644219, 3043565, 1588364, 3043563, 3044087, 1588365, 1733880, 3044086, 3474412, 1588486, 3043569, 3044081, 3644203, 1733883, 1588369, 1588487, 3474416, 3043560, 1588480, 3644206, 1588489, 3644204, 1733888, 1588373, 3044088, 1588372, 994428, 1588333, 1588493, 1588334, 1588492, 3044073, 994426, 1588495, 3043530, 3044076, 994425, 1588494, 3044075, 994424, 994423, 3043535, 3044072, 1588336, 1588498, 3043533, 288291, 994431, 3043538, 3644237, 288296, 994417, 994416, 3043542, 1588342, 3043541, 994414, 3043540, 3044064, 3644225, 3044061, 3043544, 288283, 3043549, 3043548, 1588350, 3044068, 1588398, 3043595, 3474445, 994446, 994445, 3474447, 1474020, 1474021, 3474440, 3043593, 1474027, 1474023, 1474024, 288273, 994453, 288274, 288276, 288278, 288269, 994437, 3474457, 3474456, 994435, 994433, 1474030, 1474033, 3474453, 26807, 1474037, 288262, 994442, 994441, 26805, 994440, 26800, 288259, 3043576, 2305504, 457605, 1588375, 2305503, 26831, 994469, 2305502, 3043573, 3474426, 3474428, 994465, 2305506, 1319819, 1474000, 3043570, 3474420, 1474005, 1319813, 1319812, 1474008, 1474002, 26836, 26837, 288250, 994474, 2561114, 288253, 994473, 994472, 2561112, 1588384, 288254, 994470, 2305500, 26835, 457602, 3043587, 1588389, 1588386, 3043585, 3474435, 1588387, 3043584, 3474437, 2305519, 994455, 3043588, 1474010, 1319809, 1319803, 1474016, 1474017, 1319802, 2561108, 1319801, 26829, 1474013, 1474014, 994464, 994463, 2561103, 26828, 1588390, 26822, 2305511, 2305510, 2561104, 1588394, 2305406, 288955, 2305405, 26731, 26732, 2305403, 3474368, 2305409, 1588510, 2561130, 288952, 3474363, 288951, 3474362, 288954, 288953, 2560837, 596142, 2560835, 2560834, 2560832, 2560831, 1588512, 2560830, 3187491, 3187490, 26733, 2561139, 288353, 994371, 26735, 288356, 994370, 288347, 3644165, 288944, 3474377, 288348, 288949, 2561121, 2305419, 3644167, 3474370, 3474372, 3474371, 596141, 3474373, 288942, 2560839, 3644160, 596134, 3187489, 596131, 596137, 26726, 3187480, 26727, 994364, 3187481, 26728, 288341, 26729, 288340, 2561128, 3187484, 994360, 2305412, 26724, 288345, 2561126, 26751, 3644198, 26752, 3644196, 26754, 1588299, 2561153, 3474349, 3474348, 1588532, 2561151, 994388, 2561152, 288970, 288972, 2560809, 2560808, 288976, 596172, 3474343, 288975, 596171, 2560806, 3474342, 994390, 596166, 596165, 2560811, 596169, 596168, 2561157, 3187601, 994394, 2305424, 288331, 994393, 1588537, 3187604, 994392, 2305422, 2561159, 26758, 3187609, 3644187, 288969, 2305437, 3644185, 288968, 3474357, 288328, 1588540, 1588543, 2561140, 994377, 3644180, 288961, 288960, 3474352, 288962, 596162, 2560819, 288965, 288964, 2560817, 3474353, 596156, 2560827, 596155, 596159, 596157, 26748, 2305431, 3187611, 1588547, 2561144, 994384, 3187613, 26744, 288321, 2305435, 288320, 1588548, 26746, 994381, 2561149, 26773, 287698, 287697, 3187619, 2305448, 3644130, 2561170, 3644131, 3043514, 26770, 288317, 3043513, 3644137, 26771, 287692, 1588554, 1588553, 596101, 995290, 596104, 3187621, 2561179, 3043517, 1588558, 2561177, 3187625, 3043515, 3187624, 3644139, 995293, 3187627, 1588559, 2305445, 288312, 995291, 3187629, 3187628, 26762, 288989, 2561160, 3644121, 26763, 288988, 3043520, 26764, 1588561, 1588560, 1588562, 3043524, 26760, 288309, 995299, 288308, 2561163, 3644124, 288982, 288985, 288984, 2560804, 2560803, 3187630, 2560800, 1588567, 2305453, 1588566, 3043528, 1588569, 3043527, 3187636, 2305450, 3187635, 2305457, 3187638, 2305456, 3187637, 26768, 288300, 3187639, 1588570, 3644155, 26797, 3644152, 26798, 1588571, 2305469, 2561192, 26791, 1588574, 1588573, 26793, 1588575, 3474381, 3644150, 2561190, 3303020, 3474386, 596121, 3303014, 3303016, 596126, 3187640, 3303015, 3187643, 3474390, 3187642, 3303017, 2305464, 3187647, 1588579, 2305461, 3187646, 2305466, 1588581, 26785, 1588583, 1588582, 3644147, 3644148, 26782, 2561184, 26783, 1588586, 2561185, 3474392, 3474395, 3644140, 3474397, 3303000, 3187650, 3187652, 596114, 3303007, 3303006, 1588589, 596119, 3043506, 3187655, 3303008, 596118, 2305473, 2561188, 3187658, 3644149, 3043504, 3187659, 287654, 3476387, 3476386, 287652, 995245, 3303041, 3303043, 3303042, 2305252, 2879597, 3303036, 2879598, 3187662, 2305250, 3303039, 995253, 2305486, 2879591, 995254, 3476381, 3476380, 2305489, 2305488, 2879593, 2879594, 3476384, 3476397, 995259, 287662, 287661, 2305256, 287668, 2305258, 3303031, 2305263, 3303023, 3303027, 3187673, 3187676, 457693, 2305262, 457694, 2305497, 3187678, 2305496, 457696, 457697, 457698, 2305499, 3476396, 2305498, 287676, 287673, 995268, 287671, 287670, 741393, 2305227, 741395, 2305229, 3303061, 3303063, 287678, 741391, 741392, 2879577, 3187681, 2305231, 3187680, 2305233, 3187685, 2879579, 3187687, 741389, 995275, 2879572, 287685, 287683, 287681, 3303051, 2305236, 3303053, 2879588, 2305243, 3187694, 2305244, 3303046, 741397, 3187696, 3187698, 2305240, 287690, 995286, 2879581, 3187699, 995284, 995282, 995283, 2879582, 995207, 995204, 995202, 995200, 287618, 596192, 741374, 3303082, 596196, 596195, 3303084, 287612, 995208, 741370, 596189, 3303078, 596188, 2305297, 2305299, 3187454, 741364, 2305292, 741365, 2305294, 995210, 2305290, 3187451, 3187452, 287621, 995214, 596180, 741383, 3303071, 596185, 287624, 3303073, 596183, 995219, 3303076, 287622, 3187444, 3303068, 741376, 741378, 995220, 3187440, 3187441, 995227, 995224, 995222, 995223, 287639, 741352, 287635, 2305268, 287634, 3303099, 139003, 1733918, 3187476, 2305270, 2305271, 2305272, 741345, 995232, 1733912, 3187470, 995230, 1733913, 1733914, 995237, 287640, 3303090, 995234, 3043701, 3303091, 741362, 287648, 741363, 3303093, 3043704, 2305279, 3043702, 3303097, 1588509, 3187466, 3303089, 741358, 2305286, 3187467, 596198, 741359, 2305287, 2305288, 3187465, 741353, 2305282, 741355, 741356, 3187469, 1588501, 1733901, 1733904, 3187462, 1588504, 1733902, 3187460, 3187461, 995404, 457505, 3476422, 457507, 457508, 2305407, 2305404, 3476427, 2879638, 3043831, 3476429, 139019, 1319715, 2305400, 139017, 995406, 2305401, 1319717, 3043835, 2879632, 139027, 139025, 741327, 741320, 2879636, 741321, 1319710, 741323, 3044137, 3044136, 3044133, 741329, 3044135, 3044134, 995415, 3476431, 1588400, 3476430, 995413, 995414, 3476435, 995412, 1588404, 995410, 1588402, 3476439, 1319708, 1588408, 2305415, 3043844, 3476438, 741340, 1588405, 3043842, 139008, 2305410, 139009, 2305411, 139006, 1319707, 1588409, 3043845, 741335, 2879643, 741336, 1319700, 741337, 2879641, 3043838, 741338, 2305420, 741333, 2879645, 139010, 741334, 3044126, 3044128, 741339, 457526, 995426, 3645599, 457527, 995427, 995424, 995422, 3043850, 995421, 3476447, 2879619, 3043855, 2879617, 3043858, 3043859, 139039, 995428, 3043856, 1319739, 3043857, 741303, 1319733, 139044, 1319730, 3044119, 2879615, 139042, 741301, 3044115, 139041, 995430, 3645592, 3044116, 457522, 457523, 3044110, 3645596, 741308, 457525, 741309, 457515, 995437, 457516, 995435, 3043861, 3043865, 287606, 287605, 2879627, 287603, 139028, 287600, 3043868, 741314, 741315, 2879625, 741311, 1319721, 2879623, 287608, 741312, 1319720, 2879624, 457510, 3044105, 457511, 3044100, 457512, 457514, 3044101, 1588430, 1588436, 3043872, 3043873, 3043870, 2305447, 2305449, 3043878, 3043879, 1319756, 2879676, 2305451, 139068, 1319758, 1319751, 139064, 1319754, 139060, 457544, 2879673, 2879670, 457547, 2879671, 457537, 457538, 3043880, 3043883, 1588448, 1588445, 1588446, 3043886, 2305454, 2305455, 3043889, 1319745, 2879687, 1319744, 2305462, 2879688, 139057, 2879686, 1319740, 139053, 1319743, 139051, 457531, 457532, 1588450, 2879683, 1588451, 2879681, 1588410, 3043890, 3044151, 1588411, 3043895, 3043892, 1588419, 2305426, 3043899, 1588416, 1319777, 139088, 2879658, 139086, 457560, 1319770, 1733758, 457564, 1319771, 139081, 457567, 2879651, 457568, 1733759, 3044140, 3044142, 1588426, 1588424, 1588428, 2305432, 2305433, 2305434, 1319767, 2305440, 139079, 2305441, 2879663, 2879669, 1319762, 2879667, 139076, 457550, 1319764, 139073, 3044148, 139074, 3044147, 1319761, 1733745, 457555, 2879661, 457557, 1733748, 2879660, 3044145, 993995, 1733771, 3043675, 3474521, 1733772, 1588594, 3474523, 1588475, 1588593, 3043672, 3043678, 3644335, 1588478, 3043677, 3474527, 3043670, 3644338, 1588599, 1733778, 1588483, 993998, 1588482, 1733760, 3474534, 3043683, 1733762, 3474537, 3474530, 3644327, 3644328, 3644325, 1733767, 139092, 993973, 1588454, 3644352, 994306, 1588455, 1733794, 3043652, 3644353, 3043651, 3474501, 1588453, 1588458, 3474503, 1588459, 3043656, 994301, 1733795, 3474505, 3644354, 994300, 3474504, 3644355, 2163211, 2163210, 2163212, 994309, 3644358, 993978, 3043658, 3474508, 993962, 1733782, 3043664, 3043663, 3474512, 1733781, 2163209, 3043661, 3474511, 1588469, 1733786, 2163204, 3043668, 3474514, 1733787, 3474513, 1733784, 3474515, 2163202, 3474518, 3644349, 993969, 3474517, 3043669, 3474519, 1588472, 1588473, 1588470, 993951, 994329, 2305603, 994327, 2305602, 2305608, 994324, 3474568, 3474561, 3474560, 3474562, 288391, 993957, 288395, 993956, 288398, 993955, 993953, 993940, 3474576, 2305614, 3474575, 3474578, 994314, 2305618, 994312, 2305617, 994311, 2305616, 2879606, 3474572, 994319, 2879600, 2879603, 288381, 288380, 994320, 288385, 288387, 288386, 288389, 993941, 3474543, 3474542, 1588496, 2305624, 3474545, 3476400, 26710, 3474544, 3474547, 3644312, 994346, 2305629, 994345, 2305628, 3644310, 994344, 2305627, 3476407, 3476409, 3043691, 3043690, 26719, 26715, 993937, 993936, 994353, 288374, 994352, 288373, 994351, 3644315, 288376, 994350, 26712, 288375, 2305620, 288377, 993930, 2305637, 3474553, 994338, 994337, 3476410, 994336, 3476413, 3644301, 994335, 3474557, 3476412, 3644300, 993928, 288360, 994342, 26706, 994341, 3644303, 993923, 26700, 993922, 288364, 993920, 2305631, 2305630, 288479, 3474487, 2305525, 994249, 2305524, 3474489, 2561010, 2561011, 2305528, 3644290, 3474482, 3644292, 596023, 596022, 2163193, 288471, 994255, 2561015, 2561012, 596029, 26612, 994251, 288474, 2305522, 26615, 3474499, 3644286, 288467, 994239, 26600, 994238, 3644285, 994236, 2561000, 3043601, 1588641, 596020, 2163185, 3474495, 3474494, 3644280, 3644281, 2163181, 596012, 596010, 26609, 596016, 596014, 288460, 2305530, 2561003, 1588643, 596019, 596018, 994241, 3043603, 288464, 994240, 2305531, 2561006, 3043607, 26630, 3474466, 3474465, 288459, 3474468, 2305546, 2561032, 1588650, 3474469, 2561030, 2561031, 2163178, 2163174, 3474462, 596051, 2163175, 596045, 596044, 994277, 1588655, 1588654, 1588657, 994274, 1588656, 2561035, 994273, 2305545, 994272, 26637, 2305542, 26621, 2305558, 26622, 288447, 2305557, 288449, 994258, 994257, 2163167, 3474470, 2163163, 2163165, 2163164, 3474474, 596035, 596032, 2163160, 596038, 26627, 26628, 2305551, 288440, 994264, 1588668, 2561023, 1588667, 2561024, 26623, 994262, 1588669, 2305555, 994260, 288443, 2305553, 26652, 3043631, 3644253, 3645610, 26653, 287576, 1167039, 1167038, 3644251, 287574, 3644252, 3645613, 1588673, 2561054, 3644257, 287572, 1588672, 287571, 1588675, 2561052, 3644255, 26651, 1588674, 2561053, 3043632, 3644256, 3645617, 2163156, 2163158, 3644250, 2163154, 2163153, 3303111, 2163150, 3303112, 3303117, 287580, 1167032, 3043639, 994298, 2305562, 3187501, 1588679, 1588678, 2305560, 3187503, 26656, 1167036, 26657, 994294, 288433, 994293, 1167034, 2305565, 3187508, 2305564, 26641, 288424, 1167029, 3644242, 287587, 288423, 2561040, 26643, 287586, 3644240, 26644, 287585, 288425, 1588681, 287584, 288428, 2163149, 2561043, 3043646, 3644246, 3645625, 1588683, 287582, 994279, 287581, 3043643, 2163144, 2163147, 2163141, 287589, 2305570, 3303104, 3303106, 3303105, 287590, 1167020, 3187512, 2305572, 3644248, 2561046, 3303109, 994284, 994283, 1167024, 26647, 288422, 1167023, 3187519, 26648, 1167022, 3645620, 1167018, 288412, 1167017, 26676, 288415, 1588693, 3644273, 288414, 1167015, 2561071, 3644274, 2163138, 3644277, 287592, 1167019, 1588696, 2561075, 3644278, 2163136, 3303140, 3644270, 596002, 3303133, 596001, 3303134, 596006, 3303137, 3303136, 3187522, 3187521, 3303138, 1588699, 2305585, 3043617, 596009, 1588698, 2305584, 596008, 2305582, 3187525, 1167013, 2305588, 3187527, 1167012, 288410, 1167011, 3187529, 3043620, 3644264, 288401, 1167006, 2561062, 3645600, 26665, 1167005, 26666, 288403, 2561060, 3644263, 26660, 2561066, 3644269, 3645604, 2561063, 3043622, 3644266, 3645605, 3645606, 3645607, 2163125, 3303130, 3187531, 3303126, 2305591, 3187530, 3187535, 3303129, 3043626, 3187537, 2561068, 26667, 26669, 1167000, 3043629, 2561092, 287530, 26693, 995368, 995365, 2561096, 26690, 741296, 741297, 287537, 3303162, 741292, 741293, 2305369, 3303155, 2305374, 3303156, 741287, 1167072, 3187542, 1167071, 2305370, 3187541, 2305371, 457583, 3187543, 1167076, 457585, 995375, 1167075, 1319791, 457586, 995371, 1167079, 1167077, 26685, 2561083, 26687, 287542, 2561081, 2561087, 26682, 995379, 995376, 287549, 287548, 2305377, 2561080, 3303150, 3303153, 3303144, 1319788, 596098, 3187550, 3187553, 741299, 1319784, 3303147, 1319787, 2305382, 3187555, 1319786, 2305383, 995385, 1167065, 995386, 3187556, 1167063, 1319783, 3187559, 457576, 995384, 1319782, 3187558, 995381, 287553, 287551, 741272, 2305349, 3303182, 3303181, 2305344, 741270, 3303186, 3303185, 2879698, 3187560, 2305352, 2305353, 2879696, 3187562, 3303179, 2879697, 741265, 3187564, 741266, 3187563, 2305350, 995396, 995397, 3187567, 1167051, 3187569, 2879694, 1167057, 2879695, 995390, 1167056, 1167055, 2879693, 287565, 287564, 1167049, 287561, 995399, 741286, 3303170, 2305355, 3303173, 287569, 3303175, 287567, 741282, 2305358, 2305362, 3187571, 3303168, 2305365, 457591, 741276, 3187574, 3187577, 741279, 2305361, 457595, 1167043, 1167042, 3187578, 1167047, 1167045, 1167044, 995325, 995326, 741252, 741253, 596074, 596068, 741247, 3303199, 596067, 741248, 3303198, 139101, 3187584, 3187583, 741243, 139100, 3187587, 287500, 995338, 995336, 995337, 995334, 596060, 741262, 287506, 287505, 596063, 3303194, 596062, 3303197, 3043802, 3187590, 741258, 1588609, 741254, 741257, 995342, 1588601, 1588603, 287511, 995349, 995345, 995346, 995344, 287519, 596093, 287517, 596091, 2305388, 3043814, 596095, 3043812, 139117, 287512, 741225, 2305395, 2305396, 3043808, 139123, 596088, 596087, 139121, 741222, 2305392, 3043809, 1167091, 2305394, 995350, 995351, 1588612, 2305390, 741229, 1167099, 1588616, 995359, 995356, 995357, 995354, 741240, 741242, 287526, 3043825, 596083, 3043824, 139114, 741236, 3043818, 596078, 139112, 596077, 3043816, 139113, 139110, 741232, 139111, 741234, 1167081, 1167087, 1167084, 1167088, 1588627, 1997138, 1997140, 3042071, 1319042, 3042072, 3042073, 3474364, 1320033, 2417915, 3042074, 1320034, 1588997, 3474366, 26176, 3474367, 2417912, 2161336, 1320038, 1997148, 3043954, 26173, 2161332, 3043952, 1997144, 3043958, 26170, 1319044, 2879753, 3043948, 2879755, 2879756, 1997141, 3042079, 3042077, 3474360, 1997142, 3042078, 2161326, 1319031, 1320042, 1997126, 2161327, 2417928, 3042061, 3474374, 1320043, 1320044, 2161329, 3042063, 3474376, 3043960, 3043961, 1997129, 3474379, 26160, 1320049, 1997159, 3043965, 3043962, 1997155, 3043969, 1997157, 3043966, 1319033, 1997158, 2879764, 2879768, 2879767, 2417920, 2161319, 2879761, 1320051, 1997131, 1588971, 2562792, 1320053, 2562793, 457407, 1320054, 2161317, 2161318, 457409, 1320056, 1588975, 2161311, 2562796, 1320057, 1588976, 2161312, 3043972, 3474389, 1320058, 2161313, 1588974, 2161314, 3043970, 26193, 1588979, 1997127, 1997128, 2879737, 2161310, 2879738, 1997122, 3043979, 26190, 1997123, 26191, 1997124, 1997125, 3043978, 2879730, 1319018, 1319611, 2879733, 1319019, 1997163, 457400, 3042053, 1997166, 2161309, 2562790, 1997164, 2562791, 3042056, 3474383, 1997149, 1997130, 3474396, 1320065, 1997147, 1320066, 1997132, 2161307, 2417904, 3042041, 26186, 1320067, 3043982, 1320068, 2161301, 26188, 1588984, 26189, 2161303, 2417900, 3043981, 1997137, 3043986, 1319609, 1997139, 2879748, 3043984, 3043985, 1997133, 1319605, 1319010, 1319608, 1997135, 1319011, 2879741, 1319600, 2879745, 1997152, 3042047, 1997150, 1997156, 3474391, 1320071, 1588990, 3042043, 1997154, 3042044, 3474393, 1997153, 3042045, 1319085, 1997184, 2562770, 3043990, 1319083, 2562772, 1997182, 3043998, 3043996, 1319638, 1319088, 2879797, 1319634, 1319632, 1997185, 2879790, 1997183, 457422, 1997190, 457423, 1997188, 457425, 1997187, 1319074, 1997195, 2562781, 457418, 1997169, 1997197, 2562783, 457419, 2562784, 1319070, 2562785, 2562787, 1320005, 1320006, 1320008, 1319628, 1320009, 1997199, 1319627, 1319629, 1319623, 1319626, 1319625, 1319622, 1997172, 457411, 457413, 457414, 1319063, 3042093, 2562750, 3042095, 1320011, 3042096, 1320012, 2562752, 2562753, 1320014, 3042091, 1320015, 1320016, 2562756, 2562757, 1319069, 1319067, 1319658, 2879774, 288093, 288095, 1319655, 457440, 288096, 288099, 457444, 3042097, 3042099, 2879770, 457438, 1997173, 3042082, 457439, 1320020, 1320021, 1997175, 2562761, 1320022, 2562763, 1320024, 1997170, 1997171, 1320027, 1319058, 1319057, 1319054, 1997179, 1319055, 1319646, 1997192, 1319641, 288084, 288083, 1997196, 288088, 457432, 1997194, 288087, 3042087, 2879780, 457437, 3475062, 3475061, 2562730, 2562731, 3188516, 3188518, 2562734, 2562735, 3188514, 288071, 288070, 288072, 288074, 3475069, 288079, 288078, 3475051, 3475050, 2562741, 2562742, 2562743, 2562745, 3188524, 2562748, 3188525, 2562749, 3188521, 288060, 288061, 288066, 3475057, 288069, 1165900, 1165901, 1165903, 3474300, 3475045, 3474301, 1165905, 1165906, 3475042, 2562712, 3474304, 2161396, 2562713, 3474306, 2562717, 288051, 288050, 288053, 3475049, 288054, 288057, 1165911, 1319097, 3188509, 1319094, 3188504, 3475034, 1319093, 2161389, 2562720, 1165916, 2562723, 2562724, 3474316, 2161386, 2562725, 3474317, 2562727, 2562728, 1319098, 288041, 1165908, 1165909, 3475036, 288043, 288048, 1165921, 1320074, 288038, 3474320, 1165925, 2161377, 3474322, 853880, 1165926, 1320079, 2161378, 853881, 1165928, 3188555, 2161374, 3188556, 1851202, 3188558, 3474329, 138278, 3188554, 138288, 138282, 2879714, 138283, 2879711, 288031, 288030, 1165919, 138280, 1320080, 288035, 1997101, 288034, 1320082, 288037, 853878, 1320084, 288028, 1320085, 3475096, 3474332, 1165936, 2161366, 3474333, 3475099, 3475098, 1165939, 3474336, 2879728, 2161364, 3188568, 3474339, 2879727, 138289, 3475091, 3475090, 2161361, 2879720, 2879721, 138299, 138292, 2879724, 2879725, 853884, 288022, 138291, 288021, 853886, 1320091, 1320093, 288026, 1320095, 3474340, 288016, 1997115, 1165945, 1320098, 1997114, 2161355, 3188537, 2161356, 3188538, 2161357, 3188539, 1997117, 3188535, 3475081, 3475080, 2161350, 288013, 853898, 853899, 288015, 3187805, 3187804, 288006, 2161348, 1165955, 1997103, 1165957, 3187808, 3474354, 1165958, 2161344, 3475078, 1165959, 3188549, 2161340, 2879706, 3188544, 3188545, 2879705, 3475070, 1165952, 3187810, 1997111, 288003, 3187815, 1165844, 1588082, 288115, 1588081, 1167114, 1165848, 1588086, 288119, 1588085, 1588084, 1588751, 3476307, 3188479, 1165840, 138356, 3476301, 138357, 1165292, 1165842, 995091, 138363, 995092, 1165285, 3188472, 1165289, 3187822, 1167113, 995096, 1588757, 995093, 1167111, 853956, 995094, 1167110, 1588759, 3187829, 3476315, 288104, 1588070, 3476316, 1167104, 1167103, 288109, 1165859, 1588075, 3476317, 1588762, 3188489, 1588077, 1165850, 1588076, 138366, 1165851, 3188485, 1165853, 138369, 3188488, 3476310, 853968, 1165293, 1165295, 3188484, 1165297, 138371, 3187834, 853963, 1588766, 3187833, 853964, 1167102, 1588769, 853965, 288102, 853967, 3187837, 1165866, 3187839, 1165869, 1588772, 853980, 1588062, 1588774, 853981, 1588068, 1588065, 3188459, 138378, 1165863, 3188455, 138385, 1165260, 1165263, 138387, 138380, 138383, 1165266, 853972, 1588775, 1588778, 3187845, 1588777, 1165877, 1588780, 853990, 1588055, 138388, 1165873, 3188463, 3188464, 1165875, 1588059, 3188461, 1165275, 138394, 1165277, 3187854, 1588789, 1588788, 3187855, 853986, 3187858, 853989, 3187859, 138319, 1588794, 1588793, 1588796, 995047, 1588795, 138315, 1165882, 138314, 3476343, 853913, 853914, 853915, 853916, 3187860, 853919, 3187862, 995055, 3475027, 3475026, 3475024, 853910, 995052, 853911, 1167155, 995050, 3475028, 1167149, 995057, 138326, 1165891, 138327, 138328, 1165893, 138329, 1165895, 3476355, 138323, 138325, 3476354, 853928, 3187872, 3187874, 995066, 1167141, 995064, 1167140, 853920, 1167145, 3187879, 3475018, 3475017, 3476326, 1167138, 995068, 3476328, 995069, 138333, 3188496, 138334, 138335, 3188498, 853935, 2417890, 853937, 3187881, 3187880, 3187882, 3188490, 3187884, 2417899, 3187887, 995078, 3187886, 995075, 3187889, 1167135, 853932, 1167134, 853933, 3475007, 2417892, 3475006, 1167128, 1588091, 1167125, 1588090, 1167129, 138349, 3476330, 1588098, 138346, 138347, 3476332, 138351, 138354, 853949, 138350, 853940, 995084, 1167123, 995083, 1588910, 2417879, 1588913, 3476385, 1588000, 1588911, 3476382, 1588912, 1588005, 3476389, 1588915, 1588003, 1588008, 3476392, 3042118, 3042112, 457464, 3042113, 457465, 2417875, 457467, 2417873, 1167198, 3042111, 995018, 2417889, 1588924, 3476395, 1588922, 1588923, 1588928, 1588929, 3476398, 1319667, 1319669, 995022, 1167186, 1167185, 2417887, 3042102, 3042103, 457455, 1167183, 2417885, 3042104, 2417883, 457459, 995029, 3476369, 2417859, 26111, 2417857, 26112, 995025, 2417856, 3476361, 3476365, 1319697, 1319699, 457484, 995034, 1167174, 1319692, 457487, 995031, 995032, 1167172, 26118, 1167178, 1167177, 1167176, 2417869, 2417868, 1588902, 3476373, 138305, 3476374, 138306, 3476371, 1588901, 138300, 3043902, 3476378, 1588904, 3043900, 1588905, 3476376, 1588707, 1588706, 1588909, 457470, 853907, 2417866, 1167163, 457477, 995043, 1319683, 2417862, 1167167, 1588702, 2417861, 1588705, 2417860, 853901, 1588704, 2417839, 26131, 26133, 1588040, 26134, 2417834, 26130, 3043911, 1319000, 3043906, 3043907, 1588719, 1997108, 1165247, 2417833, 3042157, 3042158, 1588713, 3042153, 3042154, 1588961, 26127, 26120, 1588031, 1588964, 2417847, 1588962, 1588035, 1588034, 1997116, 3043921, 1588032, 3043925, 1997113, 3043922, 1165250, 1588729, 1165252, 3043916, 3042149, 1165253, 1588721, 3042145, 457497, 3042146, 457498, 1588723, 1588722, 3042148, 26129, 3042142, 3042144, 2417818, 2417817, 1588020, 2417814, 26155, 2417813, 1588930, 2417812, 1588024, 26150, 1588936, 3043932, 1588022, 1588934, 1588027, 3043933, 1588938, 1588029, 3042138, 1588732, 1588731, 2417810, 3042136, 3042131, 26146, 26149, 2417826, 26143, 2417825, 2417824, 26145, 3043942, 1588012, 26140, 3043941, 3043946, 1588015, 1588014, 1588949, 3043939, 995000, 1588743, 2417822, 3042123, 1588742, 2417821, 1588745, 2417820, 3042125, 1588747, 1588749, 26058, 1997020, 3474484, 1997021, 3474485, 1997022, 2562696, 26056, 26057, 3187936, 26051, 1997028, 3187937, 26052, 2161210, 3187934, 1997023, 3187938, 3187939, 2879875, 2879878, 3187933, 2879876, 1733934, 1733932, 2879870, 1733938, 3042197, 2562691, 3042198, 3474481, 1733936, 3042199, 26047, 2161205, 1997247, 2161206, 1997246, 3474496, 3042184, 3474497, 2161203, 3042180, 3187925, 1997039, 3187923, 1997036, 1851197, 1733929, 2879884, 3187921, 1851198, 1733923, 1733921, 1733926, 1851192, 3474490, 1733927, 3042186, 3474491, 1733924, 3474493, 3042170, 2562672, 2562673, 3042172, 2562674, 26078, 1733950, 1997005, 3187958, 3187956, 26075, 3187957, 1997001, 26070, 1851186, 3187951, 1851183, 1851184, 2879851, 1851188, 1733955, 1733959, 3042174, 1733957, 3042176, 1733958, 1851180, 3042177, 26069, 3645603, 2562684, 1733940, 2562686, 1733941, 3645609, 1997016, 3187947, 26062, 1997017, 3187940, 2879861, 2879862, 1851178, 3187943, 3187944, 1733944, 3042167, 3042169, 1851170, 3042163, 1733949, 1851171, 3042166, 1165409, 457307, 1165408, 1997064, 457309, 1997066, 26098, 2305209, 1733974, 1733971, 26094, 26097, 3187979, 26090, 1997067, 2305201, 1997068, 2305202, 26092, 26093, 1319514, 1851164, 3187970, 1851162, 1319510, 3187976, 1851168, 3187977, 3187974, 1319511, 1851166, 1165401, 1733978, 1165402, 1165405, 1165404, 457304, 1165407, 2562660, 1997075, 3188608, 1997076, 2562662, 26087, 2562664, 3188603, 26088, 1997071, 2562665, 26089, 3188605, 2562667, 3188606, 26083, 3187969, 3187967, 2305219, 1997078, 1997079, 2305214, 26082, 1319508, 1851153, 3187962, 1319505, 1851150, 2305221, 1319504, 1733964, 1733965, 1997080, 1165417, 1733969, 1733991, 1733992, 1997042, 2562630, 2562631, 2562633, 1733994, 1997040, 1851147, 2562637, 1851148, 1997045, 2562639, 1997046, 1319536, 3187994, 3187995, 3187992, 1851145, 3187998, 1851146, 1851144, 457321, 1733997, 3187990, 457325, 2879893, 3187991, 457327, 457317, 1997054, 2562642, 1733985, 2562643, 2562645, 1851139, 1997057, 1997059, 3187983, 1319524, 1319527, 2305200, 1851134, 1319520, 3187988, 1319523, 1733989, 3188636, 3188637, 3474402, 2562613, 2161297, 2562615, 3188634, 3474405, 2562616, 2161292, 2161293, 2161294, 3188630, 3474409, 288190, 2161291, 1851121, 288195, 288198, 2161289, 3188647, 3188648, 3474411, 2562622, 3474413, 2879805, 3474414, 2879806, 3474415, 1851115, 2562628, 2879809, 3474419, 1851118, 3188642, 288181, 1851113, 288182, 2879800, 288185, 288187, 288189, 3188618, 1997086, 3188619, 1997081, 2161279, 3474423, 3474424, 1851105, 3474425, 3188612, 3474427, 2161277, 1851109, 3474429, 1851107, 288178, 1997096, 1997097, 3474431, 3188625, 3474432, 3188626, 3474433, 1997094, 3474434, 1997095, 3188628, 2161263, 3474436, 2161266, 2562605, 3188624, 2562606, 2161262, 288160, 288163, 288165, 288164, 288166, 288169, 1997215, 288159, 3474441, 1997212, 1997219, 3474443, 1997218, 2161257, 1997217, 2161258, 1997216, 3474446, 2879838, 2161253, 2879839, 3188677, 3474448, 2879836, 2161250, 3188670, 138160, 138161, 288150, 2879832, 138163, 853995, 288155, 1997221, 1997220, 2161249, 3474450, 288148, 3474452, 1997207, 3474455, 3188687, 3474459, 2161243, 2879847, 3188689, 1997209, 2879848, 3188684, 3188686, 138175, 3188680, 138177, 138178, 2879845, 138172, 138173, 2879844, 288145, 288144, 1997237, 288137, 1997236, 288139, 1997239, 1997238, 3188654, 2879817, 3188655, 2879814, 3187912, 3188656, 2879818, 3187916, 3188652, 138186, 3187910, 2879810, 138185, 288130, 288132, 288131, 1997243, 288136, 3474460, 2161227, 288126, 1997225, 3474473, 1997224, 3187909, 3474475, 2161223, 3474476, 3187903, 3188665, 3187904, 2879826, 3187907, 138198, 2879820, 3188660, 2879823, 138194, 2879824, 2879822, 138191, 288123, 288125, 1997231, 1997230, 1165965, 3476425, 288236, 1165966, 1167236, 3476423, 1165968, 3476424, 1167239, 1588872, 138238, 3476421, 138235, 1165962, 138237, 1165964, 3476420, 3188591, 138242, 138240, 1588874, 288230, 1588876, 288232, 288235, 288234, 1167231, 3187708, 288228, 1165978, 1167224, 1588882, 1588883, 138249, 1165972, 3476432, 138246, 3476433, 138247, 1165975, 138252, 138253, 138254, 138251, 1588885, 288222, 1167222, 3187714, 1167220, 3187716, 288215, 3187719, 3476403, 1165988, 1167215, 3476404, 1165989, 1588890, 3476402, 1588893, 1167219, 1588892, 3476408, 3476405, 3476406, 3188577, 3188578, 1165981, 3188573, 138258, 1165391, 1165390, 3188576, 138263, 1165384, 2305199, 1165386, 2305195, 2305196, 3187722, 1588898, 288211, 1167212, 3187726, 288210, 1167211, 288213, 288212, 3187727, 1165998, 3476414, 288203, 1165999, 3476415, 1167203, 288207, 1167208, 3476419, 3476416, 3476417, 1165990, 3188589, 1165994, 3476411, 1165996, 1165393, 3188580, 1165392, 3188581, 138276, 1165396, 138272, 1165399, 1165398, 3187730, 3187732, 3187739, 995169, 995167, 995168, 3476460, 138200, 3187742, 3187741, 995176, 3187743, 3187746, 995175, 3187747, 995171, 995179, 138208, 138201, 138203, 138204, 138210, 138211, 3187753, 3187752, 995187, 995181, 3476445, 995189, 3474500, 3476449, 2161197, 3474502, 2161198, 138218, 2161194, 3474507, 3476444, 2161195, 138215, 2161196, 995190, 138220, 3187760, 3187762, 3187763, 995198, 3187768, 3187767, 995192, 3476458, 3476459, 3474510, 138227, 3476450, 138228, 3476454, 138224, 3476455, 3476452, 3476453, 138230, 138232, 3187771, 3187772, 3187779, 1167244, 1167243, 995127, 995125, 995124, 2417999, 137116, 2417990, 3187780, 1319557, 1319559, 1319553, 3187783, 137120, 1319555, 457343, 1165323, 1165326, 2417996, 1165325, 2417995, 1165328, 2417994, 457347, 2417993, 457348, 995138, 995139, 995137, 137108, 137111, 3187791, 1319546, 1588808, 3187793, 1588807, 3187792, 1165331, 1319542, 1165333, 3042228, 1165332, 1319544, 3042222, 3042223, 3187798, 1319541, 995140, 457337, 1165309, 995148, 2417979, 2417978, 995146, 2417977, 1588817, 3042219, 137143, 1588816, 1588819, 137145, 3042216, 457362, 1319578, 457364, 2417976, 1319571, 2417975, 457366, 1165304, 3042213, 995153, 995150, 2417972, 1165305, 1588815, 2417970, 1165307, 3042210, 995159, 137129, 137125, 3042208, 1588827, 3042209, 137135, 137134, 3042204, 457350, 1165311, 457352, 995165, 457354, 1319560, 3042201, 1165315, 1319562, 457357, 457359, 1165319, 995160, 1588825, 26015, 3645614, 26016, 2417959, 2417958, 3645619, 26011, 3645618, 3645611, 137158, 137166, 137165, 1588838, 137167, 457381, 1165364, 137161, 457383, 1165363, 137163, 457385, 1165365, 457386, 2417954, 457387, 1319593, 2417953, 457388, 1319596, 3042279, 2417951, 1319590, 1588835, 2417950, 3042273, 1588834, 1319592, 3645626, 26004, 26005, 3645628, 3042261, 3645627, 2417966, 137148, 137149, 3645623, 1165371, 137154, 1165370, 1165373, 457370, 1165372, 1319587, 1165377, 1319589, 1165376, 1319588, 1165379, 1588842, 3042266, 1588841, 457377, 457378, 2417962, 2417961, 3042262, 3042263, 1319580, 995107, 26037, 3042250, 26032, 995102, 1588850, 26031, 995109, 137188, 137187, 1165340, 1165342, 137186, 137180, 2417932, 995111, 2417930, 1165347, 3042252, 1588858, 995119, 995116, 1588862, 1588861, 26020, 137169, 457390, 457391, 137178, 3042248, 137172, 1165352, 457395, 137174, 457396, 1165354, 457397, 1165357, 2417943, 3042244, 3042245, 137171, 3042246, 3042240, 1319284, 1320273, 1319281, 1320274, 3474122, 1319282, 1588755, 1319280, 1320277, 1588754, 3474127, 1319285, 3187818, 2163198, 2879999, 2163194, 3187812, 2163192, 1319272, 1319273, 1320285, 25994, 1320286, 1588761, 1320287, 3474135, 1320288, 1588767, 1588765, 1319278, 1588768, 3187802, 1319274, 2163186, 2163187, 3187801, 2163180, 1320290, 2163188, 25985, 25984, 1320298, 1588733, 1320299, 3474147, 3474149, 1319269, 1588737, 1319267, 1588736, 1319263, 1588739, 2879974, 3187830, 2879972, 2879978, 2879975, 25981, 2879970, 25980, 25975, 25974, 1319251, 3474154, 25973, 3474157, 2562803, 1319259, 1588746, 3187824, 3187825, 1319254, 2879985, 2879983, 1319249, 2879986, 3187820, 3187821, 2562806, 2879981, 3474166, 1320231, 1320234, 1588797, 1320235, 1320237, 3187857, 1320239, 3187851, 3187856, 3474160, 3474175, 3474177, 1320244, 1320246, 1588310, 1320248, 3187849, 1320249, 3187846, 3187847, 1588314, 1588312, 1588316, 1588315, 3187844, 1165531, 3187842, 3187843, 1165532, 1165535, 3474172, 1165539, 3474174, 457207, 1320252, 3474189, 1320257, 1588776, 1588302, 1588300, 1319415, 1588307, 1588304, 1588309, 457200, 457201, 457202, 3474181, 1165503, 3187870, 457205, 3474184, 3474185, 1320261, 1588784, 1588785, 1588783, 1320265, 1319291, 1588786, 1320268, 1588787, 1320269, 1319298, 1319404, 3187863, 1588906, 3187867, 1319401, 3187865, 1165513, 3474191, 1588791, 3474193, 1588792, 1588900, 3474194, 1588790, 2879915, 3303158, 2879916, 3303159, 2879919, 2879917, 138087, 3303152, 138083, 2879911, 2879912, 138085, 138086, 2879910, 3303157, 138082, 2879926, 3303148, 3303149, 2879925, 2879928, 138098, 138099, 138094, 2879923, 2879921, 138092, 3303131, 3303125, 2879905, 3303127, 3303128, 3303120, 3303121, 2879901, 3303123, 3188317, 3188313, 3303114, 3303115, 3188315, 3303116, 3188311, 3188312, 2879950, 2879955, 3303110, 3188329, 2879969, 3188327, 3303107, 138048, 3303108, 138049, 138054, 2879963, 138056, 138051, 1165701, 1165703, 1165705, 1165706, 1165707, 2879936, 138059, 2879939, 138065, 138066, 138067, 138061, 2879931, 1165714, 2879948, 3188302, 3474117, 2879949, 3188303, 3474119, 2879947, 3188305, 138069, 1165710, 1165711, 3188301, 138076, 2879940, 138077, 138078, 138072, 2879944, 138074, 2879942, 138075, 2879943, 138070, 1165605, 1165606, 1588992, 1165607, 1588991, 1588994, 1165609, 1588993, 3043951, 3188237, 3188239, 3188232, 138115, 138120, 138121, 138122, 1588996, 1588998, 3043956, 3043955, 1588999, 3043959, 1165614, 1165615, 3043964, 3188247, 138124, 138125, 1165611, 3188245, 1165612, 457291, 3188240, 3188241, 138134, 457294, 457296, 457298, 457299, 3043968, 1165625, 1165626, 3188218, 1165629, 3188215, 1165621, 3188211, 1165622, 138138, 3303095, 3303096, 138144, 3303098, 138140, 3043936, 3043935, 3043934, 3303092, 3043938, 3303094, 1165635, 1165636, 3043943, 1588293, 1588292, 3043940, 3188226, 1588297, 1165630, 1588296, 138146, 1165632, 3188223, 3188224, 3303085, 138156, 3188220, 138151, 3043947, 3043945, 3043944, 3043949, 3303083, 1165646, 3043994, 1165647, 3043997, 3043995, 1165640, 3188276, 1165643, 3188277, 1165644, 3188272, 3303075, 3303077, 3188270, 3303070, 3303072, 1165650, 1165651, 3188287, 1165656, 3303062, 3303064, 3303066, 3188281, 3303069, 1165669, 26314, 3043976, 26310, 3188258, 3188259, 3188255, 1165666, 3188257, 3188251, 138101, 3303057, 26319, 3043977, 2163213, 26301, 26302, 26303, 3043980, 3043987, 2163208, 138106, 3188269, 3303048, 1165672, 1165673, 138109, 1165674, 138102, 1165675, 138103, 138105, 3188268, 138112, 3303044, 3303047, 2163203, 26306, 2163200, 26334, 26336, 1588240, 2562736, 1165682, 1319203, 1165683, 1588241, 1588248, 1165687, 1588247, 1588246, 3187896, 1165440, 1588919, 1165443, 3187897, 457220, 1165442, 1165681, 1319434, 3187898, 2562739, 457222, 1165447, 457224, 1319430, 3187891, 1588914, 3187890, 26325, 2562746, 1320200, 26320, 26321, 2562747, 1165695, 1588231, 1165696, 1320206, 1588230, 1320207, 1588237, 1320209, 2562740, 3187885, 1319428, 1165451, 1319421, 457210, 1165458, 1319420, 457215, 457216, 26329, 457217, 26355, 2562755, 26358, 2562754, 1320210, 1320213, 2562758, 1320214, 26350, 1320218, 1588225, 1588224, 1319458, 1588937, 1588939, 1319455, 3188290, 1319454, 1319457, 457242, 1319456, 3188293, 1319451, 1165425, 1319453, 1588931, 26359, 457247, 1165427, 457248, 1588933, 1588935, 26344, 2562764, 26347, 1320220, 2562765, 2562768, 2562767, 26342, 1320224, 1320225, 1588211, 1320226, 1320228, 2562760, 1588213, 1319448, 1588219, 1319447, 1319449, 1588216, 1165430, 1165431, 1165434, 1588941, 457233, 1165433, 457235, 1165438, 457237, 1165437, 457238, 1588947, 1588280, 2562774, 26379, 2562777, 2562776, 1588711, 2562779, 3043910, 26374, 2562778, 26375, 26376, 1588281, 1319247, 1588715, 26370, 26371, 26372, 1165490, 1588289, 1588718, 1165481, 1588959, 457260, 3043919, 457262, 1165484, 1319476, 2418410, 457263, 1319238, 457264, 1165486, 1319239, 1319478, 457265, 1588952, 1319472, 3043913, 457267, 2418411, 2418412, 1588956, 3043918, 2418418, 1588957, 3043915, 2562786, 26367, 2418408, 2562788, 26362, 1588273, 2562789, 3043920, 1588720, 26365, 1588270, 1319236, 1588276, 26360, 1588724, 26361, 1319235, 1319233, 1588728, 1319231, 1165492, 457250, 1165495, 457252, 1319468, 457253, 1319467, 457254, 1588963, 457255, 3043924, 1588965, 2418400, 3043923, 2418406, 457259, 1588966, 2418407, 1588969, 2418404, 3043927, 2562797, 2562799, 2562798, 26396, 1588261, 26397, 1588260, 1588972, 26392, 26393, 1588264, 1588263, 26390, 1588267, 2562794, 457283, 1319219, 1319498, 457285, 457287, 1165467, 1319495, 1588973, 1319491, 1588978, 1319493, 1588700, 1588981, 1588250, 1588701, 1588983, 26380, 1319214, 26381, 26382, 1588253, 1588703, 1588708, 1588709, 457270, 3043908, 1319208, 457275, 1165475, 1588985, 3043903, 457278, 1588987, 2418422, 3043901, 2418423, 1588989, 1319481, 1588873, 1165608, 1319161, 1320154, 26296, 1320156, 26299, 1320158, 26292, 1588879, 1319164, 1165603, 1165602, 1320161, 1319151, 3474252, 1320163, 1588884, 1588881, 3474254, 1165619, 1320165, 1320166, 26286, 26288, 1588886, 26282, 26283, 1319157, 1588889, 1319156, 1165610, 1320170, 3474250, 1320172, 3474251, 1319140, 1320174, 3474265, 1588854, 1320179, 1319148, 1588859, 3187717, 1319146, 1588856, 1319147, 3187718, 3187712, 3187710, 1320183, 1319130, 3474275, 1320186, 3474276, 1320187, 1320188, 1320189, 1588866, 1588863, 1588864, 1588869, 3187706, 1319135, 1588867, 1319131, 3187707, 1319132, 3187700, 1320192, 3474271, 1320193, 3474272, 3474285, 1320110, 3474288, 1320111, 3474289, 1320116, 3187736, 1320119, 1588204, 1851201, 1588207, 3187731, 1165641, 1588209, 3187733, 1165642, 3474281, 1165649, 1165648, 3474284, 1319193, 2562700, 3474299, 1319191, 1320122, 1320123, 1320126, 3187725, 3187729, 3187724, 1165653, 2562705, 1165655, 2562707, 3474291, 1165658, 3474292, 1165657, 1165659, 3474295, 1165628, 2562711, 1319183, 2562710, 1320133, 1319181, 1588896, 2562715, 2562714, 1320137, 1320139, 3187759, 3187756, 3187754, 1165620, 1165623, 2562719, 2562718, 1165624, 1165627, 1319174, 1320141, 1320142, 2562722, 1319172, 1320143, 1320146, 2562726, 3187749, 1319179, 3187748, 3187745, 1165631, 1165633, 1165638, 2417884, 2417874, 3303030, 2417876, 2417877, 2417878, 3303033, 3303034, 3303035, 3188409, 3188406, 3188401, 3303026, 3188402, 3303028, 2417891, 2417893, 2417894, 3188400, 2417888, 3303022, 1733993, 1733998, 2417898, 3303011, 3303012, 3303013, 1733987, 3303004, 3303009, 3303002, 1165800, 1320196, 1320198, 1165804, 1165805, 3188439, 3474204, 3188435, 3188437, 3474209, 3188431, 3188432, 3188433, 2562808, 3187902, 3187906, 3187905, 1165814, 3188449, 3474212, 1165816, 3474215, 3474217, 3188441, 3188443, 1165810, 1165808, 3187911, 3187913, 1165822, 3187919, 3474223, 3474224, 3188418, 3188412, 3474227, 1165820, 3188410, 1165821, 3188411, 3187922, 3187924, 3187926, 3187928, 1165834, 3187927, 3188427, 1165838, 3188429, 2562800, 3474238, 3188424, 2562802, 1165830, 2562805, 2562807, 3187931, 3187930, 2562698, 1165726, 1165728, 2562690, 3188359, 1320392, 1320391, 2562693, 3188356, 138000, 138001, 853838, 138002, 457183, 457186, 457187, 2417914, 457188, 1319396, 2417916, 1319397, 2417919, 3187946, 1319391, 1165734, 1588192, 1165735, 1588196, 1165739, 138008, 138009, 3188364, 138004, 1165732, 3188366, 138006, 3188367, 138012, 1851199, 2417921, 2417923, 2417925, 1319385, 2417926, 457178, 3187952, 853841, 1319387, 3187955, 1319381, 853844, 1319380, 3187959, 853846, 1319382, 1588181, 1165746, 1165747, 1165748, 1588184, 1588183, 1588182, 1588189, 1588188, 3188336, 1320372, 1588187, 1165740, 3188338, 1320370, 3188333, 138017, 138021, 853858, 138022, 138024, 1320378, 2417933, 1320377, 2417934, 1320375, 2417936, 3187961, 853850, 2417937, 3187964, 2417938, 2417939, 3187968, 853857, 1588171, 138029, 1588178, 1320384, 3188348, 1320382, 138025, 1320381, 138026, 1165753, 1165754, 1588179, 2417942, 3188340, 138035, 1320389, 2417944, 3187971, 1320388, 457197, 2417946, 138031, 853861, 3187975, 2417949, 853863, 853865, 853866, 3187978, 853867, 1165768, 1165762, 3188398, 1165765, 1165766, 2417952, 3188396, 2417955, 2417956, 3187981, 3187984, 3187986, 3187989, 1165778, 1165772, 2417971, 2417965, 3187993, 2417969, 3187996, 3187999, 1165786, 2417983, 2417973, 2417974, 1165793, 1165794, 3188386, 2417992, 1165798, 3188388, 1165799, 2417984, 3188383, 2417986, 2417989, 1165790, 3188380, 1165791, 3188381, 26213, 26214, 2562614, 1588123, 1588120, 1588127, 1319319, 1588126, 1588124, 1320316, 1851124, 3187774, 1588129, 1851122, 3187773, 1165562, 1851128, 1319311, 1320311, 1319314, 1851126, 3187776, 3187777, 2562618, 1165565, 1319310, 2562619, 3187770, 26217, 26218, 1320318, 26219, 2562621, 2562620, 2562623, 26204, 2562624, 2562627, 1588803, 1588111, 1588804, 1588801, 1588802, 1588116, 1851120, 1588115, 1588113, 1588806, 1319304, 1588119, 1851112, 3187764, 1320325, 1165570, 1319301, 1851117, 1851116, 1165574, 1319302, 1320320, 1851114, 3187766, 26209, 26208, 2562632, 2562634, 2562636, 1588101, 1588105, 1588104, 1851152, 1588102, 1588109, 3187796, 1588108, 3187797, 1588107, 3187794, 1588106, 1851143, 1319334, 1165542, 1319336, 1319335, 3187799, 1165544, 1319332, 1165548, 26239, 457128, 457129, 1165549, 26226, 2562644, 26220, 2562646, 1320102, 1320104, 1320109, 1851141, 1851140, 2562641, 1319326, 1851132, 3187784, 1165551, 1320301, 3187789, 1851138, 1319325, 1165552, 1319324, 1851136, 3187788, 2305155, 1165557, 2305154, 1319320, 1320309, 3187781, 2305159, 3187782, 1320307, 1320306, 25964, 2562654, 25963, 2562653, 26258, 287971, 25961, 26252, 1588832, 2562658, 25966, 1588830, 2562659, 1319126, 1588836, 26251, 1588164, 287977, 1851175, 1851174, 1851173, 2562652, 1588839, 1851172, 2562651, 1851167, 1320358, 1851165, 1319119, 1320356, 2305163, 457141, 2305162, 457142, 1319117, 457143, 3042035, 457145, 1319351, 1319354, 2305165, 457147, 1319353, 3042038, 25960, 457148, 3042032, 1319350, 2305168, 287984, 25952, 1588840, 2562666, 26241, 287980, 1588843, 2562669, 2562668, 25954, 1320363, 1588848, 25959, 1588845, 287989, 1588153, 2562661, 1319112, 1588159, 1851163, 287986, 2562663, 287985, 1319110, 1851157, 1319348, 1851156, 1851155, 1320368, 1851154, 1320367, 3042028, 1320366, 2305173, 3042029, 1320365, 1851159, 2305172, 1851158, 457133, 1319341, 3042025, 1319343, 2305176, 457136, 1319342, 3042027, 26249, 457138, 457139, 2305179, 26278, 26279, 2562675, 287992, 26274, 1588810, 26275, 287990, 2562679, 26277, 1588145, 1851193, 1319105, 26272, 1851191, 2562670, 26273, 1588813, 1588149, 287998, 287997, 1588147, 1851195, 287996, 1320338, 1320337, 1851189, 1320336, 1320335, 457162, 2305185, 457164, 1165586, 1320332, 2305183, 1165585, 2305182, 3042013, 1165587, 3042015, 457169, 1319372, 2562687, 2562689, 2562688, 26264, 1588822, 1588820, 1320341, 1851182, 1588826, 2562681, 1588824, 2562680, 1588138, 1588829, 2562683, 2562685, 1320347, 1320346, 1588139, 1851176, 1320345, 3042006, 1319366, 3042007, 457153, 1319369, 1165596, 2305193, 3042002, 457156, 1165598, 2417905, 3042003, 2305198, 2417906, 2305197, 2417907, 457159, 2417909, 1319360, 3042001, 2879070, 457736, 2880060, 3783822, 3783821, 457731, 994321, 2879075, 2879076, 457730, 854740, 2879077, 2880062, 3041771, 2879078, 2879079, 3041775, 1588523, 3783827, 3303317, 1588521, 3303318, 457738, 3783824, 1588527, 1588526, 1588525, 1588529, 1588528, 3303311, 854734, 2880068, 854732, 2880066, 2880069, 2879080, 2879081, 3303309, 3783833, 2879083, 2879084, 3783831, 994310, 3041781, 2879086, 2880075, 3041780, 457740, 2880072, 3303301, 288388, 1588511, 457748, 3783835, 288390, 1588514, 288393, 1588519, 2880078, 994318, 994317, 994316, 994315, 2879091, 994303, 854760, 994302, 2879093, 2880082, 457712, 854764, 3041791, 3783840, 2879098, 2880083, 3041797, 457717, 457718, 457716, 3783846, 1588503, 1588502, 2878888, 1588508, 2878889, 1588506, 2878887, 854756, 994305, 994304, 457724, 2880091, 3783853, 457720, 854752, 2880096, 854753, 2880097, 854751, 2880095, 3783858, 2878893, 2878897, 854743, 854744, 2878891, 854748, 854781, 854783, 1588565, 854776, 854770, 1851108, 1588551, 1588550, 1588556, 457707, 1851102, 1851103, 1851100, 3783800, 3783809, 3783806, 3783805, 1588544, 1588542, 3783811, 854791, 854797, 854794, 1588530, 3783817, 1588534, 3783816, 1588533, 3783815, 3783814, 1588531, 3783813, 1588538, 1588535, 1588539, 854789, 854787, 854788, 3474760, 3474761, 2712803, 854771, 2712804, 3474763, 854772, 3474764, 854773, 2712806, 2878827, 2712801, 3474769, 3303392, 3303394, 2878820, 3303398, 854763, 1851135, 854765, 854766, 1851137, 1851130, 854768, 1851131, 1851133, 3474770, 3474771, 3474772, 1851149, 854784, 2878837, 2879001, 2879003, 3474779, 2879005, 2879007, 2879009, 3303385, 854775, 854778, 854779, 1851142, 3303380, 2712829, 3474780, 3474782, 854792, 457798, 854793, 2712826, 854795, 1851119, 2878804, 3474788, 3303379, 2879014, 2879015, 2879016, 2878809, 2879017, 2879019, 3303371, 3303372, 3303373, 3303374, 3303376, 3303377, 854785, 854786, 2880002, 1851110, 1851111, 2712818, 3474792, 1851127, 2712814, 3474796, 1851129, 2712816, 3474797, 3474798, 2879023, 2712811, 2879024, 2712812, 2879025, 2712813, 2879026, 2878819, 2879029, 2878818, 3303360, 3303364, 854796, 1851123, 2880013, 1851125, 3474790, 457777, 3783865, 2879030, 2879031, 3783862, 288384, 3783860, 2712843, 2879034, 3303356, 2879035, 2712845, 2879038, 2712840, 2879039, 854727, 854728, 854729, 2878860, 3303350, 3303351, 3303352, 288394, 854720, 1851179, 288392, 854721, 457781, 854722, 2880022, 854723, 854726, 1851177, 2880026, 3783876, 288399, 457789, 2879040, 457786, 3783874, 288397, 3783873, 288396, 2712838, 2712839, 2879044, 2879045, 3303345, 2712833, 2879047, 2712835, 2879048, 2879049, 2712830, 2712831, 3783879, 1851181, 854739, 3303340, 3303341, 2878875, 3303343, 2880034, 854731, 457792, 1851185, 2880038, 457790, 854736, 1851187, 854737, 457758, 457755, 2879050, 3783885, 3783884, 2879054, 3783883, 457752, 3783882, 2878848, 2879058, 2879059, 2712863, 854749, 2878841, 1851151, 2712871, 2878844, 3303330, 2878845, 2878843, 3303333, 854741, 854742, 854745, 2880049, 854746, 457768, 457769, 2879060, 3783899, 457766, 2879061, 3783898, 457767, 2879062, 3783897, 457764, 2712858, 3783896, 2879064, 2879065, 2879066, 2878859, 2879067, 2879068, 3303324, 2878857, 2878858, 3303329, 1851160, 1851161, 2712860, 2878850, 2878855, 3303320, 3303321, 457771, 3783892, 457772, 2880057, 3783891, 854754, 1851169, 854755, 139222, 139223, 288346, 288344, 1734100, 288342, 1734103, 1734104, 1733820, 3474800, 457788, 1733821, 1733822, 2712763, 3474804, 3474805, 854805, 1733828, 854806, 2712772, 457793, 1733823, 457794, 1733824, 457795, 457796, 139217, 139218, 854801, 288355, 2712759, 139209, 1733830, 2712755, 3474810, 1733831, 3474811, 3474812, 1733833, 3474816, 3474817, 854815, 1733839, 3474808, 2712760, 3474809, 854818, 457782, 854819, 1733834, 1733836, 457785, 139207, 139204, 139203, 139200, 854814, 288367, 288366, 288363, 457765, 2712789, 3474826, 2712786, 2712787, 854826, 854828, 1851194, 2712793, 457770, 2712794, 1733845, 457773, 1733847, 1851190, 288372, 288371, 288370, 854821, 1851196, 1734112, 1734116, 3474831, 457753, 1733852, 1733853, 1733854, 3474834, 457756, 3474836, 457759, 3474839, 854837, 2712780, 854838, 2712781, 2712782, 457760, 457761, 457762, 288382, 854831, 854832, 1734119, 854833, 288301, 1734149, 1734147, 1734148, 2878901, 2878902, 1734142, 288305, 2878905, 3474849, 288304, 1734135, 1734132, 288311, 1734138, 3474850, 3474851, 1734137, 2712799, 2878914, 2878915, 3474856, 288319, 1734130, 2878918, 3474858, 1734131, 3474859, 2712797, 2712798, 2878917, 1734167, 1734168, 288322, 3474860, 3474861, 3474868, 1734161, 288326, 1734162, 3303293, 3303294, 1733801, 3303299, 1733804, 1733809, 3303290, 3303291, 288336, 288332, 288330, 1734158, 457797, 3474876, 457799, 3474878, 1733811, 288339, 1734153, 288338, 288337, 1733817, 3303284, 1733819, 1733813, 3303287, 3303288, 288318, 457706, 457708, 1588481, 288310, 1588485, 457700, 1588484, 288314, 288313, 457703, 288316, 1588488, 288315, 457705, 288307, 1734178, 288306, 1734179, 994399, 1588471, 994396, 994395, 288303, 1588479, 288302, 1734172, 994387, 1588460, 994383, 994382, 1588463, 288334, 288333, 1588461, 1588468, 288335, 1588467, 1588466, 288329, 994378, 994375, 994373, 994372, 1734192, 1734193, 288323, 1734190, 288325, 1734196, 288324, 288327, 994368, 994367, 994362, 288354, 457742, 1733863, 1733864, 288358, 457746, 3041734, 288357, 3041736, 288359, 3041735, 854817, 288361, 457751, 288362, 854812, 854816, 457739, 994358, 994354, 288343, 457732, 1733875, 3041740, 457733, 457734, 3041742, 457735, 3041745, 1733871, 288349, 1733872, 3041747, 3041746, 288350, 1733879, 288352, 288351, 854804, 854803, 994359, 457729, 994343, 994340, 3041751, 288378, 1733887, 457723, 288379, 457725, 1733882, 457726, 1733884, 3041748, 288383, 854835, 994349, 854836, 457719, 994333, 994332, 854830, 994330, 1588491, 1588490, 288365, 1588497, 1733896, 457710, 1733897, 3041762, 457711, 3041765, 288369, 288368, 457714, 457715, 1588499, 1733895, 854822, 854823, 854825, 457856, 3783702, 994203, 3783701, 2879193, 457852, 854620, 2879195, 2879196, 3041890, 2879197, 2879198, 2879199, 3041899, 1588401, 3783705, 457858, 3783704, 3783703, 1588406, 1588403, 2417002, 2417003, 2880189, 994209, 2880187, 854617, 3783713, 3783710, 457863, 854610, 457861, 3783719, 457869, 854604, 457833, 457831, 854641, 457838, 3783728, 457837, 3783725, 2417023, 2417025, 2417028, 854634, 2162998, 3783734, 457844, 854631, 2162995, 457842, 854630, 2162992, 457849, 3783739, 3783737, 2417010, 2417013, 854624, 2417017, 2417016, 854628, 854629, 457812, 854661, 457811, 2162989, 2162986, 854663, 2162980, 1588441, 457818, 1588440, 457819, 2162981, 457816, 457817, 1588449, 2417042, 1588447, 2417044, 2417043, 2417045, 854657, 854658, 2417047, 854656, 2417049, 457820, 854651, 854652, 2162974, 1588431, 457827, 457828, 1588434, 1588432, 1588438, 2417037, 2417036, 854644, 2417039, 854645, 2417038, 854648, 854649, 2162966, 2162965, 2712907, 2162968, 2712908, 2162967, 2712902, 854687, 2712905, 1588420, 2712900, 1588422, 2417071, 139198, 2417062, 139196, 1588425, 139194, 139193, 854678, 2162958, 854671, 2162955, 2162954, 2162957, 2162956, 854675, 2162951, 854673, 854674, 457809, 139191, 457805, 1588413, 457803, 457804, 139188, 139185, 1588415, 2417053, 2417052, 139183, 2417057, 139182, 1588418, 2417059, 2417058, 854666, 854667, 2162948, 2162949, 3474880, 3474881, 3474882, 854893, 1851019, 2712926, 3474885, 2879110, 3474886, 2879111, 3303279, 3474887, 139180, 2712921, 2878948, 2879112, 2878945, 2417090, 2879117, 2417092, 2879118, 2417084, 2879119, 3303271, 139177, 2878940, 2880109, 2880107, 3303275, 2417087, 139170, 2878941, 3303277, 2417089, 3783782, 854699, 854886, 1851016, 139178, 2880103, 854693, 2712919, 3474893, 854697, 1851029, 2712914, 3474895, 3783796, 854695, 3474896, 2879121, 2879122, 3474898, 2878959, 3474899, 2712911, 2879124, 2878957, 2879127, 2417082, 139165, 2417073, 139166, 2878951, 3303261, 2417075, 2880117, 139164, 3303264, 139162, 2417076, 2878955, 2878953, 3303267, 854895, 854896, 3783792, 1851026, 854689, 1851027, 3783790, 854899, 1851023, 2712946, 2712947, 2712948, 2879131, 2879133, 3303257, 2712943, 3303258, 2712944, 2879136, 2880128, 139153, 2880129, 139150, 139151, 2878922, 2880122, 139158, 2880127, 139156, 2879140, 2712936, 1851008, 2879142, 457599, 2712931, 2712932, 3303247, 2878934, 2879146, 2879147, 3303249, 2878939, 139143, 139141, 3303240, 139142, 3303241, 2417098, 3303244, 3303245, 139147, 2880137, 139146, 3783744, 288267, 3783743, 288266, 2879152, 2880141, 288264, 457894, 2879153, 288263, 2879154, 2879155, 2712965, 2712966, 3303237, 2712967, 2879159, 139132, 2878982, 2878988, 2878985, 3303234, 854841, 1851059, 288270, 139136, 1851054, 2878980, 2880149, 1851055, 2880146, 854847, 3783755, 2880151, 3783753, 2880152, 3783752, 288275, 2879164, 2712953, 3303224, 2879168, 2879169, 2878994, 1851062, 2878992, 139120, 2878999, 3303222, 3303223, 854851, 854852, 288282, 2880153, 139128, 139125, 288280, 2880159, 139126, 139124, 854858, 2879170, 3783767, 2879172, 288288, 2879173, 2880162, 3783763, 288286, 457872, 2880160, 3783762, 2880161, 2878969, 2712988, 2879179, 3303215, 2712989, 3303216, 3303218, 2712984, 2712990, 2878962, 2712991, 2712992, 2878966, 3303210, 3303211, 288295, 457881, 3783760, 288294, 139116, 288293, 1851037, 2880164, 854865, 854866, 1851031, 139115, 288290, 1851032, 2879180, 2880170, 3783778, 2879183, 288299, 457886, 139109, 288297, 457883, 854882, 457884, 2879187, 3303202, 3303203, 2712978, 2878973, 2878977, 2878975, 3303201, 139107, 2880177, 457893, 1851047, 139105, 1851048, 2880175, 139106, 457891, 2880176, 139103, 1851044, 1851045, 288226, 288225, 288224, 288223, 288220, 3474920, 1733942, 457669, 597128, 3474924, 3474926, 288227, 2712886, 854925, 1851093, 3784102, 597123, 1851094, 3474918, 457670, 3784100, 854928, 1851096, 1851090, 597122, 1733947, 854920, 1851097, 3784106, 1851098, 3784104, 288233, 288231, 3474930, 1733951, 2712876, 457655, 3474933, 2712879, 3474935, 457659, 288239, 2712874, 288238, 597134, 854937, 854938, 2712881, 597136, 854939, 2712882, 457661, 597131, 1733956, 457663, 597133, 597132, 854930, 854933, 288248, 288245, 288243, 3474940, 1733962, 457645, 3474944, 457649, 1733960, 1851071, 1851072, 1851074, 1733967, 854941, 1734008, 1734009, 1851076, 854945, 288258, 3474951, 3474952, 457632, 1733973, 1733975, 457635, 1733976, 3474956, 3474957, 457637, 3474958, 457638, 2712896, 1851083, 1851085, 1733977, 1733979, 854951, 288260, 1851086, 854955, 1851087, 854957, 1734025, 1734022, 1734023, 27066, 1734029, 27064, 3474963, 3474968, 3474969, 1733905, 3784147, 1733906, 3303196, 3784145, 3303190, 1733909, 3303192, 3303193, 3784149, 27073, 27078, 3474972, 1734015, 3474973, 1734016, 457699, 1733910, 1734010, 1733915, 1733916, 1733917, 3784132, 1733919, 3303180, 3784137, 3784138, 27084, 288416, 288419, 288200, 27088, 27087, 1734049, 3474986, 288411, 288413, 1734042, 27080, 1734043, 288206, 1734040, 3784124, 3784125, 1733928, 3303174, 3784123, 854907, 1733922, 3303176, 457695, 854908, 3303177, 854909, 1733925, 27079, 3784129, 1734035, 1734036, 27094, 288408, 27093, 1734034, 3474992, 994299, 27099, 288409, 27098, 994297, 27097, 994296, 2879100, 3303169, 3474998, 994291, 288218, 27090, 288217, 288216, 1734030, 3784113, 2879109, 1733939, 3303163, 854917, 3303164, 3303165, 3303166, 1733935, 3303167, 854910, 854912, 288439, 1734069, 1734066, 2162946, 994289, 1588361, 2162940, 1588360, 27020, 994285, 288430, 288435, 1734064, 1588368, 1588367, 1734062, 3041813, 288436, 1588366, 1734063, 3041804, 3041808, 3041807, 3041809, 27016, 27019, 27030, 2162933, 1734058, 288429, 994278, 994275, 1734059, 2162931, 27031, 1588353, 1734050, 3041820, 994270, 1588358, 1734053, 1734054, 288426, 1588356, 3041815, 1588359, 3041816, 27025, 2162926, 27029, 2162928, 27041, 2162922, 27040, 2162921, 994268, 27045, 994266, 27044, 994265, 2162920, 1734083, 288455, 1588341, 1734080, 288454, 1588347, 288456, 1588346, 3041832, 1588345, 1588344, 1734085, 3041826, 1588349, 3041828, 1588348, 3041829, 2162919, 27035, 2162917, 27052, 2162910, 27050, 1734077, 994256, 27054, 27053, 288442, 1588332, 288441, 994250, 288444, 1734070, 288446, 288445, 1588335, 1734076, 288448, 1734073, 1734074, 3041837, 1588339, 3041836, 1588338, 3041839, 1588337, 288451, 2162908, 27048, 2162904, 457629, 994248, 994247, 994246, 994245, 994244, 994242, 457621, 1733984, 288477, 457623, 1733986, 3041853, 288476, 1733980, 3041855, 457626, 1733981, 3041854, 457627, 1733982, 3041857, 1733983, 3041856, 288480, 288482, 1733988, 994237, 1734099, 994234, 1733990, 1588393, 1588392, 1733995, 288463, 1733996, 1588396, 3041864, 288465, 457614, 3041866, 1734095, 288469, 3041859, 1733999, 288470, 457607, 994226, 457608, 994225, 457609, 27001, 597109, 457601, 3474900, 597106, 3474902, 457604, 597105, 3041876, 597108, 3474904, 597107, 1588388, 3474905, 3041869, 597104, 854710, 854717, 994227, 27012, 994210, 1588371, 27010, 1588376, 3041884, 1588374, 3474913, 597116, 1588379, 3474914, 597119, 1588378, 3474915, 3041889, 854709, 3474906, 3474907, 288491, 3474908, 288490, 288492, 288494, 854701, 27002, 27007, 854703, 27006, 994216, 457977, 994567, 2713617, 457978, 994565, 2713619, 2713613, 2713614, 457971, 1588760, 3303556, 3303558, 1588764, 3303559, 457979, 1588763, 1473889, 1473888, 1473885, 288162, 1473887, 854976, 1473883, 854975, 994569, 2713606, 994554, 854972, 994552, 2713602, 2162898, 457983, 1588750, 288147, 3303545, 288146, 3303546, 288149, 1588753, 1588752, 1588758, 1473877, 1588756, 288154, 288153, 1473872, 854964, 2713601, 854969, 854967, 994558, 854968, 994545, 457953, 457952, 2162884, 457950, 2162881, 3303533, 3303534, 288179, 457959, 3303536, 3303537, 457957, 1588741, 1588740, 1473867, 1473866, 288183, 1473869, 1588744, 288184, 1473862, 1588748, 3303531, 854998, 854999, 854996, 1473860, 994546, 2162878, 3303529, 457965, 994530, 2162874, 2162875, 288167, 1473859, 1588730, 3303527, 1588735, 288172, 1588734, 288171, 1473857, 288174, 1473852, 288173, 1473851, 1473854, 1588738, 854988, 1473850, 994538, 994537, 994523, 2161815, 3303518, 457934, 994522, 2161814, 854570, 2162869, 457932, 854572, 457930, 2162862, 2162865, 854575, 2162861, 2162860, 2161819, 2161818, 3303515, 854566, 854567, 854568, 854569, 3303507, 457945, 994511, 854581, 2162857, 854583, 2162852, 457941, 854584, 2161802, 2161801, 1588798, 457949, 2161807, 457946, 3303505, 457947, 3303506, 288192, 1588799, 288196, 288197, 854576, 994519, 854579, 994513, 854590, 2162845, 854591, 2162844, 854594, 2162840, 854597, 2161834, 457919, 1588782, 1588781, 854587, 854589, 2162838, 994504, 994503, 2162839, 2162834, 2162833, 457920, 2161827, 2161822, 1588771, 1588770, 1588773, 1588779, 1473895, 1473898, 1473897, 854598, 1473891, 1473893, 2162826, 2162829, 2161855, 3474520, 288188, 3474522, 288186, 854531, 2161856, 3474524, 3474525, 3474528, 854529, 3643918, 597086, 3643914, 3643912, 854522, 2161850, 288194, 3302505, 288193, 2161852, 3302507, 288191, 854526, 3302509, 3302508, 2161849, 288199, 854540, 2161843, 854541, 3474533, 3474535, 3474536, 3474538, 3474539, 3643928, 3643924, 2161840, 597093, 854533, 3643921, 597095, 854535, 854538, 3474541, 2161877, 854553, 457489, 3474548, 457494, 3302523, 854543, 2161873, 3302524, 2161875, 854546, 3302526, 854548, 457490, 2161871, 2161870, 3474551, 3474552, 854562, 2161865, 2161868, 3474555, 457478, 3474559, 457482, 457483, 457486, 3643902, 2161862, 2161861, 854556, 3302515, 854558, 3302518, 26019, 1734300, 3474563, 3474564, 3474565, 288143, 3474566, 288142, 3474569, 1588725, 3303592, 3303595, 3643959, 1588727, 3303596, 1588726, 3303597, 3643957, 288152, 26010, 288151, 2161894, 2161897, 3643954, 1734306, 2161896, 3302548, 3643950, 26008, 288158, 3474573, 288157, 288156, 2161888, 3474577, 26009, 2161889, 3303588, 1588710, 1588714, 1588712, 3303583, 1588717, 3303584, 1588716, 3303585, 3302533, 3643968, 26000, 2161883, 3302535, 288161, 3643964, 3643962, 26002, 2161882, 26001, 2161881, 3474570, 3474583, 457997, 288168, 1734320, 3474585, 457995, 1734325, 457996, 457993, 1734323, 3303577, 854508, 3302563, 3303570, 3643939, 3303574, 3643936, 3302566, 3303575, 3302568, 3643933, 854501, 1734327, 1734328, 288170, 3643930, 854504, 3474580, 854506, 3474581, 1734310, 3474597, 288177, 288176, 1734312, 3474599, 288175, 854520, 3303566, 3303568, 3643949, 3643948, 3302556, 3303564, 1734318, 854511, 1734319, 854512, 854513, 1734317, 288180, 3474591, 3474592, 288105, 288103, 3643990, 288101, 288100, 1734346, 457545, 457546, 288108, 457549, 288107, 3302592, 288106, 597003, 3302582, 3302584, 457551, 3302587, 26050, 3302586, 597001, 3302589, 26055, 26059, 3643994, 288113, 288112, 288111, 1734337, 1734334, 457533, 457535, 2712999, 597018, 2712994, 3302581, 2712996, 3302574, 26040, 457541, 3302575, 457542, 457543, 26044, 26043, 26042, 26046, 26045, 288127, 26039, 26038, 1734364, 1734369, 288122, 1734367, 288120, 457528, 457529, 597024, 597026, 597021, 457530, 597020, 597023, 3643979, 26033, 26030, 3643975, 26035, 3643972, 457519, 3643981, 1734355, 1734352, 26027, 288135, 288133, 1734359, 1734356, 1734350, 597036, 3302594, 3302593, 3302596, 597037, 457520, 3643989, 26021, 26026, 3643984, 26024, 3643983, 26023, 3643982, 1734387, 3474601, 457589, 1734380, 1734381, 26091, 597047, 597046, 457593, 597049, 597048, 26095, 26099, 597041, 1734375, 457578, 3474613, 457579, 3474617, 3041901, 3041900, 3474619, 457581, 597059, 26084, 457584, 597054, 597053, 597056, 597050, 26086, 597052, 26085, 3474623, 3474625, 457569, 3474626, 3474627, 3041911, 457571, 26073, 457573, 26072, 3041906, 597067, 26077, 597061, 597060, 597063, 26074, 1734396, 1734397, 3474630, 3474636, 3474637, 457559, 3474638, 1734395, 3041920, 1734392, 3041923, 1734393, 3041916, 457561, 3041915, 457562, 457563, 3041917, 26060, 457565, 3041919, 597072, 26065, 26064, 597074, 26063, 26068, 2162822, 2162821, 3041932, 1473925, 1473928, 3041933, 3041924, 3041927, 3041928, 457900, 2162813, 2162810, 1473919, 3041941, 457907, 457903, 1473913, 1473912, 3041937, 2162809, 2162801, 1473906, 1588690, 3041960, 3041964, 3041966, 3041959, 457509, 457501, 3041971, 288114, 288116, 457504, 288118, 288117, 1473968, 1473967, 288121, 1473964, 1473960, 994598, 994595, 3041980, 994590, 3041989, 3041988, 1473954, 3041979, 1473957, 288110, 1473953, 1473952, 994585, 3041990, 994583, 288134, 3041994, 994580, 288138, 3041998, 3041999, 1473946, 1473945, 288141, 288140, 1473942, 994577, 994574, 994573, 994571, 288124, 288129, 1473939, 288128, 1473930, 994579, 2162789, 994444, 1589045, 3783942, 994443, 854862, 1589047, 854863, 854860, 1589049, 1997019, 2162788, 1997018, 288277, 288279, 3303435, 3303436, 1588644, 3783947, 1588642, 2162780, 1588648, 1588646, 288281, 288284, 288285, 1588649, 854859, 1997024, 994447, 1589054, 2162779, 3783955, 994434, 1589053, 1997004, 3783953, 994432, 1997003, 1997009, 3783950, 1997008, 2162777, 854850, 1997007, 2162776, 288265, 2162770, 288268, 3303425, 1589050, 3783959, 3303427, 3783957, 1588637, 1588636, 288271, 1588634, 288272, 854845, 1473990, 854842, 854846, 1997011, 994436, 854880, 2161914, 3303419, 1997038, 1997240, 2162767, 3783965, 1589067, 1997241, 3783964, 1997242, 2162769, 2161910, 3783962, 3783961, 2162766, 3783960, 2161911, 3303411, 288298, 3303413, 3303414, 3303415, 1997244, 2161917, 3303416, 1997245, 3303417, 2161919, 3303418, 1588626, 1588623, 1473983, 1588628, 1473980, 854878, 1997041, 1473982, 994429, 1473981, 994427, 854879, 1997043, 994413, 3783977, 854870, 994412, 1589075, 2161902, 2162756, 3783976, 994411, 1997026, 2162758, 854873, 2162752, 3783972, 854871, 2161900, 3783970, 3303400, 288287, 1589070, 2162751, 288289, 1588611, 1589074, 2161909, 3303406, 288292, 1473973, 1588619, 1588617, 1997031, 994419, 994418, 854868, 994415, 854869, 994402, 1589087, 2162746, 854690, 854692, 1997058, 1588680, 854694, 2161934, 2161933, 3783908, 1588688, 2161939, 1588686, 1588685, 1589084, 1997060, 854686, 854688, 994408, 1997062, 854898, 994407, 994406, 2162739, 1997065, 2161925, 3783911, 854892, 1997049, 2161924, 3783910, 1589099, 2162736, 2161920, 2162733, 854894, 2161922, 1588671, 1588670, 2161928, 3783914, 3783909, 854888, 854698, 1997052, 1997050, 1997056, 1997055, 2161958, 2162724, 3783922, 2161957, 3783920, 2162725, 2161954, 2161956, 3783929, 3783927, 1588666, 3783926, 1588665, 1997085, 3302603, 2162719, 2162718, 2161947, 2161946, 3783932, 2162715, 1997069, 2161948, 2161942, 1588651, 3783938, 1588652, 1588659, 1588658, 1997074, 2161940, 2162707, 2161979, 288068, 2161976, 3474641, 3474643, 288065, 3474644, 3474646, 457394, 457399, 3302621, 288075, 854642, 3302623, 288073, 3302626, 3302625, 3302628, 854647, 457392, 3474650, 3474651, 854660, 2161965, 288077, 854662, 3474654, 2161966, 3474655, 3474659, 457384, 288086, 288085, 854654, 3302615, 3302614, 288081, 3302616, 288080, 457380, 854659, 3302619, 3302618, 3474662, 854672, 3474665, 457368, 3474667, 457369, 457371, 3302640, 457374, 457375, 457376, 3303497, 288097, 3302646, 854665, 3302645, 3302648, 288094, 3302647, 854668, 288091, 2161992, 3474671, 3474673, 3474674, 854683, 854685, 2161988, 3474677, 3303489, 3303480, 457363, 3303483, 3302631, 3303484, 3302630, 3303487, 3302635, 854676, 2161985, 3302637, 2161984, 3302638, 1165255, 1165256, 3783985, 288024, 288023, 1589002, 3783981, 854606, 3302660, 3302662, 3302664, 1588606, 3303475, 1588605, 3302665, 1589007, 3302668, 854600, 1589009, 854601, 3302669, 854602, 854603, 854605, 288039, 1589010, 3474693, 3474697, 288033, 1589016, 1589015, 3474699, 854618, 854619, 3302650, 3303461, 3302653, 3303462, 3303464, 3643848, 3303465, 3302657, 3302656, 288040, 854611, 854614, 854615, 3474690, 854616, 3474691, 1589020, 1734201, 1589022, 1734204, 288045, 1589026, 1734203, 3303456, 3302684, 3302683, 3302686, 3303451, 3302685, 3303452, 3303453, 3302687, 1589029, 854621, 1734209, 3302689, 1997002, 854625, 1997000, 854627, 288058, 2162797, 288055, 2162793, 3303444, 2162792, 2162795, 3303447, 1589030, 3303442, 288063, 3302678, 288062, 854635, 854636, 854637, 854638, 1734220, 1734221, 457424, 457426, 457429, 457431, 1165294, 3643877, 3643882, 3643881, 1734215, 457412, 457415, 457417, 457420, 457421, 3302699, 3302698, 1165282, 1734219, 1165283, 3643889, 3643888, 1165281, 1165286, 3643886, 3643884, 1734244, 1734242, 1734243, 288002, 288001, 288000, 1734247, 457402, 457404, 3474703, 1734240, 288009, 457406, 1734241, 288008, 288007, 457408, 854705, 854706, 457410, 1165271, 3643857, 3643856, 854700, 854702, 1165276, 1165273, 3643851, 1165274, 1165268, 1165269, 288014, 1734237, 288012, 288011, 3474710, 3474711, 3474712, 3474713, 288019, 854716, 3474708, 854719, 3643869, 3643867, 854713, 1165265, 3643863, 854714, 1165262, 1734267, 1734264, 1734265, 1734269, 457468, 457469, 3474725, 1734263, 3474727, 457473, 457474, 457475, 457476, 1734255, 3474730, 457456, 457458, 3474735, 457460, 457462, 457463, 457466, 1734288, 1734286, 3643890, 3474742, 3474743, 457445, 3474744, 457447, 457448, 457449, 1734285, 3474749, 457451, 457454, 1734277, 1734275, 3474754, 1734273, 3474759, 1734271, 1734272, 457441, 457442, 2162702, 2162704, 2711964, 2711963, 1733785, 2711969, 2711966, 1734299, 2711973, 1733791, 2711975, 1734298, 2711974, 1588591, 2711971, 1588596, 1733797, 1734293, 1733796, 1997093, 1997091, 1997099, 288219, 1588580, 1588585, 1588584, 288214, 1588588, 1588587, 854918, 854919, 854911, 854914, 288208, 994499, 288209, 994498, 2711952, 994496, 994495, 994493, 288202, 994491, 1588572, 288201, 994490, 288204, 1588577, 1588576, 288205, 854905, 854900, 2711958, 854904, 2711957, 854902, 854940, 994485, 994484, 994483, 288237, 1997222, 1997223, 288240, 1997229, 288242, 288241, 854935, 994479, 288229, 994478, 288221, 1997232, 1997233, 1997234, 1997235, 854929, 854927, 854922, 854926, 854924, 994467, 2711986, 994462, 2711981, 288255, 994460, 1997203, 288257, 1997205, 288256, 1997206, 1997200, 1997201, 288261, 854954, 854952, 854953, 2711987, 854956, 2711989, 994457, 2711995, 2711997, 994454, 2711996, 854950, 2711993, 994450, 2711992, 288244, 288246, 288247, 1997211, 288249, 854949, 288251, 288252, 854943, 854944, 2711998, 854946, 994458, 854372, 288911, 854375, 854376, 288916, 1320040, 1319050, 3303798, 1320041, 3783139, 1320046, 3783135, 740487, 1320048, 740489, 3303790, 740482, 740485, 740484, 854367, 740481, 854369, 854381, 1589174, 288901, 3783129, 1589178, 854388, 994791, 994790, 3303786, 3783127, 3783128, 288909, 3303789, 1588995, 1589170, 3783122, 1320035, 1589173, 3783123, 1589172, 1320037, 1320036, 740478, 3783120, 3303782, 1319053, 1319052, 3475905, 740470, 3475904, 3475907, 994799, 1589186, 854393, 1589185, 1589188, 1320060, 994780, 1320062, 3303774, 1319072, 1588980, 3303775, 3783159, 1319071, 2305988, 3303776, 2305989, 288802, 2305982, 3303778, 3783154, 288801, 1589181, 2305983, 1589184, 1588982, 1589183, 1588988, 2305991, 3783152, 1588986, 1319066, 3303770, 288809, 1319064, 3303772, 994789, 1589197, 1589196, 1319084, 1588970, 288816, 288815, 1319082, 1589191, 3783149, 288814, 1319081, 1319080, 2305993, 3783143, 288812, 1589192, 3783144, 288810, 3783146, 1588977, 740499, 3783142, 1319077, 740493, 1319076, 3303760, 1319075, 288818, 994777, 994765, 854301, 994761, 3475934, 854302, 3475935, 854332, 3475932, 3475933, 3303752, 3303753, 3303754, 3303755, 3303757, 1320002, 3303758, 3783178, 3783179, 3783174, 1319001, 3303751, 3475938, 3475939, 3475936, 1319009, 854327, 994769, 1319008, 854328, 1319006, 994766, 994754, 3475941, 3475946, 3303744, 3303745, 3303748, 1319013, 3783160, 3475947, 994759, 854339, 994757, 994756, 1319017, 1319016, 3303738, 994742, 3303739, 854350, 2878482, 994740, 854323, 3475912, 2878485, 854354, 854322, 3475911, 3303733, 3303734, 3783199, 3303736, 1320023, 1319026, 1320026, 1320025, 3783196, 1320029, 3783193, 854316, 3475916, 3475917, 854349, 994746, 1319029, 1319028, 3475918, 1319027, 3475919, 3303728, 3475920, 854312, 854363, 854313, 854364, 854365, 3475921, 1319040, 3303721, 3303722, 3303723, 1320010, 3783189, 1319034, 3783181, 1319030, 3783182, 854357, 854303, 994738, 3475925, 854304, 3475926, 994735, 854307, 994734, 1319039, 457339, 2161617, 2305928, 26216, 2161616, 2161619, 457338, 1165338, 1165339, 1734502, 2161612, 3475979, 457333, 2161615, 3475976, 3783421, 854344, 2161614, 2305927, 2305922, 3475970, 1167074, 3783428, 1167066, 1167067, 1588921, 1588920, 1588927, 1588926, 1167068, 1588925, 1167069, 457342, 854338, 2878499, 994728, 854336, 2713457, 854337, 2713458, 994725, 1165330, 1734509, 2713451, 1734507, 26210, 2713454, 26206, 2161606, 3783438, 854331, 1588125, 2878492, 3475986, 1165321, 457349, 1165322, 3475984, 3783435, 457346, 1165327, 2161602, 2878495, 3475989, 2878496, 457344, 2305937, 3783432, 457345, 854300, 854333, 2305938, 3475988, 2305931, 1165329, 1167085, 1167082, 1167083, 3475980, 1588916, 994719, 457353, 2878488, 3783430, 2713445, 854325, 1588918, 854326, 994715, 1588917, 994714, 26201, 1165320, 1588132, 2713441, 994711, 457318, 2305907, 854361, 3783447, 1165316, 2161635, 2713437, 3475956, 2161634, 2305903, 3783444, 1589104, 2161637, 457312, 3475955, 3783442, 1165318, 2305900, 1167052, 457319, 1167050, 1167048, 1588903, 1588908, 994705, 1588907, 3475958, 994704, 1589107, 2713436, 3475959, 854305, 854306, 1734529, 2713431, 457328, 1165301, 457329, 854353, 1165302, 1588103, 3783459, 1588100, 1589111, 3475961, 854351, 457324, 854356, 2305913, 3783456, 854320, 1734513, 2305914, 3475968, 3783455, 1734510, 2713428, 2305916, 2713429, 3783453, 2305910, 2305911, 3475960, 1167060, 1167061, 1167059, 1589116, 854314, 854347, 1589119, 1734514, 2713424, 1589118, 2161621, 854317, 1734518, 1734519, 854385, 1734541, 854386, 1588158, 1588155, 1589122, 854389, 2305968, 1589126, 1734544, 2161658, 2305964, 854382, 2305962, 854380, 1588960, 1588967, 1588968, 1588160, 1589128, 1734549, 2161653, 2713411, 1588161, 1589127, 2713412, 1734547, 26257, 1165374, 1165375, 26254, 1588163, 457306, 1588168, 1589131, 1165368, 1588169, 1589130, 2161649, 2713409, 26248, 1589133, 26247, 854373, 854378, 1589135, 1734534, 2161646, 1589134, 457300, 1165369, 2713406, 457301, 2161647, 2305975, 2305976, 2305977, 2305978, 854370, 2305971, 1588951, 2305972, 457308, 1588950, 2305973, 2305974, 1588955, 1588954, 1588953, 1588958, 26242, 2161642, 1588172, 2161641, 2713401, 2713402, 1588170, 2713403, 26245, 1588176, 2161640, 26243, 1165362, 1165356, 1588135, 3475996, 3783405, 26238, 1588133, 26236, 1588134, 3475995, 288817, 1589145, 288819, 1165358, 1588137, 2305948, 1165359, 1589147, 2305949, 3475999, 1167092, 2305943, 3475992, 1588940, 288811, 1167093, 1588945, 1588944, 1167086, 1588943, 1588942, 1588948, 1588946, 26231, 2161674, 26235, 1588142, 1588143, 26233, 1165350, 2161672, 1734552, 26227, 854397, 1165346, 3783415, 854394, 1165343, 26225, 1165344, 3783413, 1589157, 1734556, 2305957, 3783412, 288805, 2161667, 2305958, 854398, 1734554, 26229, 854399, 2305954, 2305956, 2305951, 1589150, 1588932, 1167098, 2161664, 1588150, 2161666, 2161665, 2161660, 26223, 1588154, 1588151, 26221, 2161661, 26971, 288714, 1734583, 288715, 288718, 1734589, 26970, 288719, 1734581, 288712, 1588080, 26291, 26979, 1588083, 26295, 2161699, 26294, 1588087, 1588088, 2161695, 26960, 1734574, 26961, 26963, 288704, 1734573, 288709, 288701, 2161680, 26285, 26284, 1588093, 2161687, 1588099, 2161681, 26993, 288736, 1588058, 26994, 288738, 1588056, 288737, 288739, 26992, 288733, 457280, 26270, 26999, 457281, 1165394, 1588063, 26276, 457282, 1165395, 1588064, 1165389, 26984, 288727, 1165387, 1165388, 1734595, 288729, 288728, 26981, 288721, 1734592, 1734593, 288723, 1165382, 1588073, 26261, 1165380, 26268, 26986, 1165385, 26987, 26266, 26988, 457292, 1165383, 1588074, 26265, 288787, 288757, 288784, 288782, 457257, 3783464, 1167030, 288788, 2713493, 2713494, 1167025, 288790, 3783461, 2713495, 288747, 288798, 288746, 288795, 3783478, 288793, 3783476, 288741, 288799, 1167033, 2713481, 457277, 3783473, 457271, 2713487, 3783488, 288775, 1167004, 457243, 2713477, 457244, 2713478, 3783484, 2713479, 3783482, 3783481, 2713474, 3783480, 2713475, 288769, 3783498, 288761, 288763, 288764, 288766, 1167010, 1167016, 1167014, 3783496, 3783494, 2713469, 3783493, 288743, 288996, 3303716, 288742, 288740, 288997, 288794, 288749, 288796, 3303710, 3303713, 288745, 3303714, 288992, 288991, 288993, 288754, 288753, 288751, 3303708, 288750, 288785, 288759, 288758, 288756, 288789, 288792, 288980, 288765, 288973, 288762, 288979, 740425, 288768, 740426, 740423, 740422, 288776, 288963, 288774, 288773, 288772, 288771, 740416, 288777, 740445, 740441, 288708, 288950, 288943, 288945, 288947, 288717, 740439, 740436, 740435, 288711, 740437, 740433, 740430, 3783118, 288933, 3783114, 288939, 288725, 288724, 3783111, 3783112, 288722, 3783113, 740467, 740462, 2878513, 288732, 288921, 3783107, 288922, 3783108, 288925, 288924, 288927, 740457, 288734, 3783101, 2878509, 740450, 740451, 2878505, 994688, 994686, 854494, 994685, 994683, 854497, 854498, 3783015, 1319171, 1320160, 3303676, 1319170, 1588880, 3303677, 3783017, 1320162, 3303678, 3783018, 3783013, 854490, 1320169, 1320168, 1588888, 1588887, 3303672, 1319163, 994689, 3783008, 3783009, 1320150, 1588871, 1319182, 1588870, 3303667, 1588875, 3783002, 740597, 1320157, 1588878, 1319178, 1588877, 1319177, 740593, 1319176, 1319175, 3303661, 740594, 854499, 740590, 994678, 1588860, 3303653, 3303657, 3303659, 1588868, 1319189, 3783031, 1588865, 1319186, 1319185, 3303651, 1319184, 994653, 994652, 994650, 3303642, 3303644, 1320176, 1588853, 1320175, 1588852, 3303647, 1320178, 1588851, 3783024, 1588857, 1588855, 3783020, 1319199, 3783021, 1319198, 1319195, 994659, 994657, 994644, 3303639, 1165410, 994640, 854453, 1165413, 1165414, 1165419, 3303631, 3303632, 3303633, 1165418, 1320121, 1320120, 3783056, 3783051, 1319124, 1320124, 1320127, 1319122, 1319121, 854446, 854447, 994649, 854448, 854449, 994646, 1319127, 1165400, 1588201, 854460, 854461, 1588200, 854462, 1588205, 1588206, 854464, 1588203, 3303620, 3303621, 3783049, 1588208, 3303625, 1320112, 1319136, 1320113, 3783041, 1319134, 3783042, 994639, 994638, 994637, 1319139, 1319138, 994634, 994622, 2161716, 3303618, 994620, 3303619, 854472, 2161717, 854202, 854473, 2161712, 854203, 854200, 854201, 3303613, 2161719, 3303615, 1320149, 1319143, 1319142, 1319141, 3783071, 994629, 854469, 994624, 1319149, 854480, 854481, 994610, 854482, 3303608, 854484, 2161700, 2161703, 2161702, 1319160, 1320130, 1588891, 3303600, 3303601, 1588897, 3783066, 3783067, 1588895, 1588894, 3783069, 1319158, 1320136, 1320138, 1588899, 1319155, 1319153, 1319152, 854478, 994614, 1319159, 854220, 1165455, 1588234, 2161738, 3783306, 854221, 1165453, 1588233, 3783303, 1165459, 1588238, 457457, 854225, 854222, 1165457, 1588236, 2161736, 3783300, 1167191, 1167194, 3783099, 1167192, 854408, 1167187, 854409, 1167188, 3783096, 1588800, 2713570, 3783098, 1588805, 3783093, 854217, 1588809, 457461, 854216, 854403, 994605, 994604, 1165452, 1588242, 854219, 854406, 994602, 994601, 1165450, 1588245, 1165445, 2161726, 1588243, 2161729, 3783315, 1588244, 3783314, 2161723, 1165449, 1589211, 1165446, 1589214, 1589213, 3783310, 3783088, 3783318, 854419, 3783085, 1167196, 3783081, 3783083, 854411, 854207, 854412, 1589215, 2713566, 457472, 1589218, 2161721, 2713567, 1589217, 2161720, 457471, 2713563, 854243, 2161759, 457436, 854240, 1165432, 1589220, 3783325, 457434, 854246, 1589223, 457435, 1588217, 2161755, 1165435, 1734400, 457433, 854432, 1165436, 1588215, 1165439, 1167171, 1320100, 1320105, 26918, 26919, 1320108, 26913, 854239, 854422, 3783320, 26914, 1734407, 2161751, 2713555, 854424, 1319109, 2161754, 1589228, 1734405, 854426, 1319107, 2713550, 854427, 1588220, 2713551, 854429, 1319104, 3783339, 1165423, 3783338, 1588221, 3783337, 1588222, 3783336, 1165426, 1589234, 2713547, 457446, 854441, 2161744, 457443, 1588226, 2161746, 3783332, 1167180, 1165428, 1588229, 1319114, 26906, 26909, 1167179, 457452, 457453, 854229, 1589237, 2161740, 26904, 457450, 2161743, 854227, 1589239, 2713546, 1319118, 1319115, 457416, 854264, 1588278, 1734420, 854265, 1588279, 1165497, 26137, 288913, 854263, 1588277, 854268, 2713537, 2713538, 854267, 854260, 1588846, 1588844, 1588849, 1588847, 26132, 26935, 26936, 1588285, 26135, 26932, 1165496, 1165493, 1588283, 1588284, 2713531, 457427, 854253, 1165488, 457428, 1165489, 854251, 1588288, 288905, 854257, 2161767, 2713526, 288907, 2161769, 1734412, 1588831, 854250, 1588833, 26928, 1588837, 26121, 457430, 288908, 1734418, 2713522, 1588290, 26927, 26125, 26921, 1165485, 26123, 1588294, 2161761, 26122, 26923, 1165483, 1588295, 288934, 854286, 1588256, 2713518, 1588257, 26116, 26951, 288936, 1588254, 26115, 854285, 1588255, 1734441, 288938, 288937, 2713515, 3303697, 3303699, 288932, 1588823, 3303690, 2161790, 1588821, 3303692, 1588828, 3303693, 3303695, 3303696, 2161796, 26958, 1165470, 2713511, 26959, 1734448, 2161798, 1734449, 2161797, 2713513, 26953, 1165473, 26954, 2161791, 1588262, 457405, 2713507, 26106, 26105, 457403, 1165464, 1588265, 1588266, 457401, 854279, 2713503, 1734436, 2161788, 288929, 1165468, 1588269, 26108, 288928, 854278, 1165469, 2713506, 3303686, 288920, 1588812, 1588811, 3303681, 3303682, 1588814, 3303685, 26946, 1588271, 2161784, 1734437, 2161787, 26949, 1588818, 26942, 1165462, 2161781, 26102, 1165463, 26101, 26944, 1588272, 26100, 26945, 2161782, 288835, 1734464, 1734465, 1588199, 1734462, 1734463, 3783389, 3783388, 1734461, 288833, 1167100, 1474502, 26172, 26171, 1167101, 26858, 1167107, 3783386, 26174, 1167105, 3783384, 1167106, 26854, 1474504, 3783382, 1474505, 3783381, 26856, 1474507, 288824, 288823, 288826, 1734451, 26842, 1734458, 1734455, 3783399, 288829, 3783398, 288820, 854294, 1734450, 854291, 288821, 1474512, 1474510, 1167118, 26848, 26163, 1167116, 1734459, 26162, 26169, 1474515, 26168, 3783392, 26872, 288857, 1734486, 1734487, 26874, 288859, 1734484, 26159, 1734488, 1734489, 288853, 288852, 1734483, 1734480, 288854, 26153, 26152, 1588180, 26151, 26158, 26876, 1588186, 26157, 26156, 288846, 288840, 288842, 1734471, 288844, 1734470, 1588190, 26869, 1588193, 26142, 1588194, 1588191, 26147, 1588198, 1588195, 26144, 26868, 288666, 288664, 26897, 26890, 457379, 288661, 26892, 288660, 3783344, 3783343, 288870, 288873, 288872, 1167150, 1167151, 288667, 288876, 1474544, 1167144, 1474545, 1167142, 1474547, 1474543, 3783341, 26898, 457382, 26899, 1474549, 26885, 3783359, 288672, 3783356, 288671, 457389, 3783354, 1474550, 288678, 1474551, 1474552, 1167156, 457398, 3783351, 457393, 26888, 26889, 288687, 3783368, 288683, 457358, 740509, 457355, 457356, 288893, 740508, 288894, 740502, 1167121, 2713591, 740500, 1167120, 26194, 1167126, 1474520, 1167124, 288690, 457365, 26196, 26195, 457360, 457361, 1474527, 288693, 457367, 3783376, 288881, 288884, 1167130, 1167131, 1474536, 2713582, 26183, 1167136, 288891, 26180, 3783374, 457373, 2713589, 1167139, 3783372, 457372, 1474538, 2713584, 3783370, 2713586, 288622, 740528, 740527, 740529, 740523, 740526, 740521, 288631, 740516, 288639, 288638, 740518, 288637, 288636, 740512, 288634, 288641, 288648, 288647, 288646, 740547, 740541, 288654, 288652, 288650, 740538, 288659, 740535, 1319092, 740568, 1320088, 740567, 1320089, 740563, 740566, 1319089, 740560, 1320073, 1320078, 740553, 740554, 1319099, 288600, 288606, 288605, 288604, 740588, 740580, 288610, 1320090, 994691, 1320094, 1320096, 740578, 740574, 854130, 854131, 854132, 2878660, 854500, 854134, 854135, 1319293, 1320282, 1319292, 1320284, 1320283, 2305765, 1319288, 2305772, 854125, 2878653, 2878658, 457502, 457503, 854142, 457500, 854145, 2305779, 457506, 1320276, 1320279, 1320278, 2305781, 2305783, 1319295, 854136, 2878642, 854137, 854138, 2878644, 854139, 2878645, 2878647, 2878648, 854155, 854157, 2305744, 2305746, 2305740, 3783607, 2305741, 3783604, 2305750, 854147, 854148, 854515, 2878676, 2878677, 854519, 3783614, 854162, 854163, 2878670, 854165, 854166, 2305756, 1320295, 3783618, 1320296, 3783616, 3783615, 2305760, 2305761, 854503, 2878666, 854502, 2878668, 854505, 457906, 26419, 457908, 1165537, 26417, 26416, 854542, 3303995, 3303996, 457901, 457902, 139099, 1319246, 1319245, 139097, 1319244, 139098, 1319243, 1320247, 1319242, 139093, 1319240, 3303992, 139094, 1734704, 2878698, 2878699, 26411, 1734707, 26410, 1319248, 1734705, 1734706, 26403, 1165522, 26402, 2878691, 2878693, 1165526, 854530, 2878695, 854102, 1165524, 2878696, 1165529, 1319260, 3303984, 1165527, 26409, 3303986, 1320230, 1320233, 1320232, 1319256, 139084, 1319252, 1320238, 139083, 1319250, 854523, 854524, 2878689, 994998, 854561, 994985, 1165510, 994984, 854560, 994982, 994981, 1734721, 994980, 854563, 854564, 1165518, 1165519, 3303973, 3303974, 3303975, 1320264, 1320263, 3303978, 2305787, 3303979, 1319268, 139078, 1320267, 139075, 1319266, 2305794, 1319264, 139071, 1319262, 1319261, 1734725, 854104, 1734726, 1734723, 854107, 1734729, 854108, 1734728, 994974, 854551, 1165500, 854121, 994970, 854555, 1165504, 1165501, 854124, 3303961, 139070, 1165508, 3303962, 1165506, 3303964, 1320253, 2305795, 3303966, 1320255, 139067, 1320259, 139065, 1320258, 139062, 139063, 139061, 854114, 854547, 1734714, 1734715, 854116, 854545, 1734713, 994978, 854119, 854549, 1734716, 994963, 1734740, 26457, 994961, 3783667, 854582, 457577, 1734743, 3783665, 457575, 854585, 1165578, 2713219, 1165579, 3783662, 854580, 139055, 1319202, 1474467, 1319201, 1320201, 3784068, 139052, 3784066, 1474465, 26450, 1319209, 2713214, 3783660, 457582, 854578, 2713215, 1319207, 2713216, 139059, 457580, 994966, 1165573, 1319205, 2713210, 26453, 994965, 1734749, 994964, 26447, 854573, 1165566, 3783679, 3783677, 457588, 1165569, 1734733, 1165567, 457587, 2713209, 1474470, 1474471, 3784062, 1319213, 1474478, 139045, 3784059, 3784056, 139043, 3784054, 3784055, 3784052, 3784053, 26440, 457596, 994959, 2713203, 2713204, 457594, 1319218, 2713205, 139048, 994956, 26443, 139049, 457592, 1319216, 26442, 1319215, 1734738, 26441, 139047, 457590, 1165560, 1165554, 1734761, 1165555, 1734762, 26435, 457558, 1734760, 3783688, 1734765, 3783687, 457556, 3783686, 457553, 457554, 3784050, 1474440, 1320222, 1320221, 3784047, 139034, 1320223, 1319222, 139032, 1319221, 1474448, 3784043, 139030, 1320229, 3783683, 3783682, 994947, 1734767, 1319229, 139037, 994945, 1165550, 1319228, 26432, 139038, 994944, 139035, 994943, 1319226, 994942, 994930, 1734750, 854595, 854592, 854593, 457566, 1165547, 1734754, 854599, 1734755, 1165545, 3783696, 26427, 1165546, 1734753, 3783695, 1474451, 1320211, 3784036, 139023, 1319234, 1474457, 3784037, 1319232, 1474459, 3784035, 3784032, 1319230, 1320216, 1474453, 994939, 3784031, 457574, 139029, 457572, 26422, 26421, 457570, 994932, 3784038, 994931, 457536, 1734782, 2305726, 3783621, 457534, 1734788, 3783620, 1734785, 2161417, 2305729, 2305725, 1734780, 457539, 3783627, 139012, 26490, 994929, 457540, 994926, 1734789, 2161413, 994924, 994923, 139016, 26497, 139013, 139014, 457548, 3783636, 3783635, 1734770, 2161409, 2305737, 3783632, 1734777, 2161405, 2305736, 2305731, 2305732, 139000, 3784099, 994918, 3784096, 3784097, 26483, 457552, 994915, 994914, 994913, 2161401, 139004, 139005, 139002, 26485, 3783647, 457513, 3783645, 3783644, 2161437, 2305704, 2161439, 2305706, 2305707, 1474481, 2305700, 3784094, 2305701, 3784092, 2305703, 3784090, 457517, 3783649, 457518, 994909, 1474485, 3784087, 1474487, 1474488, 3784086, 26473, 1165590, 1165591, 2161435, 994902, 1165594, 994900, 1165595, 26475, 1165592, 457524, 3783656, 26467, 1734799, 3783653, 3783652, 457521, 2161427, 3783651, 3784083, 3784084, 2305713, 3784082, 1734790, 3784080, 3784079, 3784075, 2161422, 26460, 1165581, 2161420, 1165582, 288589, 288585, 2161459, 288584, 2161458, 288582, 2713295, 2713291, 1167223, 2713292, 1167226, 2161457, 288596, 2161448, 2161449, 1167232, 2713283, 2161446, 1167238, 2713286, 2161442, 2713289, 2713272, 2161471, 2161470, 1167200, 1167201, 2161477, 1167207, 1167205, 2161473, 2161472, 2161475, 2161474, 457999, 1167210, 2713261, 1167213, 1167216, 2161467, 2161461, 2713265, 2713266, 2161463, 2713267, 288545, 288515, 288544, 288797, 288518, 288543, 740609, 457499, 740605, 740604, 288510, 740606, 740601, 288548, 288513, 1474424, 2713251, 3784023, 1474426, 2713252, 3784021, 3784022, 1474422, 2713257, 2713259, 288791, 1474427, 2161494, 1474429, 2161497, 2713255, 288504, 288786, 288554, 288558, 288557, 1474437, 2161481, 3784013, 3784010, 1474432, 1474433, 288781, 2713248, 288780, 2161489, 2713249, 288783, 3784018, 1474439, 2713243, 2713244, 2161485, 288537, 288566, 288778, 288564, 288779, 457479, 288561, 288560, 740627, 288534, 740623, 288533, 740622, 288536, 1167242, 1474402, 740621, 1474400, 457485, 1474409, 288770, 2713238, 457481, 1474406, 457480, 288527, 288576, 288767, 288528, 288574, 2713228, 288573, 740619, 2713229, 457488, 740615, 740618, 288520, 740617, 740612, 288522, 740611, 288525, 288579, 740613, 1474412, 1474413, 1474415, 288581, 457496, 2713225, 2713226, 457495, 2713227, 457492, 1474416, 2713220, 288760, 457493, 1474417, 2713222, 457491, 2713223, 457948, 288500, 3303959, 288755, 288552, 457940, 288508, 740648, 3303951, 288507, 457942, 3303952, 288506, 457943, 288505, 288556, 3303957, 740640, 288752, 288512, 288549, 288511, 457938, 288744, 288748, 740638, 740637, 457931, 3303941, 3303942, 740634, 740633, 740636, 288546, 740632, 740631, 288523, 457926, 288731, 457929, 3303939, 288735, 288575, 288578, 457922, 288577, 457923, 288524, 3303935, 2878717, 740664, 2878719, 288580, 2878710, 2878711, 288730, 2878715, 288720, 3303926, 457917, 288531, 457918, 3303928, 3303929, 288726, 288563, 288562, 288539, 288538, 457911, 740656, 457912, 3303922, 288569, 740658, 288535, 288568, 457914, 2878705, 740654, 2878707, 2878709, 288571, 2878701, 2878703, 2878704, 288710, 854173, 854174, 3303917, 854176, 288713, 288716, 854179, 457985, 457986, 740689, 288599, 457989, 740688, 3303911, 3303913, 740684, 457990, 740686, 2878730, 2878732, 2878734, 854185, 288700, 3303906, 288703, 1320190, 3303907, 288702, 3303908, 288705, 1320191, 288707, 1320194, 288706, 457974, 288587, 288586, 457976, 288588, 854180, 854181, 3303902, 740674, 2878728, 288590, 457980, 288594, 2878720, 2878722, 854194, 2878760, 457962, 457963, 457964, 854190, 854191, 457970, 457972, 2878754, 2878757, 2878758, 2878751, 457951, 457954, 740696, 2878749, 740695, 740697, 740691, 457960, 740694, 2878743, 2878747, 2878748, 457988, 457612, 457613, 1165613, 457611, 1165617, 1165618, 1165616, 2305883, 2305884, 457616, 2305885, 457617, 2305890, 2305891, 2305892, 2305893, 2878532, 457981, 457982, 854248, 2878534, 854249, 2878535, 457984, 2878537, 457987, 457625, 854261, 2560960, 854262, 457624, 2560962, 457622, 854266, 1165600, 457620, 1165601, 2305898, 1165604, 2305894, 1320398, 1320399, 854258, 457973, 2878525, 457975, 854272, 854274, 2878560, 2305869, 2560975, 854277, 2560976, 2560977, 2305865, 3303895, 2305867, 3303898, 3303899, 2305864, 3303893, 2878558, 2878559, 457603, 854282, 994897, 2560981, 994896, 854284, 994895, 2560984, 2560985, 2878550, 457600, 994892, 2878551, 2560988, 2305879, 2305872, 457606, 2305875, 2560980, 2305881, 3303880, 457991, 2878543, 457992, 2878544, 2878545, 457994, 457998, 994898, 994885, 1165654, 2560994, 994883, 1165652, 994882, 2560996, 994881, 2878584, 854420, 994880, 854421, 2560999, 3303877, 1320362, 2560990, 3303879, 1320364, 1319362, 3303871, 854415, 854416, 2878577, 854204, 854413, 2878579, 854206, 994888, 854209, 854418, 1319368, 994875, 2878570, 854223, 854410, 1165645, 2878575, 3303862, 1320350, 1320351, 3303867, 1320354, 1320353, 1319378, 1320357, 1319374, 1320359, 1319371, 3303861, 854214, 2878566, 854402, 2878568, 994879, 994877, 854407, 994876, 994862, 994861, 854444, 854232, 854445, 854233, 854234, 1165634, 1165639, 1319392, 3303852, 1165637, 1319390, 3303853, 3303854, 1320385, 1320387, 3303857, 1320386, 3303858, 1319386, 854224, 1734605, 1734602, 854436, 994868, 994867, 854439, 1734606, 1734607, 3303848, 3303849, 1851204, 854434, 854244, 2878596, 3303842, 3303843, 1320373, 3303847, 1319399, 1319398, 1320379, 1319393, 854235, 1851200, 854236, 2878588, 994859, 994858, 1851203, 994856, 994855, 26338, 994842, 26337, 1165698, 2305808, 26335, 3783545, 457904, 3783544, 457905, 854467, 1734623, 2305804, 1734620, 26339, 2305806, 457909, 2305800, 1474340, 2305802, 1320321, 3783549, 1319323, 1319322, 1320322, 1474347, 1474348, 1320324, 1320327, 1320329, 854459, 2713334, 3783540, 1165690, 1734627, 854457, 1319329, 1734624, 854458, 994847, 1319328, 1734625, 2713337, 1165693, 1319327, 2713330, 26333, 1165694, 1165691, 26331, 2713333, 26327, 854451, 1165686, 3783559, 26326, 854452, 2305819, 1588001, 3783557, 26324, 854455, 2305814, 3783555, 854456, 2713329, 3783553, 26328, 1165689, 1588006, 2305817, 2305810, 1588009, 1474358, 1320314, 1474359, 1320313, 1320315, 1474355, 1320317, 1474356, 1734615, 2713323, 1320319, 1734616, 994837, 1319339, 1588010, 1734619, 1319337, 1588011, 2713320, 1734617, 994832, 1734618, 26316, 2161518, 26315, 1165676, 2161517, 3783569, 457924, 457679, 457925, 854483, 2161519, 3783567, 457676, 457927, 854489, 1734645, 2713317, 26318, 457674, 457928, 2713318, 26317, 854487, 2161515, 2713319, 1320340, 1320343, 1320342, 1319345, 1319344, 1320344, 1474326, 1319340, 457683, 1734648, 2713312, 994827, 457681, 994825, 1734647, 2161511, 2713315, 994824, 1319349, 26311, 994823, 1474329, 1319347, 2713310, 457921, 994821, 1319346, 26305, 1165664, 2161507, 2713309, 26304, 854474, 2161506, 457689, 457913, 1165662, 3783579, 1165663, 26309, 457915, 1734633, 3783577, 26308, 457916, 26307, 854475, 854476, 1165667, 2560900, 3783574, 1474330, 854470, 1319356, 1320334, 1319355, 1320333, 1474333, 994818, 1734637, 2560901, 994816, 457692, 854468, 1734635, 2713303, 2560904, 457690, 1474339, 457691, 994812, 1165661, 1319359, 1734639, 457910, 994810, 457658, 457944, 3783504, 1734663, 3783503, 457656, 1734660, 457654, 1734666, 2161535, 2161538, 2305849, 2560910, 1588039, 2560911, 3783509, 3783507, 1474380, 1474381, 2305842, 994809, 1474387, 994808, 1474388, 2560912, 457662, 2560914, 457660, 1734669, 2161533, 994802, 2560916, 26377, 994801, 1588041, 2161530, 2560918, 1588042, 457933, 3783515, 1734652, 3783514, 457935, 457668, 457936, 1734650, 457937, 1734655, 2161525, 3783510, 457939, 1734653, 2161527, 2161526, 1474394, 2305856, 2305857, 3783519, 854492, 1474391, 1474392, 1474399, 457672, 1588050, 2560926, 2560927, 26366, 1588052, 2560929, 1588053, 457636, 457966, 1734684, 2305829, 3783526, 457967, 3783525, 457634, 457968, 1734682, 26357, 457969, 1588013, 1588018, 1734688, 3783522, 457633, 1588019, 1734689, 2305826, 457630, 3783520, 2560933, 2305821, 2305823, 1474363, 1734680, 1734681, 3783527, 1319300, 1320300, 1320302, 1320305, 1320304, 1474367, 1319309, 26351, 1320308, 1319307, 2161556, 2560936, 457961, 1319306, 26356, 1588021, 2560938, 26354, 1319303, 2161551, 457647, 457955, 1588025, 3783537, 26348, 457956, 1588026, 1588023, 457646, 457958, 457643, 1734677, 2305836, 2560941, 2161546, 2161549, 2560943, 3783531, 1588028, 1734676, 2560944, 1474372, 2305833, 3783538, 1319312, 1474375, 1474376, 2161543, 26340, 457651, 2161545, 2560948, 1319315, 1588033, 288468, 288466, 288462, 288461, 2161570, 2161573, 1734695, 288478, 288475, 1734699, 2161568, 288473, 1734697, 288472, 1734698, 457897, 457898, 1734691, 1734692, 2161561, 2161560, 2161562, 288615, 288489, 288617, 288486, 288485, 288483, 457885, 740703, 457888, 740700, 740702, 2161590, 2713394, 2161591, 26391, 2713390, 2161599, 26399, 2161593, 288603, 288607, 288609, 457876, 457877, 288602, 288601, 2713382, 2161581, 2161580, 26384, 2161589, 26388, 26387, 2713387, 26386, 2161584, 2713388, 288421, 3783589, 288420, 3783588, 740729, 3783585, 740727, 288633, 288427, 740721, 288635, 1474302, 1474300, 2713379, 3783583, 3783580, 1474309, 2713377, 288434, 288625, 288432, 288431, 740719, 3783598, 740715, 740716, 740711, 288438, 288437, 288624, 288623, 1474315, 1474312, 3783595, 2713363, 3783590, 2713366, 288897, 288896, 288899, 288898, 457597, 457598, 288651, 740747, 288655, 288657, 740746, 740745, 2713351, 2713357, 288895, 288457, 288885, 288453, 2713349, 288452, 288889, 288450, 740736, 740738, 288644, 288643, 288458, 740730, 2713348, 288882, 3303837, 288874, 288877, 457829, 288879, 288675, 288674, 457822, 288676, 457824, 288679, 457826, 740761, 740763, 288680, 288682, 740760, 288864, 3303827, 288866, 288865, 288662, 740759, 457810, 288663, 740755, 3303822, 288665, 3303823, 457814, 740757, 457815, 3303825, 740751, 740753, 288670, 288860, 288402, 288400, 288855, 457807, 457808, 3303818, 288856, 288407, 288696, 3303810, 288406, 457801, 288405, 457802, 288404, 3303813, 740786, 288841, 3303806, 288843, 3303807, 288845, 288849, 288418, 288417, 288688, 740777, 3303800, 3303801, 740772, 740775, 740774, 288691, 740770, 288831, 854293, 288830, 854296, 854297, 288834, 854298, 288837, 288839, 288838, 457864, 457868, 854290, 2878617, 2878618, 2878619, 457871, 2878611, 2878614, 288825, 288827, 457854, 457855, 457859, 740794, 740797, 2878608, 2878609, 740791, 740790, 740793, 457862, 2878600, 2878602, 2878605, 288813, 2878641, 457841, 457843, 457846, 457848, 2878632, 2878637, 2878638, 288800, 288804, 288803, 2878630, 288806, 288808, 457832, 288807, 457834, 457835, 2878625, 1165730, 1165731, 595507, 1165733, 595504, 595505, 2418213, 2418214, 2418206, 2418207, 2418208, 1165723, 594907, 595519, 594908, 594909, 1165722, 595514, 595515, 1165725, 2418221, 595512, 595513, 2418215, 2418216, 594993, 594994, 594991, 594902, 594995, 594905, 594996, 594900, 595525, 1165715, 2418233, 1165718, 2418235, 595524, 1165719, 2418227, 2418228, 1165700, 595536, 2418241, 2418242, 595539, 595532, 1165709, 2418244, 2418245, 2418246, 595535, 2418238, 595531, 1165774, 1165775, 1165777, 2418251, 1319490, 2418252, 2418254, 2418256, 1473207, 2418248, 1319487, 2418249, 1473203, 594961, 1319483, 1319482, 594935, 594936, 594937, 1473201, 594968, 1165770, 594969, 1165771, 595558, 2418262, 595559, 595554, 595555, 2418267, 595556, 2418268, 2418269, 2418259, 595552, 594941, 1319496, 1319494, 1319492, 594948, 594949, 594943, 594945, 1165750, 594918, 1165757, 2418271, 1165755, 595569, 2418273, 2418274, 1165758, 1165759, 2418276, 595567, 2418279, 595561, 595563, 595564, 594913, 594915, 594984, 594985, 594910, 594911, 594912, 594989, 1165741, 2418281, 1165743, 1165744, 2418284, 2418286, 2418289, 595578, 595579, 595572, 2879900, 595574, 594971, 595570, 595571, 2879907, 594924, 594927, 594920, 594979, 594921, 594922, 1319442, 1473246, 1473249, 1319446, 1473241, 1473240, 1473239, 1319450, 1473238, 1473237, 1473232, 1473234, 1473230, 1165797, 1473229, 1319464, 1473225, 1319461, 1473224, 1473227, 1473220, 1165785, 1165783, 1165784, 1319480, 1473217, 1319474, 1319471, 1473210, 1473212, 1319479, 1319409, 854903, 1319400, 854901, 854906, 1319408, 1473287, 1473286, 1473289, 1319403, 1319402, 1473285, 1319411, 854915, 1319410, 854913, 1473279, 854916, 1473276, 1319417, 1473278, 1319416, 1473272, 1319414, 1473271, 1319413, 1473273, 854921, 1319422, 854923, 1473269, 1473264, 1319427, 1473260, 1319423, 1473262, 854932, 2418202, 854931, 854936, 854934, 1319439, 1473256, 1319438, 1473255, 1319437, 1473250, 1319435, 1473251, 3303689, 3783029, 3783028, 3783025, 1318994, 2879873, 2879874, 854942, 854947, 854948, 2879879, 1318988, 3783023, 3783022, 3303684, 3783039, 3783038, 2879882, 2879886, 2879887, 854958, 854959, 1318978, 1318977, 1318974, 3303694, 3783034, 3303691, 3303698, 3303668, 2879890, 3783047, 2879891, 2879892, 854962, 1318973, 2879894, 854960, 854965, 2879896, 854966, 2879897, 2879898, 137491, 137493, 1318968, 3783045, 3303665, 3783040, 137498, 3303663, 3303662, 3783059, 3783057, 1318962, 854971, 854977, 854974, 854979, 1318955, 1318953, 137489, 3303670, 3783054, 137485, 3783052, 1473293, 3303675, 1473296, 3783050, 854984, 854982, 854987, 137472, 137471, 137479, 137474, 137473, 854991, 854994, 854992, 854993, 854997, 137461, 137460, 137467, 137469, 137463, 137465, 137464, 3783518, 3783006, 3783005, 3783516, 137452, 137454, 137453, 3783019, 3783508, 3783016, 1318998, 1318999, 3783012, 137447, 137440, 137442, 3303603, 2418290, 137438, 2418291, 3303607, 2418292, 3303605, 3783539, 2418297, 595467, 3783530, 595469, 595464, 137434, 137436, 3783529, 3303612, 3303611, 3303616, 3783521, 3783524, 595477, 595473, 595474, 2879802, 2879803, 2879804, 2879808, 137424, 137420, 137419, 137417, 3783554, 3783556, 595488, 3783551, 3783552, 2879812, 595487, 3474999, 2879816, 595482, 137411, 3474993, 3474991, 137409, 3783547, 3783543, 595499, 3783541, 595495, 2879825, 3474988, 595491, 595492, 2879828, 595494, 137401, 3474983, 137403, 595490, 3474980, 3474985, 3474984, 3303645, 3303649, 3303648, 3783068, 3783576, 1165813, 3783578, 1165819, 2879834, 3783570, 2879837, 3783571, 3783065, 3783062, 3303640, 3783060, 3303656, 3783079, 3783566, 1165803, 3783568, 1165809, 2879842, 3783562, 3783564, 3783070, 3783078, 3783076, 3303654, 3783073, 3303652, 3783072, 3303623, 3303622, 3303627, 2879850, 2879852, 2879854, 2879855, 2879857, 3783080, 2879858, 3783592, 2879859, 3783087, 3783086, 594878, 594879, 3783082, 3303636, 3303635, 3783587, 2879864, 3783584, 2879865, 2879866, 3783586, 3783090, 3783581, 594882, 3783097, 594887, 3783094, 854012, 1165856, 854014, 1165858, 3783495, 3783497, 1166019, 3474936, 3783491, 3474934, 3474939, 2712096, 3783490, 854004, 854005, 854006, 854007, 2712093, 854008, 1165845, 854024, 1165843, 3783489, 1165846, 3474919, 3783485, 1166029, 2418103, 3783486, 2418104, 2712087, 3474923, 3474922, 3783483, 2712083, 3474929, 3474928, 1166021, 2712085, 3474927, 1166022, 2712080, 2712081, 854019, 3474921, 854030, 854033, 1165833, 854036, 595404, 1166034, 595406, 1165835, 595407, 595401, 1166039, 1165839, 2418114, 2418107, 3474911, 3474917, 1166032, 3474916, 1166033, 854027, 3474910, 854040, 595419, 595415, 1166045, 1166046, 595418, 1165825, 595411, 1165828, 595414, 1165829, 2418126, 3474903, 1166042, 854037, 854038, 854039, 1165894, 1165898, 595426, 595428, 1166059, 2418135, 595424, 2418136, 2418128, 595420, 2418129, 3474978, 3474977, 1166053, 1473323, 1166054, 1473322, 3474970, 1473321, 3474976, 3474975, 3474974, 1165890, 1165888, 1165889, 1165887, 2418140, 595438, 2418144, 2418148, 595430, 1473316, 2418139, 3474967, 1166062, 3474966, 1166063, 1473312, 1473315, 1473314, 3474960, 3474965, 1165881, 1165874, 2418150, 1166078, 2418152, 2418153, 2418155, 2418156, 595447, 2418159, 595440, 2418149, 595441, 1473305, 1166072, 1473307, 1166076, 3474959, 3474950, 1165870, 1165864, 1165865, 2418162, 2418165, 595455, 3474947, 1166082, 3474946, 1166084, 1166085, 3474949, 3474948, 3474941, 1166080, 1166092, 1319565, 1319564, 1166094, 1473368, 1318900, 1473367, 1166099, 1473369, 1473363, 1319569, 1318908, 1473362, 1319566, 1319574, 1319573, 1319572, 1473356, 1473358, 1473353, 1473352, 1473355, 1319586, 1319585, 1473346, 1473343, 1319597, 1319594, 1473337, 1473333, 1318950, 1319521, 1318948, 1318946, 1318942, 1319528, 1319522, 1319532, 1319531, 1318932, 1318931, 1319539, 1319538, 1473393, 1473395, 1473394, 1473391, 854800, 1318925, 1319543, 854802, 1318923, 1319540, 854808, 854809, 1318922, 854807, 1473385, 1319548, 1473387, 1318929, 1473381, 1319545, 854811, 854810, 1318914, 854813, 1319552, 1318910, 1318911, 1473375, 1319558, 1473370, 3303567, 2879990, 2879991, 2879992, 1318871, 1318872, 2879994, 854820, 2879997, 137393, 137392, 854827, 854824, 137394, 1318866, 854829, 1318865, 3303565, 3303563, 3303579, 3303578, 1318862, 854834, 1318859, 854839, 1318854, 3303573, 3303571, 3303576, 137388, 3303547, 1319509, 3303549, 854840, 854844, 854843, 854848, 137370, 854849, 137373, 1318847, 1318844, 1318842, 1318843, 1319507, 3303540, 137378, 1319506, 3303544, 3303543, 3303542, 137376, 1319500, 1318840, 1318841, 854855, 854856, 854853, 854854, 1318838, 854857, 1318835, 1319518, 3303551, 3303550, 1319516, 137369, 1319515, 137364, 137366, 1318839, 3303553, 137365, 3303552, 854861, 854867, 854864, 137351, 137353, 137354, 137349, 854874, 854872, 854877, 854875, 854876, 137340, 137345, 137348, 137344, 3303589, 854881, 854884, 1318895, 854885, 1318896, 854883, 1318894, 854889, 854887, 1318890, 1318888, 137335, 3303581, 137331, 3303587, 137333, 3303586, 137332, 854891, 137327, 854890, 1318883, 854897, 1318879, 3303591, 3303594, 137320, 137317, 854099, 137316, 2418171, 3474890, 3783416, 137319, 3783417, 2418176, 2418177, 3783414, 595345, 2418178, 595347, 595348, 854094, 3783410, 595341, 2712011, 2879918, 3474894, 137315, 3474892, 3474897, 3783408, 2418181, 3783404, 3783407, 2418185, 3783401, 2418187, 3783402, 3783403, 595357, 595353, 2712000, 2712001, 2879924, 595355, 2712002, 3474889, 3474888, 137300, 2418190, 3783437, 2418195, 2712029, 2418197, 3783434, 2418198, 3783436, 2712025, 2712028, 595363, 2879934, 595365, 2712034, 595366, 2879938, 595361, 3474873, 3474870, 3783426, 3783429, 2712018, 3783423, 2712014, 2712015, 2879941, 3783420, 595375, 3474867, 595371, 3474862, 3474865, 854051, 3303525, 1165932, 854057, 3303528, 854058, 1165931, 3783458, 2879951, 3783451, 2879952, 3783452, 2879954, 595385, 2712055, 2879956, 595387, 2712056, 2879957, 2712057, 2879958, 2712050, 2879959, 595384, 2712053, 854048, 3303522, 3303520, 854066, 854067, 854068, 3303539, 854069, 3783445, 2879960, 3783446, 2879961, 1165929, 2712036, 2879962, 3783440, 3783441, 854060, 2712038, 2879964, 2879965, 3783443, 2712044, 595398, 2879968, 2712046, 595392, 3303504, 3303503, 854076, 854077, 854079, 1165914, 3783477, 3783479, 1165913, 3303509, 1165918, 2712069, 2879973, 854070, 3783474, 3783475, 1165917, 2879976, 2879977, 3783470, 3783472, 2712070, 854084, 1166009, 3303513, 854087, 3303512, 854088, 3303519, 1166001, 2879980, 1165904, 3783467, 3783468, 1165902, 1166004, 3783469, 1165907, 3783463, 854082, 1166007, 3783465, 2712065, 2712067, 2712068, 2712062, 1166000, 2712064, 1165970, 1165971, 3783379, 1165979, 3474815, 3474813, 3783373, 3474819, 3474818, 137711, 137708, 137704, 1165963, 3783367, 1165967, 137709, 3783365, 3474803, 3474802, 3783361, 3474807, 1165950, 1165951, 1165954, 1165956, 3783393, 3783394, 3783395, 1165943, 1165947, 1165948, 2418001, 3783385, 1165949, 2418005, 3783383, 3783380, 595309, 2418010, 595307, 595301, 2418013, 2418014, 595303, 595304, 3474857, 595300, 3474855, 3474854, 3474853, 3474852, 595317, 2418021, 2418025, 595314, 2418026, 3474846, 3474845, 3474840, 3474844, 3474841, 1165995, 1165992, 1165997, 595327, 595328, 595329, 2418033, 2418038, 3474835, 3474833, 1165991, 3474832, 1165984, 1165987, 2418040, 1165986, 595338, 2418042, 595334, 595330, 3474825, 3474824, 595333, 3474823, 3474829, 3474827, 3474822, 3474821, 3474820, 854100, 854101, 3041817, 3041823, 1319685, 3041824, 1319682, 1319681, 1473004, 1473000, 1319689, 1319687, 1319695, 1319693, 1319698, 854122, 3783205, 854120, 854126, 854123, 3783201, 3783200, 3303382, 3303383, 3303389, 3783216, 3783212, 854113, 3783211, 3303393, 3303391, 3303390, 3303397, 3303395, 854143, 1473050, 1319642, 3041867, 1319640, 1473049, 1473048, 1473044, 1319648, 3041861, 3041862, 1319645, 1319643, 1473042, 1319653, 3041858, 1319650, 1473037, 854129, 1319659, 854128, 1319656, 1319654, 854169, 854167, 854161, 3041838, 1319662, 3041848, 1319660, 3041841, 3041842, 1473029, 3041844, 1473023, 1473025, 1319666, 854154, 854159, 854156, 3041834, 1319674, 1473019, 1319672, 1319670, 1473015, 1473017, 1473012, 854149, 1473013, 1473010, 854187, 1473092, 3303449, 854188, 1473094, 854186, 3303446, 3783267, 2879630, 2879631, 854184, 2879633, 2879634, 854182, 2879635, 3303441, 3303440, 3783263, 1473085, 1473081, 1473082, 3783279, 1319619, 2879640, 2879648, 2879649, 3041892, 1319616, 1319615, 1473079, 3783273, 3783272, 3303455, 3783271, 1473075, 3041891, 1473070, 1473071, 3783289, 2879654, 2879655, 2879656, 1319620, 2879659, 3041886, 3041887, 3041888, 3041882, 3783285, 1319624, 3303423, 1473062, 3303422, 3783282, 1473065, 3783281, 1319621, 3303420, 3303437, 854197, 3783299, 2879665, 854195, 2879666, 854192, 3041878, 1319630, 3041879, 3041874, 3041875, 3041877, 1319639, 1473056, 3303430, 3783298, 1473055, 3041871, 1319637, 1473058, 3041872, 3041873, 3303434, 1319633, 3303431, 3783291, 3783228, 3783226, 3783224, 2879675, 2879677, 3303485, 3783221, 3783220, 3783233, 2879684, 3303495, 3303493, 3783248, 2879690, 2879691, 2879692, 3783244, 2712107, 137690, 2712111, 137691, 3303463, 3783243, 3783240, 137696, 3303479, 3783256, 137680, 3303470, 3783254, 3783253, 3303472, 3783252, 3303471, 1473096, 3303478, 3783250, 1473095, 137685, 3303476, 1473097, 2711955, 2711954, 2711959, 137679, 2711956, 595228, 2712129, 2418056, 2418057, 595225, 2418058, 2418059, 2712126, 595227, 595220, 595221, 2712132, 595223, 3474774, 137675, 3474773, 137677, 3474778, 2711950, 3474776, 2711942, 137669, 2711948, 2711947, 2418062, 2418063, 2711945, 595239, 2712117, 2712118, 2418066, 2712119, 2711949, 2712114, 595237, 595238, 2712122, 137666, 3474767, 137663, 2711932, 2711931, 2418070, 137658, 2418071, 137657, 2418072, 2711934, 2418075, 2711938, 595246, 2712147, 3783311, 595242, 595243, 2712154, 595244, 2712155, 2712150, 595240, 137654, 3474752, 137656, 3474750, 3474756, 137651, 2711922, 2711921, 2418081, 137647, 2418082, 3783305, 2418084, 2711923, 2711929, 2418088, 2418089, 595257, 2712135, 2712137, 595253, 2712143, 3474748, 595256, 2712145, 2712140, 2712141, 137643, 137642, 137641, 3303405, 137636, 2418093, 3303407, 137637, 2418096, 2418097, 2418098, 2711918, 2711917, 595268, 2712168, 3783330, 3783333, 2712176, 595261, 595262, 595263, 2712174, 137634, 3303401, 137628, 137625, 2711904, 3783327, 137624, 2711903, 3783328, 137626, 2711908, 3783323, 2711906, 2711905, 3783326, 2712157, 2712158, 2712159, 2711909, 2879602, 595275, 2712167, 2879607, 2879608, 137623, 595270, 3303412, 137614, 137613, 3474791, 137616, 137615, 3783357, 2879610, 2879611, 2879613, 2712197, 2879614, 595287, 2712198, 2712199, 2879616, 595282, 595283, 2712194, 2712195, 137610, 3474795, 3474794, 2712192, 137606, 137609, 137608, 3474781, 3783349, 3783346, 2879620, 2712187, 2879626, 2712182, 2879629, 2712184, 595296, 595292, 3474789, 3474787, 3783258, 3783259, 3783249, 3783245, 3783241, 3783270, 3783266, 3783262, 2711999, 3474738, 3474737, 3041902, 3783292, 2711990, 2711994, 3474733, 2711985, 3783283, 3783284, 3474724, 3783280, 3474728, 2711984, 3474723, 3474722, 2711982, 3474721, 2711977, 2711976, 2711979, 2711978, 595207, 595202, 595205, 3474716, 3474714, 2711965, 2711968, 595219, 595213, 595214, 3474704, 595211, 3474702, 3474709, 2711962, 2711961, 3474700, 2711960, 457212, 3041939, 3041944, 3041946, 3041940, 3303283, 3303281, 1473127, 3041943, 3303280, 3303286, 1473124, 1473123, 457229, 457227, 457226, 3041929, 1473118, 3041936, 3041931, 457232, 3303298, 3303296, 457231, 1473112, 3303295, 854002, 3041918, 1473108, 3041922, 3041925, 1473104, 3303260, 3041921, 1473102, 1473101, 3303269, 3303268, 457208, 457206, 457203, 457204, 3041908, 3041909, 457209, 3041907, 3303272, 3041910, 3303276, 457211, 854022, 1473171, 1473170, 854026, 1319763, 3041984, 1473169, 3041985, 3041986, 3041987, 854017, 3041982, 854018, 1319768, 1473167, 3041983, 1473161, 1319765, 1473163, 854015, 854016, 1319774, 3041977, 1319772, 3041976, 1473155, 3041970, 1473157, 1319779, 3041972, 1319778, 1473151, 1473150, 1473153, 854042, 854043, 854049, 854047, 1319785, 3041968, 1319781, 1473148, 1473147, 3041963, 3041965, 1473144, 1473146, 3041961, 1473140, 1473141, 854034, 854031, 854032, 854035, 3041948, 1319796, 3041955, 3041956, 459100, 459103, 459102, 3041953, 854029, 1473134, 3041950, 1319798, 1319797, 3303327, 854064, 3303326, 3303325, 3783147, 854063, 2879758, 595183, 595185, 457189, 1319726, 1319724, 1319723, 457185, 1319722, 3303323, 457182, 854053, 854054, 3303336, 3783157, 2879760, 2879762, 2879765, 2879766, 854050, 457191, 457192, 2879769, 457199, 1319738, 3303331, 595191, 1319737, 1319736, 3783153, 457198, 1319734, 1473195, 3783151, 457196, 3303334, 457193, 1319732, 1473197, 457194, 1473196, 1473191, 3303306, 854089, 854086, 3783169, 457157, 3783168, 457158, 2879771, 854081, 2879772, 2879773, 854085, 854083, 2879778, 2879779, 457166, 1319749, 3783166, 1319747, 457165, 3303302, 457163, 1473183, 457160, 457161, 1473180, 1473182, 3303314, 2879781, 854073, 2879788, 2879789, 1319750, 3041995, 457177, 1473177, 1473176, 3041992, 3783176, 457175, 1473179, 3783173, 457174, 3783172, 457171, 1473175, 3783171, 3303369, 3783105, 457137, 2712209, 3783103, 2879791, 3783102, 2879792, 2879794, 2879796, 2712202, 2712203, 2712210, 137592, 2712211, 457144, 3303362, 3303361, 137595, 3303368, 3303367, 137596, 457149, 854091, 854092, 854090, 854095, 854096, 137582, 3303370, 3303375, 137589, 457154, 3303378, 137586, 137585, 3303349, 3303347, 1319709, 3783126, 3783124, 1319706, 2712225, 2712226, 2712230, 2712231, 2712233, 1319705, 1319704, 3783121, 1319703, 1319702, 137573, 137575, 137574, 3303358, 3783138, 3783137, 137569, 3783136, 457125, 2712217, 2712222, 137565, 1319714, 3783131, 1319713, 3303357, 137561, 1319711, 3303354, 595108, 595109, 595103, 2712246, 595105, 595106, 1472961, 2712250, 3474653, 137554, 1472966, 1472964, 3474657, 137550, 3474656, 1472969, 137552, 1472968, 137547, 137549, 2712234, 2712235, 2712241, 3474649, 595113, 3474647, 1472974, 1472973, 137544, 3474642, 137543, 1472977, 137546, 1472976, 137542, 137536, 137539, 137538, 595129, 595125, 595126, 595121, 2712274, 595123, 2712276, 1472941, 2712270, 1472940, 2712272, 2712273, 3474631, 137532, 1472944, 137535, 137534, 1472942, 1472949, 3474635, 3474634, 3474633, 137530, 1472946, 137526, 137525, 137528, 595136, 2712256, 2879700, 2879702, 2879704, 1472952, 2712260, 2712262, 2879709, 3474629, 3474620, 137521, 3474622, 1472957, 3474621, 137518, 3783217, 3783218, 3783219, 3783213, 3783215, 595147, 3783210, 3783180, 595144, 2712298, 2879715, 2712299, 2879716, 2712292, 595140, 2712293, 2879719, 595142, 3783188, 3474696, 3783187, 137513, 137512, 3474694, 3783183, 3474698, 137507, 137504, 3783206, 3474681, 3783207, 3474680, 3783204, 595158, 595159, 2879722, 2879723, 595154, 3783191, 595156, 2712287, 2712281, 595151, 2712284, 3474686, 3474685, 3783198, 3474684, 3783197, 3783194, 3783239, 3474670, 3783235, 3783237, 3783238, 2879732, 3783232, 2879734, 3783234, 595165, 1472981, 595166, 1472980, 2879736, 595167, 3783230, 595163, 1472982, 3474675, 1472988, 3474676, 3474660, 2879740, 2879742, 2879746, 1472991, 1472990, 2879749, 3474669, 595172, 595174, 1472994, 1472993, 3474664, 1472999, 1472998, 595171, 3474661, 3474668, 1473648, 1473641, 1473640, 3643991, 1473635, 1473633, 3643998, 27306, 1473629, 1473628, 1473625, 1473621, 1473622, 1473619, 1473610, 1473612, 3643960, 3643961, 2162915, 2162912, 2162911, 2162909, 1473687, 2162905, 3302700, 3643965, 1473685, 3302703, 3302706, 2162924, 2162918, 2162916, 1473674, 3643951, 3643952, 3643958, 1473670, 3643980, 1473667, 3302721, 1473661, 3302723, 3643987, 1473662, 3302727, 3302729, 3643971, 2162903, 2162901, 1473658, 1473653, 1473656, 1473650, 3302714, 3643973, 1473651, 3643974, 3302716, 3643977, 3302717, 457269, 2879475, 2879477, 2879478, 457272, 457273, 457274, 457276, 3302740, 3302743, 457279, 3302749, 2879482, 2879484, 457258, 2879487, 457261, 457266, 3302732, 457268, 3302733, 3302735, 3302738, 3302739, 2879493, 2879494, 2879495, 2879496, 2879497, 457249, 2879498, 2879499, 457251, 3302762, 457256, 3302767, 3302766, 457236, 457239, 457240, 457241, 3302750, 3302752, 3302751, 457245, 457246, 1473699, 3302753, 3302755, 3302758, 3302759, 1473692, 1473691, 3302790, 1319883, 1319882, 3302783, 1319881, 1319889, 1319888, 1319885, 1319895, 3302770, 1319893, 1319892, 3302775, 3302778, 457295, 457297, 457290, 457293, 3302792, 457284, 3302791, 3302794, 457286, 457288, 3302795, 457289, 3302799, 2713624, 2713625, 3783939, 2713621, 3783933, 3783934, 457302, 457303, 457305, 595067, 1474187, 457310, 457311, 459004, 459003, 1474181, 459002, 595061, 459000, 1319841, 459009, 459008, 3783924, 2879406, 1474197, 2879408, 595074, 595075, 1474191, 459013, 1319856, 3783918, 1319854, 3783919, 3783958, 2713600, 2712309, 3783956, 3783951, 2879410, 3783952, 2712307, 2879411, 2879412, 2879413, 1319862, 2880405, 1319860, 2880403, 2879419, 2880404, 595084, 595086, 2880407, 1319869, 1319867, 2713609, 2880401, 2713607, 1319864, 2713604, 2880400, 3783948, 3783949, 3783943, 3783944, 3783945, 3783946, 2879420, 2879422, 595099, 2879428, 2880417, 2880414, 2880415, 2880418, 2880419, 595091, 595092, 1319879, 1319878, 2880412, 2713615, 2880410, 595090, 2713616, 1319808, 1319807, 1319806, 3783978, 3783979, 2879430, 2712327, 2712328, 3783975, 1474149, 1474146, 2879436, 2712325, 1474144, 2712330, 2879439, 2880428, 457351, 1474142, 1474143, 1319800, 2880421, 1319817, 3783967, 457335, 2712315, 457336, 2879445, 2712312, 1474158, 2712314, 457340, 457341, 1474154, 2712321, 1474151, 1319815, 1319811, 3783999, 1319828, 2879450, 1319827, 2712348, 2879452, 3783994, 3783995, 457326, 3783996, 3783997, 2879456, 3783990, 2712345, 3783991, 3783992, 2712347, 2879459, 3783993, 2712351, 3189018, 3189017, 2712353, 3189016, 457330, 2712354, 457331, 1474162, 457332, 457334, 3189010, 1319825, 2879460, 1319839, 457313, 457314, 2712338, 2879464, 457315, 2712339, 457316, 2879466, 2712333, 2879467, 2879468, 3783980, 1474179, 2879469, 1474178, 1474176, 2712343, 457320, 1474173, 457322, 1474171, 457323, 1319837, 1319834, 3189003, 3189002, 1319830, 3189000, 2162950, 2162959, 1474109, 2712367, 2162953, 459084, 1474100, 3643929, 459082, 3643926, 3643923, 2162962, 2162960, 1474119, 2162969, 1474118, 2162964, 2712357, 1474114, 459095, 3643917, 459094, 1474112, 3643915, 2712365, 2712360, 2712361, 3643910, 459098, 3643911, 595008, 2162937, 1474129, 2162934, 459062, 595000, 2712395, 595002, 2712390, 459065, 459064, 3643945, 595019, 1474139, 1474137, 2162943, 1474135, 2712379, 1474136, 459072, 595012, 2712385, 595014, 2712387, 1474130, 2712381, 2162938, 2712383, 3643931, 459079, 2162994, 2162993, 459039, 1473727, 2162997, 595029, 2162996, 459040, 595022, 1473726, 595025, 1473721, 459045, 459044, 459042, 459041, 595037, 1473718, 459050, 1473712, 1473715, 595036, 1473714, 1473711, 1473710, 2162972, 459019, 459017, 2162979, 1473706, 2162976, 2162975, 1473707, 595044, 595045, 3643904, 595041, 1473700, 459026, 459025, 459021, 3643903, 459020, 3643901, 2162983, 459029, 2162987, 2162985, 595058, 595053, 459037, 459036, 595050, 459033, 288036, 288042, 288044, 1473765, 1473762, 1473761, 288025, 288027, 288029, 1473756, 1473752, 288032, 1473751, 3302808, 3302807, 288056, 288059, 288064, 1473742, 3302802, 3302806, 3302805, 288046, 288047, 288049, 1473737, 288052, 1473732, 3303920, 1735115, 1735117, 1735118, 3303923, 3303927, 288082, 3302820, 1735123, 1735121, 3302827, 1735108, 3303933, 3303932, 3303930, 1735104, 3303937, 288067, 2162803, 2162800, 1473796, 288076, 1473792, 3302813, 1735114, 3302815, 1473791, 1735110, 3302816, 3303904, 3303903, 1473789, 1473787, 1735100, 3302844, 3302843, 3302845, 3302847, 3302849, 3303915, 3303919, 288089, 3303918, 3303916, 288092, 1473778, 1473774, 1473777, 288098, 1473770, 3302832, 3302835, 3302834, 288090, 2879590, 2713587, 2713588, 2879592, 2713585, 2879595, 2879596, 2713581, 2713580, 457151, 457152, 457155, 3302861, 3302863, 3302866, 3302868, 457150, 2713598, 2713596, 2713592, 2713593, 2713590, 457140, 3302850, 457146, 3302854, 3302857, 3302859, 2713569, 2713568, 457126, 2713561, 457127, 2713560, 3302880, 457130, 457131, 3302882, 457132, 457134, 3302883, 457135, 3302886, 2713577, 2713575, 3302871, 457121, 3302870, 457122, 457124, 3302878, 457195, 457190, 457184, 3302891, 3302890, 3302892, 3302898, 457180, 457181, 3783917, 2712507, 2712509, 2712502, 2712504, 2712501, 457173, 457176, 457179, 3783907, 457170, 457172, 3783903, 3783905, 3783900, 3783902, 457167, 457168, 2713504, 2713502, 2713500, 3783812, 2712409, 2712404, 2712406, 2712400, 1474069, 2879513, 2712402, 1319961, 2879518, 1474062, 1474060, 1319967, 1319966, 1319965, 2713508, 3783804, 2713512, 2713510, 3783802, 3783803, 2879520, 2879522, 2879525, 1474078, 1319970, 1474076, 1474077, 2879529, 1319979, 1319975, 2713519, 1319974, 2713516, 1319973, 3783837, 3783838, 2162893, 2162892, 2712429, 2162891, 3783834, 2162890, 3783836, 2712428, 3783832, 2712421, 2879533, 2712423, 2879535, 2712424, 1474089, 2879537, 2879538, 1474087, 1474084, 1474081, 459101, 1319989, 1319988, 1319987, 1319985, 1319984, 3783826, 459109, 3783828, 3783829, 459107, 2712418, 2712416, 2712417, 2879545, 2712412, 2879549, 1319992, 1474098, 1474099, 1319990, 1474097, 1474094, 1319999, 1319997, 1319995, 2713545, 1319929, 3783857, 2713542, 2879550, 457225, 2713540, 2879552, 1474029, 2712449, 2879553, 457228, 3783854, 1474028, 2879556, 1474025, 2712445, 3783850, 457230, 1474022, 457234, 1319923, 2713549, 2713556, 2713557, 3783844, 1319939, 1319938, 2879560, 2713553, 3783847, 457214, 2879563, 3783841, 2712438, 2879564, 2712439, 457218, 2712432, 457219, 1474039, 2712433, 1474036, 2712434, 2879568, 1474035, 2712442, 457221, 1474031, 457223, 1319935, 1319934, 2713525, 2713523, 2713524, 3783877, 3783878, 2713520, 2879576, 1474049, 2879578, 2712467, 3783872, 2712474, 2712470, 457213, 1319947, 1319944, 2713529, 2713534, 3783866, 3783867, 1319959, 2879584, 2712459, 2879585, 3783863, 3783864, 2712455, 2879589, 1474059, 2712457, 1474056, 2712463, 2712464, 1474052, 1319957, 1319952, 2162830, 3303965, 3303963, 3303967, 3783895, 1473808, 2162837, 2162836, 2162835, 1473805, 2712487, 2712488, 1473807, 2162832, 3783893, 3783894, 1473801, 2712494, 2712496, 2712497, 3783890, 2712490, 2712491, 2162828, 1735166, 1735167, 2162841, 1735148, 3783889, 2162849, 2162847, 2162846, 2162843, 2712478, 2712485, 1735150, 2712480, 1735154, 3303970, 3303944, 1735137, 1735138, 3303947, 3303946, 2162815, 1474007, 2162812, 1474003, 2162808, 2162807, 2162806, 1319903, 1735144, 1319901, 3303955, 3303954, 1735126, 1319917, 1735127, 3303958, 1735128, 1735129, 3303956, 2162827, 1474018, 2162823, 2712498, 2162820, 1474011, 1319914, 1735135, 1319911, 1319910, 3303950, 1735131, 2162873, 2162872, 2162879, 1473848, 2162877, 1473845, 1473847, 1473841, 1473840, 1473843, 1473842, 2162880, 2162889, 1473837, 2162888, 2162887, 2162886, 1473834, 1473836, 1473835, 2162851, 3303985, 3303989, 2162858, 288017, 1473829, 2162854, 288018, 1473822, 288020, 1473821, 1735188, 3303983, 1735186, 1735187, 3303981, 2162863, 3303999, 3303998, 288004, 2162868, 2879500, 288005, 2162864, 2879504, 2879505, 1473814, 1735172, 2879509, 288010, 3303991, 1735178, 1735173, 3303993, 3302907, 1473404, 1473403, 3302928, 457097, 457098, 3302920, 457086, 457087, 457088, 3302910, 3302912, 3302913, 3302916, 3303802, 1473444, 1473447, 1473441, 1735001, 1735002, 3302942, 3302944, 3302947, 3302946, 3302949, 3302948, 3302939, 3303816, 3303815, 3303814, 3303817, 1473438, 1473439, 1473434, 1473433, 1473435, 3302932, 3302934, 3302935, 1473427, 1473428, 1473424, 3302962, 3302964, 3302966, 1473416, 1473418, 1473417, 1473412, 1473410, 3302956, 3302955, 993983, 993980, 2713466, 2713467, 993982, 2713464, 993981, 2713462, 2713463, 2713460, 2713461, 2879239, 3302983, 3302985, 1473485, 2880221, 1473486, 1473481, 2880225, 2880226, 2880223, 993990, 993992, 2713473, 2879243, 2879244, 2713471, 2713472, 2879246, 2879247, 2879249, 2880238, 2880239, 1473479, 3302973, 3302975, 1473475, 2880231, 2880237, 2880234, 2713449, 2713446, 2713447, 2713444, 2713442, 2713440, 2879258, 2880249, 1473466, 1473469, 2880243, 1473464, 2880247, 1473460, 2880246, 2713455, 2879261, 2879266, 2713450, 3302990, 3302991, 3302995, 3302998, 3302997, 1473453, 2880258, 993942, 2879270, 2879272, 2879275, 2712601, 2879276, 2879277, 993949, 2712604, 993944, 993946, 2880264, 993952, 2879285, 2880271, 993959, 2880276, 2880277, 2880275, 2880278, 2879290, 2879291, 2880280, 993963, 2713488, 2879295, 993960, 2880281, 2879297, 2713484, 2879298, 2712624, 2713485, 2879299, 2712625, 2713482, 2713483, 2713480, 2712620, 993968, 2712621, 137293, 137290, 2880287, 137298, 137299, 2880291, 993975, 2880294, 2713497, 2880292, 2713498, 2880293, 2712615, 993977, 2713491, 993976, 2713492, 2713490, 137283, 137284, 137281, 1473495, 2880299, 2880296, 137286, 1473491, 137288, 1473493, 2712528, 2712529, 2712525, 2712526, 2712527, 2712520, 2712521, 2712523, 2712530, 993908, 137270, 137279, 137276, 137277, 2712517, 2712518, 993915, 993917, 2712516, 993912, 137263, 993919, 137266, 3783717, 2712546, 993925, 993927, 3783711, 2712542, 2712545, 137250, 2712550, 3783709, 137256, 3783706, 3783707, 3783708, 993939, 2712538, 3783700, 993933, 1995996, 2712531, 993932, 1995995, 2712532, 993935, 993934, 1735092, 137241, 1735094, 137240, 1735095, 1995997, 1735090, 1735091, 137247, 137245, 2713426, 3783738, 2713427, 27182, 2713422, 27187, 2713423, 3783736, 457104, 3783730, 3783731, 3783732, 1474389, 137230, 1474384, 2712573, 457110, 1474385, 2712574, 1474382, 1474383, 457113, 457114, 137236, 137237, 137233, 3783727, 27194, 27199, 3783723, 137228, 2713434, 27197, 994198, 27196, 994197, 2713432, 3783726, 2712558, 2713430, 2879201, 3783722, 994192, 27190, 994191, 2879204, 994190, 2879205, 2712556, 2712560, 2879208, 1474396, 1474393, 137226, 137221, 2713439, 137217, 3783757, 994187, 994186, 3783759, 3783754, 994182, 2712586, 2879216, 3783751, 2880200, 2880203, 137211, 2713407, 2880202, 3783749, 2713416, 2713413, 137207, 994178, 3783746, 3783747, 2713410, 3783748, 3783742, 2879225, 2879227, 2712582, 2879229, 2712583, 2880219, 137202, 137200, 2713418, 27143, 1735039, 994165, 994164, 3303846, 3783775, 3783777, 1474346, 1474344, 3783772, 3783773, 1474343, 1474341, 27137, 1735045, 1735041, 3303840, 1735043, 27138, 27151, 3303855, 27155, 27154, 994155, 3783768, 1735029, 3783764, 3783765, 2712597, 2712598, 1474354, 1474352, 1735034, 1735035, 27146, 3303851, 1735032, 994146, 3303820, 994145, 1735016, 994144, 1735017, 3303826, 994143, 27163, 994142, 1735019, 994141, 3783797, 3303829, 3303828, 1474369, 1474366, 3783794, 1474364, 1474365, 1474362, 3783791, 27158, 1735024, 1735020, 1735021, 1735022, 27173, 994136, 994135, 994134, 3303838, 994133, 1735007, 994131, 3783785, 3303839, 3783788, 3783781, 1474377, 1474378, 3783784, 1474374, 3783780, 1474371, 27167, 1735015, 3303830, 994125, 994124, 3303886, 994123, 994122, 994120, 1474306, 1474307, 1474304, 1474305, 3303881, 1735085, 3303884, 994129, 3303883, 3303882, 994116, 3303897, 994111, 1474317, 1474313, 1474311, 1735070, 1735072, 27109, 27104, 1735079, 3303891, 27102, 3303890, 27101, 27108, 1735074, 994119, 27106, 1735076, 3303894, 3303866, 994103, 3303864, 994101, 27121, 3303868, 1474327, 1474325, 1474322, 1474323, 1474320, 1474321, 1735061, 1735062, 27114, 994109, 3303863, 1735064, 27117, 3303860, 3303878, 27133, 27132, 1474337, 1474335, 1474336, 1474331, 1474332, 1735051, 1735057, 1735052, 3303874, 3303873, 3303872, 1473527, 1473521, 1473517, 1473507, 1473509, 1473506, 1473501, 27208, 27202, 1473566, 1473562, 1473564, 1473563, 1473554, 1473556, 1473551, 1473548, 1473540, 1473542, 1473537, 1473531, 2713347, 2713345, 2879351, 2713341, 2879354, 2879355, 2713340, 2879356, 2880341, 2880346, 2880347, 2713356, 2879363, 2713352, 2879364, 2713353, 2713350, 2879368, 1473599, 1473598, 1473595, 1473594, 2880354, 1473596, 2880352, 1473593, 2713327, 2712709, 2713328, 2712705, 2880361, 2713321, 2879374, 2712700, 2879376, 2712702, 2879379, 1473583, 1473586, 1473585, 2880369, 2880366, 1473581, 2713338, 2879381, 2713335, 2880372, 2713332, 2713331, 2879388, 1473576, 1473578, 1473572, 1473575, 2880379, 1473570, 2880378, 2879391, 2712726, 2712727, 2712728, 2879395, 2712729, 2880381, 2712723, 2713386, 2879399, 2713384, 137195, 137194, 137193, 2880386, 2880387, 2880389, 2712716, 2880391, 2712711, 2713396, 2712712, 2713397, 2713395, 2713391, 137185, 137182, 137181, 137189, 2713367, 2713368, 2713364, 2713361, 2713360, 2712743, 137170, 137176, 2713376, 2712733, 2712734, 2713375, 2712736, 2713373, 2712730, 2712731, 137162, 137164, 137168, 2712649, 2712646, 2712648, 2712643, 2712644, 137151, 137150, 137153, 137159, 137157, 2712639, 2712634, 2712636, 137147, 137144, 3303788, 2712663, 2712664, 2712670, 137131, 137130, 137137, 137139, 3303780, 137133, 137132, 3303785, 3303783, 994097, 2712658, 2879301, 994093, 2879303, 2712654, 2879306, 2879307, 137126, 3303793, 3303791, 137124, 3303795, 137123, 3303794, 3783619, 2713301, 3783613, 994089, 2713302, 2713300, 2712689, 994084, 2879312, 3783612, 2879313, 994081, 2879314, 2712692, 2879317, 2712694, 2879319, 2880305, 2712690, 1474260, 2880302, 2880303, 2713307, 2880300, 2713316, 3783608, 3783602, 994078, 2713313, 3783603, 994076, 994075, 2879320, 2712679, 2879322, 3783600, 994072, 3783601, 2712675, 2879328, 2880317, 1474277, 1474274, 1474272, 1474273, 1474270, 2880319, 2712680, 2880312, 994069, 994067, 994066, 994065, 2879331, 3783631, 994060, 3783630, 1474287, 2879339, 1474285, 2880327, 1474284, 1474282, 1474280, 2880321, 2880324, 2880325, 3783628, 994059, 994058, 3783624, 3783625, 2879340, 3783626, 994054, 2712699, 2880337, 1474292, 1474293, 1474291, 2880335, 3303724, 27260, 994048, 27265, 27264, 3303727, 3783658, 994044, 3303726, 3783659, 3303725, 3783654, 3783655, 3303729, 3783650, 1474223, 1474221, 594972, 1474220, 27258, 27257, 594975, 594977, 27259, 994039, 3303735, 27271, 994038, 994037, 994036, 3303732, 27275, 994033, 27273, 994032, 994031, 3783641, 594982, 1474231, 594986, 27283, 3303701, 3303700, 27280, 3303706, 3303705, 3303704, 27284, 994021, 3303703, 994020, 3783676, 3303707, 3783678, 1474247, 3783671, 594950, 594952, 1474242, 594957, 594958, 594959, 994029, 27294, 27293, 994015, 3303711, 27298, 3303715, 3783664, 1474258, 1474259, 3783663, 594960, 1474250, 27289, 27288, 994019, 994006, 3303768, 994005, 994004, 3303765, 994002, 994001, 994000, 3303769, 3783699, 1473607, 3783693, 3783694, 1473609, 1473608, 1473605, 3783691, 1473604, 1473601, 27218, 3303764, 994009, 3303779, 3303777, 27231, 3783684, 3783685, 3783680, 27224, 27228, 3303773, 3303746, 3303749, 1474209, 27240, 1474205, 1474201, 27236, 27234, 27233, 3303742, 27239, 594998, 3303741, 27238, 594999, 1474214, 1474215, 1474210, 1474211, 27248, 3303750, 
2025-12-21 22:25:08.617 [http-nio-8081-exec-1] INFO  com.dp1.backend.handlers.SocketConnectionHandler - Enviando # de vuelos en el aire: 39
2025-12-21 22:25:08.763 [http-nio-8081-exec-3] WARN  org.springframework.web.servlet.mvc.support.DefaultHandlerExceptionResolver - Resolved [org.springframework.web.method.annotation.MethodArgumentTypeMismatchException: Failed to convert value of type 'java.lang.String' to required type 'int'; For input string: "SPIM202512212225"]
2025-12-21 22:25:14.603 [http-nio-8081-exec-9] INFO  com.dp1.backend.handlers.SocketConnectionHandler - Enviando # de vuelos en el aire: 38
2025-12-21 22:25:20.602 [http-nio-8081-exec-5] INFO  com.dp1.backend.handlers.SocketConnectionHandler - Enviando # de vuelos en el aire: 56
2025-12-21 22:25:26.588 [http-nio-8081-exec-10] INFO  com.dp1.backend.handlers.SocketConnectionHandler - Enviando # de vuelos en el aire: 46
2025-12-21 22:25:28.591 [http-nio-8081-exec-2] INFO  com.dp1.backend.services.ACOService - Desde - hasta: 2025-12-22T01:30:31-05:00[America/Lima] - 2025-12-22T04:30:31-05:00[America/Lima]
2025-12-21 22:25:28.611 [http-nio-8081-exec-2] INFO  com.dp1.backend.services.ACOService - Ejecutando ACO para: 
2025-12-21 22:25:28.612 [http-nio-8081-exec-2] INFO  com.dp1.backend.services.ACOService - Aeropuertos: 30
2025-12-21 22:25:28.613 [http-nio-8081-exec-2] INFO  com.dp1.backend.services.ACOService - Vuelos: 2866
2025-12-21 22:25:28.614 [http-nio-8081-exec-2] INFO  com.dp1.backend.services.ACOService - Envios: 760
2025-12-21 22:25:28.614 [http-nio-8081-exec-2] INFO  com.dp1.backend.services.ACOService - Paquetes: 1448
2025-12-21 22:25:38.337 [http-nio-8081-exec-2] INFO  com.dp1.backend.services.ACOService - Tiempo de ejecución: 9723 ms
2025-12-21 22:25:38.380 [http-nio-8081-exec-2] INFO  com.dp1.backend.services.ACOService - Paquetes entregados con función André: 1437
2025-12-21 22:25:38.450 [http-nio-8081-exec-2] INFO  com.dp1.backend.handlers.SocketConnectionHandler - c39d59e3-502a-922e-a9af-f03735adf8e9  desconectado del socket
2025-12-21 22:25:38.453 [http-nio-8081-exec-2] ERROR com.dp1.backend.handlers.SocketConnectionHandler - Error en ejecución del algoritmo: The current thread was interrupted while waiting for a blocking send to complete
2025-12-21 22:25:38.464 [SpringApplicationShutdownHook] INFO  org.springframework.orm.jpa.LocalContainerEntityManagerFactoryBean - Closing JPA EntityManagerFactory for persistence unit 'default'
2025-12-21 22:25:38.469 [SpringApplicationShutdownHook] INFO  com.zaxxer.hikari.HikariDataSource - HikariPool-1 - Shutdown initiated...
2025-12-21 22:25:38.499 [SpringApplicationShutdownHook] INFO  com.zaxxer.hikari.HikariDataSource - HikariPool-1 - Shutdown completed.
2025-12-21 22:30:32.456 [main] INFO  com.dp1.backend.BackendApplication - Starting BackendApplication using Java 24.0.1 with PID 17448 (C:\Users\Joseph\Documents\PUCP\25-2\Dp1\Nuevo\Back\MoraPack_Backend\target\classes started by Joseph in C:\Users\Joseph\Documents\PUCP\25-2\Dp1\Nuevo\Back\MoraPack_Backend)
2025-12-21 22:30:32.503 [main] INFO  com.dp1.backend.BackendApplication - No active profile set, falling back to 1 default profile: "default"
2025-12-21 22:30:34.575 [main] INFO  org.springframework.data.repository.config.RepositoryConfigurationDelegate - Bootstrapping Spring Data JPA repositories in DEFAULT mode.
2025-12-21 22:30:34.798 [main] INFO  org.springframework.data.repository.config.RepositoryConfigurationDelegate - Finished Spring Data repository scanning in 196 ms. Found 10 JPA repository interfaces.
2025-12-21 22:30:36.291 [main] INFO  org.springframework.boot.web.embedded.tomcat.TomcatWebServer - Tomcat initialized with port 8081 (http)
2025-12-21 22:30:36.333 [main] INFO  org.apache.coyote.http11.Http11NioProtocol - Initializing ProtocolHandler ["http-nio-8081"]
2025-12-21 22:30:36.342 [main] INFO  org.apache.catalina.core.StandardService - Starting service [Tomcat]
2025-12-21 22:30:36.343 [main] INFO  org.apache.catalina.core.StandardEngine - Starting Servlet engine: [Apache Tomcat/10.1.19]
2025-12-21 22:30:36.533 [main] INFO  org.apache.catalina.core.ContainerBase.[Tomcat].[localhost].[/api] - Initializing Spring embedded WebApplicationContext
2025-12-21 22:30:36.535 [main] INFO  org.springframework.boot.web.servlet.context.ServletWebServerApplicationContext - Root WebApplicationContext: initialization completed in 3891 ms
2025-12-21 22:30:36.990 [main] INFO  org.hibernate.jpa.internal.util.LogHelper - HHH000204: Processing PersistenceUnitInfo [name: default]
2025-12-21 22:30:37.190 [main] INFO  org.hibernate.Version - HHH000412: Hibernate ORM core version 6.4.4.Final
2025-12-21 22:30:37.302 [main] INFO  org.hibernate.cache.internal.RegionFactoryInitiator - HHH000026: Second-level cache disabled
2025-12-21 22:30:38.106 [main] INFO  org.springframework.orm.jpa.persistenceunit.SpringPersistenceUnitInfo - No LoadTimeWeaver setup: ignoring JPA class transformer
2025-12-21 22:30:38.208 [main] WARN  com.zaxxer.hikari.HikariConfig - HikariPool-1 - idleTimeout has been set but has no effect because the pool is operating as a fixed size pool.
2025-12-21 22:30:38.208 [main] INFO  com.zaxxer.hikari.HikariDataSource - HikariPool-1 - Starting...
2025-12-21 22:30:38.597 [main] INFO  com.zaxxer.hikari.pool.HikariPool - HikariPool-1 - Added connection com.mysql.cj.jdbc.ConnectionImpl@2248d140
2025-12-21 22:30:38.601 [main] INFO  com.zaxxer.hikari.HikariDataSource - HikariPool-1 - Start completed.
2025-12-21 22:30:41.796 [main] INFO  org.hibernate.engine.transaction.jta.platform.internal.JtaPlatformInitiator - HHH000489: No JTA platform available (set 'hibernate.transaction.jta.platform' to enable JTA platform integration)
2025-12-21 22:30:42.049 [main] INFO  org.springframework.orm.jpa.LocalContainerEntityManagerFactoryBean - Initialized JPA EntityManagerFactory for persistence unit 'default'
2025-12-21 22:30:42.080 [main] INFO  com.dp1.backend.services.DatosEnMemoriaService - Inicializando DatosEnMemoriaService con working directory: C:\Users\Joseph\Documents\PUCP\25-2\Dp1\Nuevo\Back\MoraPack_Backend
2025-12-21 22:30:42.094 [main] INFO  com.dp1.backend.services.DatosEnMemoriaService - Aeropuertos cargados: 30
2025-12-21 22:30:42.184 [main] INFO  com.dp1.backend.services.DatosEnMemoriaService - Vuelos cargados: 2866
2025-12-21 22:30:42.714 [main] INFO  com.dp1.backend.services.DatosEnMemoriaService - Leyendo rutas posibles
2025-12-21 22:30:43.034 [main] INFO  com.dp1.backend.services.DatosEnMemoriaService - Colecciones rutas: 0
2025-12-21 22:30:43.035 [main] INFO  com.dp1.backend.services.DatosEnMemoriaService - Rutas posibles set: 0
2025-12-21 22:30:43.347 [main] INFO  org.springframework.data.jpa.repository.query.QueryEnhancerFactory - Hibernate is in classpath; If applicable, HQL parser will be used.
2025-12-21 22:30:44.585 [main] WARN  org.springframework.boot.autoconfigure.orm.jpa.JpaBaseConfiguration$JpaWebConfiguration - spring.jpa.open-in-view is enabled by default. Therefore, database queries may be performed during view rendering. Explicitly configure spring.jpa.open-in-view to disable this warning
2025-12-21 22:30:45.512 [main] INFO  org.apache.coyote.http11.Http11NioProtocol - Starting ProtocolHandler ["http-nio-8081"]
2025-12-21 22:30:45.560 [main] INFO  org.springframework.boot.web.embedded.tomcat.TomcatWebServer - Tomcat started on port 8081 (http) with context path '/api'
2025-12-21 22:30:45.575 [main] INFO  com.dp1.backend.BackendApplication - Started BackendApplication in 14.191 seconds (process running for 16.942)
2025-12-21 22:31:35.831 [http-nio-8081-exec-2] INFO  org.apache.catalina.core.ContainerBase.[Tomcat].[localhost].[/api] - Initializing Spring DispatcherServlet 'dispatcherServlet'
2025-12-21 22:31:35.832 [http-nio-8081-exec-2] INFO  org.springframework.web.servlet.DispatcherServlet - Initializing Servlet 'dispatcherServlet'
2025-12-21 22:31:35.834 [http-nio-8081-exec-2] INFO  org.springframework.web.servlet.DispatcherServlet - Completed initialization in 1 ms
2025-12-21 22:31:36.041 [http-nio-8081-exec-1] INFO  com.dp1.backend.handlers.SocketConnectionHandler - 00fb9e06-d35f-4f2c-8054-22be492eb3ed  conectado al socket
2025-12-21 22:31:36.071 [http-nio-8081-exec-1] INFO  com.dp1.backend.services.DatosEnMemoriaService - Leyendo archivo: data\envios\pack_enviado_EDDI_.txt
2025-12-21 22:31:36.438 [http-nio-8081-exec-1] INFO  com.dp1.backend.services.DatosEnMemoriaService - Leyendo archivo: data\envios\pack_enviado_EHAM_.txt
2025-12-21 22:31:36.787 [http-nio-8081-exec-1] INFO  com.dp1.backend.services.DatosEnMemoriaService - Leyendo archivo: data\envios\pack_enviado_EKCH_.txt
2025-12-21 22:31:37.132 [http-nio-8081-exec-1] INFO  com.dp1.backend.services.DatosEnMemoriaService - Leyendo archivo: data\envios\pack_enviado_LATI_.txt
2025-12-21 22:31:37.492 [http-nio-8081-exec-1] INFO  com.dp1.backend.services.DatosEnMemoriaService - Leyendo archivo: data\envios\pack_enviado_LBSF_.txt
2025-12-21 22:31:37.856 [http-nio-8081-exec-1] INFO  com.dp1.backend.services.DatosEnMemoriaService - Leyendo archivo: data\envios\pack_enviado_LDZA_.txt
2025-12-21 22:31:38.134 [http-nio-8081-exec-1] INFO  com.dp1.backend.services.DatosEnMemoriaService - Leyendo archivo: data\envios\pack_enviado_LKPR_.txt
2025-12-21 22:31:38.424 [http-nio-8081-exec-1] INFO  com.dp1.backend.services.DatosEnMemoriaService - Leyendo archivo: data\envios\pack_enviado_LOWW_.txt
2025-12-21 22:31:38.787 [http-nio-8081-exec-1] INFO  com.dp1.backend.services.DatosEnMemoriaService - Leyendo archivo: data\envios\pack_enviado_OAKB_.txt
2025-12-21 22:31:39.089 [http-nio-8081-exec-1] INFO  com.dp1.backend.services.DatosEnMemoriaService - Leyendo archivo: data\envios\pack_enviado_OERK_.txt
2025-12-21 22:31:39.390 [http-nio-8081-exec-1] INFO  com.dp1.backend.services.DatosEnMemoriaService - Leyendo archivo: data\envios\pack_enviado_OJAI_.txt
2025-12-21 22:31:39.623 [http-nio-8081-exec-1] INFO  com.dp1.backend.services.DatosEnMemoriaService - Leyendo archivo: data\envios\pack_enviado_OMDB_.txt
2025-12-21 22:31:39.915 [http-nio-8081-exec-1] INFO  com.dp1.backend.services.DatosEnMemoriaService - Leyendo archivo: data\envios\pack_enviado_OOMS_.txt
2025-12-21 22:31:40.159 [http-nio-8081-exec-1] INFO  com.dp1.backend.services.DatosEnMemoriaService - Leyendo archivo: data\envios\pack_enviado_OPKC_.txt
2025-12-21 22:31:40.591 [http-nio-8081-exec-1] INFO  com.dp1.backend.services.DatosEnMemoriaService - Leyendo archivo: data\envios\pack_enviado_OSDI_.txt
2025-12-21 22:31:40.888 [http-nio-8081-exec-1] INFO  com.dp1.backend.services.DatosEnMemoriaService - Leyendo archivo: data\envios\pack_enviado_OYSN_.txt
2025-12-21 22:31:41.178 [http-nio-8081-exec-1] INFO  com.dp1.backend.services.DatosEnMemoriaService - Leyendo archivo: data\envios\pack_enviado_SABE_.txt
2025-12-21 22:31:41.396 [http-nio-8081-exec-1] INFO  com.dp1.backend.services.DatosEnMemoriaService - Leyendo archivo: data\envios\pack_enviado_SBBR_.txt
2025-12-21 22:31:41.666 [http-nio-8081-exec-1] INFO  com.dp1.backend.services.DatosEnMemoriaService - Leyendo archivo: data\envios\pack_enviado_SCEL_.txt
2025-12-21 22:31:41.949 [http-nio-8081-exec-1] INFO  com.dp1.backend.services.DatosEnMemoriaService - Leyendo archivo: data\envios\pack_enviado_SEQM_.txt
2025-12-21 22:31:42.302 [http-nio-8081-exec-1] INFO  com.dp1.backend.services.DatosEnMemoriaService - Leyendo archivo: data\envios\pack_enviado_SGAS_.txt
2025-12-21 22:31:42.595 [http-nio-8081-exec-1] INFO  com.dp1.backend.services.DatosEnMemoriaService - Leyendo archivo: data\envios\pack_enviado_SKBO_.txt
2025-12-21 22:31:42.873 [http-nio-8081-exec-1] INFO  com.dp1.backend.services.DatosEnMemoriaService - Leyendo archivo: data\envios\pack_enviado_SLLP_.txt
2025-12-21 22:31:43.076 [http-nio-8081-exec-1] INFO  com.dp1.backend.services.DatosEnMemoriaService - Leyendo archivo: data\envios\pack_enviado_SUAA_.txt
2025-12-21 22:31:43.394 [http-nio-8081-exec-1] INFO  com.dp1.backend.services.DatosEnMemoriaService - Leyendo archivo: data\envios\pack_enviado_SVMI_.txt
2025-12-21 22:31:43.690 [http-nio-8081-exec-1] INFO  com.dp1.backend.services.DatosEnMemoriaService - Leyendo archivo: data\envios\pack_enviado_UMMS_.txt
2025-12-21 22:31:43.963 [http-nio-8081-exec-1] INFO  com.dp1.backend.services.DatosEnMemoriaService - Leyendo archivo: data\envios\pack_enviado_VIDP_.txt
2025-12-21 22:31:44.164 [http-nio-8081-exec-1] INFO  com.dp1.backend.services.DatosEnMemoriaService - Envios cargados: 48722
2025-12-21 22:31:44.201 [http-nio-8081-exec-1] INFO  com.dp1.backend.services.ACOService - Ejecutando ACO para: 
2025-12-21 22:31:44.202 [http-nio-8081-exec-1] INFO  com.dp1.backend.services.ACOService - Aeropuertos: 30
2025-12-21 22:31:44.203 [http-nio-8081-exec-1] INFO  com.dp1.backend.services.ACOService - Vuelos: 2866
2025-12-21 22:31:44.204 [http-nio-8081-exec-1] INFO  com.dp1.backend.services.ACOService - Envios: 4608
2025-12-21 22:31:44.204 [http-nio-8081-exec-1] INFO  com.dp1.backend.services.ACOService - Paquetes: 9480
2025-12-21 22:32:50.051 [http-nio-8081-exec-1] INFO  com.dp1.backend.services.ACOService - Tiempo de ejecución: 65844 ms
2025-12-21 22:32:50.828 [http-nio-8081-exec-1] INFO  com.dp1.backend.services.ACOService - Paquetes entregados con función André: 9355
2025-12-21 22:32:51.481 [http-nio-8081-exec-1] INFO  com.dp1.backend.handlers.SocketConnectionHandler - Enviando # de vuelos en el aire: inicio1219
2025-12-21 22:32:58.482 [http-nio-8081-exec-8] INFO  com.dp1.backend.handlers.SocketConnectionHandler - Enviando # de vuelos en el aire: 37
2025-12-21 22:33:04.485 [http-nio-8081-exec-3] INFO  com.dp1.backend.handlers.SocketConnectionHandler - Enviando # de vuelos en el aire: 54
2025-12-21 22:33:10.483 [http-nio-8081-exec-9] INFO  com.dp1.backend.handlers.SocketConnectionHandler - Enviando # de vuelos en el aire: 48
2025-12-21 22:33:16.487 [http-nio-8081-exec-6] INFO  com.dp1.backend.handlers.SocketConnectionHandler - Enviando # de vuelos en el aire: 43
2025-12-21 22:33:22.486 [http-nio-8081-exec-1] INFO  com.dp1.backend.handlers.SocketConnectionHandler - Enviando # de vuelos en el aire: 46
2025-12-21 22:33:28.492 [http-nio-8081-exec-8] INFO  com.dp1.backend.handlers.SocketConnectionHandler - Enviando # de vuelos en el aire: 45
2025-12-21 22:33:34.492 [http-nio-8081-exec-3] INFO  com.dp1.backend.handlers.SocketConnectionHandler - Enviando # de vuelos en el aire: 61
2025-12-21 22:33:38.479 [http-nio-8081-exec-8] INFO  com.dp1.backend.services.ACOService - Desde - hasta: 2025-12-21T22:35:35-05:00[America/Lima] - 2025-12-22T01:35:35-05:00[America/Lima]
2025-12-21 22:33:38.507 [http-nio-8081-exec-8] INFO  com.dp1.backend.services.ACOService - Ejecutando ACO para: 
2025-12-21 22:33:38.507 [http-nio-8081-exec-8] INFO  com.dp1.backend.services.ACOService - Aeropuertos: 30
2025-12-21 22:33:38.508 [http-nio-8081-exec-8] INFO  com.dp1.backend.services.ACOService - Vuelos: 2866
2025-12-21 22:33:38.509 [http-nio-8081-exec-8] INFO  com.dp1.backend.services.ACOService - Envios: 672
2025-12-21 22:33:38.509 [http-nio-8081-exec-8] INFO  com.dp1.backend.services.ACOService - Paquetes: 1370
2025-12-21 22:33:46.907 [http-nio-8081-exec-8] INFO  com.dp1.backend.services.ACOService - Tiempo de ejecución: 8397 ms
2025-12-21 22:33:46.957 [http-nio-8081-exec-8] INFO  com.dp1.backend.services.ACOService - Paquetes entregados con función André: 1362
2025-12-21 22:33:47.040 [http-nio-8081-exec-8] INFO  com.dp1.backend.handlers.SocketConnectionHandler - Enviando resultado del algoritmo 'para los vuelos en el aire'
2025-12-21 22:33:47.053 [http-nio-8081-exec-8] INFO  com.dp1.backend.handlers.SocketConnectionHandler - Enviando # de vuelos en el aire: 42
2025-12-21 22:33:47.064 [http-nio-8081-exec-8] INFO  com.dp1.backend.handlers.SocketConnectionHandler - Enviando # de vuelos en el aire: 40
2025-12-21 22:33:52.482 [http-nio-8081-exec-3] INFO  com.dp1.backend.handlers.SocketConnectionHandler - Enviando # de vuelos en el aire: 48
2025-12-21 22:33:58.482 [http-nio-8081-exec-9] INFO  com.dp1.backend.handlers.SocketConnectionHandler - Enviando # de vuelos en el aire: 50
2025-12-21 22:34:04.479 [http-nio-8081-exec-6] INFO  com.dp1.backend.handlers.SocketConnectionHandler - Enviando # de vuelos en el aire: 34
2025-12-21 22:34:10.482 [http-nio-8081-exec-1] INFO  com.dp1.backend.handlers.SocketConnectionHandler - Enviando # de vuelos en el aire: 52
2025-12-21 22:34:16.478 [http-nio-8081-exec-8] INFO  com.dp1.backend.handlers.SocketConnectionHandler - Enviando # de vuelos en el aire: 46
2025-12-21 22:34:22.492 [http-nio-8081-exec-3] INFO  com.dp1.backend.handlers.SocketConnectionHandler - Enviando # de vuelos en el aire: 56
2025-12-21 22:34:24.474 [http-nio-8081-exec-6] INFO  com.dp1.backend.services.ACOService - Desde - hasta: 2025-12-22T01:39:35-05:00[America/Lima] - 2025-12-22T04:39:35-05:00[America/Lima]
2025-12-21 22:34:24.497 [http-nio-8081-exec-6] INFO  com.dp1.backend.services.ACOService - Ejecutando ACO para: 
2025-12-21 22:34:24.498 [http-nio-8081-exec-6] INFO  com.dp1.backend.services.ACOService - Aeropuertos: 30
2025-12-21 22:34:24.499 [http-nio-8081-exec-6] INFO  com.dp1.backend.services.ACOService - Vuelos: 2866
2025-12-21 22:34:24.499 [http-nio-8081-exec-6] INFO  com.dp1.backend.services.ACOService - Envios: 762
2025-12-21 22:34:24.501 [http-nio-8081-exec-6] INFO  com.dp1.backend.services.ACOService - Paquetes: 1435
2025-12-21 22:34:32.979 [http-nio-8081-exec-6] INFO  com.dp1.backend.services.ACOService - Tiempo de ejecución: 8477 ms
2025-12-21 22:34:33.027 [http-nio-8081-exec-6] INFO  com.dp1.backend.services.ACOService - Paquetes entregados con función André: 1424
2025-12-21 22:34:33.117 [http-nio-8081-exec-6] INFO  com.dp1.backend.handlers.SocketConnectionHandler - Enviando resultado del algoritmo 'para los vuelos en el aire'
2025-12-21 22:34:33.128 [http-nio-8081-exec-6] INFO  com.dp1.backend.handlers.SocketConnectionHandler - Enviando # de vuelos en el aire: 49
2025-12-21 22:34:34.491 [http-nio-8081-exec-8] INFO  com.dp1.backend.handlers.SocketConnectionHandler - Enviando # de vuelos en el aire: 61
2025-12-21 22:34:40.488 [http-nio-8081-exec-3] INFO  com.dp1.backend.handlers.SocketConnectionHandler - Enviando # de vuelos en el aire: 57
2025-12-21 22:34:46.478 [http-nio-8081-exec-9] INFO  com.dp1.backend.handlers.SocketConnectionHandler - Enviando # de vuelos en el aire: 44
2025-12-21 22:34:52.478 [http-nio-8081-exec-6] INFO  com.dp1.backend.handlers.SocketConnectionHandler - Enviando # de vuelos en el aire: 54
2025-12-21 22:34:58.489 [http-nio-8081-exec-1] INFO  com.dp1.backend.handlers.SocketConnectionHandler - Enviando # de vuelos en el aire: 46
2025-12-21 22:35:04.487 [http-nio-8081-exec-8] INFO  com.dp1.backend.handlers.SocketConnectionHandler - Enviando # de vuelos en el aire: 47
2025-12-21 22:35:07.995 [http-nio-8081-exec-1] INFO  com.dp1.backend.services.ClienteService - Creando cliente con datos: asfv buhnj gianfranco.mpc@gmail.com 
2025-12-21 22:35:08.243 [http-nio-8081-exec-1] INFO  com.dp1.backend.services.ClienteService - Cliente creado exitosamente con ID: 26
2025-12-21 22:35:08.314 [http-nio-8081-exec-4] INFO  com.dp1.backend.services.ClienteService - Creando cliente con datos: ewgre zzz fergegr@mp.com 
2025-12-21 22:35:08.343 [http-nio-8081-exec-4] INFO  com.dp1.backend.services.ClienteService - Cliente creado exitosamente con ID: 27
2025-12-21 22:35:08.408 [http-nio-8081-exec-3] INFO  com.dp1.backend.services.EnvioService - Envío llegando con fecha de salida desde frontend: null
2025-12-21 22:35:08.410 [http-nio-8081-exec-3] INFO  com.dp1.backend.services.EnvioService - Fecha de salida final: 2025-12-21T22:35:08.408996700-05:00
2025-12-21 22:35:08.435 [http-nio-8081-exec-3] INFO  com.dp1.backend.services.EnvioService - Todo bien hasta primer guardado
2025-12-21 22:35:08.489 [http-nio-8081-exec-3] INFO  com.dp1.backend.services.EnvioService - Todo bien hasta segundo guardado
2025-12-21 22:35:08.792 [http-nio-8081-exec-3] INFO  com.dp1.backend.services.EnvioService - Todo bien hasta guardado de paquetes
2025-12-21 22:35:08.830 [http-nio-8081-exec-6] INFO  com.dp1.backend.services.DatosEnMemoriaService - [NUEVO ENVIO] Cadena: SPIM-202512212235-20251221-22:35:00-LATI:12 | idEnvio asignado: 0 | codigo: SPIM202512212235
2025-12-21 22:35:08.831 [http-nio-8081-exec-6] INFO  com.dp1.backend.services.DatosEnMemoriaService - [VALIDADO] El envío con código SPIM202512212235 fue agregado correctamente.
2025-12-21 22:35:08.919 [http-nio-8081-exec-7] WARN  org.springframework.web.servlet.mvc.support.DefaultHandlerExceptionResolver - Resolved [org.springframework.web.method.annotation.MethodArgumentTypeMismatchException: Failed to convert value of type 'java.lang.String' to required type 'int'; For input string: "SPIM202512212235"]
2025-12-21 22:35:10.491 [http-nio-8081-exec-10] INFO  com.dp1.backend.handlers.SocketConnectionHandler - Enviando # de vuelos en el aire: 47
2025-12-21 22:35:10.493 [http-nio-8081-exec-10] INFO  com.dp1.backend.services.ACOService - Desde - hasta: 2025-12-22T04:43:35-05:00[America/Lima] - 2025-12-22T07:43:35-05:00[America/Lima]
2025-12-21 22:35:10.526 [http-nio-8081-exec-10] INFO  com.dp1.backend.services.ACOService - Ejecutando ACO para: 
2025-12-21 22:35:10.527 [http-nio-8081-exec-10] INFO  com.dp1.backend.services.ACOService - Aeropuertos: 30
2025-12-21 22:35:10.528 [http-nio-8081-exec-10] INFO  com.dp1.backend.services.ACOService - Vuelos: 2866
2025-12-21 22:35:10.529 [http-nio-8081-exec-10] INFO  com.dp1.backend.services.ACOService - Envios: 760
2025-12-21 22:35:10.530 [http-nio-8081-exec-10] INFO  com.dp1.backend.services.ACOService - Paquetes: 1331
2025-12-21 22:35:17.155 [http-nio-8081-exec-10] INFO  com.dp1.backend.services.ACOService - Tiempo de ejecución: 6624 ms
2025-12-21 22:35:17.190 [http-nio-8081-exec-10] INFO  com.dp1.backend.services.ACOService - Paquetes entregados con función André: 1327
2025-12-21 22:35:17.258 [http-nio-8081-exec-10] INFO  com.dp1.backend.handlers.SocketConnectionHandler - Enviando resultado del algoritmo 'para los vuelos en el aire'
2025-12-21 22:35:17.263 [http-nio-8081-exec-10] INFO  com.dp1.backend.handlers.SocketConnectionHandler - Enviando # de vuelos en el aire: 49
2025-12-21 22:35:17.380 [SpringApplicationShutdownHook] INFO  org.springframework.orm.jpa.LocalContainerEntityManagerFactoryBean - Closing JPA EntityManagerFactory for persistence unit 'default'
2025-12-21 22:35:17.385 [SpringApplicationShutdownHook] INFO  com.zaxxer.hikari.HikariDataSource - HikariPool-1 - Shutdown initiated...
2025-12-21 22:35:17.420 [SpringApplicationShutdownHook] INFO  com.zaxxer.hikari.HikariDataSource - HikariPool-1 - Shutdown completed.
2025-12-21 22:35:17.433 [SpringApplicationShutdownHook] INFO  com.dp1.backend.handlers.SocketConnectionHandler - 00fb9e06-d35f-4f2c-8054-22be492eb3ed  desconectado del socket
2025-12-21 22:44:30.326 [main] INFO  com.dp1.backend.BackendApplication - Starting BackendApplication using Java 24.0.1 with PID 13264 (C:\Users\Joseph\Documents\PUCP\25-2\Dp1\Nuevo\Back\MoraPack_Backend\target\classes started by Joseph in C:\Users\Joseph\Documents\PUCP\25-2\Dp1\Nuevo\Back\MoraPack_Backend)
2025-12-21 22:44:30.347 [main] INFO  com.dp1.backend.BackendApplication - No active profile set, falling back to 1 default profile: "default"
2025-12-21 22:44:32.202 [main] INFO  org.springframework.data.repository.config.RepositoryConfigurationDelegate - Bootstrapping Spring Data JPA repositories in DEFAULT mode.
2025-12-21 22:44:32.443 [main] INFO  org.springframework.data.repository.config.RepositoryConfigurationDelegate - Finished Spring Data repository scanning in 218 ms. Found 10 JPA repository interfaces.
2025-12-21 22:44:33.610 [main] INFO  org.springframework.boot.web.embedded.tomcat.TomcatWebServer - Tomcat initialized with port 8081 (http)
2025-12-21 22:44:33.641 [main] INFO  org.apache.coyote.http11.Http11NioProtocol - Initializing ProtocolHandler ["http-nio-8081"]
2025-12-21 22:44:33.649 [main] INFO  org.apache.catalina.core.StandardService - Starting service [Tomcat]
2025-12-21 22:44:33.650 [main] INFO  org.apache.catalina.core.StandardEngine - Starting Servlet engine: [Apache Tomcat/10.1.19]
2025-12-21 22:44:33.780 [main] INFO  org.apache.catalina.core.ContainerBase.[Tomcat].[localhost].[/api] - Initializing Spring embedded WebApplicationContext
2025-12-21 22:44:33.782 [main] INFO  org.springframework.boot.web.servlet.context.ServletWebServerApplicationContext - Root WebApplicationContext: initialization completed in 3341 ms
2025-12-21 22:44:34.120 [main] INFO  org.hibernate.jpa.internal.util.LogHelper - HHH000204: Processing PersistenceUnitInfo [name: default]
2025-12-21 22:44:34.283 [main] INFO  org.hibernate.Version - HHH000412: Hibernate ORM core version 6.4.4.Final
2025-12-21 22:44:34.371 [main] INFO  org.hibernate.cache.internal.RegionFactoryInitiator - HHH000026: Second-level cache disabled
2025-12-21 22:44:34.867 [main] INFO  org.springframework.orm.jpa.persistenceunit.SpringPersistenceUnitInfo - No LoadTimeWeaver setup: ignoring JPA class transformer
2025-12-21 22:44:34.934 [main] WARN  com.zaxxer.hikari.HikariConfig - HikariPool-1 - idleTimeout has been set but has no effect because the pool is operating as a fixed size pool.
2025-12-21 22:44:34.935 [main] INFO  com.zaxxer.hikari.HikariDataSource - HikariPool-1 - Starting...
2025-12-21 22:44:35.252 [main] INFO  com.zaxxer.hikari.pool.HikariPool - HikariPool-1 - Added connection com.mysql.cj.jdbc.ConnectionImpl@158e6fc2
2025-12-21 22:44:35.256 [main] INFO  com.zaxxer.hikari.HikariDataSource - HikariPool-1 - Start completed.
2025-12-21 22:44:37.881 [main] INFO  org.hibernate.engine.transaction.jta.platform.internal.JtaPlatformInitiator - HHH000489: No JTA platform available (set 'hibernate.transaction.jta.platform' to enable JTA platform integration)
2025-12-21 22:44:38.148 [main] INFO  org.springframework.orm.jpa.LocalContainerEntityManagerFactoryBean - Initialized JPA EntityManagerFactory for persistence unit 'default'
2025-12-21 22:44:38.177 [main] INFO  com.dp1.backend.services.DatosEnMemoriaService - Inicializando DatosEnMemoriaService con working directory: C:\Users\Joseph\Documents\PUCP\25-2\Dp1\Nuevo\Back\MoraPack_Backend
2025-12-21 22:44:38.191 [main] INFO  com.dp1.backend.services.DatosEnMemoriaService - Aeropuertos cargados: 30
2025-12-21 22:44:38.319 [main] INFO  com.dp1.backend.services.DatosEnMemoriaService - Vuelos cargados: 2866
2025-12-21 22:44:38.853 [main] INFO  com.dp1.backend.services.DatosEnMemoriaService - Leyendo rutas posibles
2025-12-21 22:44:39.127 [main] INFO  com.dp1.backend.services.DatosEnMemoriaService - Colecciones rutas: 0
2025-12-21 22:44:39.127 [main] INFO  com.dp1.backend.services.DatosEnMemoriaService - Rutas posibles set: 0
2025-12-21 22:44:39.412 [main] INFO  org.springframework.data.jpa.repository.query.QueryEnhancerFactory - Hibernate is in classpath; If applicable, HQL parser will be used.
2025-12-21 22:44:40.450 [main] WARN  org.springframework.boot.autoconfigure.orm.jpa.JpaBaseConfiguration$JpaWebConfiguration - spring.jpa.open-in-view is enabled by default. Therefore, database queries may be performed during view rendering. Explicitly configure spring.jpa.open-in-view to disable this warning
2025-12-21 22:44:41.191 [main] INFO  org.apache.coyote.http11.Http11NioProtocol - Starting ProtocolHandler ["http-nio-8081"]
2025-12-21 22:44:41.256 [main] INFO  org.springframework.boot.web.embedded.tomcat.TomcatWebServer - Tomcat started on port 8081 (http) with context path '/api'
2025-12-21 22:44:41.291 [main] INFO  com.dp1.backend.BackendApplication - Started BackendApplication in 11.815 seconds (process running for 15.077)
2025-12-21 22:45:38.403 [http-nio-8081-exec-1] INFO  org.apache.catalina.core.ContainerBase.[Tomcat].[localhost].[/api] - Initializing Spring DispatcherServlet 'dispatcherServlet'
2025-12-21 22:45:38.404 [http-nio-8081-exec-1] INFO  org.springframework.web.servlet.DispatcherServlet - Initializing Servlet 'dispatcherServlet'
2025-12-21 22:45:38.407 [http-nio-8081-exec-1] INFO  org.springframework.web.servlet.DispatcherServlet - Completed initialization in 3 ms
2025-12-21 22:45:38.643 [http-nio-8081-exec-2] INFO  com.dp1.backend.handlers.SocketConnectionHandler - f32e71c6-8ed1-827d-81dd-438693f6990f  conectado al socket
2025-12-21 22:45:38.681 [http-nio-8081-exec-2] INFO  com.dp1.backend.services.DatosEnMemoriaService - Leyendo archivo: data\envios\pack_enviado_EDDI_.txt
2025-12-21 22:45:39.142 [http-nio-8081-exec-2] INFO  com.dp1.backend.services.DatosEnMemoriaService - Leyendo archivo: data\envios\pack_enviado_EHAM_.txt
2025-12-21 22:45:39.598 [http-nio-8081-exec-2] INFO  com.dp1.backend.services.DatosEnMemoriaService - Leyendo archivo: data\envios\pack_enviado_EKCH_.txt
2025-12-21 22:45:39.995 [http-nio-8081-exec-2] INFO  com.dp1.backend.services.DatosEnMemoriaService - Leyendo archivo: data\envios\pack_enviado_LATI_.txt
2025-12-21 22:45:40.359 [http-nio-8081-exec-2] INFO  com.dp1.backend.services.DatosEnMemoriaService - Leyendo archivo: data\envios\pack_enviado_LBSF_.txt
2025-12-21 22:45:40.656 [http-nio-8081-exec-2] INFO  com.dp1.backend.services.DatosEnMemoriaService - Leyendo archivo: data\envios\pack_enviado_LDZA_.txt
2025-12-21 22:45:40.927 [http-nio-8081-exec-2] INFO  com.dp1.backend.services.DatosEnMemoriaService - Leyendo archivo: data\envios\pack_enviado_LKPR_.txt
2025-12-21 22:45:41.265 [http-nio-8081-exec-2] INFO  com.dp1.backend.services.DatosEnMemoriaService - Leyendo archivo: data\envios\pack_enviado_LOWW_.txt
2025-12-21 22:45:41.722 [http-nio-8081-exec-2] INFO  com.dp1.backend.services.DatosEnMemoriaService - Leyendo archivo: data\envios\pack_enviado_OAKB_.txt
2025-12-21 22:45:42.078 [http-nio-8081-exec-2] INFO  com.dp1.backend.services.DatosEnMemoriaService - Leyendo archivo: data\envios\pack_enviado_OERK_.txt
2025-12-21 22:45:42.426 [http-nio-8081-exec-2] INFO  com.dp1.backend.services.DatosEnMemoriaService - Leyendo archivo: data\envios\pack_enviado_OJAI_.txt
2025-12-21 22:45:42.684 [http-nio-8081-exec-2] INFO  com.dp1.backend.services.DatosEnMemoriaService - Leyendo archivo: data\envios\pack_enviado_OMDB_.txt
2025-12-21 22:45:43.019 [http-nio-8081-exec-2] INFO  com.dp1.backend.services.DatosEnMemoriaService - Leyendo archivo: data\envios\pack_enviado_OOMS_.txt
2025-12-21 22:45:43.253 [http-nio-8081-exec-2] INFO  com.dp1.backend.services.DatosEnMemoriaService - Leyendo archivo: data\envios\pack_enviado_OPKC_.txt
2025-12-21 22:45:43.551 [http-nio-8081-exec-2] INFO  com.dp1.backend.services.DatosEnMemoriaService - Leyendo archivo: data\envios\pack_enviado_OSDI_.txt
2025-12-21 22:45:43.882 [http-nio-8081-exec-2] INFO  com.dp1.backend.services.DatosEnMemoriaService - Leyendo archivo: data\envios\pack_enviado_OYSN_.txt
2025-12-21 22:45:44.222 [http-nio-8081-exec-2] INFO  com.dp1.backend.services.DatosEnMemoriaService - Leyendo archivo: data\envios\pack_enviado_SABE_.txt
2025-12-21 22:45:44.442 [http-nio-8081-exec-2] INFO  com.dp1.backend.services.DatosEnMemoriaService - Leyendo archivo: data\envios\pack_enviado_SBBR_.txt
2025-12-21 22:45:44.738 [http-nio-8081-exec-2] INFO  com.dp1.backend.services.DatosEnMemoriaService - Leyendo archivo: data\envios\pack_enviado_SCEL_.txt
2025-12-21 22:45:45.062 [http-nio-8081-exec-2] INFO  com.dp1.backend.services.DatosEnMemoriaService - Leyendo archivo: data\envios\pack_enviado_SEQM_.txt
2025-12-21 22:45:45.370 [http-nio-8081-exec-2] INFO  com.dp1.backend.services.DatosEnMemoriaService - Leyendo archivo: data\envios\pack_enviado_SGAS_.txt
2025-12-21 22:45:45.708 [http-nio-8081-exec-2] INFO  com.dp1.backend.services.DatosEnMemoriaService - Leyendo archivo: data\envios\pack_enviado_SKBO_.txt
2025-12-21 22:45:46.013 [http-nio-8081-exec-2] INFO  com.dp1.backend.services.DatosEnMemoriaService - Leyendo archivo: data\envios\pack_enviado_SLLP_.txt
2025-12-21 22:45:46.258 [http-nio-8081-exec-2] INFO  com.dp1.backend.services.DatosEnMemoriaService - Leyendo archivo: data\envios\pack_enviado_SUAA_.txt
2025-12-21 22:45:46.695 [http-nio-8081-exec-2] INFO  com.dp1.backend.services.DatosEnMemoriaService - Leyendo archivo: data\envios\pack_enviado_SVMI_.txt
2025-12-21 22:45:47.132 [http-nio-8081-exec-2] INFO  com.dp1.backend.services.DatosEnMemoriaService - Leyendo archivo: data\envios\pack_enviado_UMMS_.txt
2025-12-21 22:45:47.447 [http-nio-8081-exec-2] INFO  com.dp1.backend.services.DatosEnMemoriaService - Leyendo archivo: data\envios\pack_enviado_VIDP_.txt
2025-12-21 22:45:47.709 [http-nio-8081-exec-2] INFO  com.dp1.backend.services.DatosEnMemoriaService - Envios cargados: 48678
2025-12-21 22:45:47.746 [http-nio-8081-exec-2] INFO  com.dp1.backend.services.ACOService - Ejecutando ACO para: 
2025-12-21 22:45:47.747 [http-nio-8081-exec-2] INFO  com.dp1.backend.services.ACOService - Aeropuertos: 30
2025-12-21 22:45:47.747 [http-nio-8081-exec-2] INFO  com.dp1.backend.services.ACOService - Vuelos: 2866
2025-12-21 22:45:47.748 [http-nio-8081-exec-2] INFO  com.dp1.backend.services.ACOService - Envios: 4607
2025-12-21 22:45:47.749 [http-nio-8081-exec-2] INFO  com.dp1.backend.services.ACOService - Paquetes: 9458
2025-12-21 22:46:51.726 [http-nio-8081-exec-2] INFO  com.dp1.backend.services.ACOService - Tiempo de ejecución: 63977 ms
2025-12-21 22:46:52.381 [http-nio-8081-exec-2] INFO  com.dp1.backend.services.ACOService - Paquetes entregados con función André: 9291
2025-12-21 22:46:53.034 [http-nio-8081-exec-2] INFO  com.dp1.backend.handlers.SocketConnectionHandler - Enviando # de vuelos en el aire: inicio1201
2025-12-21 22:47:00.148 [http-nio-8081-exec-9] INFO  com.dp1.backend.handlers.SocketConnectionHandler - Enviando # de vuelos en el aire: 52
2025-12-21 22:47:06.149 [http-nio-8081-exec-5] INFO  com.dp1.backend.handlers.SocketConnectionHandler - Enviando # de vuelos en el aire: 50
2025-12-21 22:47:12.183 [http-nio-8081-exec-1] INFO  com.dp1.backend.handlers.SocketConnectionHandler - Enviando # de vuelos en el aire: 43
2025-12-21 22:47:18.156 [http-nio-8081-exec-7] INFO  com.dp1.backend.handlers.SocketConnectionHandler - Enviando # de vuelos en el aire: 51
2025-12-21 22:47:24.157 [http-nio-8081-exec-2] INFO  com.dp1.backend.handlers.SocketConnectionHandler - Enviando # de vuelos en el aire: 46
2025-12-21 22:47:30.150 [http-nio-8081-exec-9] INFO  com.dp1.backend.handlers.SocketConnectionHandler - Enviando # de vuelos en el aire: 52
2025-12-21 22:47:36.156 [http-nio-8081-exec-5] INFO  com.dp1.backend.handlers.SocketConnectionHandler - Enviando # de vuelos en el aire: 47
2025-12-21 22:47:40.141 [http-nio-8081-exec-9] INFO  com.dp1.backend.services.ACOService - Desde - hasta: 2025-12-21T22:49:38-05:00[America/Lima] - 2025-12-22T01:49:38-05:00[America/Lima]
2025-12-21 22:47:40.165 [http-nio-8081-exec-9] INFO  com.dp1.backend.services.ACOService - Ejecutando ACO para: 
2025-12-21 22:47:40.165 [http-nio-8081-exec-9] INFO  com.dp1.backend.services.ACOService - Aeropuertos: 30
2025-12-21 22:47:40.166 [http-nio-8081-exec-9] INFO  com.dp1.backend.services.ACOService - Vuelos: 2866
2025-12-21 22:47:40.167 [http-nio-8081-exec-9] INFO  com.dp1.backend.services.ACOService - Envios: 702
2025-12-21 22:47:40.168 [http-nio-8081-exec-9] INFO  com.dp1.backend.services.ACOService - Paquetes: 1425
2025-12-21 22:47:49.050 [http-nio-8081-exec-9] INFO  com.dp1.backend.services.ACOService - Tiempo de ejecución: 8879 ms
2025-12-21 22:47:49.089 [http-nio-8081-exec-9] INFO  com.dp1.backend.services.ACOService - Paquetes entregados con función André: 1418
2025-12-21 22:47:49.174 [http-nio-8081-exec-9] INFO  com.dp1.backend.handlers.SocketConnectionHandler - Enviando resultado del algoritmo 'para los vuelos en el aire'
2025-12-21 22:47:49.186 [http-nio-8081-exec-9] INFO  com.dp1.backend.handlers.SocketConnectionHandler - Enviando # de vuelos en el aire: 38
2025-12-21 22:47:49.198 [http-nio-8081-exec-9] INFO  com.dp1.backend.handlers.SocketConnectionHandler - Enviando # de vuelos en el aire: 49
2025-12-21 22:47:54.155 [http-nio-8081-exec-4] INFO  com.dp1.backend.handlers.SocketConnectionHandler - Enviando # de vuelos en el aire: 53
2025-12-21 22:48:00.154 [http-nio-8081-exec-10] INFO  com.dp1.backend.handlers.SocketConnectionHandler - Enviando # de vuelos en el aire: 39
2025-12-21 22:48:06.145 [http-nio-8081-exec-8] INFO  com.dp1.backend.handlers.SocketConnectionHandler - Enviando # de vuelos en el aire: 36
2025-12-21 22:48:12.152 [http-nio-8081-exec-4] INFO  com.dp1.backend.handlers.SocketConnectionHandler - Enviando # de vuelos en el aire: 56
2025-12-21 22:48:18.147 [http-nio-8081-exec-10] INFO  com.dp1.backend.handlers.SocketConnectionHandler - Enviando # de vuelos en el aire: 49
2025-12-21 22:48:22.098 [http-nio-8081-exec-5] INFO  com.dp1.backend.services.ClienteService - Creando cliente con datos: oalaa oal mr@cc.com 
2025-12-21 22:48:22.303 [http-nio-8081-exec-5] INFO  com.dp1.backend.services.ClienteService - Cliente creado exitosamente con ID: 28
2025-12-21 22:48:22.363 [http-nio-8081-exec-7] INFO  com.dp1.backend.services.ClienteService - Creando cliente con datos: Paco fewfer aa@cc.com 
2025-12-21 22:48:22.380 [http-nio-8081-exec-7] INFO  com.dp1.backend.services.ClienteService - Cliente creado exitosamente con ID: 29
2025-12-21 22:48:22.495 [http-nio-8081-exec-9] INFO  com.dp1.backend.services.EnvioService - Envío llegando con fecha de salida desde frontend: null
2025-12-21 22:48:22.496 [http-nio-8081-exec-9] INFO  com.dp1.backend.services.EnvioService - Fecha de salida final: 2025-12-21T22:48:22.495136800-05:00
2025-12-21 22:48:22.528 [http-nio-8081-exec-9] INFO  com.dp1.backend.services.EnvioService - Todo bien hasta primer guardado
2025-12-21 22:48:22.583 [http-nio-8081-exec-9] INFO  com.dp1.backend.services.EnvioService - Todo bien hasta segundo guardado
2025-12-21 22:48:22.832 [http-nio-8081-exec-9] INFO  com.dp1.backend.services.EnvioService - Todo bien hasta guardado de paquetes
2025-12-21 22:48:22.880 [http-nio-8081-exec-1] INFO  com.dp1.backend.services.DatosEnMemoriaService - [NUEVO ENVIO] Cadena: SPIM-202512212248-20251221-22:48:00-LOWW:13 | idEnvio asignado: 0 | codigo: SPIM202512212248
2025-12-21 22:48:22.882 [http-nio-8081-exec-1] INFO  com.dp1.backend.services.DatosEnMemoriaService - [VALIDADO] El envío con código SPIM202512212248 fue agregado correctamente.
2025-12-21 22:48:24.164 [http-nio-8081-exec-4] INFO  com.dp1.backend.handlers.SocketConnectionHandler - Enviando # de vuelos en el aire: 53
2025-12-21 22:48:26.151 [http-nio-8081-exec-5] INFO  com.dp1.backend.services.ACOService - Desde - hasta: 2025-12-22T01:53:38-05:00[America/Lima] - 2025-12-22T04:53:38-05:00[America/Lima]
2025-12-21 22:48:26.171 [http-nio-8081-exec-5] INFO  com.dp1.backend.services.ACOService - Ejecutando ACO para: 
2025-12-21 22:48:26.172 [http-nio-8081-exec-5] INFO  com.dp1.backend.services.ACOService - Aeropuertos: 30
2025-12-21 22:48:26.172 [http-nio-8081-exec-5] INFO  com.dp1.backend.services.ACOService - Vuelos: 2866
2025-12-21 22:48:26.173 [http-nio-8081-exec-5] INFO  com.dp1.backend.services.ACOService - Envios: 746
2025-12-21 22:48:26.173 [http-nio-8081-exec-5] INFO  com.dp1.backend.services.ACOService - Paquetes: 1415
2025-12-21 22:48:34.066 [http-nio-8081-exec-5] INFO  com.dp1.backend.services.ACOService - Tiempo de ejecución: 7892 ms
2025-12-21 22:48:34.103 [http-nio-8081-exec-5] INFO  com.dp1.backend.services.ACOService - Paquetes entregados con función André: 1408
2025-12-21 22:48:34.161 [http-nio-8081-exec-5] INFO  com.dp1.backend.handlers.SocketConnectionHandler - f32e71c6-8ed1-827d-81dd-438693f6990f  desconectado del socket
2025-12-21 22:48:34.163 [http-nio-8081-exec-5] ERROR com.dp1.backend.handlers.SocketConnectionHandler - Error en ejecución del algoritmo: The current thread was interrupted while waiting for a blocking send to complete
2025-12-21 22:48:34.175 [SpringApplicationShutdownHook] INFO  org.springframework.orm.jpa.LocalContainerEntityManagerFactoryBean - Closing JPA EntityManagerFactory for persistence unit 'default'
2025-12-21 22:48:34.183 [SpringApplicationShutdownHook] INFO  com.zaxxer.hikari.HikariDataSource - HikariPool-1 - Shutdown initiated...
2025-12-21 22:48:34.215 [SpringApplicationShutdownHook] INFO  com.zaxxer.hikari.HikariDataSource - HikariPool-1 - Shutdown completed.
2025-12-21 22:55:34.197 [main] INFO  com.dp1.backend.BackendApplication - Starting BackendApplication using Java 24.0.1 with PID 17920 (C:\Users\Joseph\Documents\PUCP\25-2\Dp1\Nuevo\Back\MoraPack_Backend\target\classes started by Joseph in C:\Users\Joseph\Documents\PUCP\25-2\Dp1\Nuevo\Back\MoraPack_Backend)
2025-12-21 22:55:34.226 [main] INFO  com.dp1.backend.BackendApplication - No active profile set, falling back to 1 default profile: "default"
2025-12-21 22:55:36.639 [main] INFO  org.springframework.data.repository.config.RepositoryConfigurationDelegate - Bootstrapping Spring Data JPA repositories in DEFAULT mode.
2025-12-21 22:55:36.833 [main] INFO  org.springframework.data.repository.config.RepositoryConfigurationDelegate - Finished Spring Data repository scanning in 174 ms. Found 10 JPA repository interfaces.
2025-12-21 22:55:38.301 [main] INFO  org.springframework.boot.web.embedded.tomcat.TomcatWebServer - Tomcat initialized with port 8081 (http)
2025-12-21 22:55:38.336 [main] INFO  org.apache.coyote.http11.Http11NioProtocol - Initializing ProtocolHandler ["http-nio-8081"]
2025-12-21 22:55:38.343 [main] INFO  org.apache.catalina.core.StandardService - Starting service [Tomcat]
2025-12-21 22:55:38.344 [main] INFO  org.apache.catalina.core.StandardEngine - Starting Servlet engine: [Apache Tomcat/10.1.19]
2025-12-21 22:55:38.467 [main] INFO  org.apache.catalina.core.ContainerBase.[Tomcat].[localhost].[/api] - Initializing Spring embedded WebApplicationContext
2025-12-21 22:55:38.469 [main] INFO  org.springframework.boot.web.servlet.context.ServletWebServerApplicationContext - Root WebApplicationContext: initialization completed in 4120 ms
2025-12-21 22:55:38.849 [main] INFO  org.hibernate.jpa.internal.util.LogHelper - HHH000204: Processing PersistenceUnitInfo [name: default]
2025-12-21 22:55:39.010 [main] INFO  org.hibernate.Version - HHH000412: Hibernate ORM core version 6.4.4.Final
2025-12-21 22:55:39.105 [main] INFO  org.hibernate.cache.internal.RegionFactoryInitiator - HHH000026: Second-level cache disabled
2025-12-21 22:55:39.610 [main] INFO  org.springframework.orm.jpa.persistenceunit.SpringPersistenceUnitInfo - No LoadTimeWeaver setup: ignoring JPA class transformer
2025-12-21 22:55:39.678 [main] WARN  com.zaxxer.hikari.HikariConfig - HikariPool-1 - idleTimeout has been set but has no effect because the pool is operating as a fixed size pool.
2025-12-21 22:55:39.679 [main] INFO  com.zaxxer.hikari.HikariDataSource - HikariPool-1 - Starting...
2025-12-21 22:55:40.006 [main] INFO  com.zaxxer.hikari.pool.HikariPool - HikariPool-1 - Added connection com.mysql.cj.jdbc.ConnectionImpl@56b66a26
2025-12-21 22:55:40.010 [main] INFO  com.zaxxer.hikari.HikariDataSource - HikariPool-1 - Start completed.
2025-12-21 22:55:42.709 [main] INFO  org.hibernate.engine.transaction.jta.platform.internal.JtaPlatformInitiator - HHH000489: No JTA platform available (set 'hibernate.transaction.jta.platform' to enable JTA platform integration)
2025-12-21 22:55:42.990 [main] INFO  org.springframework.orm.jpa.LocalContainerEntityManagerFactoryBean - Initialized JPA EntityManagerFactory for persistence unit 'default'
2025-12-21 22:55:43.022 [main] INFO  com.dp1.backend.services.DatosEnMemoriaService - Inicializando DatosEnMemoriaService con working directory: C:\Users\Joseph\Documents\PUCP\25-2\Dp1\Nuevo\Back\MoraPack_Backend
2025-12-21 22:55:43.038 [main] INFO  com.dp1.backend.services.DatosEnMemoriaService - Aeropuertos cargados: 30
2025-12-21 22:55:43.117 [main] INFO  com.dp1.backend.services.DatosEnMemoriaService - Vuelos cargados: 2866
2025-12-21 22:55:43.612 [main] INFO  com.dp1.backend.services.DatosEnMemoriaService - Leyendo rutas posibles
2025-12-21 22:55:43.906 [main] INFO  com.dp1.backend.services.DatosEnMemoriaService - Colecciones rutas: 0
2025-12-21 22:55:43.907 [main] INFO  com.dp1.backend.services.DatosEnMemoriaService - Rutas posibles set: 0
2025-12-21 22:55:44.214 [main] INFO  org.springframework.data.jpa.repository.query.QueryEnhancerFactory - Hibernate is in classpath; If applicable, HQL parser will be used.
2025-12-21 22:55:45.432 [main] WARN  org.springframework.boot.autoconfigure.orm.jpa.JpaBaseConfiguration$JpaWebConfiguration - spring.jpa.open-in-view is enabled by default. Therefore, database queries may be performed during view rendering. Explicitly configure spring.jpa.open-in-view to disable this warning
2025-12-21 22:55:46.169 [main] INFO  org.apache.coyote.http11.Http11NioProtocol - Starting ProtocolHandler ["http-nio-8081"]
2025-12-21 22:55:46.227 [main] INFO  org.springframework.boot.web.embedded.tomcat.TomcatWebServer - Tomcat started on port 8081 (http) with context path '/api'
2025-12-21 22:55:46.241 [main] INFO  com.dp1.backend.BackendApplication - Started BackendApplication in 13.024 seconds (process running for 15.652)
2025-12-21 22:56:46.955 [http-nio-8081-exec-2] INFO  org.apache.catalina.core.ContainerBase.[Tomcat].[localhost].[/api] - Initializing Spring DispatcherServlet 'dispatcherServlet'
2025-12-21 22:56:46.961 [http-nio-8081-exec-2] INFO  org.springframework.web.servlet.DispatcherServlet - Initializing Servlet 'dispatcherServlet'
2025-12-21 22:56:46.973 [http-nio-8081-exec-2] INFO  org.springframework.web.servlet.DispatcherServlet - Completed initialization in 11 ms
2025-12-21 22:56:47.213 [http-nio-8081-exec-1] INFO  com.dp1.backend.handlers.SocketConnectionHandler - 999c9e06-8c1d-66a3-c3cb-dcaf5b6d1b45  conectado al socket
2025-12-21 22:56:47.256 [http-nio-8081-exec-1] INFO  com.dp1.backend.services.DatosEnMemoriaService - Leyendo archivo: data\envios\pack_enviado_EDDI_.txt
2025-12-21 22:56:47.722 [http-nio-8081-exec-1] INFO  com.dp1.backend.services.DatosEnMemoriaService - Leyendo archivo: data\envios\pack_enviado_EHAM_.txt
2025-12-21 22:56:48.301 [http-nio-8081-exec-1] INFO  com.dp1.backend.services.DatosEnMemoriaService - Leyendo archivo: data\envios\pack_enviado_EKCH_.txt
2025-12-21 22:56:48.775 [http-nio-8081-exec-1] INFO  com.dp1.backend.services.DatosEnMemoriaService - Leyendo archivo: data\envios\pack_enviado_LATI_.txt
2025-12-21 22:56:49.169 [http-nio-8081-exec-1] INFO  com.dp1.backend.services.DatosEnMemoriaService - Leyendo archivo: data\envios\pack_enviado_LBSF_.txt
2025-12-21 22:56:49.514 [http-nio-8081-exec-1] INFO  com.dp1.backend.services.DatosEnMemoriaService - Leyendo archivo: data\envios\pack_enviado_LDZA_.txt
2025-12-21 22:56:49.782 [http-nio-8081-exec-1] INFO  com.dp1.backend.services.DatosEnMemoriaService - Leyendo archivo: data\envios\pack_enviado_LKPR_.txt
2025-12-21 22:56:50.136 [http-nio-8081-exec-1] INFO  com.dp1.backend.services.DatosEnMemoriaService - Leyendo archivo: data\envios\pack_enviado_LOWW_.txt
2025-12-21 22:56:50.591 [http-nio-8081-exec-1] INFO  com.dp1.backend.services.DatosEnMemoriaService - Leyendo archivo: data\envios\pack_enviado_OAKB_.txt
2025-12-21 22:56:50.908 [http-nio-8081-exec-1] INFO  com.dp1.backend.services.DatosEnMemoriaService - Leyendo archivo: data\envios\pack_enviado_OERK_.txt
2025-12-21 22:56:51.251 [http-nio-8081-exec-1] INFO  com.dp1.backend.services.DatosEnMemoriaService - Leyendo archivo: data\envios\pack_enviado_OJAI_.txt
2025-12-21 22:56:51.598 [http-nio-8081-exec-1] INFO  com.dp1.backend.services.DatosEnMemoriaService - Leyendo archivo: data\envios\pack_enviado_OMDB_.txt
2025-12-21 22:56:51.910 [http-nio-8081-exec-1] INFO  com.dp1.backend.services.DatosEnMemoriaService - Leyendo archivo: data\envios\pack_enviado_OOMS_.txt
2025-12-21 22:56:52.261 [http-nio-8081-exec-1] INFO  com.dp1.backend.services.DatosEnMemoriaService - Leyendo archivo: data\envios\pack_enviado_OPKC_.txt
2025-12-21 22:56:52.637 [http-nio-8081-exec-1] INFO  com.dp1.backend.services.DatosEnMemoriaService - Leyendo archivo: data\envios\pack_enviado_OSDI_.txt
2025-12-21 22:56:52.973 [http-nio-8081-exec-1] INFO  com.dp1.backend.services.DatosEnMemoriaService - Leyendo archivo: data\envios\pack_enviado_OYSN_.txt
2025-12-21 22:56:53.294 [http-nio-8081-exec-1] INFO  com.dp1.backend.services.DatosEnMemoriaService - Leyendo archivo: data\envios\pack_enviado_SABE_.txt
2025-12-21 22:56:53.569 [http-nio-8081-exec-1] INFO  com.dp1.backend.services.DatosEnMemoriaService - Leyendo archivo: data\envios\pack_enviado_SBBR_.txt
2025-12-21 22:56:53.967 [http-nio-8081-exec-1] INFO  com.dp1.backend.services.DatosEnMemoriaService - Leyendo archivo: data\envios\pack_enviado_SCEL_.txt
2025-12-21 22:56:54.315 [http-nio-8081-exec-1] INFO  com.dp1.backend.services.DatosEnMemoriaService - Leyendo archivo: data\envios\pack_enviado_SEQM_.txt
2025-12-21 22:56:54.677 [http-nio-8081-exec-1] INFO  com.dp1.backend.services.DatosEnMemoriaService - Leyendo archivo: data\envios\pack_enviado_SGAS_.txt
2025-12-21 22:56:55.064 [http-nio-8081-exec-1] INFO  com.dp1.backend.services.DatosEnMemoriaService - Leyendo archivo: data\envios\pack_enviado_SKBO_.txt
2025-12-21 22:56:55.468 [http-nio-8081-exec-1] INFO  com.dp1.backend.services.DatosEnMemoriaService - Leyendo archivo: data\envios\pack_enviado_SLLP_.txt
2025-12-21 22:56:55.745 [http-nio-8081-exec-1] INFO  com.dp1.backend.services.DatosEnMemoriaService - Leyendo archivo: data\envios\pack_enviado_SUAA_.txt
2025-12-21 22:56:56.153 [http-nio-8081-exec-1] INFO  com.dp1.backend.services.DatosEnMemoriaService - Leyendo archivo: data\envios\pack_enviado_SVMI_.txt
2025-12-21 22:56:56.666 [http-nio-8081-exec-1] INFO  com.dp1.backend.services.DatosEnMemoriaService - Leyendo archivo: data\envios\pack_enviado_UMMS_.txt
2025-12-21 22:56:56.975 [http-nio-8081-exec-1] INFO  com.dp1.backend.services.DatosEnMemoriaService - Leyendo archivo: data\envios\pack_enviado_VIDP_.txt
2025-12-21 22:56:57.368 [http-nio-8081-exec-1] INFO  com.dp1.backend.services.DatosEnMemoriaService - Envios cargados: 48649
2025-12-21 22:56:57.427 [http-nio-8081-exec-1] INFO  com.dp1.backend.services.ACOService - Ejecutando ACO para: 
2025-12-21 22:56:57.428 [http-nio-8081-exec-1] INFO  com.dp1.backend.services.ACOService - Aeropuertos: 30
2025-12-21 22:56:57.430 [http-nio-8081-exec-1] INFO  com.dp1.backend.services.ACOService - Vuelos: 2866
2025-12-21 22:56:57.431 [http-nio-8081-exec-1] INFO  com.dp1.backend.services.ACOService - Envios: 4612
2025-12-21 22:56:57.432 [http-nio-8081-exec-1] INFO  com.dp1.backend.services.ACOService - Paquetes: 9460
2025-12-21 22:58:01.629 [http-nio-8081-exec-1] INFO  com.dp1.backend.services.ACOService - Tiempo de ejecución: 64197 ms
2025-12-21 22:58:02.374 [http-nio-8081-exec-1] INFO  com.dp1.backend.services.ACOService - Paquetes entregados con función André: 9296
2025-12-21 22:58:03.037 [http-nio-8081-exec-1] INFO  com.dp1.backend.handlers.SocketConnectionHandler - Enviando # de vuelos en el aire: inicio1203
2025-12-21 22:58:09.994 [http-nio-8081-exec-9] INFO  com.dp1.backend.handlers.SocketConnectionHandler - Enviando # de vuelos en el aire: 54
2025-12-21 22:58:16.290 [http-nio-8081-exec-5] INFO  com.dp1.backend.handlers.SocketConnectionHandler - Enviando # de vuelos en el aire: 48
2025-12-21 22:58:22.282 [http-nio-8081-exec-2] INFO  com.dp1.backend.handlers.SocketConnectionHandler - Enviando # de vuelos en el aire: 45
2025-12-21 22:58:27.998 [http-nio-8081-exec-7] INFO  com.dp1.backend.handlers.SocketConnectionHandler - Enviando # de vuelos en el aire: 46
2025-12-21 22:58:33.986 [http-nio-8081-exec-1] INFO  com.dp1.backend.handlers.SocketConnectionHandler - Enviando # de vuelos en el aire: 43
2025-12-21 22:58:40.025 [http-nio-8081-exec-10] INFO  com.dp1.backend.handlers.SocketConnectionHandler - Enviando # de vuelos en el aire: 62
2025-12-21 22:58:45.985 [http-nio-8081-exec-6] INFO  com.dp1.backend.handlers.SocketConnectionHandler - Enviando # de vuelos en el aire: 42
2025-12-21 22:58:49.985 [http-nio-8081-exec-10] INFO  com.dp1.backend.services.ACOService - Desde - hasta: 2025-12-21T23:00:46-05:00[America/Lima] - 2025-12-22T02:00:46-05:00[America/Lima]
2025-12-21 22:58:50.010 [http-nio-8081-exec-10] INFO  com.dp1.backend.services.ACOService - Ejecutando ACO para: 
2025-12-21 22:58:50.010 [http-nio-8081-exec-10] INFO  com.dp1.backend.services.ACOService - Aeropuertos: 30
2025-12-21 22:58:50.011 [http-nio-8081-exec-10] INFO  com.dp1.backend.services.ACOService - Vuelos: 2866
2025-12-21 22:58:50.012 [http-nio-8081-exec-10] INFO  com.dp1.backend.services.ACOService - Envios: 717
2025-12-21 22:58:50.013 [http-nio-8081-exec-10] INFO  com.dp1.backend.services.ACOService - Paquetes: 1466
2025-12-21 22:58:58.166 [http-nio-8081-exec-10] INFO  com.dp1.backend.services.ACOService - Tiempo de ejecución: 8152 ms
2025-12-21 22:58:58.211 [http-nio-8081-exec-10] INFO  com.dp1.backend.services.ACOService - Paquetes entregados con función André: 1460
2025-12-21 22:58:58.294 [http-nio-8081-exec-10] INFO  com.dp1.backend.handlers.SocketConnectionHandler - Enviando resultado del algoritmo 'para los vuelos en el aire'
2025-12-21 22:58:58.303 [http-nio-8081-exec-10] INFO  com.dp1.backend.handlers.SocketConnectionHandler - Enviando # de vuelos en el aire: 41
2025-12-21 22:58:58.313 [http-nio-8081-exec-10] INFO  com.dp1.backend.handlers.SocketConnectionHandler - Enviando # de vuelos en el aire: 47
2025-12-21 22:59:03.997 [http-nio-8081-exec-6] INFO  com.dp1.backend.handlers.SocketConnectionHandler - Enviando # de vuelos en el aire: 53
2025-12-21 22:59:09.987 [http-nio-8081-exec-4] INFO  com.dp1.backend.handlers.SocketConnectionHandler - Enviando # de vuelos en el aire: 32
2025-12-21 22:59:15.988 [http-nio-8081-exec-8] INFO  com.dp1.backend.handlers.SocketConnectionHandler - Enviando # de vuelos en el aire: 52
2025-12-21 22:59:21.801 [http-nio-8081-exec-3] INFO  com.dp1.backend.services.ClienteService - Creando cliente con datos: cdf  dc commuconnect.ingesoft@gmail.com 
2025-12-21 22:59:21.953 [http-nio-8081-exec-3] INFO  com.dp1.backend.services.ClienteService - Cliente creado exitosamente con ID: 30
2025-12-21 22:59:21.990 [http-nio-8081-exec-5] INFO  com.dp1.backend.handlers.SocketConnectionHandler - Enviando # de vuelos en el aire: 47
2025-12-21 22:59:22.003 [http-nio-8081-exec-6] INFO  com.dp1.backend.services.ClienteService - Creando cliente con datos: wefwe wewe fergegr@mp.com 
2025-12-21 22:59:22.017 [http-nio-8081-exec-6] INFO  com.dp1.backend.services.ClienteService - Cliente creado exitosamente con ID: 31
2025-12-21 22:59:22.286 [http-nio-8081-exec-7] INFO  com.dp1.backend.services.EnvioService - Envío llegando con fecha de salida desde frontend: null
2025-12-21 22:59:22.293 [http-nio-8081-exec-7] INFO  com.dp1.backend.services.EnvioService - Fecha de salida final: 2025-12-21T22:59:22.286634-05:00
2025-12-21 22:59:22.345 [http-nio-8081-exec-7] INFO  com.dp1.backend.services.EnvioService - Todo bien hasta primer guardado
2025-12-21 22:59:22.461 [http-nio-8081-exec-7] INFO  com.dp1.backend.services.EnvioService - Todo bien hasta segundo guardado
2025-12-21 22:59:22.833 [http-nio-8081-exec-7] INFO  com.dp1.backend.services.EnvioService - Todo bien hasta guardado de paquetes
2025-12-21 22:59:22.875 [http-nio-8081-exec-8] INFO  com.dp1.backend.services.DatosEnMemoriaService - [NUEVO ENVIO] Cadena: SPIM-20251221-20251221-22:59:00-OAKB:13 | idEnvio asignado: 20251221 | codigo: SPIM20251221
2025-12-21 22:59:22.876 [http-nio-8081-exec-8] INFO  com.dp1.backend.services.DatosEnMemoriaService - [VALIDADO] El envío con código SPIM20251221 fue agregado correctamente.
2025-12-21 22:59:27.995 [http-nio-8081-exec-5] INFO  com.dp1.backend.handlers.SocketConnectionHandler - Enviando # de vuelos en el aire: 55
2025-12-21 22:59:33.993 [http-nio-8081-exec-2] INFO  com.dp1.backend.handlers.SocketConnectionHandler - Enviando # de vuelos en el aire: 49
2025-12-21 22:59:35.995 [http-nio-8081-exec-1] INFO  com.dp1.backend.services.ACOService - Desde - hasta: 2025-12-22T02:04:46-05:00[America/Lima] - 2025-12-22T05:04:46-05:00[America/Lima]
2025-12-21 22:59:36.016 [http-nio-8081-exec-1] INFO  com.dp1.backend.services.ACOService - Ejecutando ACO para: 
2025-12-21 22:59:36.016 [http-nio-8081-exec-1] INFO  com.dp1.backend.services.ACOService - Aeropuertos: 30
2025-12-21 22:59:36.017 [http-nio-8081-exec-1] INFO  com.dp1.backend.services.ACOService - Vuelos: 2866
2025-12-21 22:59:36.018 [http-nio-8081-exec-1] INFO  com.dp1.backend.services.ACOService - Envios: 756
2025-12-21 22:59:36.018 [http-nio-8081-exec-1] INFO  com.dp1.backend.services.ACOService - Paquetes: 1397
2025-12-21 22:59:44.454 [http-nio-8081-exec-1] INFO  com.dp1.backend.services.ACOService - Tiempo de ejecución: 8435 ms
2025-12-21 22:59:44.489 [http-nio-8081-exec-1] INFO  com.dp1.backend.services.ACOService - Paquetes entregados con función André: 1391
2025-12-21 22:59:44.573 [http-nio-8081-exec-1] INFO  com.dp1.backend.handlers.SocketConnectionHandler - Enviando resultado del algoritmo 'para los vuelos en el aire'
2025-12-21 22:59:44.587 [http-nio-8081-exec-1] INFO  com.dp1.backend.handlers.SocketConnectionHandler - Enviando # de vuelos en el aire: 63
2025-12-21 22:59:45.991 [http-nio-8081-exec-5] INFO  com.dp1.backend.handlers.SocketConnectionHandler - Enviando # de vuelos en el aire: 56
2025-12-21 22:59:51.986 [http-nio-8081-exec-2] INFO  com.dp1.backend.handlers.SocketConnectionHandler - Enviando # de vuelos en el aire: 44
2025-12-21 22:59:57.989 [http-nio-8081-exec-7] INFO  com.dp1.backend.handlers.SocketConnectionHandler - Enviando # de vuelos en el aire: 52
2025-12-21 23:00:03.983 [http-nio-8081-exec-1] INFO  com.dp1.backend.handlers.SocketConnectionHandler - Enviando # de vuelos en el aire: 47
2025-12-21 23:00:09.992 [http-nio-8081-exec-9] INFO  com.dp1.backend.handlers.SocketConnectionHandler - Enviando # de vuelos en el aire: 46
2025-12-21 23:00:15.984 [http-nio-8081-exec-5] INFO  com.dp1.backend.handlers.SocketConnectionHandler - Enviando # de vuelos en el aire: 51
2025-12-21 23:00:21.998 [http-nio-8081-exec-2] INFO  com.dp1.backend.handlers.SocketConnectionHandler - Enviando # de vuelos en el aire: 48
2025-12-21 23:00:21.999 [http-nio-8081-exec-2] INFO  com.dp1.backend.services.ACOService - Desde - hasta: 2025-12-22T05:08:46-05:00[America/Lima] - 2025-12-22T08:08:46-05:00[America/Lima]
2025-12-21 23:00:22.025 [http-nio-8081-exec-2] INFO  com.dp1.backend.services.ACOService - Ejecutando ACO para: 
2025-12-21 23:00:22.026 [http-nio-8081-exec-2] INFO  com.dp1.backend.services.ACOService - Aeropuertos: 30
2025-12-21 23:00:22.027 [http-nio-8081-exec-2] INFO  com.dp1.backend.services.ACOService - Vuelos: 2866
2025-12-21 23:00:22.027 [http-nio-8081-exec-2] INFO  com.dp1.backend.services.ACOService - Envios: 780
2025-12-21 23:00:22.028 [http-nio-8081-exec-2] INFO  com.dp1.backend.services.ACOService - Paquetes: 1349
2025-12-21 23:00:29.709 [http-nio-8081-exec-2] INFO  com.dp1.backend.services.ACOService - Tiempo de ejecución: 7680 ms
2025-12-21 23:00:29.747 [http-nio-8081-exec-2] INFO  com.dp1.backend.services.ACOService - Paquetes entregados con función André: 1341
2025-12-21 23:00:29.819 [http-nio-8081-exec-2] INFO  com.dp1.backend.handlers.SocketConnectionHandler - Enviando resultado del algoritmo 'para los vuelos en el aire'
2025-12-21 23:00:29.825 [http-nio-8081-exec-2] INFO  com.dp1.backend.handlers.SocketConnectionHandler - Enviando # de vuelos en el aire: 48
2025-12-21 23:00:33.996 [http-nio-8081-exec-6] INFO  com.dp1.backend.handlers.SocketConnectionHandler - Enviando # de vuelos en el aire: 46
2025-12-21 23:00:39.989 [http-nio-8081-exec-4] INFO  com.dp1.backend.handlers.SocketConnectionHandler - Enviando # de vuelos en el aire: 48
2025-12-21 23:00:46.284 [http-nio-8081-exec-9] INFO  com.dp1.backend.handlers.SocketConnectionHandler - Enviando # de vuelos en el aire: 58
2025-12-21 23:00:52.276 [http-nio-8081-exec-6] INFO  com.dp1.backend.handlers.SocketConnectionHandler - Enviando # de vuelos en el aire: 35
2025-12-21 23:00:57.983 [http-nio-8081-exec-4] INFO  com.dp1.backend.handlers.SocketConnectionHandler - Enviando # de vuelos en el aire: 41
2025-12-21 23:01:03.989 [http-nio-8081-exec-8] INFO  com.dp1.backend.handlers.SocketConnectionHandler - Enviando # de vuelos en el aire: 41
2025-12-21 23:01:07.985 [http-nio-8081-exec-4] INFO  com.dp1.backend.services.ACOService - Desde - hasta: 2025-12-22T08:12:46-05:00[America/Lima] - 2025-12-22T11:12:46-05:00[America/Lima]
2025-12-21 23:01:08.005 [http-nio-8081-exec-4] INFO  com.dp1.backend.services.ACOService - Ejecutando ACO para: 
2025-12-21 23:01:08.006 [http-nio-8081-exec-4] INFO  com.dp1.backend.services.ACOService - Aeropuertos: 30
2025-12-21 23:01:08.007 [http-nio-8081-exec-4] INFO  com.dp1.backend.services.ACOService - Vuelos: 2866
2025-12-21 23:01:08.008 [http-nio-8081-exec-4] INFO  com.dp1.backend.services.ACOService - Envios: 778
2025-12-21 23:01:08.009 [http-nio-8081-exec-4] INFO  com.dp1.backend.services.ACOService - Paquetes: 1260
2025-12-21 23:01:14.129 [http-nio-8081-exec-4] INFO  com.dp1.backend.services.ACOService - Tiempo de ejecución: 6119 ms
2025-12-21 23:01:14.165 [http-nio-8081-exec-4] INFO  com.dp1.backend.services.ACOService - Paquetes entregados con función André: 1252
2025-12-21 23:01:14.243 [http-nio-8081-exec-4] INFO  com.dp1.backend.handlers.SocketConnectionHandler - Enviando resultado del algoritmo 'para los vuelos en el aire'
2025-12-21 23:01:14.251 [http-nio-8081-exec-4] INFO  com.dp1.backend.handlers.SocketConnectionHandler - Enviando # de vuelos en el aire: 48
2025-12-21 23:01:15.989 [http-nio-8081-exec-3] INFO  com.dp1.backend.handlers.SocketConnectionHandler - Enviando # de vuelos en el aire: 53
2025-12-21 23:01:21.992 [http-nio-8081-exec-10] INFO  com.dp1.backend.handlers.SocketConnectionHandler - Enviando # de vuelos en el aire: 51
2025-12-21 23:01:27.989 [http-nio-8081-exec-6] INFO  com.dp1.backend.handlers.SocketConnectionHandler - Enviando # de vuelos en el aire: 61
2025-12-21 23:01:33.994 [http-nio-8081-exec-4] INFO  com.dp1.backend.handlers.SocketConnectionHandler - Enviando # de vuelos en el aire: 43
2025-12-21 23:01:39.991 [http-nio-8081-exec-8] INFO  com.dp1.backend.handlers.SocketConnectionHandler - Enviando # de vuelos en el aire: 45
2025-12-21 23:01:45.985 [http-nio-8081-exec-3] INFO  com.dp1.backend.handlers.SocketConnectionHandler - Enviando # de vuelos en el aire: 38
2025-12-21 23:01:51.984 [http-nio-8081-exec-2] INFO  com.dp1.backend.handlers.SocketConnectionHandler - Enviando # de vuelos en el aire: 50
2025-12-21 23:01:53.979 [http-nio-8081-exec-1] INFO  com.dp1.backend.services.ACOService - Desde - hasta: 2025-12-22T11:16:46-05:00[America/Lima] - 2025-12-22T14:16:46-05:00[America/Lima]
2025-12-21 23:01:54.003 [http-nio-8081-exec-1] INFO  com.dp1.backend.services.ACOService - Ejecutando ACO para: 
2025-12-21 23:01:54.004 [http-nio-8081-exec-1] INFO  com.dp1.backend.services.ACOService - Aeropuertos: 30
2025-12-21 23:01:54.004 [http-nio-8081-exec-1] INFO  com.dp1.backend.services.ACOService - Vuelos: 2866
2025-12-21 23:01:54.005 [http-nio-8081-exec-1] INFO  com.dp1.backend.services.ACOService - Envios: 561
2025-12-21 23:01:54.005 [http-nio-8081-exec-1] INFO  com.dp1.backend.services.ACOService - Paquetes: 926
2025-12-21 23:01:57.887 [http-nio-8081-exec-1] INFO  com.dp1.backend.services.ACOService - Tiempo de ejecución: 3882 ms
2025-12-21 23:01:57.918 [http-nio-8081-exec-1] INFO  com.dp1.backend.services.ACOService - Paquetes entregados con función André: 920
2025-12-21 23:01:57.970 [http-nio-8081-exec-1] INFO  com.dp1.backend.handlers.SocketConnectionHandler - Enviando resultado del algoritmo 'para los vuelos en el aire'
2025-12-21 23:01:57.984 [http-nio-8081-exec-3] INFO  com.dp1.backend.handlers.SocketConnectionHandler - Enviando # de vuelos en el aire: 49
2025-12-21 23:02:03.989 [http-nio-8081-exec-10] INFO  com.dp1.backend.handlers.SocketConnectionHandler - Enviando # de vuelos en el aire: 41
2025-12-21 23:02:09.986 [http-nio-8081-exec-8] INFO  com.dp1.backend.handlers.SocketConnectionHandler - Enviando # de vuelos en el aire: 55
2025-12-21 23:02:15.998 [http-nio-8081-exec-3] INFO  com.dp1.backend.handlers.SocketConnectionHandler - Enviando # de vuelos en el aire: 46
2025-12-21 23:02:21.999 [http-nio-8081-exec-10] INFO  com.dp1.backend.handlers.SocketConnectionHandler - Enviando # de vuelos en el aire: 45
2025-12-21 23:02:27.994 [http-nio-8081-exec-7] INFO  com.dp1.backend.handlers.SocketConnectionHandler - Enviando # de vuelos en el aire: 56
2025-12-21 23:02:33.987 [http-nio-8081-exec-1] INFO  com.dp1.backend.handlers.SocketConnectionHandler - Enviando # de vuelos en el aire: 58
2025-12-21 23:02:39.998 [http-nio-8081-exec-9] INFO  com.dp1.backend.handlers.SocketConnectionHandler - Enviando # de vuelos en el aire: 48
2025-12-21 23:02:39.999 [http-nio-8081-exec-9] INFO  com.dp1.backend.services.ACOService - Desde - hasta: 2025-12-22T14:20:46-05:00[America/Lima] - 2025-12-22T17:20:46-05:00[America/Lima]
2025-12-21 23:02:40.017 [http-nio-8081-exec-9] INFO  com.dp1.backend.services.ACOService - Ejecutando ACO para: 
2025-12-21 23:02:40.018 [http-nio-8081-exec-9] INFO  com.dp1.backend.services.ACOService - Aeropuertos: 30
2025-12-21 23:02:40.018 [http-nio-8081-exec-9] INFO  com.dp1.backend.services.ACOService - Vuelos: 2866
2025-12-21 23:02:40.018 [http-nio-8081-exec-9] INFO  com.dp1.backend.services.ACOService - Envios: 326
2025-12-21 23:02:40.019 [http-nio-8081-exec-9] INFO  com.dp1.backend.services.ACOService - Paquetes: 527
2025-12-21 23:02:43.919 [http-nio-8081-exec-9] INFO  com.dp1.backend.services.ACOService - Tiempo de ejecución: 3900 ms
2025-12-21 23:02:43.934 [http-nio-8081-exec-9] INFO  com.dp1.backend.services.ACOService - Paquetes entregados con función André: 523
2025-12-21 23:02:43.966 [http-nio-8081-exec-9] INFO  com.dp1.backend.handlers.SocketConnectionHandler - Enviando resultado del algoritmo 'para los vuelos en el aire'
2025-12-21 23:02:45.986 [http-nio-8081-exec-1] INFO  com.dp1.backend.handlers.SocketConnectionHandler - Enviando # de vuelos en el aire: 59
2025-12-21 23:02:51.993 [http-nio-8081-exec-2] INFO  com.dp1.backend.handlers.SocketConnectionHandler - Enviando # de vuelos en el aire: 51
2025-12-21 23:02:57.988 [http-nio-8081-exec-9] INFO  com.dp1.backend.handlers.SocketConnectionHandler - Enviando # de vuelos en el aire: 43
2025-12-21 23:03:03.986 [http-nio-8081-exec-7] INFO  com.dp1.backend.handlers.SocketConnectionHandler - Enviando # de vuelos en el aire: 42
2025-12-21 23:03:09.993 [http-nio-8081-exec-3] INFO  com.dp1.backend.handlers.SocketConnectionHandler - Enviando # de vuelos en el aire: 53
2025-12-21 23:03:15.996 [http-nio-8081-exec-1] INFO  com.dp1.backend.handlers.SocketConnectionHandler - Enviando # de vuelos en el aire: 38
2025-12-21 23:03:21.987 [http-nio-8081-exec-4] INFO  com.dp1.backend.handlers.SocketConnectionHandler - Enviando # de vuelos en el aire: 48
2025-12-21 23:03:25.988 [http-nio-8081-exec-7] INFO  com.dp1.backend.services.ACOService - Desde - hasta: 2025-12-22T17:24:46-05:00[America/Lima] - 2025-12-22T20:24:46-05:00[America/Lima]
2025-12-21 23:03:26.009 [http-nio-8081-exec-7] INFO  com.dp1.backend.services.ACOService - Ejecutando ACO para: 
2025-12-21 23:03:26.010 [http-nio-8081-exec-7] INFO  com.dp1.backend.services.ACOService - Aeropuertos: 30
2025-12-21 23:03:26.010 [http-nio-8081-exec-7] INFO  com.dp1.backend.services.ACOService - Vuelos: 2866
2025-12-21 23:03:26.011 [http-nio-8081-exec-7] INFO  com.dp1.backend.services.ACOService - Envios: 750
2025-12-21 23:03:26.012 [http-nio-8081-exec-7] INFO  com.dp1.backend.services.ACOService - Paquetes: 1594
2025-12-21 23:03:36.921 [http-nio-8081-exec-7] INFO  com.dp1.backend.services.ACOService - Tiempo de ejecución: 10909 ms
2025-12-21 23:03:36.963 [http-nio-8081-exec-7] INFO  com.dp1.backend.services.ACOService - Paquetes entregados con función André: 1581
2025-12-21 23:03:37.067 [http-nio-8081-exec-7] INFO  com.dp1.backend.handlers.SocketConnectionHandler - Enviando resultado del algoritmo 'para los vuelos en el aire'
2025-12-21 23:03:37.074 [http-nio-8081-exec-7] INFO  com.dp1.backend.handlers.SocketConnectionHandler - Enviando # de vuelos en el aire: 44
2025-12-21 23:03:37.094 [http-nio-8081-exec-7] INFO  com.dp1.backend.handlers.SocketConnectionHandler - Enviando # de vuelos en el aire: 57
2025-12-21 23:03:40.003 [http-nio-8081-exec-10] INFO  com.dp1.backend.handlers.SocketConnectionHandler - Enviando # de vuelos en el aire: 38
2025-12-21 23:03:44.114 [SpringApplicationShutdownHook] INFO  org.springframework.orm.jpa.LocalContainerEntityManagerFactoryBean - Closing JPA EntityManagerFactory for persistence unit 'default'
2025-12-21 23:03:44.121 [SpringApplicationShutdownHook] INFO  com.zaxxer.hikari.HikariDataSource - HikariPool-1 - Shutdown initiated...
2025-12-21 23:03:44.152 [SpringApplicationShutdownHook] INFO  com.zaxxer.hikari.HikariDataSource - HikariPool-1 - Shutdown completed.
2025-12-21 23:03:44.164 [SpringApplicationShutdownHook] INFO  com.dp1.backend.handlers.SocketConnectionHandler - 999c9e06-8c1d-66a3-c3cb-dcaf5b6d1b45  desconectado del socket
2025-12-21 23:08:47.749 [main] INFO  com.dp1.backend.BackendApplication - Starting BackendApplication using Java 24.0.1 with PID 3388 (C:\Users\Joseph\Documents\PUCP\25-2\Dp1\Nuevo\Back\MoraPack_Backend\target\classes started by Joseph in C:\Users\Joseph\Documents\PUCP\25-2\Dp1\Nuevo\Back\MoraPack_Backend)
2025-12-21 23:08:47.785 [main] INFO  com.dp1.backend.BackendApplication - No active profile set, falling back to 1 default profile: "default"
2025-12-21 23:08:50.160 [main] INFO  org.springframework.data.repository.config.RepositoryConfigurationDelegate - Bootstrapping Spring Data JPA repositories in DEFAULT mode.
2025-12-21 23:08:50.407 [main] INFO  org.springframework.data.repository.config.RepositoryConfigurationDelegate - Finished Spring Data repository scanning in 215 ms. Found 10 JPA repository interfaces.
2025-12-21 23:08:51.895 [main] INFO  org.springframework.boot.web.embedded.tomcat.TomcatWebServer - Tomcat initialized with port 8081 (http)
2025-12-21 23:08:51.937 [main] INFO  org.apache.coyote.http11.Http11NioProtocol - Initializing ProtocolHandler ["http-nio-8081"]
2025-12-21 23:08:51.947 [main] INFO  org.apache.catalina.core.StandardService - Starting service [Tomcat]
2025-12-21 23:08:51.948 [main] INFO  org.apache.catalina.core.StandardEngine - Starting Servlet engine: [Apache Tomcat/10.1.19]
2025-12-21 23:08:52.113 [main] INFO  org.apache.catalina.core.ContainerBase.[Tomcat].[localhost].[/api] - Initializing Spring embedded WebApplicationContext
2025-12-21 23:08:52.116 [main] INFO  org.springframework.boot.web.servlet.context.ServletWebServerApplicationContext - Root WebApplicationContext: initialization completed in 4151 ms
2025-12-21 23:08:52.597 [main] INFO  org.hibernate.jpa.internal.util.LogHelper - HHH000204: Processing PersistenceUnitInfo [name: default]
2025-12-21 23:08:52.803 [main] INFO  org.hibernate.Version - HHH000412: Hibernate ORM core version 6.4.4.Final
2025-12-21 23:08:52.915 [main] INFO  org.hibernate.cache.internal.RegionFactoryInitiator - HHH000026: Second-level cache disabled
2025-12-21 23:08:53.664 [main] INFO  org.springframework.orm.jpa.persistenceunit.SpringPersistenceUnitInfo - No LoadTimeWeaver setup: ignoring JPA class transformer
2025-12-21 23:08:53.749 [main] WARN  com.zaxxer.hikari.HikariConfig - HikariPool-1 - idleTimeout has been set but has no effect because the pool is operating as a fixed size pool.
2025-12-21 23:08:53.751 [main] INFO  com.zaxxer.hikari.HikariDataSource - HikariPool-1 - Starting...
2025-12-21 23:08:54.139 [main] INFO  com.zaxxer.hikari.pool.HikariPool - HikariPool-1 - Added connection com.mysql.cj.jdbc.ConnectionImpl@56b66a26
2025-12-21 23:08:54.143 [main] INFO  com.zaxxer.hikari.HikariDataSource - HikariPool-1 - Start completed.
2025-12-21 23:08:56.907 [main] INFO  org.hibernate.engine.transaction.jta.platform.internal.JtaPlatformInitiator - HHH000489: No JTA platform available (set 'hibernate.transaction.jta.platform' to enable JTA platform integration)
2025-12-21 23:08:57.215 [main] INFO  org.springframework.orm.jpa.LocalContainerEntityManagerFactoryBean - Initialized JPA EntityManagerFactory for persistence unit 'default'
2025-12-21 23:08:57.246 [main] INFO  com.dp1.backend.services.DatosEnMemoriaService - Inicializando DatosEnMemoriaService con working directory: C:\Users\Joseph\Documents\PUCP\25-2\Dp1\Nuevo\Back\MoraPack_Backend
2025-12-21 23:08:57.261 [main] INFO  com.dp1.backend.services.DatosEnMemoriaService - Aeropuertos cargados: 30
2025-12-21 23:08:57.342 [main] INFO  com.dp1.backend.services.DatosEnMemoriaService - Vuelos cargados: 2866
2025-12-21 23:08:57.843 [main] INFO  com.dp1.backend.services.DatosEnMemoriaService - Leyendo rutas posibles
2025-12-21 23:08:58.208 [main] INFO  com.dp1.backend.services.DatosEnMemoriaService - Colecciones rutas: 0
2025-12-21 23:08:58.208 [main] INFO  com.dp1.backend.services.DatosEnMemoriaService - Rutas posibles set: 0
2025-12-21 23:08:58.612 [main] INFO  org.springframework.data.jpa.repository.query.QueryEnhancerFactory - Hibernate is in classpath; If applicable, HQL parser will be used.
2025-12-21 23:09:00.243 [main] WARN  org.springframework.boot.autoconfigure.orm.jpa.JpaBaseConfiguration$JpaWebConfiguration - spring.jpa.open-in-view is enabled by default. Therefore, database queries may be performed during view rendering. Explicitly configure spring.jpa.open-in-view to disable this warning
2025-12-21 23:09:01.371 [main] INFO  org.apache.coyote.http11.Http11NioProtocol - Starting ProtocolHandler ["http-nio-8081"]
2025-12-21 23:09:01.427 [main] INFO  org.springframework.boot.web.embedded.tomcat.TomcatWebServer - Tomcat started on port 8081 (http) with context path '/api'
2025-12-21 23:09:01.449 [main] INFO  com.dp1.backend.BackendApplication - Started BackendApplication in 15.431 seconds (process running for 19.474)
2025-12-21 23:10:51.713 [http-nio-8081-exec-1] INFO  org.apache.catalina.core.ContainerBase.[Tomcat].[localhost].[/api] - Initializing Spring DispatcherServlet 'dispatcherServlet'
2025-12-21 23:10:51.714 [http-nio-8081-exec-1] INFO  org.springframework.web.servlet.DispatcherServlet - Initializing Servlet 'dispatcherServlet'
2025-12-21 23:10:51.717 [http-nio-8081-exec-1] INFO  org.springframework.web.servlet.DispatcherServlet - Completed initialization in 1 ms
2025-12-21 23:10:51.921 [http-nio-8081-exec-1] INFO  com.dp1.backend.handlers.SocketConnectionHandler - 9b970813-411a-23c5-7041-afcc9fcbc94a  conectado al socket
2025-12-21 23:10:51.956 [http-nio-8081-exec-1] INFO  com.dp1.backend.services.DatosEnMemoriaService - Leyendo archivo: data\envios\pack_enviado_EDDI_.txt
2025-12-21 23:10:52.313 [http-nio-8081-exec-1] INFO  com.dp1.backend.services.DatosEnMemoriaService - Leyendo archivo: data\envios\pack_enviado_EHAM_.txt
2025-12-21 23:10:52.637 [http-nio-8081-exec-1] INFO  com.dp1.backend.services.DatosEnMemoriaService - Leyendo archivo: data\envios\pack_enviado_EKCH_.txt
2025-12-21 23:10:53.036 [http-nio-8081-exec-1] INFO  com.dp1.backend.services.DatosEnMemoriaService - Leyendo archivo: data\envios\pack_enviado_LATI_.txt
2025-12-21 23:10:53.382 [http-nio-8081-exec-1] INFO  com.dp1.backend.services.DatosEnMemoriaService - Leyendo archivo: data\envios\pack_enviado_LBSF_.txt
2025-12-21 23:10:53.758 [http-nio-8081-exec-1] INFO  com.dp1.backend.services.DatosEnMemoriaService - Leyendo archivo: data\envios\pack_enviado_LDZA_.txt
2025-12-21 23:10:54.004 [http-nio-8081-exec-1] INFO  com.dp1.backend.services.DatosEnMemoriaService - Leyendo archivo: data\envios\pack_enviado_LKPR_.txt
2025-12-21 23:10:54.366 [http-nio-8081-exec-1] INFO  com.dp1.backend.services.DatosEnMemoriaService - Leyendo archivo: data\envios\pack_enviado_LOWW_.txt
2025-12-21 23:10:54.712 [http-nio-8081-exec-1] INFO  com.dp1.backend.services.DatosEnMemoriaService - Leyendo archivo: data\envios\pack_enviado_OAKB_.txt
2025-12-21 23:10:55.001 [http-nio-8081-exec-1] INFO  com.dp1.backend.services.DatosEnMemoriaService - Leyendo archivo: data\envios\pack_enviado_OERK_.txt
2025-12-21 23:10:55.311 [http-nio-8081-exec-1] INFO  com.dp1.backend.services.DatosEnMemoriaService - Leyendo archivo: data\envios\pack_enviado_OJAI_.txt
2025-12-21 23:10:55.566 [http-nio-8081-exec-1] INFO  com.dp1.backend.services.DatosEnMemoriaService - Leyendo archivo: data\envios\pack_enviado_OMDB_.txt
2025-12-21 23:10:55.867 [http-nio-8081-exec-1] INFO  com.dp1.backend.services.DatosEnMemoriaService - Leyendo archivo: data\envios\pack_enviado_OOMS_.txt
2025-12-21 23:10:56.081 [http-nio-8081-exec-1] INFO  com.dp1.backend.services.DatosEnMemoriaService - Leyendo archivo: data\envios\pack_enviado_OPKC_.txt
2025-12-21 23:10:56.359 [http-nio-8081-exec-1] INFO  com.dp1.backend.services.DatosEnMemoriaService - Leyendo archivo: data\envios\pack_enviado_OSDI_.txt
2025-12-21 23:10:56.646 [http-nio-8081-exec-1] INFO  com.dp1.backend.services.DatosEnMemoriaService - Leyendo archivo: data\envios\pack_enviado_OYSN_.txt
2025-12-21 23:10:56.927 [http-nio-8081-exec-1] INFO  com.dp1.backend.services.DatosEnMemoriaService - Leyendo archivo: data\envios\pack_enviado_SABE_.txt
2025-12-21 23:10:57.182 [http-nio-8081-exec-1] INFO  com.dp1.backend.services.DatosEnMemoriaService - Leyendo archivo: data\envios\pack_enviado_SBBR_.txt
2025-12-21 23:10:57.473 [http-nio-8081-exec-1] INFO  com.dp1.backend.services.DatosEnMemoriaService - Leyendo archivo: data\envios\pack_enviado_SCEL_.txt
2025-12-21 23:10:57.751 [http-nio-8081-exec-1] INFO  com.dp1.backend.services.DatosEnMemoriaService - Leyendo archivo: data\envios\pack_enviado_SEQM_.txt
2025-12-21 23:10:58.060 [http-nio-8081-exec-1] INFO  com.dp1.backend.services.DatosEnMemoriaService - Leyendo archivo: data\envios\pack_enviado_SGAS_.txt
2025-12-21 23:10:58.375 [http-nio-8081-exec-1] INFO  com.dp1.backend.services.DatosEnMemoriaService - Leyendo archivo: data\envios\pack_enviado_SKBO_.txt
2025-12-21 23:10:58.769 [http-nio-8081-exec-1] INFO  com.dp1.backend.services.DatosEnMemoriaService - Leyendo archivo: data\envios\pack_enviado_SLLP_.txt
2025-12-21 23:10:59.026 [http-nio-8081-exec-1] INFO  com.dp1.backend.services.DatosEnMemoriaService - Leyendo archivo: data\envios\pack_enviado_SUAA_.txt
2025-12-21 23:10:59.335 [http-nio-8081-exec-1] INFO  com.dp1.backend.services.DatosEnMemoriaService - Leyendo archivo: data\envios\pack_enviado_SVMI_.txt
2025-12-21 23:10:59.648 [http-nio-8081-exec-1] INFO  com.dp1.backend.services.DatosEnMemoriaService - Leyendo archivo: data\envios\pack_enviado_UMMS_.txt
2025-12-21 23:10:59.951 [http-nio-8081-exec-1] INFO  com.dp1.backend.services.DatosEnMemoriaService - Leyendo archivo: data\envios\pack_enviado_VIDP_.txt
2025-12-21 23:11:00.176 [http-nio-8081-exec-1] INFO  com.dp1.backend.services.DatosEnMemoriaService - Envios cargados: 48602
2025-12-21 23:11:00.213 [http-nio-8081-exec-1] INFO  com.dp1.backend.services.ACOService - Ejecutando ACO para: 
2025-12-21 23:11:00.214 [http-nio-8081-exec-1] INFO  com.dp1.backend.services.ACOService - Aeropuertos: 30
2025-12-21 23:11:00.215 [http-nio-8081-exec-1] INFO  com.dp1.backend.services.ACOService - Vuelos: 2866
2025-12-21 23:11:00.215 [http-nio-8081-exec-1] INFO  com.dp1.backend.services.ACOService - Envios: 4620
2025-12-21 23:11:00.216 [http-nio-8081-exec-1] INFO  com.dp1.backend.services.ACOService - Paquetes: 9460
2025-12-21 23:12:09.665 [http-nio-8081-exec-1] INFO  com.dp1.backend.services.ACOService - Tiempo de ejecución: 69448 ms
2025-12-21 23:12:10.279 [http-nio-8081-exec-1] INFO  com.dp1.backend.services.ACOService - Paquetes entregados con función André: 9307
2025-12-21 23:12:11.107 [http-nio-8081-exec-1] INFO  com.dp1.backend.handlers.SocketConnectionHandler - Enviando # de vuelos en el aire: inicio1202
2025-12-21 23:12:18.422 [http-nio-8081-exec-8] INFO  com.dp1.backend.handlers.SocketConnectionHandler - Enviando # de vuelos en el aire: 51
2025-12-21 23:12:24.419 [http-nio-8081-exec-6] INFO  com.dp1.backend.handlers.SocketConnectionHandler - Enviando # de vuelos en el aire: 42
2025-12-21 23:12:31.368 [http-nio-8081-exec-2] INFO  com.dp1.backend.handlers.SocketConnectionHandler - Enviando # de vuelos en el aire: 50
2025-12-21 23:12:37.415 [http-nio-8081-exec-5] INFO  com.dp1.backend.handlers.SocketConnectionHandler - Enviando # de vuelos en el aire: 45
2025-12-21 23:12:43.413 [http-nio-8081-exec-1] INFO  com.dp1.backend.handlers.SocketConnectionHandler - Enviando # de vuelos en el aire: 54
2025-12-21 23:12:49.423 [http-nio-8081-exec-8] INFO  com.dp1.backend.handlers.SocketConnectionHandler - Enviando # de vuelos en el aire: 48
2025-12-21 23:12:55.416 [http-nio-8081-exec-6] INFO  com.dp1.backend.handlers.SocketConnectionHandler - Enviando # de vuelos en el aire: 36
2025-12-21 23:12:59.410 [http-nio-8081-exec-8] INFO  com.dp1.backend.services.ACOService - Desde - hasta: 2025-12-21T23:14:51-05:00[America/Lima] - 2025-12-22T02:14:51-05:00[America/Lima]
2025-12-21 23:12:59.442 [http-nio-8081-exec-8] INFO  com.dp1.backend.services.ACOService - Ejecutando ACO para: 
2025-12-21 23:12:59.443 [http-nio-8081-exec-8] INFO  com.dp1.backend.services.ACOService - Aeropuertos: 30
2025-12-21 23:12:59.444 [http-nio-8081-exec-8] INFO  com.dp1.backend.services.ACOService - Vuelos: 2866
2025-12-21 23:12:59.445 [http-nio-8081-exec-8] INFO  com.dp1.backend.services.ACOService - Envios: 733
2025-12-21 23:12:59.447 [http-nio-8081-exec-8] INFO  com.dp1.backend.services.ACOService - Paquetes: 1506
2025-12-21 23:13:08.196 [http-nio-8081-exec-8] INFO  com.dp1.backend.services.ACOService - Tiempo de ejecución: 8747 ms
2025-12-21 23:13:08.240 [http-nio-8081-exec-8] INFO  com.dp1.backend.services.ACOService - Paquetes entregados con función André: 1496
2025-12-21 23:13:08.319 [http-nio-8081-exec-8] INFO  com.dp1.backend.handlers.SocketConnectionHandler - Enviando resultado del algoritmo 'para los vuelos en el aire'
2025-12-21 23:13:08.333 [http-nio-8081-exec-8] INFO  com.dp1.backend.handlers.SocketConnectionHandler - Enviando # de vuelos en el aire: 51
2025-12-21 23:13:08.350 [http-nio-8081-exec-8] INFO  com.dp1.backend.handlers.SocketConnectionHandler - Enviando # de vuelos en el aire: 52
2025-12-21 23:13:13.418 [http-nio-8081-exec-6] INFO  com.dp1.backend.handlers.SocketConnectionHandler - Enviando # de vuelos en el aire: 39
2025-12-21 23:13:19.602 [http-nio-8081-exec-2] INFO  com.dp1.backend.handlers.SocketConnectionHandler - Enviando # de vuelos en el aire: 38
2025-12-21 23:13:25.417 [http-nio-8081-exec-5] INFO  com.dp1.backend.handlers.SocketConnectionHandler - Enviando # de vuelos en el aire: 56
2025-12-21 23:13:29.728 [http-nio-8081-exec-2] INFO  com.dp1.backend.services.ClienteService - Creando cliente con datos: fdb sdbv gianfranco.mpc@gmail.com 
2025-12-21 23:13:29.896 [http-nio-8081-exec-2] INFO  com.dp1.backend.services.ClienteService - Cliente creado exitosamente con ID: 32
2025-12-21 23:13:29.966 [http-nio-8081-exec-1] INFO  com.dp1.backend.services.ClienteService - Creando cliente con datos: zzz ascd fergegr@mp.com 
2025-12-21 23:13:29.996 [http-nio-8081-exec-1] INFO  com.dp1.backend.services.ClienteService - Cliente creado exitosamente con ID: 33
2025-12-21 23:13:30.074 [http-nio-8081-exec-4] INFO  com.dp1.backend.services.EnvioService - Envío llegando con fecha de salida desde frontend: null
2025-12-21 23:13:30.075 [http-nio-8081-exec-4] INFO  com.dp1.backend.services.EnvioService - Fecha de salida final: 2025-12-22T06:13:30.074210200+02:00
2025-12-21 23:13:30.106 [http-nio-8081-exec-4] INFO  com.dp1.backend.services.EnvioService - Todo bien hasta primer guardado
2025-12-21 23:13:30.175 [http-nio-8081-exec-4] INFO  com.dp1.backend.services.EnvioService - Todo bien hasta segundo guardado
2025-12-21 23:13:30.581 [http-nio-8081-exec-4] INFO  com.dp1.backend.services.EnvioService - Todo bien hasta guardado de paquetes
2025-12-21 23:13:30.618 [http-nio-8081-exec-7] INFO  com.dp1.backend.services.DatosEnMemoriaService - [NUEVO ENVIO] Cadena: EBCI-202512212313-20251221-23:13:00-OERK:19 | idEnvio asignado: 0 | codigo: EBCI202512212313
2025-12-21 23:13:30.619 [http-nio-8081-exec-7] INFO  com.dp1.backend.services.DatosEnMemoriaService - [VALIDADO] El envío con código EBCI202512212313 fue agregado correctamente.
2025-12-21 23:13:31.419 [http-nio-8081-exec-10] INFO  com.dp1.backend.handlers.SocketConnectionHandler - Enviando # de vuelos en el aire: 46
2025-12-21 23:13:37.433 [http-nio-8081-exec-6] INFO  com.dp1.backend.handlers.SocketConnectionHandler - Enviando # de vuelos en el aire: 53
2025-12-21 23:13:43.418 [http-nio-8081-exec-9] INFO  com.dp1.backend.handlers.SocketConnectionHandler - Enviando # de vuelos en el aire: 51
2025-12-21 23:13:45.409 [http-nio-8081-exec-2] INFO  com.dp1.backend.services.ACOService - Desde - hasta: 2025-12-22T02:18:51-05:00[America/Lima] - 2025-12-22T05:18:51-05:00[America/Lima]
2025-12-21 23:13:45.428 [http-nio-8081-exec-2] INFO  com.dp1.backend.services.ACOService - Ejecutando ACO para: 
2025-12-21 23:13:45.429 [http-nio-8081-exec-2] INFO  com.dp1.backend.services.ACOService - Aeropuertos: 30
2025-12-21 23:13:45.429 [http-nio-8081-exec-2] INFO  com.dp1.backend.services.ACOService - Vuelos: 2866
2025-12-21 23:13:45.429 [http-nio-8081-exec-2] INFO  com.dp1.backend.services.ACOService - Envios: 750
2025-12-21 23:13:45.431 [http-nio-8081-exec-2] INFO  com.dp1.backend.services.ACOService - Paquetes: 1368
2025-12-21 23:13:52.240 [http-nio-8081-exec-2] INFO  com.dp1.backend.services.ACOService - Tiempo de ejecución: 6808 ms
2025-12-21 23:13:52.276 [http-nio-8081-exec-2] INFO  com.dp1.backend.services.ACOService - Paquetes entregados con función André: 1362
2025-12-21 23:13:52.377 [http-nio-8081-exec-2] INFO  com.dp1.backend.handlers.SocketConnectionHandler - Enviando resultado del algoritmo 'para los vuelos en el aire'
2025-12-21 23:13:52.394 [http-nio-8081-exec-2] INFO  com.dp1.backend.handlers.SocketConnectionHandler - Enviando # de vuelos en el aire: 70
2025-12-21 23:13:55.426 [http-nio-8081-exec-7] INFO  com.dp1.backend.handlers.SocketConnectionHandler - Enviando # de vuelos en el aire: 48
2025-12-21 23:14:01.416 [http-nio-8081-exec-2] INFO  com.dp1.backend.handlers.SocketConnectionHandler - Enviando # de vuelos en el aire: 43
2025-12-21 23:14:07.429 [http-nio-8081-exec-10] INFO  com.dp1.backend.handlers.SocketConnectionHandler - Enviando # de vuelos en el aire: 52
2025-12-21 23:14:13.417 [http-nio-8081-exec-6] INFO  com.dp1.backend.handlers.SocketConnectionHandler - Enviando # de vuelos en el aire: 47
2025-12-21 23:14:19.429 [http-nio-8081-exec-9] INFO  com.dp1.backend.handlers.SocketConnectionHandler - Enviando # de vuelos en el aire: 50
2025-12-21 23:14:25.417 [http-nio-8081-exec-7] INFO  com.dp1.backend.handlers.SocketConnectionHandler - Enviando # de vuelos en el aire: 48
2025-12-21 23:14:32.899 [http-nio-8081-exec-2] INFO  com.dp1.backend.handlers.SocketConnectionHandler - Enviando # de vuelos en el aire: 48
2025-12-21 23:14:32.900 [http-nio-8081-exec-2] INFO  com.dp1.backend.services.ACOService - Desde - hasta: 2025-12-22T05:22:51-05:00[America/Lima] - 2025-12-22T08:22:51-05:00[America/Lima]
2025-12-21 23:14:32.919 [http-nio-8081-exec-2] INFO  com.dp1.backend.services.ACOService - Ejecutando ACO para: 
2025-12-21 23:14:32.920 [http-nio-8081-exec-2] INFO  com.dp1.backend.services.ACOService - Aeropuertos: 30
2025-12-21 23:14:32.921 [http-nio-8081-exec-2] INFO  com.dp1.backend.services.ACOService - Vuelos: 2866
2025-12-21 23:14:32.921 [http-nio-8081-exec-2] INFO  com.dp1.backend.services.ACOService - Envios: 781
2025-12-21 23:14:32.922 [http-nio-8081-exec-2] INFO  com.dp1.backend.services.ACOService - Paquetes: 1365
2025-12-21 23:14:41.318 [http-nio-8081-exec-2] INFO  com.dp1.backend.services.ACOService - Tiempo de ejecución: 8395 ms
2025-12-21 23:14:41.357 [http-nio-8081-exec-2] INFO  com.dp1.backend.services.ACOService - Paquetes entregados con función André: 1359
2025-12-21 23:14:41.446 [http-nio-8081-exec-2] INFO  com.dp1.backend.handlers.SocketConnectionHandler - Enviando resultado del algoritmo 'para los vuelos en el aire'
2025-12-21 23:14:41.451 [http-nio-8081-exec-2] INFO  com.dp1.backend.handlers.SocketConnectionHandler - Enviando # de vuelos en el aire: 49
2025-12-21 23:14:47.755 [http-nio-8081-exec-8] INFO  com.dp1.backend.handlers.SocketConnectionHandler - Enviando # de vuelos en el aire: 50
2025-12-21 23:14:59.556 [http-nio-8081-exec-7] INFO  com.dp1.backend.handlers.SocketConnectionHandler - Enviando # de vuelos en el aire: 49
2025-12-21 23:15:06.905 [http-nio-8081-exec-1] INFO  com.dp1.backend.handlers.SocketConnectionHandler - Enviando # de vuelos en el aire: 39
2025-12-21 23:15:12.804 [http-nio-8081-exec-10] INFO  com.dp1.backend.handlers.SocketConnectionHandler - Enviando # de vuelos en el aire: 41
2025-12-21 23:15:18.922 [http-nio-8081-exec-6] INFO  com.dp1.backend.handlers.SocketConnectionHandler - Enviando # de vuelos en el aire: 44
2025-12-21 23:15:26.913 [http-nio-8081-exec-9] INFO  com.dp1.backend.handlers.SocketConnectionHandler - Enviando # de vuelos en el aire: 46
2025-12-21 23:15:30.612 [http-nio-8081-exec-4] INFO  com.dp1.backend.services.ACOService - Desde - hasta: 2025-12-22T08:26:51-05:00[America/Lima] - 2025-12-22T11:26:51-05:00[America/Lima]
2025-12-21 23:15:30.638 [http-nio-8081-exec-4] INFO  com.dp1.backend.services.ACOService - Ejecutando ACO para: 
2025-12-21 23:15:30.639 [http-nio-8081-exec-4] INFO  com.dp1.backend.services.ACOService - Aeropuertos: 30
2025-12-21 23:15:30.639 [http-nio-8081-exec-4] INFO  com.dp1.backend.services.ACOService - Vuelos: 2866
2025-12-21 23:15:30.639 [http-nio-8081-exec-4] INFO  com.dp1.backend.services.ACOService - Envios: 769
2025-12-21 23:15:30.641 [http-nio-8081-exec-4] INFO  com.dp1.backend.services.ACOService - Paquetes: 1238
2025-12-21 23:15:38.077 [http-nio-8081-exec-4] INFO  com.dp1.backend.services.ACOService - Tiempo de ejecución: 7436 ms
2025-12-21 23:15:38.113 [http-nio-8081-exec-4] INFO  com.dp1.backend.services.ACOService - Paquetes entregados con función André: 1232
2025-12-21 23:15:38.205 [http-nio-8081-exec-4] INFO  com.dp1.backend.handlers.SocketConnectionHandler - Enviando resultado del algoritmo 'para los vuelos en el aire'
2025-12-21 23:15:38.213 [http-nio-8081-exec-4] INFO  com.dp1.backend.handlers.SocketConnectionHandler - Enviando # de vuelos en el aire: 49
2025-12-21 23:15:40.667 [http-nio-8081-exec-10] INFO  com.dp1.backend.handlers.SocketConnectionHandler - Enviando # de vuelos en el aire: 60
2025-12-21 23:15:47.610 [http-nio-8081-exec-6] INFO  com.dp1.backend.handlers.SocketConnectionHandler - Enviando # de vuelos en el aire: 52
2025-12-21 23:15:55.543 [http-nio-8081-exec-3] INFO  com.dp1.backend.handlers.SocketConnectionHandler - Enviando # de vuelos en el aire: 51
2025-12-21 23:16:01.710 [http-nio-8081-exec-5] INFO  com.dp1.backend.handlers.SocketConnectionHandler - Enviando # de vuelos en el aire: 42
2025-12-21 23:16:09.582 [http-nio-8081-exec-2] INFO  com.dp1.backend.handlers.SocketConnectionHandler - Enviando # de vuelos en el aire: 43
2025-12-21 23:16:17.116 [http-nio-8081-exec-8] INFO  com.dp1.backend.handlers.SocketConnectionHandler - Enviando # de vuelos en el aire: 46
2025-12-21 23:16:23.902 [http-nio-8081-exec-4] INFO  com.dp1.backend.handlers.SocketConnectionHandler - Enviando # de vuelos en el aire: 45
2025-12-21 23:16:26.275 [http-nio-8081-exec-10] INFO  com.dp1.backend.services.ACOService - Desde - hasta: 2025-12-22T11:30:51-05:00[America/Lima] - 2025-12-22T14:30:51-05:00[America/Lima]
2025-12-21 23:16:26.300 [http-nio-8081-exec-10] INFO  com.dp1.backend.services.ACOService - Ejecutando ACO para: 
2025-12-21 23:16:26.301 [http-nio-8081-exec-10] INFO  com.dp1.backend.services.ACOService - Aeropuertos: 30
2025-12-21 23:16:26.301 [http-nio-8081-exec-10] INFO  com.dp1.backend.services.ACOService - Vuelos: 2866
2025-12-21 23:16:26.302 [http-nio-8081-exec-10] INFO  com.dp1.backend.services.ACOService - Envios: 541
2025-12-21 23:16:26.303 [http-nio-8081-exec-10] INFO  com.dp1.backend.services.ACOService - Paquetes: 890
2025-12-21 23:16:30.839 [http-nio-8081-exec-10] INFO  com.dp1.backend.services.ACOService - Tiempo de ejecución: 4536 ms
2025-12-21 23:16:30.872 [http-nio-8081-exec-10] INFO  com.dp1.backend.services.ACOService - Paquetes entregados con función André: 882
2025-12-21 23:16:30.922 [http-nio-8081-exec-10] INFO  com.dp1.backend.handlers.SocketConnectionHandler - Enviando resultado del algoritmo 'para los vuelos en el aire'
2025-12-21 23:16:31.512 [http-nio-8081-exec-8] INFO  com.dp1.backend.handlers.SocketConnectionHandler - Enviando # de vuelos en el aire: 47
2025-12-21 23:16:38.421 [http-nio-8081-exec-4] INFO  com.dp1.backend.handlers.SocketConnectionHandler - Enviando # de vuelos en el aire: 49
2025-12-21 23:16:44.416 [http-nio-8081-exec-3] INFO  com.dp1.backend.handlers.SocketConnectionHandler - Enviando # de vuelos en el aire: 47
2025-12-21 23:16:50.412 [http-nio-8081-exec-10] INFO  com.dp1.backend.handlers.SocketConnectionHandler - Enviando # de vuelos en el aire: 52
2025-12-21 23:16:56.416 [http-nio-8081-exec-4] INFO  com.dp1.backend.handlers.SocketConnectionHandler - Enviando # de vuelos en el aire: 46
2025-12-21 23:17:02.420 [http-nio-8081-exec-1] INFO  com.dp1.backend.handlers.SocketConnectionHandler - Enviando # de vuelos en el aire: 57
2025-12-21 23:17:08.410 [http-nio-8081-exec-10] INFO  com.dp1.backend.handlers.SocketConnectionHandler - Enviando # de vuelos en el aire: 56
2025-12-21 23:17:14.423 [http-nio-8081-exec-6] INFO  com.dp1.backend.handlers.SocketConnectionHandler - Enviando # de vuelos en el aire: 53
2025-12-21 23:17:14.424 [http-nio-8081-exec-6] INFO  com.dp1.backend.services.ACOService - Desde - hasta: 2025-12-22T14:34:51-05:00[America/Lima] - 2025-12-22T17:34:51-05:00[America/Lima]
2025-12-21 23:17:14.445 [http-nio-8081-exec-6] INFO  com.dp1.backend.services.ACOService - Ejecutando ACO para: 
2025-12-21 23:17:14.446 [http-nio-8081-exec-6] INFO  com.dp1.backend.services.ACOService - Aeropuertos: 30
2025-12-21 23:17:14.446 [http-nio-8081-exec-6] INFO  com.dp1.backend.services.ACOService - Vuelos: 2866
2025-12-21 23:17:14.446 [http-nio-8081-exec-6] INFO  com.dp1.backend.services.ACOService - Envios: 349
2025-12-21 23:17:14.447 [http-nio-8081-exec-6] INFO  com.dp1.backend.services.ACOService - Paquetes: 599
2025-12-21 23:17:17.704 [http-nio-8081-exec-6] INFO  com.dp1.backend.services.ACOService - Tiempo de ejecución: 3257 ms
2025-12-21 23:17:17.721 [http-nio-8081-exec-6] INFO  com.dp1.backend.services.ACOService - Paquetes entregados con función André: 595
2025-12-21 23:17:17.757 [http-nio-8081-exec-6] INFO  com.dp1.backend.handlers.SocketConnectionHandler - Enviando resultado del algoritmo 'para los vuelos en el aire'
2025-12-21 23:17:20.416 [http-nio-8081-exec-5] INFO  com.dp1.backend.handlers.SocketConnectionHandler - Enviando # de vuelos en el aire: 45
2025-12-21 23:17:26.413 [http-nio-8081-exec-2] INFO  com.dp1.backend.handlers.SocketConnectionHandler - Enviando # de vuelos en el aire: 51
2025-12-21 23:17:32.412 [http-nio-8081-exec-9] INFO  com.dp1.backend.handlers.SocketConnectionHandler - Enviando # de vuelos en el aire: 44
2025-12-21 23:17:38.414 [http-nio-8081-exec-7] INFO  com.dp1.backend.handlers.SocketConnectionHandler - Enviando # de vuelos en el aire: 48
2025-12-21 23:17:44.413 [http-nio-8081-exec-2] INFO  com.dp1.backend.handlers.SocketConnectionHandler - Enviando # de vuelos en el aire: 45
2025-12-21 23:17:50.413 [http-nio-8081-exec-8] INFO  com.dp1.backend.handlers.SocketConnectionHandler - Enviando # de vuelos en el aire: 41
2025-12-21 23:17:56.417 [http-nio-8081-exec-4] INFO  com.dp1.backend.handlers.SocketConnectionHandler - Enviando # de vuelos en el aire: 50
2025-12-21 23:18:00.409 [http-nio-8081-exec-8] INFO  com.dp1.backend.services.ACOService - Desde - hasta: 2025-12-22T17:38:51-05:00[America/Lima] - 2025-12-22T20:38:51-05:00[America/Lima]
2025-12-21 23:18:00.436 [http-nio-8081-exec-8] INFO  com.dp1.backend.services.ACOService - Ejecutando ACO para: 
2025-12-21 23:18:00.437 [http-nio-8081-exec-8] INFO  com.dp1.backend.services.ACOService - Aeropuertos: 30
2025-12-21 23:18:00.439 [http-nio-8081-exec-8] INFO  com.dp1.backend.services.ACOService - Vuelos: 2866
2025-12-21 23:18:00.439 [http-nio-8081-exec-8] INFO  com.dp1.backend.services.ACOService - Envios: 740
2025-12-21 23:18:00.441 [http-nio-8081-exec-8] INFO  com.dp1.backend.services.ACOService - Paquetes: 1555
2025-12-21 23:18:09.966 [http-nio-8081-exec-8] INFO  com.dp1.backend.services.ACOService - Tiempo de ejecución: 9519 ms
2025-12-21 23:18:10.011 [http-nio-8081-exec-8] INFO  com.dp1.backend.services.ACOService - Paquetes entregados con función André: 1544
2025-12-21 23:18:10.092 [http-nio-8081-exec-8] INFO  com.dp1.backend.handlers.SocketConnectionHandler - Enviando resultado del algoritmo 'para los vuelos en el aire'
2025-12-21 23:18:10.101 [http-nio-8081-exec-8] INFO  com.dp1.backend.handlers.SocketConnectionHandler - Enviando # de vuelos en el aire: 46
2025-12-21 23:18:10.109 [http-nio-8081-exec-8] INFO  com.dp1.backend.handlers.SocketConnectionHandler - Enviando # de vuelos en el aire: 47
2025-12-21 23:18:14.416 [http-nio-8081-exec-6] INFO  com.dp1.backend.handlers.SocketConnectionHandler - Enviando # de vuelos en el aire: 33
2025-12-21 23:18:20.415 [http-nio-8081-exec-9] INFO  com.dp1.backend.handlers.SocketConnectionHandler - Enviando # de vuelos en el aire: 51
2025-12-21 23:18:26.423 [http-nio-8081-exec-10] INFO  com.dp1.backend.handlers.SocketConnectionHandler - Enviando # de vuelos en el aire: 46
2025-12-21 23:18:32.413 [http-nio-8081-exec-6] INFO  com.dp1.backend.handlers.SocketConnectionHandler - Enviando # de vuelos en el aire: 35
2025-12-21 23:18:38.414 [http-nio-8081-exec-9] INFO  com.dp1.backend.handlers.SocketConnectionHandler - Enviando # de vuelos en el aire: 53
2025-12-21 23:18:44.412 [http-nio-8081-exec-7] INFO  com.dp1.backend.handlers.SocketConnectionHandler - Enviando # de vuelos en el aire: 51
2025-12-21 23:18:46.418 [http-nio-8081-exec-10] INFO  com.dp1.backend.services.ACOService - Desde - hasta: 2025-12-22T20:42:51-05:00[America/Lima] - 2025-12-22T23:42:51-05:00[America/Lima]
2025-12-21 23:18:46.436 [http-nio-8081-exec-10] INFO  com.dp1.backend.services.ACOService - Ejecutando ACO para: 
2025-12-21 23:18:46.437 [http-nio-8081-exec-10] INFO  com.dp1.backend.services.ACOService - Aeropuertos: 30
2025-12-21 23:18:46.437 [http-nio-8081-exec-10] INFO  com.dp1.backend.services.ACOService - Vuelos: 2866
2025-12-21 23:18:46.438 [http-nio-8081-exec-10] INFO  com.dp1.backend.services.ACOService - Envios: 587
2025-12-21 23:18:46.438 [http-nio-8081-exec-10] INFO  com.dp1.backend.services.ACOService - Paquetes: 1073
2025-12-21 23:18:52.850 [http-nio-8081-exec-10] INFO  com.dp1.backend.services.ACOService - Tiempo de ejecución: 6411 ms
2025-12-21 23:18:52.891 [http-nio-8081-exec-10] INFO  com.dp1.backend.services.ACOService - Paquetes entregados con función André: 1066
2025-12-21 23:18:52.970 [http-nio-8081-exec-10] INFO  com.dp1.backend.handlers.SocketConnectionHandler - Enviando resultado del algoritmo 'para los vuelos en el aire'
2025-12-21 23:18:52.982 [http-nio-8081-exec-10] INFO  com.dp1.backend.handlers.SocketConnectionHandler - Enviando # de vuelos en el aire: 42
2025-12-21 23:18:56.411 [http-nio-8081-exec-1] INFO  com.dp1.backend.handlers.SocketConnectionHandler - Enviando # de vuelos en el aire: 50
2025-12-21 23:18:59.829 [http-nio-8081-exec-5] INFO  com.dp1.backend.services.ClienteService - Creando cliente con datos: fdvd ffv jhuamanperez1@gmail.com 
2025-12-21 23:18:59.853 [http-nio-8081-exec-5] INFO  com.dp1.backend.services.ClienteService - Cliente creado exitosamente con ID: 34
2025-12-21 23:18:59.953 [http-nio-8081-exec-10] INFO  com.dp1.backend.services.ClienteService - Cliente ya existe con email: fergegr@mp.com - Devolviendo cliente existente con ID: 33
2025-12-21 23:18:59.993 [http-nio-8081-exec-9] INFO  com.dp1.backend.services.EnvioService - Envío llegando con fecha de salida desde frontend: null
2025-12-21 23:18:59.993 [http-nio-8081-exec-9] INFO  com.dp1.backend.services.EnvioService - Fecha de salida final: 2025-12-21T23:18:59.993786900-05:00
2025-12-21 23:19:00.010 [http-nio-8081-exec-9] INFO  com.dp1.backend.services.EnvioService - Todo bien hasta primer guardado
2025-12-21 23:19:00.044 [http-nio-8081-exec-9] INFO  com.dp1.backend.services.EnvioService - Todo bien hasta segundo guardado
2025-12-21 23:19:00.612 [http-nio-8081-exec-9] INFO  com.dp1.backend.services.EnvioService - Todo bien hasta guardado de paquetes
2025-12-21 23:19:00.640 [http-nio-8081-exec-6] INFO  com.dp1.backend.services.DatosEnMemoriaService - [NUEVO ENVIO] Cadena: SPIM-202512212319-20251221-23:19:00-SVMI:36 | idEnvio asignado: 0 | codigo: SPIM202512212319
2025-12-21 23:19:00.641 [http-nio-8081-exec-6] INFO  com.dp1.backend.services.DatosEnMemoriaService - [VALIDADO] El envío con código SPIM202512212319 fue agregado correctamente.
2025-12-21 23:19:02.420 [http-nio-8081-exec-5] INFO  com.dp1.backend.handlers.SocketConnectionHandler - Enviando # de vuelos en el aire: 45
2025-12-21 23:19:08.426 [http-nio-8081-exec-6] INFO  com.dp1.backend.handlers.SocketConnectionHandler - Enviando # de vuelos en el aire: 54
2025-12-21 23:19:14.418 [http-nio-8081-exec-3] INFO  com.dp1.backend.handlers.SocketConnectionHandler - Enviando # de vuelos en el aire: 48
2025-12-21 23:19:20.419 [http-nio-8081-exec-7] INFO  com.dp1.backend.handlers.SocketConnectionHandler - Enviando # de vuelos en el aire: 36
2025-12-21 23:19:26.432 [http-nio-8081-exec-6] INFO  com.dp1.backend.handlers.SocketConnectionHandler - Enviando # de vuelos en el aire: 51
2025-12-21 23:19:32.412 [http-nio-8081-exec-3] INFO  com.dp1.backend.handlers.SocketConnectionHandler - Enviando # de vuelos en el aire: 52
2025-12-21 23:19:32.414 [http-nio-8081-exec-3] INFO  com.dp1.backend.services.ACOService - Desde - hasta: 2025-12-22T23:46:51-05:00[America/Lima] - 2025-12-23T02:46:51-05:00[America/Lima]
2025-12-21 23:19:32.437 [http-nio-8081-exec-3] INFO  com.dp1.backend.services.ACOService - Ejecutando ACO para: 
2025-12-21 23:19:32.438 [http-nio-8081-exec-3] INFO  com.dp1.backend.services.ACOService - Aeropuertos: 30
2025-12-21 23:19:32.438 [http-nio-8081-exec-3] INFO  com.dp1.backend.services.ACOService - Vuelos: 2866
2025-12-21 23:19:32.439 [http-nio-8081-exec-3] INFO  com.dp1.backend.services.ACOService - Envios: 807
2025-12-21 23:19:32.439 [http-nio-8081-exec-3] INFO  com.dp1.backend.services.ACOService - Paquetes: 1469
2025-12-21 23:19:40.385 [http-nio-8081-exec-3] INFO  com.dp1.backend.services.ACOService - Tiempo de ejecución: 7945 ms
2025-12-21 23:19:40.428 [http-nio-8081-exec-3] INFO  com.dp1.backend.services.ACOService - Paquetes entregados con función André: 1453
2025-12-21 23:19:40.522 [http-nio-8081-exec-3] INFO  com.dp1.backend.handlers.SocketConnectionHandler - Enviando resultado del algoritmo 'para los vuelos en el aire'
2025-12-21 23:19:40.530 [http-nio-8081-exec-3] INFO  com.dp1.backend.handlers.SocketConnectionHandler - Enviando # de vuelos en el aire: 39
2025-12-21 23:19:44.415 [http-nio-8081-exec-6] INFO  com.dp1.backend.handlers.SocketConnectionHandler - Enviando # de vuelos en el aire: 38
2025-12-21 23:19:50.417 [http-nio-8081-exec-1] INFO  com.dp1.backend.handlers.SocketConnectionHandler - Enviando # de vuelos en el aire: 56
2025-12-21 23:19:57.275 [http-nio-8081-exec-5] INFO  com.dp1.backend.handlers.SocketConnectionHandler - Enviando # de vuelos en el aire: 46
2025-12-21 23:20:03.275 [http-nio-8081-exec-7] INFO  com.dp1.backend.handlers.SocketConnectionHandler - Enviando # de vuelos en el aire: 53
2025-12-21 23:20:08.413 [http-nio-8081-exec-2] INFO  com.dp1.backend.handlers.SocketConnectionHandler - Enviando # de vuelos en el aire: 51
2025-12-21 23:20:14.412 [http-nio-8081-exec-8] INFO  com.dp1.backend.handlers.SocketConnectionHandler - Enviando # de vuelos en el aire: 70
2025-12-21 23:20:18.409 [http-nio-8081-exec-2] INFO  com.dp1.backend.services.ACOService - Desde - hasta: 2025-12-23T02:50:51-05:00[America/Lima] - 2025-12-23T05:50:51-05:00[America/Lima]
2025-12-21 23:20:18.427 [http-nio-8081-exec-2] INFO  com.dp1.backend.services.ACOService - Ejecutando ACO para: 
2025-12-21 23:20:18.428 [http-nio-8081-exec-2] INFO  com.dp1.backend.services.ACOService - Aeropuertos: 30
2025-12-21 23:20:18.428 [http-nio-8081-exec-2] INFO  com.dp1.backend.services.ACOService - Vuelos: 2866
2025-12-21 23:20:18.429 [http-nio-8081-exec-2] INFO  com.dp1.backend.services.ACOService - Envios: 800
2025-12-21 23:20:18.429 [http-nio-8081-exec-2] INFO  com.dp1.backend.services.ACOService - Paquetes: 1350
2025-12-21 23:20:24.787 [http-nio-8081-exec-2] INFO  com.dp1.backend.services.ACOService - Tiempo de ejecución: 6358 ms
2025-12-21 23:20:24.824 [http-nio-8081-exec-2] INFO  com.dp1.backend.services.ACOService - Paquetes entregados con función André: 1344
2025-12-21 23:20:24.902 [http-nio-8081-exec-2] INFO  com.dp1.backend.handlers.SocketConnectionHandler - Enviando resultado del algoritmo 'para los vuelos en el aire'
2025-12-21 23:20:24.907 [http-nio-8081-exec-2] INFO  com.dp1.backend.handlers.SocketConnectionHandler - Enviando # de vuelos en el aire: 48
2025-12-21 23:20:26.411 [http-nio-8081-exec-4] INFO  com.dp1.backend.handlers.SocketConnectionHandler - Enviando # de vuelos en el aire: 43
2025-12-21 23:20:32.425 [http-nio-8081-exec-2] INFO  com.dp1.backend.handlers.SocketConnectionHandler - Enviando # de vuelos en el aire: 52
2025-12-21 23:20:38.417 [http-nio-8081-exec-8] INFO  com.dp1.backend.handlers.SocketConnectionHandler - Enviando # de vuelos en el aire: 47
2025-12-21 23:20:44.424 [http-nio-8081-exec-4] INFO  com.dp1.backend.handlers.SocketConnectionHandler - Enviando # de vuelos en el aire: 50
2025-12-21 23:20:50.425 [http-nio-8081-exec-9] INFO  com.dp1.backend.handlers.SocketConnectionHandler - Enviando # de vuelos en el aire: 48
2025-12-21 23:20:56.418 [http-nio-8081-exec-8] INFO  com.dp1.backend.handlers.SocketConnectionHandler - Enviando # de vuelos en el aire: 48
2025-12-21 23:21:02.422 [http-nio-8081-exec-5] INFO  com.dp1.backend.handlers.SocketConnectionHandler - Enviando # de vuelos en el aire: 49
2025-12-21 23:21:04.416 [http-nio-8081-exec-8] INFO  com.dp1.backend.services.ACOService - Desde - hasta: 2025-12-23T05:54:51-05:00[America/Lima] - 2025-12-23T08:54:51-05:00[America/Lima]
2025-12-21 23:21:04.444 [http-nio-8081-exec-8] INFO  com.dp1.backend.services.ACOService - Ejecutando ACO para: 
2025-12-21 23:21:04.444 [http-nio-8081-exec-8] INFO  com.dp1.backend.services.ACOService - Aeropuertos: 30
2025-12-21 23:21:04.444 [http-nio-8081-exec-8] INFO  com.dp1.backend.services.ACOService - Vuelos: 2866
2025-12-21 23:21:04.444 [http-nio-8081-exec-8] INFO  com.dp1.backend.services.ACOService - Envios: 808
2025-12-21 23:21:04.444 [http-nio-8081-exec-8] INFO  com.dp1.backend.services.ACOService - Paquetes: 1231
2025-12-21 23:21:13.152 [http-nio-8081-exec-8] INFO  com.dp1.backend.services.ACOService - Tiempo de ejecución: 8708 ms
2025-12-21 23:21:13.178 [http-nio-8081-exec-8] INFO  com.dp1.backend.services.ACOService - Paquetes entregados con función André: 1224
2025-12-21 23:21:13.265 [http-nio-8081-exec-8] INFO  com.dp1.backend.handlers.SocketConnectionHandler - Enviando resultado del algoritmo 'para los vuelos en el aire'
2025-12-21 23:21:13.273 [http-nio-8081-exec-8] INFO  com.dp1.backend.handlers.SocketConnectionHandler - Enviando # de vuelos en el aire: 50
2025-12-21 23:21:14.417 [http-nio-8081-exec-9] INFO  com.dp1.backend.handlers.SocketConnectionHandler - Enviando # de vuelos en el aire: 49
2025-12-21 23:21:20.424 [http-nio-8081-exec-3] INFO  com.dp1.backend.handlers.SocketConnectionHandler - Enviando # de vuelos en el aire: 39
2025-12-21 23:21:23.514 [SpringApplicationShutdownHook] INFO  org.springframework.orm.jpa.LocalContainerEntityManagerFactoryBean - Closing JPA EntityManagerFactory for persistence unit 'default'
2025-12-21 23:21:23.529 [SpringApplicationShutdownHook] INFO  com.zaxxer.hikari.HikariDataSource - HikariPool-1 - Shutdown initiated...
2025-12-21 23:21:23.576 [SpringApplicationShutdownHook] INFO  com.zaxxer.hikari.HikariDataSource - HikariPool-1 - Shutdown completed.
2025-12-21 23:21:23.593 [SpringApplicationShutdownHook] INFO  com.dp1.backend.handlers.SocketConnectionHandler - 9b970813-411a-23c5-7041-afcc9fcbc94a  desconectado del socket
2025-12-21 23:32:18.141 [main] INFO  com.dp1.backend.BackendApplication - Starting BackendApplication using Java 24.0.1 with PID 14128 (C:\Users\Joseph\Documents\PUCP\25-2\Dp1\Nuevo\Back\MoraPack_Backend\target\classes started by Joseph in C:\Users\Joseph\Documents\PUCP\25-2\Dp1\Nuevo\Back\MoraPack_Backend)
2025-12-21 23:32:18.190 [main] INFO  com.dp1.backend.BackendApplication - No active profile set, falling back to 1 default profile: "default"
2025-12-21 23:32:20.970 [main] INFO  org.springframework.data.repository.config.RepositoryConfigurationDelegate - Bootstrapping Spring Data JPA repositories in DEFAULT mode.
2025-12-21 23:32:21.227 [main] INFO  org.springframework.data.repository.config.RepositoryConfigurationDelegate - Finished Spring Data repository scanning in 227 ms. Found 10 JPA repository interfaces.
2025-12-21 23:32:22.975 [main] INFO  org.springframework.boot.web.embedded.tomcat.TomcatWebServer - Tomcat initialized with port 8081 (http)
2025-12-21 23:32:23.012 [main] INFO  org.apache.coyote.http11.Http11NioProtocol - Initializing ProtocolHandler ["http-nio-8081"]
2025-12-21 23:32:23.020 [main] INFO  org.apache.catalina.core.StandardService - Starting service [Tomcat]
2025-12-21 23:32:23.021 [main] INFO  org.apache.catalina.core.StandardEngine - Starting Servlet engine: [Apache Tomcat/10.1.19]
2025-12-21 23:32:23.203 [main] INFO  org.apache.catalina.core.ContainerBase.[Tomcat].[localhost].[/api] - Initializing Spring embedded WebApplicationContext
2025-12-21 23:32:23.205 [main] INFO  org.springframework.boot.web.servlet.context.ServletWebServerApplicationContext - Root WebApplicationContext: initialization completed in 4712 ms
2025-12-21 23:32:23.986 [main] INFO  org.hibernate.jpa.internal.util.LogHelper - HHH000204: Processing PersistenceUnitInfo [name: default]
2025-12-21 23:32:24.258 [main] INFO  org.hibernate.Version - HHH000412: Hibernate ORM core version 6.4.4.Final
2025-12-21 23:32:24.362 [main] INFO  org.hibernate.cache.internal.RegionFactoryInitiator - HHH000026: Second-level cache disabled
2025-12-21 23:32:25.041 [main] INFO  org.springframework.orm.jpa.persistenceunit.SpringPersistenceUnitInfo - No LoadTimeWeaver setup: ignoring JPA class transformer
2025-12-21 23:32:25.147 [main] WARN  com.zaxxer.hikari.HikariConfig - HikariPool-1 - idleTimeout has been set but has no effect because the pool is operating as a fixed size pool.
2025-12-21 23:32:25.148 [main] INFO  com.zaxxer.hikari.HikariDataSource - HikariPool-1 - Starting...
2025-12-21 23:32:25.754 [main] INFO  com.zaxxer.hikari.pool.HikariPool - HikariPool-1 - Added connection com.mysql.cj.jdbc.ConnectionImpl@1c792107
2025-12-21 23:32:25.759 [main] INFO  com.zaxxer.hikari.HikariDataSource - HikariPool-1 - Start completed.
2025-12-21 23:32:29.154 [main] INFO  org.hibernate.engine.transaction.jta.platform.internal.JtaPlatformInitiator - HHH000489: No JTA platform available (set 'hibernate.transaction.jta.platform' to enable JTA platform integration)
2025-12-21 23:32:29.536 [main] INFO  org.springframework.orm.jpa.LocalContainerEntityManagerFactoryBean - Initialized JPA EntityManagerFactory for persistence unit 'default'
2025-12-21 23:32:29.567 [main] INFO  com.dp1.backend.services.DatosEnMemoriaService - Inicializando DatosEnMemoriaService con working directory: C:\Users\Joseph\Documents\PUCP\25-2\Dp1\Nuevo\Back\MoraPack_Backend
2025-12-21 23:32:29.581 [main] INFO  com.dp1.backend.services.DatosEnMemoriaService - Aeropuertos cargados: 30
2025-12-21 23:32:29.670 [main] INFO  com.dp1.backend.services.DatosEnMemoriaService - Vuelos cargados: 2866
2025-12-21 23:32:30.241 [main] INFO  com.dp1.backend.services.DatosEnMemoriaService - Leyendo rutas posibles
2025-12-21 23:32:30.585 [main] INFO  com.dp1.backend.services.DatosEnMemoriaService - Colecciones rutas: 0
2025-12-21 23:32:30.586 [main] INFO  com.dp1.backend.services.DatosEnMemoriaService - Rutas posibles set: 0
2025-12-21 23:32:30.920 [main] INFO  org.springframework.data.jpa.repository.query.QueryEnhancerFactory - Hibernate is in classpath; If applicable, HQL parser will be used.
2025-12-21 23:32:32.399 [main] WARN  org.springframework.boot.autoconfigure.orm.jpa.JpaBaseConfiguration$JpaWebConfiguration - spring.jpa.open-in-view is enabled by default. Therefore, database queries may be performed during view rendering. Explicitly configure spring.jpa.open-in-view to disable this warning
2025-12-21 23:32:33.386 [main] INFO  org.apache.coyote.http11.Http11NioProtocol - Starting ProtocolHandler ["http-nio-8081"]
2025-12-21 23:32:33.441 [main] INFO  org.springframework.boot.web.embedded.tomcat.TomcatWebServer - Tomcat started on port 8081 (http) with context path '/api'
2025-12-21 23:32:33.459 [main] INFO  com.dp1.backend.BackendApplication - Started BackendApplication in 17.121 seconds (process running for 21.126)
2025-12-21 23:33:49.366 [http-nio-8081-exec-1] INFO  org.apache.catalina.core.ContainerBase.[Tomcat].[localhost].[/api] - Initializing Spring DispatcherServlet 'dispatcherServlet'
2025-12-21 23:33:49.368 [http-nio-8081-exec-1] INFO  org.springframework.web.servlet.DispatcherServlet - Initializing Servlet 'dispatcherServlet'
2025-12-21 23:33:49.373 [http-nio-8081-exec-1] INFO  org.springframework.web.servlet.DispatcherServlet - Completed initialization in 3 ms
2025-12-21 23:33:49.603 [http-nio-8081-exec-1] INFO  com.dp1.backend.handlers.SocketConnectionHandler - 6869a678-5205-3e89-9af7-772fb41eb604  conectado al socket
2025-12-21 23:33:49.636 [http-nio-8081-exec-1] INFO  com.dp1.backend.services.DatosEnMemoriaService - Leyendo archivo: data\envios\pack_enviado_EDDI_.txt
2025-12-21 23:33:50.009 [http-nio-8081-exec-1] INFO  com.dp1.backend.services.DatosEnMemoriaService - Leyendo archivo: data\envios\pack_enviado_EHAM_.txt
2025-12-21 23:33:50.415 [http-nio-8081-exec-1] INFO  com.dp1.backend.services.DatosEnMemoriaService - Leyendo archivo: data\envios\pack_enviado_EKCH_.txt
2025-12-21 23:33:50.847 [http-nio-8081-exec-1] INFO  com.dp1.backend.services.DatosEnMemoriaService - Leyendo archivo: data\envios\pack_enviado_LATI_.txt
2025-12-21 23:33:51.191 [http-nio-8081-exec-1] INFO  com.dp1.backend.services.DatosEnMemoriaService - Leyendo archivo: data\envios\pack_enviado_LBSF_.txt
2025-12-21 23:33:51.568 [http-nio-8081-exec-1] INFO  com.dp1.backend.services.DatosEnMemoriaService - Leyendo archivo: data\envios\pack_enviado_LDZA_.txt
2025-12-21 23:33:51.833 [http-nio-8081-exec-1] INFO  com.dp1.backend.services.DatosEnMemoriaService - Leyendo archivo: data\envios\pack_enviado_LKPR_.txt
2025-12-21 23:33:52.128 [http-nio-8081-exec-1] INFO  com.dp1.backend.services.DatosEnMemoriaService - Leyendo archivo: data\envios\pack_enviado_LOWW_.txt
2025-12-21 23:33:52.490 [http-nio-8081-exec-1] INFO  com.dp1.backend.services.DatosEnMemoriaService - Leyendo archivo: data\envios\pack_enviado_OAKB_.txt
2025-12-21 23:33:52.776 [http-nio-8081-exec-1] INFO  com.dp1.backend.services.DatosEnMemoriaService - Leyendo archivo: data\envios\pack_enviado_OERK_.txt
2025-12-21 23:33:53.126 [http-nio-8081-exec-1] INFO  com.dp1.backend.services.DatosEnMemoriaService - Leyendo archivo: data\envios\pack_enviado_OJAI_.txt
2025-12-21 23:33:53.363 [http-nio-8081-exec-1] INFO  com.dp1.backend.services.DatosEnMemoriaService - Leyendo archivo: data\envios\pack_enviado_OMDB_.txt
2025-12-21 23:33:53.654 [http-nio-8081-exec-1] INFO  com.dp1.backend.services.DatosEnMemoriaService - Leyendo archivo: data\envios\pack_enviado_OOMS_.txt
2025-12-21 23:33:53.867 [http-nio-8081-exec-1] INFO  com.dp1.backend.services.DatosEnMemoriaService - Leyendo archivo: data\envios\pack_enviado_OPKC_.txt
2025-12-21 23:33:54.192 [http-nio-8081-exec-1] INFO  com.dp1.backend.services.DatosEnMemoriaService - Leyendo archivo: data\envios\pack_enviado_OSDI_.txt
2025-12-21 23:33:54.496 [http-nio-8081-exec-1] INFO  com.dp1.backend.services.DatosEnMemoriaService - Leyendo archivo: data\envios\pack_enviado_OYSN_.txt
2025-12-21 23:33:54.791 [http-nio-8081-exec-1] INFO  com.dp1.backend.services.DatosEnMemoriaService - Leyendo archivo: data\envios\pack_enviado_SABE_.txt
2025-12-21 23:33:55.033 [http-nio-8081-exec-1] INFO  com.dp1.backend.services.DatosEnMemoriaService - Leyendo archivo: data\envios\pack_enviado_SBBR_.txt
2025-12-21 23:33:55.428 [http-nio-8081-exec-1] INFO  com.dp1.backend.services.DatosEnMemoriaService - Leyendo archivo: data\envios\pack_enviado_SCEL_.txt
2025-12-21 23:33:55.768 [http-nio-8081-exec-1] INFO  com.dp1.backend.services.DatosEnMemoriaService - Leyendo archivo: data\envios\pack_enviado_SEQM_.txt
2025-12-21 23:33:56.079 [http-nio-8081-exec-1] INFO  com.dp1.backend.services.DatosEnMemoriaService - Leyendo archivo: data\envios\pack_enviado_SGAS_.txt
2025-12-21 23:33:56.354 [http-nio-8081-exec-1] INFO  com.dp1.backend.services.DatosEnMemoriaService - Leyendo archivo: data\envios\pack_enviado_SKBO_.txt
2025-12-21 23:33:56.656 [http-nio-8081-exec-1] INFO  com.dp1.backend.services.DatosEnMemoriaService - Leyendo archivo: data\envios\pack_enviado_SLLP_.txt
2025-12-21 23:33:56.880 [http-nio-8081-exec-1] INFO  com.dp1.backend.services.DatosEnMemoriaService - Leyendo archivo: data\envios\pack_enviado_SUAA_.txt
2025-12-21 23:33:57.220 [http-nio-8081-exec-1] INFO  com.dp1.backend.services.DatosEnMemoriaService - Leyendo archivo: data\envios\pack_enviado_SVMI_.txt
2025-12-21 23:33:57.556 [http-nio-8081-exec-1] INFO  com.dp1.backend.services.DatosEnMemoriaService - Leyendo archivo: data\envios\pack_enviado_UMMS_.txt
2025-12-21 23:33:57.864 [http-nio-8081-exec-1] INFO  com.dp1.backend.services.DatosEnMemoriaService - Leyendo archivo: data\envios\pack_enviado_VIDP_.txt
2025-12-21 23:33:58.081 [http-nio-8081-exec-1] INFO  com.dp1.backend.services.DatosEnMemoriaService - Envios cargados: 48536
2025-12-21 23:33:58.114 [http-nio-8081-exec-1] INFO  com.dp1.backend.services.ACOService - Ejecutando ACO para: 
2025-12-21 23:33:58.115 [http-nio-8081-exec-1] INFO  com.dp1.backend.services.ACOService - Aeropuertos: 30
2025-12-21 23:33:58.116 [http-nio-8081-exec-1] INFO  com.dp1.backend.services.ACOService - Vuelos: 2866
2025-12-21 23:33:58.117 [http-nio-8081-exec-1] INFO  com.dp1.backend.services.ACOService - Envios: 4628
2025-12-21 23:33:58.118 [http-nio-8081-exec-1] INFO  com.dp1.backend.services.ACOService - Paquetes: 9457
2025-12-21 23:34:57.425 [http-nio-8081-exec-1] INFO  com.dp1.backend.services.ACOService - Tiempo de ejecución: 59306 ms
2025-12-21 23:34:58.056 [http-nio-8081-exec-1] INFO  com.dp1.backend.services.ACOService - Paquetes entregados con función André: 9283
2025-12-21 23:34:58.666 [http-nio-8081-exec-1] INFO  com.dp1.backend.handlers.SocketConnectionHandler - Enviando # de vuelos en el aire: inicio1206
2025-12-21 23:35:05.512 [http-nio-8081-exec-9] INFO  com.dp1.backend.handlers.SocketConnectionHandler - Enviando # de vuelos en el aire: 43
2025-12-21 23:35:12.280 [http-nio-8081-exec-5] INFO  com.dp1.backend.handlers.SocketConnectionHandler - Enviando # de vuelos en el aire: 51
2025-12-21 23:35:17.500 [http-nio-8081-exec-2] INFO  com.dp1.backend.handlers.SocketConnectionHandler - Enviando # de vuelos en el aire: 46
2025-12-21 23:35:23.497 [http-nio-8081-exec-8] INFO  com.dp1.backend.handlers.SocketConnectionHandler - Enviando # de vuelos en el aire: 52
2025-12-21 23:35:29.496 [http-nio-8081-exec-4] INFO  com.dp1.backend.handlers.SocketConnectionHandler - Enviando # de vuelos en el aire: 47
2025-12-21 23:35:35.500 [http-nio-8081-exec-10] INFO  com.dp1.backend.handlers.SocketConnectionHandler - Enviando # de vuelos en el aire: 38
2025-12-21 23:35:41.500 [http-nio-8081-exec-6] INFO  com.dp1.backend.handlers.SocketConnectionHandler - Enviando # de vuelos en el aire: 49
2025-12-21 23:35:45.493 [http-nio-8081-exec-10] INFO  com.dp1.backend.services.ACOService - Desde - hasta: 2025-12-21T23:37:49-05:00[America/Lima] - 2025-12-22T02:37:49-05:00[America/Lima]
2025-12-21 23:35:45.523 [http-nio-8081-exec-10] INFO  com.dp1.backend.services.ACOService - Ejecutando ACO para: 
2025-12-21 23:35:45.524 [http-nio-8081-exec-10] INFO  com.dp1.backend.services.ACOService - Aeropuertos: 30
2025-12-21 23:35:45.524 [http-nio-8081-exec-10] INFO  com.dp1.backend.services.ACOService - Vuelos: 2866
2025-12-21 23:35:45.525 [http-nio-8081-exec-10] INFO  com.dp1.backend.services.ACOService - Envios: 749
2025-12-21 23:35:45.526 [http-nio-8081-exec-10] INFO  com.dp1.backend.services.ACOService - Paquetes: 1542
2025-12-21 23:35:54.317 [http-nio-8081-exec-10] INFO  com.dp1.backend.services.ACOService - Tiempo de ejecución: 8789 ms
2025-12-21 23:35:54.362 [http-nio-8081-exec-10] INFO  com.dp1.backend.services.ACOService - Paquetes entregados con función André: 1533
2025-12-21 23:35:54.448 [http-nio-8081-exec-10] INFO  com.dp1.backend.handlers.SocketConnectionHandler - Enviando resultado del algoritmo 'para los vuelos en el aire'
2025-12-21 23:35:54.456 [http-nio-8081-exec-10] INFO  com.dp1.backend.handlers.SocketConnectionHandler - Enviando # de vuelos en el aire: 53
2025-12-21 23:35:54.466 [http-nio-8081-exec-10] INFO  com.dp1.backend.handlers.SocketConnectionHandler - Enviando # de vuelos en el aire: 39
2025-12-21 23:35:59.499 [http-nio-8081-exec-6] INFO  com.dp1.backend.handlers.SocketConnectionHandler - Enviando # de vuelos en el aire: 36
2025-12-21 23:36:05.502 [http-nio-8081-exec-3] INFO  com.dp1.backend.handlers.SocketConnectionHandler - Enviando # de vuelos en el aire: 56
2025-12-21 23:36:10.935 [http-nio-8081-exec-8] INFO  com.dp1.backend.services.ClienteService - Creando cliente con datos: asf asf mr@cc.com 
2025-12-21 23:36:11.077 [http-nio-8081-exec-8] INFO  com.dp1.backend.services.ClienteService - Cliente creado exitosamente con ID: 35
2025-12-21 23:36:11.130 [http-nio-8081-exec-9] INFO  com.dp1.backend.services.ClienteService - Creando cliente con datos: brs lkjh fergegr@mp.com 
2025-12-21 23:36:11.142 [http-nio-8081-exec-9] INFO  com.dp1.backend.services.ClienteService - Cliente creado exitosamente con ID: 36
2025-12-21 23:36:11.188 [http-nio-8081-exec-10] INFO  com.dp1.backend.services.EnvioService - Envío llegando con fecha de salida desde frontend: null
2025-12-21 23:36:11.189 [http-nio-8081-exec-10] INFO  com.dp1.backend.services.EnvioService - Fecha de salida final: 2025-12-21T23:36:11.188009700-05:00
2025-12-21 23:36:11.214 [http-nio-8081-exec-10] INFO  com.dp1.backend.services.EnvioService - Todo bien hasta primer guardado
2025-12-21 23:36:11.265 [http-nio-8081-exec-10] INFO  com.dp1.backend.services.EnvioService - Todo bien hasta segundo guardado
2025-12-21 23:36:11.497 [http-nio-8081-exec-10] INFO  com.dp1.backend.services.EnvioService - Todo bien hasta guardado de paquetes
2025-12-21 23:36:11.508 [http-nio-8081-exec-2] INFO  com.dp1.backend.handlers.SocketConnectionHandler - Enviando # de vuelos en el aire: 49
2025-12-21 23:36:16.873 [http-nio-8081-exec-7] INFO  com.dp1.backend.services.ClienteService - Cliente ya existe con email: mr@cc.com - Devolviendo cliente existente con ID: 35
2025-12-21 23:36:16.950 [http-nio-8081-exec-8] INFO  com.dp1.backend.services.ClienteService - Cliente ya existe con email: fergegr@mp.com - Devolviendo cliente existente con ID: 36
2025-12-21 23:36:16.970 [http-nio-8081-exec-9] INFO  com.dp1.backend.services.EnvioService - Envío llegando con fecha de salida desde frontend: null
2025-12-21 23:36:16.971 [http-nio-8081-exec-9] INFO  com.dp1.backend.services.EnvioService - Fecha de salida final: 2025-12-21T23:36:16.970434300-05:00
2025-12-21 23:36:16.986 [http-nio-8081-exec-9] INFO  com.dp1.backend.services.EnvioService - Todo bien hasta primer guardado
2025-12-21 23:36:17.000 [http-nio-8081-exec-9] INFO  com.dp1.backend.services.EnvioService - Todo bien hasta segundo guardado
2025-12-21 23:36:17.196 [http-nio-8081-exec-9] INFO  com.dp1.backend.services.EnvioService - Todo bien hasta guardado de paquetes
2025-12-21 23:36:17.495 [http-nio-8081-exec-10] INFO  com.dp1.backend.handlers.SocketConnectionHandler - Enviando # de vuelos en el aire: 53
2025-12-21 23:36:23.504 [http-nio-8081-exec-6] INFO  com.dp1.backend.handlers.SocketConnectionHandler - Enviando # de vuelos en el aire: 51
2025-12-21 23:36:29.496 [http-nio-8081-exec-3] INFO  com.dp1.backend.handlers.SocketConnectionHandler - Enviando # de vuelos en el aire: 69
2025-12-21 23:36:31.491 [http-nio-8081-exec-4] INFO  com.dp1.backend.services.ACOService - Desde - hasta: 2025-12-22T02:41:49-05:00[America/Lima] - 2025-12-22T05:41:49-05:00[America/Lima]
2025-12-21 23:36:31.515 [http-nio-8081-exec-4] INFO  com.dp1.backend.services.ACOService - Ejecutando ACO para: 
2025-12-21 23:36:31.516 [http-nio-8081-exec-4] INFO  com.dp1.backend.services.ACOService - Aeropuertos: 30
2025-12-21 23:36:31.517 [http-nio-8081-exec-4] INFO  com.dp1.backend.services.ACOService - Vuelos: 2866
2025-12-21 23:36:31.518 [http-nio-8081-exec-4] INFO  com.dp1.backend.services.ACOService - Envios: 758
2025-12-21 23:36:31.518 [http-nio-8081-exec-4] INFO  com.dp1.backend.services.ACOService - Paquetes: 1380
2025-12-21 23:36:38.921 [http-nio-8081-exec-4] INFO  com.dp1.backend.services.ACOService - Tiempo de ejecución: 7402 ms
2025-12-21 23:36:38.956 [http-nio-8081-exec-4] INFO  com.dp1.backend.services.ACOService - Paquetes entregados con función André: 1369
2025-12-21 23:36:39.036 [http-nio-8081-exec-4] INFO  com.dp1.backend.handlers.SocketConnectionHandler - Enviando resultado del algoritmo 'para los vuelos en el aire'
2025-12-21 23:36:39.048 [http-nio-8081-exec-4] INFO  com.dp1.backend.handlers.SocketConnectionHandler - Enviando # de vuelos en el aire: 47
2025-12-21 23:36:41.507 [http-nio-8081-exec-7] INFO  com.dp1.backend.handlers.SocketConnectionHandler - Enviando # de vuelos en el aire: 44
2025-12-21 23:36:42.369 [http-nio-8081-exec-8] INFO  com.dp1.backend.services.ClienteService - Cliente ya existe con email: mr@cc.com - Devolviendo cliente existente con ID: 35
2025-12-21 23:36:42.439 [http-nio-8081-exec-9] INFO  com.dp1.backend.services.ClienteService - Cliente ya existe con email: fergegr@mp.com - Devolviendo cliente existente con ID: 36
2025-12-21 23:36:42.464 [http-nio-8081-exec-10] INFO  com.dp1.backend.services.EnvioService - Envío llegando con fecha de salida desde frontend: null
2025-12-21 23:36:42.481 [http-nio-8081-exec-10] INFO  com.dp1.backend.services.EnvioService - Fecha de salida final: 2025-12-21T23:36:42.464318900-05:00
2025-12-21 23:36:42.527 [http-nio-8081-exec-10] INFO  com.dp1.backend.services.EnvioService - Todo bien hasta primer guardado
2025-12-21 23:36:42.542 [http-nio-8081-exec-10] INFO  com.dp1.backend.services.EnvioService - Todo bien hasta segundo guardado
2025-12-21 23:36:42.761 [http-nio-8081-exec-10] INFO  com.dp1.backend.services.EnvioService - Todo bien hasta guardado de paquetes
2025-12-21 23:36:47.497 [http-nio-8081-exec-6] INFO  com.dp1.backend.handlers.SocketConnectionHandler - Enviando # de vuelos en el aire: 53
2025-12-21 23:36:53.503 [http-nio-8081-exec-3] INFO  com.dp1.backend.handlers.SocketConnectionHandler - Enviando # de vuelos en el aire: 47
2025-12-21 23:36:56.021 [SpringApplicationShutdownHook] INFO  org.springframework.orm.jpa.LocalContainerEntityManagerFactoryBean - Closing JPA EntityManagerFactory for persistence unit 'default'
2025-12-21 23:36:56.027 [SpringApplicationShutdownHook] INFO  com.zaxxer.hikari.HikariDataSource - HikariPool-1 - Shutdown initiated...
2025-12-21 23:36:56.050 [SpringApplicationShutdownHook] INFO  com.zaxxer.hikari.HikariDataSource - HikariPool-1 - Shutdown completed.
2025-12-21 23:36:56.062 [SpringApplicationShutdownHook] INFO  com.dp1.backend.handlers.SocketConnectionHandler - 6869a678-5205-3e89-9af7-772fb41eb604  desconectado del socket
2025-12-21 23:38:22.500 [main] INFO  com.dp1.backend.BackendApplication - Starting BackendApplication using Java 24.0.1 with PID 4636 (C:\Users\Joseph\Documents\PUCP\25-2\Dp1\Nuevo\Back\MoraPack_Backend\target\classes started by Joseph in C:\Users\Joseph\Documents\PUCP\25-2\Dp1\Nuevo\Back\MoraPack_Backend)
2025-12-21 23:38:22.526 [main] INFO  com.dp1.backend.BackendApplication - No active profile set, falling back to 1 default profile: "default"
2025-12-21 23:38:24.554 [main] INFO  org.springframework.data.repository.config.RepositoryConfigurationDelegate - Bootstrapping Spring Data JPA repositories in DEFAULT mode.
2025-12-21 23:38:24.728 [main] INFO  org.springframework.data.repository.config.RepositoryConfigurationDelegate - Finished Spring Data repository scanning in 155 ms. Found 10 JPA repository interfaces.
2025-12-21 23:38:26.318 [main] INFO  org.springframework.boot.web.embedded.tomcat.TomcatWebServer - Tomcat initialized with port 8081 (http)
2025-12-21 23:38:26.348 [main] INFO  org.apache.coyote.http11.Http11NioProtocol - Initializing ProtocolHandler ["http-nio-8081"]
2025-12-21 23:38:26.356 [main] INFO  org.apache.catalina.core.StandardService - Starting service [Tomcat]
2025-12-21 23:38:26.357 [main] INFO  org.apache.catalina.core.StandardEngine - Starting Servlet engine: [Apache Tomcat/10.1.19]
2025-12-21 23:38:26.506 [main] INFO  org.apache.catalina.core.ContainerBase.[Tomcat].[localhost].[/api] - Initializing Spring embedded WebApplicationContext
2025-12-21 23:38:26.507 [main] INFO  org.springframework.boot.web.servlet.context.ServletWebServerApplicationContext - Root WebApplicationContext: initialization completed in 3865 ms
2025-12-21 23:38:26.975 [main] INFO  org.hibernate.jpa.internal.util.LogHelper - HHH000204: Processing PersistenceUnitInfo [name: default]
2025-12-21 23:38:27.173 [main] INFO  org.hibernate.Version - HHH000412: Hibernate ORM core version 6.4.4.Final
2025-12-21 23:38:27.275 [main] INFO  org.hibernate.cache.internal.RegionFactoryInitiator - HHH000026: Second-level cache disabled
2025-12-21 23:38:27.816 [main] INFO  org.springframework.orm.jpa.persistenceunit.SpringPersistenceUnitInfo - No LoadTimeWeaver setup: ignoring JPA class transformer
2025-12-21 23:38:27.896 [main] WARN  com.zaxxer.hikari.HikariConfig - HikariPool-1 - idleTimeout has been set but has no effect because the pool is operating as a fixed size pool.
2025-12-21 23:38:27.896 [main] INFO  com.zaxxer.hikari.HikariDataSource - HikariPool-1 - Starting...
2025-12-21 23:38:28.221 [main] INFO  com.zaxxer.hikari.pool.HikariPool - HikariPool-1 - Added connection com.mysql.cj.jdbc.ConnectionImpl@1c792107
2025-12-21 23:38:28.225 [main] INFO  com.zaxxer.hikari.HikariDataSource - HikariPool-1 - Start completed.
2025-12-21 23:38:30.897 [main] INFO  org.hibernate.engine.transaction.jta.platform.internal.JtaPlatformInitiator - HHH000489: No JTA platform available (set 'hibernate.transaction.jta.platform' to enable JTA platform integration)
2025-12-21 23:38:31.151 [main] INFO  org.springframework.orm.jpa.LocalContainerEntityManagerFactoryBean - Initialized JPA EntityManagerFactory for persistence unit 'default'
2025-12-21 23:38:31.175 [main] INFO  com.dp1.backend.services.DatosEnMemoriaService - Inicializando DatosEnMemoriaService con working directory: C:\Users\Joseph\Documents\PUCP\25-2\Dp1\Nuevo\Back\MoraPack_Backend
2025-12-21 23:38:31.191 [main] INFO  com.dp1.backend.services.DatosEnMemoriaService - Aeropuertos cargados: 30
2025-12-21 23:38:31.261 [main] INFO  com.dp1.backend.services.DatosEnMemoriaService - Vuelos cargados: 2866
2025-12-21 23:38:31.704 [main] INFO  com.dp1.backend.services.DatosEnMemoriaService - Leyendo rutas posibles
2025-12-21 23:38:31.989 [main] INFO  com.dp1.backend.services.DatosEnMemoriaService - Colecciones rutas: 0
2025-12-21 23:38:31.989 [main] INFO  com.dp1.backend.services.DatosEnMemoriaService - Rutas posibles set: 0
2025-12-21 23:38:32.237 [main] INFO  org.springframework.data.jpa.repository.query.QueryEnhancerFactory - Hibernate is in classpath; If applicable, HQL parser will be used.
2025-12-21 23:38:33.539 [main] WARN  org.springframework.boot.autoconfigure.orm.jpa.JpaBaseConfiguration$JpaWebConfiguration - spring.jpa.open-in-view is enabled by default. Therefore, database queries may be performed during view rendering. Explicitly configure spring.jpa.open-in-view to disable this warning
2025-12-21 23:38:34.282 [main] INFO  org.apache.coyote.http11.Http11NioProtocol - Starting ProtocolHandler ["http-nio-8081"]
2025-12-21 23:38:34.325 [main] INFO  org.springframework.boot.web.embedded.tomcat.TomcatWebServer - Tomcat started on port 8081 (http) with context path '/api'
2025-12-21 23:38:34.338 [main] INFO  com.dp1.backend.BackendApplication - Started BackendApplication in 13.124 seconds (process running for 16.987)
2025-12-21 23:39:07.404 [http-nio-8081-exec-2] INFO  org.apache.catalina.core.ContainerBase.[Tomcat].[localhost].[/api] - Initializing Spring DispatcherServlet 'dispatcherServlet'
2025-12-21 23:39:07.405 [http-nio-8081-exec-2] INFO  org.springframework.web.servlet.DispatcherServlet - Initializing Servlet 'dispatcherServlet'
2025-12-21 23:39:07.410 [http-nio-8081-exec-2] INFO  org.springframework.web.servlet.DispatcherServlet - Completed initialization in 2 ms
2025-12-21 23:39:07.608 [http-nio-8081-exec-1] INFO  com.dp1.backend.handlers.SocketConnectionHandler - b7f1e7ea-ee42-a159-a0d4-a4368631fd89  conectado al socket
2025-12-21 23:39:07.649 [http-nio-8081-exec-1] INFO  com.dp1.backend.services.DatosEnMemoriaService - Leyendo archivo: data\envios\pack_enviado_EDDI_.txt
2025-12-21 23:39:07.980 [http-nio-8081-exec-1] INFO  com.dp1.backend.services.DatosEnMemoriaService - Leyendo archivo: data\envios\pack_enviado_EHAM_.txt
2025-12-21 23:39:08.341 [http-nio-8081-exec-1] INFO  com.dp1.backend.services.DatosEnMemoriaService - Leyendo archivo: data\envios\pack_enviado_EKCH_.txt
2025-12-21 23:39:08.693 [http-nio-8081-exec-1] INFO  com.dp1.backend.services.DatosEnMemoriaService - Leyendo archivo: data\envios\pack_enviado_LATI_.txt
2025-12-21 23:39:08.984 [http-nio-8081-exec-1] INFO  com.dp1.backend.services.DatosEnMemoriaService - Leyendo archivo: data\envios\pack_enviado_LBSF_.txt
2025-12-21 23:39:09.291 [http-nio-8081-exec-1] INFO  com.dp1.backend.services.DatosEnMemoriaService - Leyendo archivo: data\envios\pack_enviado_LDZA_.txt
2025-12-21 23:39:09.513 [http-nio-8081-exec-1] INFO  com.dp1.backend.services.DatosEnMemoriaService - Leyendo archivo: data\envios\pack_enviado_LKPR_.txt
2025-12-21 23:39:09.825 [http-nio-8081-exec-1] INFO  com.dp1.backend.services.DatosEnMemoriaService - Leyendo archivo: data\envios\pack_enviado_LOWW_.txt
2025-12-21 23:39:10.139 [http-nio-8081-exec-1] INFO  com.dp1.backend.services.DatosEnMemoriaService - Leyendo archivo: data\envios\pack_enviado_OAKB_.txt
2025-12-21 23:39:10.431 [http-nio-8081-exec-1] INFO  com.dp1.backend.services.DatosEnMemoriaService - Leyendo archivo: data\envios\pack_enviado_OERK_.txt
2025-12-21 23:39:10.802 [http-nio-8081-exec-1] INFO  com.dp1.backend.services.DatosEnMemoriaService - Leyendo archivo: data\envios\pack_enviado_OJAI_.txt
2025-12-21 23:39:11.202 [http-nio-8081-exec-1] INFO  com.dp1.backend.services.DatosEnMemoriaService - Leyendo archivo: data\envios\pack_enviado_OMDB_.txt
2025-12-21 23:39:11.517 [http-nio-8081-exec-1] INFO  com.dp1.backend.services.DatosEnMemoriaService - Leyendo archivo: data\envios\pack_enviado_OOMS_.txt
2025-12-21 23:39:11.733 [http-nio-8081-exec-1] INFO  com.dp1.backend.services.DatosEnMemoriaService - Leyendo archivo: data\envios\pack_enviado_OPKC_.txt
2025-12-21 23:39:12.122 [http-nio-8081-exec-1] INFO  com.dp1.backend.services.DatosEnMemoriaService - Leyendo archivo: data\envios\pack_enviado_OSDI_.txt
2025-12-21 23:39:12.450 [http-nio-8081-exec-1] INFO  com.dp1.backend.services.DatosEnMemoriaService - Leyendo archivo: data\envios\pack_enviado_OYSN_.txt
2025-12-21 23:39:12.789 [http-nio-8081-exec-1] INFO  com.dp1.backend.services.DatosEnMemoriaService - Leyendo archivo: data\envios\pack_enviado_SABE_.txt
2025-12-21 23:39:12.977 [http-nio-8081-exec-1] INFO  com.dp1.backend.services.DatosEnMemoriaService - Leyendo archivo: data\envios\pack_enviado_SBBR_.txt
2025-12-21 23:39:13.248 [http-nio-8081-exec-1] INFO  com.dp1.backend.services.DatosEnMemoriaService - Leyendo archivo: data\envios\pack_enviado_SCEL_.txt
2025-12-21 23:39:13.547 [http-nio-8081-exec-1] INFO  com.dp1.backend.services.DatosEnMemoriaService - Leyendo archivo: data\envios\pack_enviado_SEQM_.txt
2025-12-21 23:39:13.870 [http-nio-8081-exec-1] INFO  com.dp1.backend.services.DatosEnMemoriaService - Leyendo archivo: data\envios\pack_enviado_SGAS_.txt
2025-12-21 23:39:14.172 [http-nio-8081-exec-1] INFO  com.dp1.backend.services.DatosEnMemoriaService - Leyendo archivo: data\envios\pack_enviado_SKBO_.txt
2025-12-21 23:39:14.465 [http-nio-8081-exec-1] INFO  com.dp1.backend.services.DatosEnMemoriaService - Leyendo archivo: data\envios\pack_enviado_SLLP_.txt
2025-12-21 23:39:14.660 [http-nio-8081-exec-1] INFO  com.dp1.backend.services.DatosEnMemoriaService - Leyendo archivo: data\envios\pack_enviado_SUAA_.txt
2025-12-21 23:39:15.006 [http-nio-8081-exec-1] INFO  com.dp1.backend.services.DatosEnMemoriaService - Leyendo archivo: data\envios\pack_enviado_SVMI_.txt
2025-12-21 23:39:15.350 [http-nio-8081-exec-1] INFO  com.dp1.backend.services.DatosEnMemoriaService - Leyendo archivo: data\envios\pack_enviado_UMMS_.txt
2025-12-21 23:39:15.630 [http-nio-8081-exec-1] INFO  com.dp1.backend.services.DatosEnMemoriaService - Leyendo archivo: data\envios\pack_enviado_VIDP_.txt
2025-12-21 23:39:15.926 [http-nio-8081-exec-1] INFO  com.dp1.backend.services.DatosEnMemoriaService - Envios cargados: 48527
2025-12-21 23:39:15.966 [http-nio-8081-exec-1] INFO  com.dp1.backend.services.ACOService - Ejecutando ACO para: 
2025-12-21 23:39:15.968 [http-nio-8081-exec-1] INFO  com.dp1.backend.services.ACOService - Aeropuertos: 30
2025-12-21 23:39:15.969 [http-nio-8081-exec-1] INFO  com.dp1.backend.services.ACOService - Vuelos: 2866
2025-12-21 23:39:15.970 [http-nio-8081-exec-1] INFO  com.dp1.backend.services.ACOService - Envios: 4639
2025-12-21 23:39:15.971 [http-nio-8081-exec-1] INFO  com.dp1.backend.services.ACOService - Paquetes: 9462
2025-12-21 23:40:12.352 [http-nio-8081-exec-1] INFO  com.dp1.backend.services.ACOService - Tiempo de ejecución: 56380 ms
2025-12-21 23:40:13.161 [http-nio-8081-exec-1] INFO  com.dp1.backend.services.ACOService - Paquetes entregados con función André: 9292
2025-12-21 23:40:13.818 [http-nio-8081-exec-1] INFO  com.dp1.backend.handlers.SocketConnectionHandler - Enviando # de vuelos en el aire: inicio1204
2025-12-21 23:40:20.745 [http-nio-8081-exec-9] INFO  com.dp1.backend.handlers.SocketConnectionHandler - Enviando # de vuelos en el aire: 46
2025-12-21 23:40:26.737 [http-nio-8081-exec-5] INFO  com.dp1.backend.handlers.SocketConnectionHandler - Enviando # de vuelos en el aire: 45
2025-12-21 23:40:33.285 [http-nio-8081-exec-2] INFO  com.dp1.backend.handlers.SocketConnectionHandler - Enviando # de vuelos en el aire: 46
2025-12-21 23:40:38.740 [http-nio-8081-exec-7] INFO  com.dp1.backend.handlers.SocketConnectionHandler - Enviando # de vuelos en el aire: 58
2025-12-21 23:40:44.740 [http-nio-8081-exec-1] INFO  com.dp1.backend.handlers.SocketConnectionHandler - Enviando # de vuelos en el aire: 43
2025-12-21 23:40:50.752 [http-nio-8081-exec-10] INFO  com.dp1.backend.handlers.SocketConnectionHandler - Enviando # de vuelos en el aire: 43
2025-12-21 23:40:56.748 [http-nio-8081-exec-6] INFO  com.dp1.backend.handlers.SocketConnectionHandler - Enviando # de vuelos en el aire: 46
2025-12-21 23:41:00.742 [http-nio-8081-exec-10] INFO  com.dp1.backend.services.ACOService - Desde - hasta: 2025-12-21T23:43:07-05:00[America/Lima] - 2025-12-22T02:43:07-05:00[America/Lima]
2025-12-21 23:41:00.768 [http-nio-8081-exec-10] INFO  com.dp1.backend.services.ACOService - Ejecutando ACO para: 
2025-12-21 23:41:00.769 [http-nio-8081-exec-10] INFO  com.dp1.backend.services.ACOService - Aeropuertos: 30
2025-12-21 23:41:00.770 [http-nio-8081-exec-10] INFO  com.dp1.backend.services.ACOService - Vuelos: 2866
2025-12-21 23:41:00.771 [http-nio-8081-exec-10] INFO  com.dp1.backend.services.ACOService - Envios: 759
2025-12-21 23:41:00.771 [http-nio-8081-exec-10] INFO  com.dp1.backend.services.ACOService - Paquetes: 1556
2025-12-21 23:41:09.504 [http-nio-8081-exec-10] INFO  com.dp1.backend.services.ACOService - Tiempo de ejecución: 8731 ms
2025-12-21 23:41:09.551 [http-nio-8081-exec-10] INFO  com.dp1.backend.services.ACOService - Paquetes entregados con función André: 1548
2025-12-21 23:41:09.637 [http-nio-8081-exec-10] INFO  com.dp1.backend.handlers.SocketConnectionHandler - Enviando resultado del algoritmo 'para los vuelos en el aire'
2025-12-21 23:41:09.650 [http-nio-8081-exec-10] INFO  com.dp1.backend.handlers.SocketConnectionHandler - Enviando # de vuelos en el aire: 47
2025-12-21 23:41:09.663 [http-nio-8081-exec-10] INFO  com.dp1.backend.handlers.SocketConnectionHandler - Enviando # de vuelos en el aire: 38
2025-12-21 23:41:14.742 [http-nio-8081-exec-6] INFO  com.dp1.backend.handlers.SocketConnectionHandler - Enviando # de vuelos en el aire: 46
2025-12-21 23:41:17.215 [http-nio-8081-exec-9] INFO  com.dp1.backend.services.ClienteService - Creando cliente con datos: cascas ascfa commuconnect.ingesoft@gmail.com 
2025-12-21 23:41:17.368 [http-nio-8081-exec-9] INFO  com.dp1.backend.services.ClienteService - Cliente creado exitosamente con ID: 37
2025-12-21 23:41:17.413 [http-nio-8081-exec-10] INFO  com.dp1.backend.services.ClienteService - Creando cliente con datos: poiugf wvr fergegr@mp.com 
2025-12-21 23:41:17.426 [http-nio-8081-exec-10] INFO  com.dp1.backend.services.ClienteService - Cliente creado exitosamente con ID: 38
2025-12-21 23:41:17.473 [http-nio-8081-exec-2] INFO  com.dp1.backend.services.EnvioService - Envío llegando con fecha de salida desde frontend: null
2025-12-21 23:41:17.474 [http-nio-8081-exec-2] INFO  com.dp1.backend.services.EnvioService - Fecha de salida final: 2025-12-22T06:41:17.472500+02:00
2025-12-21 23:41:17.499 [http-nio-8081-exec-2] INFO  com.dp1.backend.services.EnvioService - Todo bien hasta primer guardado
2025-12-21 23:41:17.546 [http-nio-8081-exec-2] INFO  com.dp1.backend.services.EnvioService - Todo bien hasta segundo guardado
2025-12-21 23:41:17.763 [http-nio-8081-exec-2] INFO  com.dp1.backend.services.EnvioService - Todo bien hasta guardado de paquetes
2025-12-21 23:41:17.822 [http-nio-8081-exec-1] INFO  com.dp1.backend.services.DatosEnMemoriaService - [NUEVO ENVIO] Cadena: EBCI-2341-20251221-23:41:00-SVMI:10 | idEnvio asignado: 2341 | codigo: EBCI2341
2025-12-21 23:41:17.823 [http-nio-8081-exec-1] INFO  com.dp1.backend.services.DatosEnMemoriaService - [VALIDADO] El envío con código EBCI2341 fue agregado correctamente.
2025-12-21 23:41:20.740 [http-nio-8081-exec-7] INFO  com.dp1.backend.handlers.SocketConnectionHandler - Enviando # de vuelos en el aire: 52
2025-12-21 23:41:26.741 [http-nio-8081-exec-1] INFO  com.dp1.backend.handlers.SocketConnectionHandler - Enviando # de vuelos en el aire: 49
2025-12-21 23:41:32.739 [http-nio-8081-exec-9] INFO  com.dp1.backend.handlers.SocketConnectionHandler - Enviando # de vuelos en el aire: 51
2025-12-21 23:41:38.736 [http-nio-8081-exec-5] INFO  com.dp1.backend.handlers.SocketConnectionHandler - Enviando # de vuelos en el aire: 60
2025-12-21 23:41:44.747 [http-nio-8081-exec-3] INFO  com.dp1.backend.handlers.SocketConnectionHandler - Enviando # de vuelos en el aire: 62
2025-12-21 23:41:46.732 [http-nio-8081-exec-1] INFO  com.dp1.backend.services.ACOService - Desde - hasta: 2025-12-22T02:47:07-05:00[America/Lima] - 2025-12-22T05:47:07-05:00[America/Lima]
2025-12-21 23:41:46.751 [http-nio-8081-exec-1] INFO  com.dp1.backend.services.ACOService - Ejecutando ACO para: 
2025-12-21 23:41:46.752 [http-nio-8081-exec-1] INFO  com.dp1.backend.services.ACOService - Aeropuertos: 30
2025-12-21 23:41:46.752 [http-nio-8081-exec-1] INFO  com.dp1.backend.services.ACOService - Vuelos: 2866
2025-12-21 23:41:46.752 [http-nio-8081-exec-1] INFO  com.dp1.backend.services.ACOService - Envios: 752
2025-12-21 23:41:46.753 [http-nio-8081-exec-1] INFO  com.dp1.backend.services.ACOService - Paquetes: 1366
2025-12-21 23:41:53.375 [http-nio-8081-exec-1] INFO  com.dp1.backend.services.ACOService - Tiempo de ejecución: 6622 ms
2025-12-21 23:41:53.408 [http-nio-8081-exec-1] INFO  com.dp1.backend.services.ACOService - Paquetes entregados con función André: 1359
2025-12-21 23:41:53.502 [http-nio-8081-exec-1] INFO  com.dp1.backend.handlers.SocketConnectionHandler - Enviando resultado del algoritmo 'para los vuelos en el aire'
2025-12-21 23:41:53.512 [http-nio-8081-exec-1] INFO  com.dp1.backend.handlers.SocketConnectionHandler - Enviando # de vuelos en el aire: 46
2025-12-21 23:41:56.744 [http-nio-8081-exec-7] INFO  com.dp1.backend.handlers.SocketConnectionHandler - Enviando # de vuelos en el aire: 53
2025-12-21 23:42:02.741 [http-nio-8081-exec-1] INFO  com.dp1.backend.handlers.SocketConnectionHandler - Enviando # de vuelos en el aire: 44
2025-12-21 23:42:08.737 [http-nio-8081-exec-9] INFO  com.dp1.backend.handlers.SocketConnectionHandler - Enviando # de vuelos en el aire: 50
2025-12-21 23:42:14.736 [http-nio-8081-exec-5] INFO  com.dp1.backend.handlers.SocketConnectionHandler - Enviando # de vuelos en el aire: 45
2025-12-21 23:42:20.739 [http-nio-8081-exec-3] INFO  com.dp1.backend.handlers.SocketConnectionHandler - Enviando # de vuelos en el aire: 45
2025-12-21 23:42:26.749 [http-nio-8081-exec-7] INFO  com.dp1.backend.handlers.SocketConnectionHandler - Enviando # de vuelos en el aire: 49
2025-12-21 23:42:32.750 [http-nio-8081-exec-1] INFO  com.dp1.backend.handlers.SocketConnectionHandler - Enviando # de vuelos en el aire: 49
2025-12-21 23:42:32.751 [http-nio-8081-exec-1] INFO  com.dp1.backend.services.ACOService - Desde - hasta: 2025-12-22T05:51:07-05:00[America/Lima] - 2025-12-22T08:51:07-05:00[America/Lima]
2025-12-21 23:42:32.767 [http-nio-8081-exec-1] INFO  com.dp1.backend.services.ACOService - Ejecutando ACO para: 
2025-12-21 23:42:32.768 [http-nio-8081-exec-1] INFO  com.dp1.backend.services.ACOService - Aeropuertos: 30
2025-12-21 23:42:32.769 [http-nio-8081-exec-1] INFO  com.dp1.backend.services.ACOService - Vuelos: 2866
2025-12-21 23:42:32.770 [http-nio-8081-exec-1] INFO  com.dp1.backend.services.ACOService - Envios: 783
2025-12-21 23:42:32.770 [http-nio-8081-exec-1] INFO  com.dp1.backend.services.ACOService - Paquetes: 1343
2025-12-21 23:42:41.669 [http-nio-8081-exec-1] INFO  com.dp1.backend.services.ACOService - Tiempo de ejecución: 8898 ms
2025-12-21 23:42:41.711 [http-nio-8081-exec-1] INFO  com.dp1.backend.services.ACOService - Paquetes entregados con función André: 1335
2025-12-21 23:42:41.792 [http-nio-8081-exec-1] INFO  com.dp1.backend.handlers.SocketConnectionHandler - Enviando resultado del algoritmo 'para los vuelos en el aire'
2025-12-21 23:42:41.802 [http-nio-8081-exec-1] INFO  com.dp1.backend.handlers.SocketConnectionHandler - Enviando # de vuelos en el aire: 50
2025-12-21 23:42:45.278 [http-nio-8081-exec-6] INFO  com.dp1.backend.handlers.SocketConnectionHandler - Enviando # de vuelos en el aire: 55
2025-12-21 23:42:51.292 [http-nio-8081-exec-4] INFO  com.dp1.backend.handlers.SocketConnectionHandler - Enviando # de vuelos en el aire: 36
2025-12-21 23:42:57.277 [http-nio-8081-exec-1] INFO  com.dp1.backend.handlers.SocketConnectionHandler - Enviando # de vuelos en el aire: 44
2025-12-21 23:43:03.276 [http-nio-8081-exec-9] INFO  com.dp1.backend.handlers.SocketConnectionHandler - Enviando # de vuelos en el aire: 40
2025-12-21 23:43:09.284 [http-nio-8081-exec-5] INFO  com.dp1.backend.handlers.SocketConnectionHandler - Enviando # de vuelos en el aire: 49
2025-12-21 23:43:15.273 [http-nio-8081-exec-2] INFO  com.dp1.backend.handlers.SocketConnectionHandler - Enviando # de vuelos en el aire: 49
2025-12-21 23:43:19.282 [http-nio-8081-exec-7] INFO  com.dp1.backend.services.ACOService - Desde - hasta: 2025-12-22T08:55:07-05:00[America/Lima] - 2025-12-22T11:55:07-05:00[America/Lima]
2025-12-21 23:43:19.301 [http-nio-8081-exec-7] INFO  com.dp1.backend.services.ACOService - Ejecutando ACO para: 
2025-12-21 23:43:19.302 [http-nio-8081-exec-7] INFO  com.dp1.backend.services.ACOService - Aeropuertos: 30
2025-12-21 23:43:19.302 [http-nio-8081-exec-7] INFO  com.dp1.backend.services.ACOService - Vuelos: 2866
2025-12-21 23:43:19.303 [http-nio-8081-exec-7] INFO  com.dp1.backend.services.ACOService - Envios: 768
2025-12-21 23:43:19.303 [http-nio-8081-exec-7] INFO  com.dp1.backend.services.ACOService - Paquetes: 1226
2025-12-21 23:43:26.880 [http-nio-8081-exec-7] INFO  com.dp1.backend.services.ACOService - Tiempo de ejecución: 7577 ms
2025-12-21 23:43:26.906 [http-nio-8081-exec-7] INFO  com.dp1.backend.services.ACOService - Paquetes entregados con función André: 1223
2025-12-21 23:43:26.990 [http-nio-8081-exec-7] INFO  com.dp1.backend.handlers.SocketConnectionHandler - Enviando resultado del algoritmo 'para los vuelos en el aire'
2025-12-21 23:43:26.998 [http-nio-8081-exec-7] INFO  com.dp1.backend.handlers.SocketConnectionHandler - Enviando # de vuelos en el aire: 57
2025-12-21 23:43:27.282 [http-nio-8081-exec-8] INFO  com.dp1.backend.handlers.SocketConnectionHandler - Enviando # de vuelos en el aire: 54
2025-12-21 23:43:33.283 [http-nio-8081-exec-5] INFO  com.dp1.backend.handlers.SocketConnectionHandler - Enviando # de vuelos en el aire: 48
2025-12-21 23:43:39.276 [http-nio-8081-exec-2] INFO  com.dp1.backend.handlers.SocketConnectionHandler - Enviando # de vuelos en el aire: 42
2025-12-21 23:43:53.058 [http-nio-8081-exec-9] INFO  com.dp1.backend.handlers.SocketConnectionHandler - Enviando # de vuelos en el aire: 42
2025-12-21 23:43:58.748 [http-nio-8081-exec-6] INFO  com.dp1.backend.handlers.SocketConnectionHandler - Enviando # de vuelos en el aire: 47
2025-12-21 23:44:05.288 [http-nio-8081-exec-1] INFO  com.dp1.backend.handlers.SocketConnectionHandler - Enviando # de vuelos en el aire: 55
2025-12-21 23:44:11.332 [http-nio-8081-exec-9] INFO  com.dp1.backend.handlers.SocketConnectionHandler - Enviando # de vuelos en el aire: 38
2025-12-21 23:44:13.270 [http-nio-8081-exec-3] INFO  com.dp1.backend.services.ACOService - Desde - hasta: 2025-12-22T11:59:07-05:00[America/Lima] - 2025-12-22T14:59:07-05:00[America/Lima]
2025-12-21 23:44:13.296 [http-nio-8081-exec-3] INFO  com.dp1.backend.services.ACOService - Ejecutando ACO para: 
2025-12-21 23:44:13.296 [http-nio-8081-exec-3] INFO  com.dp1.backend.services.ACOService - Aeropuertos: 30
2025-12-21 23:44:13.296 [http-nio-8081-exec-3] INFO  com.dp1.backend.services.ACOService - Vuelos: 2866
2025-12-21 23:44:13.297 [http-nio-8081-exec-3] INFO  com.dp1.backend.services.ACOService - Envios: 480
2025-12-21 23:44:13.297 [http-nio-8081-exec-3] INFO  com.dp1.backend.services.ACOService - Paquetes: 790
2025-12-21 23:44:17.220 [http-nio-8081-exec-3] INFO  com.dp1.backend.services.ACOService - Tiempo de ejecución: 3922 ms
2025-12-21 23:44:17.243 [http-nio-8081-exec-3] INFO  com.dp1.backend.services.ACOService - Paquetes entregados con función André: 787
2025-12-21 23:44:17.294 [http-nio-8081-exec-3] INFO  com.dp1.backend.handlers.SocketConnectionHandler - Enviando resultado del algoritmo 'para los vuelos en el aire'
2025-12-21 23:44:17.303 [http-nio-8081-exec-3] INFO  com.dp1.backend.handlers.SocketConnectionHandler - Enviando # de vuelos en el aire: 52
2025-12-21 23:44:23.273 [http-nio-8081-exec-7] INFO  com.dp1.backend.handlers.SocketConnectionHandler - Enviando # de vuelos en el aire: 48
2025-12-21 23:44:29.281 [http-nio-8081-exec-1] INFO  com.dp1.backend.handlers.SocketConnectionHandler - Enviando # de vuelos en el aire: 49
2025-12-21 23:44:35.316 [http-nio-8081-exec-10] INFO  com.dp1.backend.handlers.SocketConnectionHandler - Enviando # de vuelos en el aire: 49
2025-12-21 23:44:41.316 [http-nio-8081-exec-8] INFO  com.dp1.backend.handlers.SocketConnectionHandler - Enviando # de vuelos en el aire: 56
2025-12-21 23:44:47.285 [http-nio-8081-exec-7] INFO  com.dp1.backend.handlers.SocketConnectionHandler - Enviando # de vuelos en el aire: 53
2025-12-21 23:44:53.281 [http-nio-8081-exec-4] INFO  com.dp1.backend.handlers.SocketConnectionHandler - Enviando # de vuelos en el aire: 58
2025-12-21 23:44:59.284 [http-nio-8081-exec-1] INFO  com.dp1.backend.handlers.SocketConnectionHandler - Enviando # de vuelos en el aire: 46
2025-12-21 23:44:59.285 [http-nio-8081-exec-1] INFO  com.dp1.backend.services.ACOService - Desde - hasta: 2025-12-22T15:03:07-05:00[America/Lima] - 2025-12-22T18:03:07-05:00[America/Lima]
2025-12-21 23:44:59.307 [http-nio-8081-exec-1] INFO  com.dp1.backend.services.ACOService - Ejecutando ACO para: 
2025-12-21 23:44:59.308 [http-nio-8081-exec-1] INFO  com.dp1.backend.services.ACOService - Aeropuertos: 30
2025-12-21 23:44:59.308 [http-nio-8081-exec-1] INFO  com.dp1.backend.services.ACOService - Vuelos: 2866
2025-12-21 23:44:59.310 [http-nio-8081-exec-1] INFO  com.dp1.backend.services.ACOService - Envios: 425
2025-12-21 23:44:59.310 [http-nio-8081-exec-1] INFO  com.dp1.backend.services.ACOService - Paquetes: 786
2025-12-21 23:45:04.573 [http-nio-8081-exec-1] INFO  com.dp1.backend.services.ACOService - Tiempo de ejecución: 5262 ms
2025-12-21 23:45:04.589 [http-nio-8081-exec-1] INFO  com.dp1.backend.services.ACOService - Paquetes entregados con función André: 783
2025-12-21 23:45:04.629 [http-nio-8081-exec-1] INFO  com.dp1.backend.handlers.SocketConnectionHandler - b7f1e7ea-ee42-a159-a0d4-a4368631fd89  desconectado del socket
2025-12-21 23:45:04.631 [http-nio-8081-exec-1] ERROR com.dp1.backend.handlers.SocketConnectionHandler - Error en ejecución del algoritmo: The current thread was interrupted while waiting for a blocking send to complete
2025-12-21 23:45:04.642 [SpringApplicationShutdownHook] INFO  org.springframework.orm.jpa.LocalContainerEntityManagerFactoryBean - Closing JPA EntityManagerFactory for persistence unit 'default'
2025-12-21 23:45:04.651 [SpringApplicationShutdownHook] INFO  com.zaxxer.hikari.HikariDataSource - HikariPool-1 - Shutdown initiated...
2025-12-21 23:45:04.680 [SpringApplicationShutdownHook] INFO  com.zaxxer.hikari.HikariDataSource - HikariPool-1 - Shutdown completed.
2025-12-21 23:51:25.273 [main] INFO  com.dp1.backend.BackendApplication - Starting BackendApplication using Java 24.0.1 with PID 8504 (C:\Users\Joseph\Documents\PUCP\25-2\Dp1\Nuevo\Back\MoraPack_Backend\target\classes started by Joseph in C:\Users\Joseph\Documents\PUCP\25-2\Dp1\Nuevo\Back\MoraPack_Backend)
2025-12-21 23:51:25.300 [main] INFO  com.dp1.backend.BackendApplication - No active profile set, falling back to 1 default profile: "default"
2025-12-21 23:51:27.041 [main] INFO  org.springframework.data.repository.config.RepositoryConfigurationDelegate - Bootstrapping Spring Data JPA repositories in DEFAULT mode.
2025-12-21 23:51:27.233 [main] INFO  org.springframework.data.repository.config.RepositoryConfigurationDelegate - Finished Spring Data repository scanning in 169 ms. Found 10 JPA repository interfaces.
2025-12-21 23:51:28.672 [main] INFO  org.springframework.boot.web.embedded.tomcat.TomcatWebServer - Tomcat initialized with port 8081 (http)
2025-12-21 23:51:28.705 [main] INFO  org.apache.coyote.http11.Http11NioProtocol - Initializing ProtocolHandler ["http-nio-8081"]
2025-12-21 23:51:28.715 [main] INFO  org.apache.catalina.core.StandardService - Starting service [Tomcat]
2025-12-21 23:51:28.716 [main] INFO  org.apache.catalina.core.StandardEngine - Starting Servlet engine: [Apache Tomcat/10.1.19]
2025-12-21 23:51:28.874 [main] INFO  org.apache.catalina.core.ContainerBase.[Tomcat].[localhost].[/api] - Initializing Spring embedded WebApplicationContext
2025-12-21 23:51:28.875 [main] INFO  org.springframework.boot.web.servlet.context.ServletWebServerApplicationContext - Root WebApplicationContext: initialization completed in 3467 ms
2025-12-21 23:51:29.272 [main] INFO  org.hibernate.jpa.internal.util.LogHelper - HHH000204: Processing PersistenceUnitInfo [name: default]
2025-12-21 23:51:29.494 [main] INFO  org.hibernate.Version - HHH000412: Hibernate ORM core version 6.4.4.Final
2025-12-21 23:51:29.604 [main] INFO  org.hibernate.cache.internal.RegionFactoryInitiator - HHH000026: Second-level cache disabled
2025-12-21 23:51:30.178 [main] INFO  org.springframework.orm.jpa.persistenceunit.SpringPersistenceUnitInfo - No LoadTimeWeaver setup: ignoring JPA class transformer
2025-12-21 23:51:30.250 [main] WARN  com.zaxxer.hikari.HikariConfig - HikariPool-1 - idleTimeout has been set but has no effect because the pool is operating as a fixed size pool.
2025-12-21 23:51:30.250 [main] INFO  com.zaxxer.hikari.HikariDataSource - HikariPool-1 - Starting...
2025-12-21 23:51:30.612 [main] INFO  com.zaxxer.hikari.pool.HikariPool - HikariPool-1 - Added connection com.mysql.cj.jdbc.ConnectionImpl@158e6fc2
2025-12-21 23:51:30.616 [main] INFO  com.zaxxer.hikari.HikariDataSource - HikariPool-1 - Start completed.
2025-12-21 23:51:33.356 [main] INFO  org.hibernate.engine.transaction.jta.platform.internal.JtaPlatformInitiator - HHH000489: No JTA platform available (set 'hibernate.transaction.jta.platform' to enable JTA platform integration)
2025-12-21 23:51:33.669 [main] INFO  org.springframework.orm.jpa.LocalContainerEntityManagerFactoryBean - Initialized JPA EntityManagerFactory for persistence unit 'default'
2025-12-21 23:51:33.697 [main] INFO  com.dp1.backend.services.DatosEnMemoriaService - Inicializando DatosEnMemoriaService con working directory: C:\Users\Joseph\Documents\PUCP\25-2\Dp1\Nuevo\Back\MoraPack_Backend
2025-12-21 23:51:33.708 [main] INFO  com.dp1.backend.services.DatosEnMemoriaService - Aeropuertos cargados: 30
2025-12-21 23:51:33.782 [main] INFO  com.dp1.backend.services.DatosEnMemoriaService - Vuelos cargados: 2866
2025-12-21 23:51:34.221 [main] INFO  com.dp1.backend.services.DatosEnMemoriaService - Leyendo rutas posibles
2025-12-21 23:51:34.521 [main] INFO  com.dp1.backend.services.DatosEnMemoriaService - Colecciones rutas: 0
2025-12-21 23:51:34.521 [main] INFO  com.dp1.backend.services.DatosEnMemoriaService - Rutas posibles set: 0
2025-12-21 23:51:34.788 [main] INFO  org.springframework.data.jpa.repository.query.QueryEnhancerFactory - Hibernate is in classpath; If applicable, HQL parser will be used.
2025-12-21 23:51:35.925 [main] WARN  org.springframework.boot.autoconfigure.orm.jpa.JpaBaseConfiguration$JpaWebConfiguration - spring.jpa.open-in-view is enabled by default. Therefore, database queries may be performed during view rendering. Explicitly configure spring.jpa.open-in-view to disable this warning
2025-12-21 23:51:36.743 [main] INFO  org.apache.coyote.http11.Http11NioProtocol - Starting ProtocolHandler ["http-nio-8081"]
2025-12-21 23:51:36.802 [main] INFO  org.springframework.boot.web.embedded.tomcat.TomcatWebServer - Tomcat started on port 8081 (http) with context path '/api'
2025-12-21 23:51:36.820 [main] INFO  com.dp1.backend.BackendApplication - Started BackendApplication in 12.764 seconds (process running for 15.323)
2025-12-21 23:54:02.583 [http-nio-8081-exec-2] INFO  org.apache.catalina.core.ContainerBase.[Tomcat].[localhost].[/api] - Initializing Spring DispatcherServlet 'dispatcherServlet'
2025-12-21 23:54:02.586 [http-nio-8081-exec-2] INFO  org.springframework.web.servlet.DispatcherServlet - Initializing Servlet 'dispatcherServlet'
2025-12-21 23:54:02.590 [http-nio-8081-exec-2] INFO  org.springframework.web.servlet.DispatcherServlet - Completed initialization in 4 ms
2025-12-21 23:54:02.805 [http-nio-8081-exec-1] INFO  com.dp1.backend.handlers.SocketConnectionHandler - b05677fc-b57e-0542-cbcf-c969d79cc804  conectado al socket
2025-12-21 23:54:02.848 [http-nio-8081-exec-1] INFO  com.dp1.backend.services.DatosEnMemoriaService - Leyendo archivo: data\envios\pack_enviado_EDDI_.txt
2025-12-21 23:54:03.255 [http-nio-8081-exec-1] INFO  com.dp1.backend.services.DatosEnMemoriaService - Leyendo archivo: data\envios\pack_enviado_EHAM_.txt
2025-12-21 23:54:03.608 [http-nio-8081-exec-1] INFO  com.dp1.backend.services.DatosEnMemoriaService - Leyendo archivo: data\envios\pack_enviado_EKCH_.txt
2025-12-21 23:54:03.994 [http-nio-8081-exec-1] INFO  com.dp1.backend.services.DatosEnMemoriaService - Leyendo archivo: data\envios\pack_enviado_LATI_.txt
2025-12-21 23:54:04.329 [http-nio-8081-exec-1] INFO  com.dp1.backend.services.DatosEnMemoriaService - Leyendo archivo: data\envios\pack_enviado_LBSF_.txt
2025-12-21 23:54:04.808 [http-nio-8081-exec-1] INFO  com.dp1.backend.services.DatosEnMemoriaService - Leyendo archivo: data\envios\pack_enviado_LDZA_.txt
2025-12-21 23:54:05.267 [http-nio-8081-exec-1] INFO  com.dp1.backend.services.DatosEnMemoriaService - Leyendo archivo: data\envios\pack_enviado_LKPR_.txt
2025-12-21 23:54:05.731 [http-nio-8081-exec-1] INFO  com.dp1.backend.services.DatosEnMemoriaService - Leyendo archivo: data\envios\pack_enviado_LOWW_.txt
2025-12-21 23:54:06.321 [http-nio-8081-exec-1] INFO  com.dp1.backend.services.DatosEnMemoriaService - Leyendo archivo: data\envios\pack_enviado_OAKB_.txt
2025-12-21 23:54:07.000 [http-nio-8081-exec-1] INFO  com.dp1.backend.services.DatosEnMemoriaService - Leyendo archivo: data\envios\pack_enviado_OERK_.txt
2025-12-21 23:54:08.906 [http-nio-8081-exec-1] INFO  com.dp1.backend.services.DatosEnMemoriaService - Leyendo archivo: data\envios\pack_enviado_OJAI_.txt
2025-12-21 23:54:09.431 [http-nio-8081-exec-1] INFO  com.dp1.backend.services.DatosEnMemoriaService - Leyendo archivo: data\envios\pack_enviado_OMDB_.txt
2025-12-21 23:54:09.791 [http-nio-8081-exec-1] INFO  com.dp1.backend.services.DatosEnMemoriaService - Leyendo archivo: data\envios\pack_enviado_OOMS_.txt
2025-12-21 23:54:10.182 [http-nio-8081-exec-1] INFO  com.dp1.backend.services.DatosEnMemoriaService - Leyendo archivo: data\envios\pack_enviado_OPKC_.txt
2025-12-21 23:54:11.512 [http-nio-8081-exec-1] INFO  com.dp1.backend.services.DatosEnMemoriaService - Leyendo archivo: data\envios\pack_enviado_OSDI_.txt
2025-12-21 23:54:14.941 [http-nio-8081-exec-1] INFO  com.dp1.backend.services.DatosEnMemoriaService - Leyendo archivo: data\envios\pack_enviado_OYSN_.txt
2025-12-21 23:54:15.449 [http-nio-8081-exec-1] INFO  com.dp1.backend.services.DatosEnMemoriaService - Leyendo archivo: data\envios\pack_enviado_SABE_.txt
2025-12-21 23:54:15.744 [http-nio-8081-exec-1] INFO  com.dp1.backend.services.DatosEnMemoriaService - Leyendo archivo: data\envios\pack_enviado_SBBR_.txt
2025-12-21 23:54:16.154 [http-nio-8081-exec-1] INFO  com.dp1.backend.services.DatosEnMemoriaService - Leyendo archivo: data\envios\pack_enviado_SCEL_.txt
2025-12-21 23:54:16.636 [http-nio-8081-exec-1] INFO  com.dp1.backend.services.DatosEnMemoriaService - Leyendo archivo: data\envios\pack_enviado_SEQM_.txt
2025-12-21 23:54:17.019 [http-nio-8081-exec-1] INFO  com.dp1.backend.services.DatosEnMemoriaService - Leyendo archivo: data\envios\pack_enviado_SGAS_.txt
2025-12-21 23:54:18.109 [http-nio-8081-exec-1] INFO  com.dp1.backend.services.DatosEnMemoriaService - Leyendo archivo: data\envios\pack_enviado_SKBO_.txt
2025-12-21 23:54:18.510 [http-nio-8081-exec-1] INFO  com.dp1.backend.services.DatosEnMemoriaService - Leyendo archivo: data\envios\pack_enviado_SLLP_.txt
2025-12-21 23:54:18.812 [http-nio-8081-exec-1] INFO  com.dp1.backend.services.DatosEnMemoriaService - Leyendo archivo: data\envios\pack_enviado_SUAA_.txt
2025-12-21 23:54:19.179 [http-nio-8081-exec-1] INFO  com.dp1.backend.services.DatosEnMemoriaService - Leyendo archivo: data\envios\pack_enviado_SVMI_.txt
2025-12-21 23:54:19.535 [http-nio-8081-exec-1] INFO  com.dp1.backend.services.DatosEnMemoriaService - Leyendo archivo: data\envios\pack_enviado_UMMS_.txt
2025-12-21 23:54:19.890 [http-nio-8081-exec-1] INFO  com.dp1.backend.services.DatosEnMemoriaService - Leyendo archivo: data\envios\pack_enviado_VIDP_.txt
2025-12-21 23:54:20.097 [http-nio-8081-exec-1] INFO  com.dp1.backend.services.DatosEnMemoriaService - Envios cargados: 48480
2025-12-21 23:54:20.139 [http-nio-8081-exec-1] INFO  com.dp1.backend.services.ACOService - Ejecutando ACO para: 
2025-12-21 23:54:20.141 [http-nio-8081-exec-1] INFO  com.dp1.backend.services.ACOService - Aeropuertos: 30
2025-12-21 23:54:20.142 [http-nio-8081-exec-1] INFO  com.dp1.backend.services.ACOService - Vuelos: 2866
2025-12-21 23:54:20.143 [http-nio-8081-exec-1] INFO  com.dp1.backend.services.ACOService - Envios: 4636
2025-12-21 23:54:20.144 [http-nio-8081-exec-1] INFO  com.dp1.backend.services.ACOService - Paquetes: 9452
2025-12-21 23:55:19.864 [http-nio-8081-exec-1] INFO  com.dp1.backend.services.ACOService - Tiempo de ejecución: 59719 ms
2025-12-21 23:55:20.550 [http-nio-8081-exec-1] INFO  com.dp1.backend.services.ACOService - Paquetes entregados con función André: 9330
2025-12-21 23:55:21.440 [http-nio-8081-exec-1] INFO  com.dp1.backend.handlers.SocketConnectionHandler - Enviando # de vuelos en el aire: inicio1197
2025-12-21 23:55:28.426 [http-nio-8081-exec-9] INFO  com.dp1.backend.handlers.SocketConnectionHandler - Enviando # de vuelos en el aire: 49
2025-12-21 23:55:35.280 [http-nio-8081-exec-5] INFO  com.dp1.backend.handlers.SocketConnectionHandler - Enviando # de vuelos en el aire: 47
2025-12-21 23:55:40.824 [http-nio-8081-exec-3] INFO  com.dp1.backend.handlers.SocketConnectionHandler - Enviando # de vuelos en el aire: 47
2025-12-21 23:55:46.416 [http-nio-8081-exec-8] INFO  com.dp1.backend.handlers.SocketConnectionHandler - Enviando # de vuelos en el aire: 51
2025-12-21 23:55:52.417 [http-nio-8081-exec-4] INFO  com.dp1.backend.handlers.SocketConnectionHandler - Enviando # de vuelos en el aire: 41
2025-12-21 23:55:58.423 [http-nio-8081-exec-10] INFO  com.dp1.backend.handlers.SocketConnectionHandler - Enviando # de vuelos en el aire: 47
2025-12-21 23:56:04.420 [http-nio-8081-exec-6] INFO  com.dp1.backend.handlers.SocketConnectionHandler - Enviando # de vuelos en el aire: 53
2025-12-21 23:56:08.420 [http-nio-8081-exec-10] INFO  com.dp1.backend.services.ACOService - Desde - hasta: 2025-12-21T23:58:02-05:00[America/Lima] - 2025-12-22T02:58:02-05:00[America/Lima]
2025-12-21 23:56:08.448 [http-nio-8081-exec-10] INFO  com.dp1.backend.services.ACOService - Ejecutando ACO para: 
2025-12-21 23:56:08.448 [http-nio-8081-exec-10] INFO  com.dp1.backend.services.ACOService - Aeropuertos: 30
2025-12-21 23:56:08.451 [http-nio-8081-exec-10] INFO  com.dp1.backend.services.ACOService - Vuelos: 2866
2025-12-21 23:56:08.452 [http-nio-8081-exec-10] INFO  com.dp1.backend.services.ACOService - Envios: 781
2025-12-21 23:56:08.452 [http-nio-8081-exec-10] INFO  com.dp1.backend.services.ACOService - Paquetes: 1588
2025-12-21 23:56:17.084 [http-nio-8081-exec-10] INFO  com.dp1.backend.services.ACOService - Tiempo de ejecución: 8630 ms
2025-12-21 23:56:17.141 [http-nio-8081-exec-10] INFO  com.dp1.backend.services.ACOService - Paquetes entregados con función André: 1575
2025-12-21 23:56:17.248 [http-nio-8081-exec-10] INFO  com.dp1.backend.handlers.SocketConnectionHandler - Enviando resultado del algoritmo 'para los vuelos en el aire'
2025-12-21 23:56:17.258 [http-nio-8081-exec-10] INFO  com.dp1.backend.handlers.SocketConnectionHandler - Enviando # de vuelos en el aire: 41
2025-12-21 23:56:17.269 [http-nio-8081-exec-10] INFO  com.dp1.backend.handlers.SocketConnectionHandler - Enviando # de vuelos en el aire: 35
2025-12-21 23:56:22.443 [http-nio-8081-exec-6] INFO  com.dp1.backend.handlers.SocketConnectionHandler - Enviando # de vuelos en el aire: 56
2025-12-21 23:56:26.214 [http-nio-8081-exec-2] INFO  com.dp1.backend.services.ClienteService - Creando cliente con datos: fdvd cvdf sdv@cc.com 
2025-12-21 23:56:26.374 [http-nio-8081-exec-2] INFO  com.dp1.backend.services.ClienteService - Cliente creado exitosamente con ID: 39
2025-12-21 23:56:26.406 [http-nio-8081-exec-3] INFO  com.dp1.backend.services.ClienteService - Creando cliente con datos: wfcae asf asdd@csd.com 
2025-12-21 23:56:26.419 [http-nio-8081-exec-3] INFO  com.dp1.backend.services.ClienteService - Cliente creado exitosamente con ID: 40
2025-12-21 23:56:26.499 [http-nio-8081-exec-5] INFO  com.dp1.backend.services.EnvioService - Envío llegando con fecha de salida desde frontend: null
2025-12-21 23:56:26.501 [http-nio-8081-exec-5] INFO  com.dp1.backend.services.EnvioService - Fecha de salida final: 2025-12-22T06:56:26.498443100+02:00
2025-12-21 23:56:26.532 [http-nio-8081-exec-5] INFO  com.dp1.backend.services.EnvioService - Todo bien hasta primer guardado
2025-12-21 23:56:26.589 [http-nio-8081-exec-5] INFO  com.dp1.backend.services.EnvioService - Todo bien hasta segundo guardado
2025-12-21 23:56:26.860 [http-nio-8081-exec-5] INFO  com.dp1.backend.services.EnvioService - Todo bien hasta guardado de paquetes
2025-12-21 23:56:26.897 [http-nio-8081-exec-7] INFO  com.dp1.backend.services.DatosEnMemoriaService - [NUEVO ENVIO] Cadena: EBCI-2356-20251221-23:56:00-OERK:15 | idEnvio asignado: 2356 | codigo: EBCI2356
2025-12-21 23:56:26.899 [http-nio-8081-exec-7] INFO  com.dp1.backend.services.DatosEnMemoriaService - [VALIDADO] El envío con código EBCI2356 fue agregado correctamente.
2025-12-21 23:56:28.429 [http-nio-8081-exec-10] INFO  com.dp1.backend.handlers.SocketConnectionHandler - Enviando # de vuelos en el aire: 49
2025-12-21 23:56:34.413 [http-nio-8081-exec-6] INFO  com.dp1.backend.handlers.SocketConnectionHandler - Enviando # de vuelos en el aire: 50
2025-12-21 23:56:40.416 [http-nio-8081-exec-1] INFO  com.dp1.backend.handlers.SocketConnectionHandler - Enviando # de vuelos en el aire: 51
2025-12-21 23:56:46.420 [http-nio-8081-exec-8] INFO  com.dp1.backend.handlers.SocketConnectionHandler - Enviando # de vuelos en el aire: 70
2025-12-21 23:56:52.419 [http-nio-8081-exec-4] INFO  com.dp1.backend.handlers.SocketConnectionHandler - Enviando # de vuelos en el aire: 48
2025-12-21 23:56:54.412 [http-nio-8081-exec-6] INFO  com.dp1.backend.services.ACOService - Desde - hasta: 2025-12-22T03:02:02-05:00[America/Lima] - 2025-12-22T06:02:02-05:00[America/Lima]
2025-12-21 23:56:54.434 [http-nio-8081-exec-6] INFO  com.dp1.backend.services.ACOService - Ejecutando ACO para: 
2025-12-21 23:56:54.435 [http-nio-8081-exec-6] INFO  com.dp1.backend.services.ACOService - Aeropuertos: 30
2025-12-21 23:56:54.435 [http-nio-8081-exec-6] INFO  com.dp1.backend.services.ACOService - Vuelos: 2866
2025-12-21 23:56:54.437 [http-nio-8081-exec-6] INFO  com.dp1.backend.services.ACOService - Envios: 756
2025-12-21 23:56:54.439 [http-nio-8081-exec-6] INFO  com.dp1.backend.services.ACOService - Paquetes: 1385
2025-12-21 23:57:03.694 [http-nio-8081-exec-6] INFO  com.dp1.backend.services.ACOService - Tiempo de ejecución: 9252 ms
2025-12-21 23:57:03.733 [http-nio-8081-exec-6] INFO  com.dp1.backend.services.ACOService - Paquetes entregados con función André: 1375
2025-12-21 23:57:03.819 [http-nio-8081-exec-6] INFO  com.dp1.backend.handlers.SocketConnectionHandler - Enviando resultado del algoritmo 'para los vuelos en el aire'
2025-12-21 23:57:03.831 [http-nio-8081-exec-6] INFO  com.dp1.backend.handlers.SocketConnectionHandler - Enviando # de vuelos en el aire: 44
2025-12-21 23:57:04.415 [http-nio-8081-exec-7] INFO  com.dp1.backend.handlers.SocketConnectionHandler - Enviando # de vuelos en el aire: 53
2025-12-21 23:57:10.418 [http-nio-8081-exec-3] INFO  com.dp1.backend.handlers.SocketConnectionHandler - Enviando # de vuelos en el aire: 47
2025-12-21 23:57:16.417 [http-nio-8081-exec-10] INFO  com.dp1.backend.handlers.SocketConnectionHandler - Enviando # de vuelos en el aire: 52
2025-12-21 23:57:22.416 [http-nio-8081-exec-6] INFO  com.dp1.backend.handlers.SocketConnectionHandler - Enviando # de vuelos en el aire: 41
2025-12-21 23:57:28.414 [http-nio-8081-exec-1] INFO  com.dp1.backend.handlers.SocketConnectionHandler - Enviando # de vuelos en el aire: 49
2025-12-21 23:57:34.416 [http-nio-8081-exec-8] INFO  com.dp1.backend.handlers.SocketConnectionHandler - Enviando # de vuelos en el aire: 50
2025-12-21 23:57:40.415 [http-nio-8081-exec-5] INFO  com.dp1.backend.handlers.SocketConnectionHandler - Enviando # de vuelos en el aire: 51
2025-12-21 23:57:40.417 [http-nio-8081-exec-5] INFO  com.dp1.backend.services.ACOService - Desde - hasta: 2025-12-22T06:06:02-05:00[America/Lima] - 2025-12-22T09:06:02-05:00[America/Lima]
2025-12-21 23:57:40.441 [http-nio-8081-exec-5] INFO  com.dp1.backend.services.ACOService - Ejecutando ACO para: 
2025-12-21 23:57:40.441 [http-nio-8081-exec-5] INFO  com.dp1.backend.services.ACOService - Aeropuertos: 30
2025-12-21 23:57:40.443 [http-nio-8081-exec-5] INFO  com.dp1.backend.services.ACOService - Vuelos: 2866
2025-12-21 23:57:40.444 [http-nio-8081-exec-5] INFO  com.dp1.backend.services.ACOService - Envios: 771
2025-12-21 23:57:40.445 [http-nio-8081-exec-5] INFO  com.dp1.backend.services.ACOService - Paquetes: 1299
2025-12-21 23:57:49.766 [http-nio-8081-exec-5] INFO  com.dp1.backend.services.ACOService - Tiempo de ejecución: 9320 ms
2025-12-21 23:57:49.801 [http-nio-8081-exec-5] INFO  com.dp1.backend.services.ACOService - Paquetes entregados con función André: 1289
2025-12-21 23:57:49.854 [http-nio-8081-exec-5] INFO  com.dp1.backend.handlers.SocketConnectionHandler - b05677fc-b57e-0542-cbcf-c969d79cc804  desconectado del socket
2025-12-21 23:57:49.855 [http-nio-8081-exec-5] ERROR com.dp1.backend.handlers.SocketConnectionHandler - Error en ejecución del algoritmo: The current thread was interrupted while waiting for a blocking send to complete
2025-12-21 23:57:49.867 [SpringApplicationShutdownHook] INFO  org.springframework.orm.jpa.LocalContainerEntityManagerFactoryBean - Closing JPA EntityManagerFactory for persistence unit 'default'
2025-12-21 23:57:49.875 [SpringApplicationShutdownHook] INFO  com.zaxxer.hikari.HikariDataSource - HikariPool-1 - Shutdown initiated...
2025-12-21 23:57:49.907 [SpringApplicationShutdownHook] INFO  com.zaxxer.hikari.HikariDataSource - HikariPool-1 - Shutdown completed.
